request_id,staff_id,assigned_dt,completed_dt,actual_minutes
R0000001,S029,2025-11-15 11:34:57,,
R0000002,S018,2025-11-15 19:59:22,2025-11-15 20:34:22,35.0
R0000003,S013,2025-11-15 08:16:23,2025-11-15 09:13:23,43.0
R0000004,S027,2025-11-15 22:53:24,,
R0000005,S004,2025-11-15 11:52:10,2025-11-15 12:01:10,13.0
R0000006,S020,2025-11-15 22:05:30,2025-11-15 22:31:30,19.0
R0000007,S003,2025-11-15 20:26:14,2025-11-15 20:40:14,13.0
R0000008,S010,2025-11-15 17:27:59,2025-11-15 17:08:59,13.0
R0000009,S018,2025-11-15 21:49:47,2025-11-15 21:52:47,31.0
R0000010,S023,2025-11-15 13:37:21,2025-11-15 13:49:21,32.0
R0000011,S016,2025-11-15 21:37:46,2025-11-15 21:51:46,20.0
R0000012,S027,2025-11-15 16:16:28,2025-11-15 16:22:28,21.0
R0000013,S010,2025-11-15 19:58:44,2025-11-15 20:13:44,38.0
R0000014,S033,2025-11-15 19:27:55,2025-11-15 19:37:55,22.0
R0000015,S029,2025-11-15 22:19:10,,
R0000016,S006,2025-11-15 08:29:59,2025-11-15 08:14:59,9.0
R0000017,S027,2025-11-15 19:59:26,2025-11-15 19:57:26,23.0
R0000018,S023,2025-11-15 19:47:51,2025-11-15 20:01:51,21.0
R0000019,S025,2025-11-15 17:48:37,2025-11-15 18:00:37,25.0
R0000020,S020,2025-11-15 20:07:14,2025-11-15 20:45:14,35.0
R0000021,S021,2025-11-15 19:40:44,2025-11-15 19:14:44,13.0
R0000022,S015,2025-11-15 11:41:05,2025-11-15 11:40:05,32.0
R0000023,S021,2025-11-15 14:24:45,,
R0000024,S003,2025-11-15 12:45:20,2025-11-15 13:55:20,48.0
R0000025,S004,2025-11-15 17:19:40,2025-11-15 18:12:40,66.0
R0000026,S022,2025-11-15 18:35:10,2025-11-15 18:51:10,32.0
R0000027,S025,2025-11-15 11:25:06,2025-11-15 12:11:06,22.0
R0000028,S023,2025-11-15 18:29:13,,33.0
R0000029,S010,2025-11-15 12:32:48,2025-11-15 12:45:48,24.0
R0000030,S011,2025-11-15 13:40:28,2025-11-15 13:53:28,8.0
R0000031,S006,2025-11-15 18:43:41,2025-11-15 19:03:41,10.0
R0000032,S006,2025-11-15 07:58:18,,
R0000033,S026,2025-11-15 18:05:04,2025-11-15 18:17:04,5.0
R0000034,S001,2025-11-15 21:03:28,2025-11-15 20:56:28,10.0
R0000035,S021,2025-11-15 19:15:12,2025-11-15 19:54:12,24.0
R0000036,S026,2025-11-15 10:48:05,2025-11-15 11:06:05,19.0
R0000037,S032,2025-11-15 20:41:26,2025-11-15 20:51:26,21.0
R0000038,S006,2025-11-15 14:48:31,2025-11-15 14:57:31,17.0
R0000039,S032,2025-11-15 16:30:35,2025-11-15 16:32:35,20.0
R0000040,S003,2025-11-15 20:38:17,2025-11-15 20:27:17,10.0
R0000041,S003,2025-11-15 22:32:00,2025-11-15 22:37:00,13.0
R0000042,S013,2025-11-15 14:39:55,,
R0000043,S018,2025-11-15 21:01:51,2025-11-15 21:22:51,46.0
R0000044,S033,2025-11-15 18:38:22,2025-11-15 18:56:22,29.0
R0000045,S004,2025-11-15 13:57:44,2025-11-15 14:10:44,15.0
R0000046,S029,2025-11-15 20:21:41,2025-11-15 20:13:41,26.0
R0000047,S007,2025-11-15 12:20:49,2025-11-15 12:37:49,8.0
R0000048,S004,2025-11-15 16:18:47,2025-11-15 16:48:47,61.0
R0000049,S027,2025-11-15 21:54:29,,
R0000050,S003,2025-11-15 21:06:36,2025-11-15 21:25:36,12.0
R0000051,S021,2025-11-15 21:33:16,2025-11-15 22:16:16,39.0
R0000052,S003,2025-11-15 18:08:24,2025-11-15 18:16:24,19.0
R0000053,S032,2025-11-15 22:22:06,2025-11-15 22:32:06,20.0
R0000054,S016,2025-11-15 09:49:56,2025-11-15 10:26:56,37.0
R0000055,S029,2025-11-15 22:10:05,,
R0000056,S021,2025-11-15 11:44:33,2025-11-15 12:15:33,39.0
R0000057,S006,2025-11-15 19:41:24,2025-11-15 19:40:24,10.0
R0000058,S018,2025-11-15 12:03:41,2025-11-15 12:12:41,33.0
R0000059,S008,2025-11-15 21:56:54,2025-11-15 22:50:54,49.0
R0000060,S003,2025-11-15 16:25:04,2025-11-15 16:38:04,12.0
R0000061,S008,2025-11-15 19:03:29,2025-11-15 19:19:29,8.0
R0000062,S003,2025-11-15 22:13:09,2025-11-15 22:44:09,14.0
R0000063,S013,2025-11-15 14:45:19,2025-11-15 15:04:19,44.0
R0000064,S001,2025-11-15 12:19:10,2025-11-15 12:48:10,10.0
R0000065,S001,2025-11-15 11:44:34,2025-11-15 12:16:34,55.0
R0000066,S023,2025-11-15 17:51:04,2025-11-15 18:16:04,32.0
R0000067,S029,2025-11-15 08:12:03,2025-11-15 08:28:03,10.0
R0000068,S003,2025-11-15 21:26:03,2025-11-15 22:11:03,61.0
R0000069,S011,2025-11-15 14:20:18,2025-11-15 14:27:18,39.0
R0000070,S029,2025-11-15 10:49:00,2025-11-15 11:17:00,42.0
R0000071,S018,2025-11-15 19:01:11,2025-11-15 19:13:11,14.0
R0000072,S028,2025-11-15 11:57:31,2025-11-15 12:21:31,32.0
R0000073,S016,2025-11-15 11:44:58,2025-11-15 12:23:58,21.0
R0000074,S023,2025-11-15 19:50:50,2025-11-15 19:48:50,11.0
R0000075,S033,2025-11-15 14:44:40,,
R0000076,S020,2025-11-15 09:00:24,2025-11-15 09:16:24,31.0
R0000077,S015,2025-11-15 09:10:16,2025-11-15 09:51:16,30.0
R0000078,S026,2025-11-15 18:40:20,2025-11-15 18:43:20,13.0
R0000079,S021,2025-11-15 09:49:20,2025-11-15 10:09:20,32.0
R0000080,S015,2025-11-15 22:31:53,2025-11-15 22:31:53,21.0
R0000081,S004,2025-11-15 13:25:03,,
R0000082,S020,2025-11-15 10:19:42,2025-11-15 09:55:42,17.0
R0000083,S020,2025-11-15 22:09:26,,
R0000084,S032,2025-11-15 19:47:00,,26.0
R0000085,S022,2025-11-15 12:35:31,,
R0000086,S022,2025-11-15 18:29:45,2025-11-15 19:33:45,45.0
R0000087,S028,2025-11-15 16:35:40,2025-11-15 16:57:40,21.0
R0000088,S026,2025-11-15 16:45:09,2025-11-15 17:42:09,36.0
R0000089,S010,2025-11-15 15:04:05,2025-11-15 15:25:05,36.0
R0000090,S022,2025-11-15 15:33:42,2025-11-15 15:42:42,32.0
R0000091,S032,2025-11-15 19:38:05,2025-11-15 19:54:05,30.0
R0000092,S015,2025-11-15 18:19:08,2025-11-15 18:09:08,19.0
R0000093,S032,2025-11-15 14:46:14,2025-11-15 14:58:14,33.0
R0000094,S021,2025-11-15 19:49:55,2025-11-15 20:11:55,27.0
R0000095,S003,2025-11-15 18:06:32,2025-11-15 18:59:32,74.0
R0000096,S028,2025-11-15 17:45:23,2025-11-15 17:41:23,10.0
R0000097,S026,2025-11-15 13:57:39,2025-11-15 13:56:39,26.0
R0000098,S022,2025-11-15 21:25:23,2025-11-15 22:15:23,44.0
R0000099,S027,2025-11-15 16:31:01,2025-11-15 16:28:01,19.0
R0000100,S001,2025-11-15 13:16:49,,43.0
R0000101,S032,2025-11-15 15:06:25,2025-11-15 15:30:25,-22.0
R0000102,S021,2025-11-15 12:27:35,2025-11-15 13:08:35,38.0
R0000103,S033,2025-11-15 21:16:10,2025-11-15 21:17:10,14.0
R0000104,S028,2025-11-15 17:06:26,,
R0000105,S029,2025-11-15 10:32:47,2025-11-15 11:07:47,24.0
R0000106,S001,2025-11-15 09:35:38,2025-11-15 09:21:38,6.0
R0000107,S025,2025-11-15 19:28:59,2025-11-15 19:49:59,11.0
R0000108,S020,2025-11-15 18:44:07,2025-11-15 19:06:07,23.0
R0000109,S033,2025-11-15 08:09:33,2025-11-15 07:44:33,8.0
R0000110,S010,2025-11-15 21:08:44,2025-11-15 21:18:44,41.0
R0000111,S020,2025-11-15 08:20:47,2025-11-15 09:11:47,48.0
R0000112,S018,2025-11-15 13:05:45,2025-11-15 13:44:45,44.0
R0000113,S021,2025-11-15 14:51:07,2025-11-15 15:16:07,14.0
R0000114,S010,2025-11-15 16:46:00,2025-11-15 17:17:00,41.0
R0000115,S001,2025-11-15 19:17:36,2025-11-15 19:21:36,14.0
R0000116,S003,2025-11-15 13:54:40,,
R0000117,S005,2025-11-15 19:13:07,2025-11-15 18:57:07,16.0
R0000118,S029,2025-11-15 18:44:28,2025-11-15 18:37:28,17.0
R0000119,S020,2025-11-15 12:09:39,,
R0000120,S029,2025-11-15 22:18:09,2025-11-15 22:40:09,22.0
R0000121,S007,2025-11-15 18:31:15,2025-11-15 18:47:15,25.0
R0000122,S006,2025-11-15 16:03:49,2025-11-15 16:00:49,17.0
R0000123,S004,2025-11-15 10:36:36,2025-11-15 10:49:36,14.0
R0000124,S005,2025-11-15 09:40:49,2025-11-15 10:00:49,6.0
R0000125,S025,2025-11-15 19:57:16,,
R0000126,S011,2025-11-15 15:57:06,2025-11-15 16:05:06,35.0
R0000127,S006,2025-11-15 12:04:08,2025-11-15 12:36:08,18.0
R0000128,S032,2025-11-15 19:46:12,2025-11-15 19:55:12,24.0
R0000129,S026,2025-11-15 15:24:27,2025-11-15 16:03:27,34.0
R0000130,S020,2025-11-15 14:58:39,2025-11-15 15:26:39,42.0
R0000131,S033,2025-11-15 19:08:05,2025-11-15 19:32:05,29.0
R0000132,S001,2025-11-15 16:56:47,2025-11-15 16:54:47,10.0
R0000133,S003,2025-11-15 21:41:42,2025-11-15 22:29:42,62.0
R0000134,S018,2025-11-15 19:14:00,2025-11-15 19:27:00,27.0
R0000135,S013,2025-11-15 11:48:41,2025-11-15 12:08:41,34.0
R0000136,S026,2025-11-15 20:48:02,2025-11-15 21:11:02,13.0
R0000137,S026,2025-11-15 11:20:20,2025-11-15 11:44:20,17.0
R0000138,S007,2025-11-15 20:22:04,2025-11-15 21:06:04,67.0
R0000139,S023,2025-11-15 18:05:20,2025-11-15 18:55:20,31.0
R0000140,S001,2025-11-15 08:43:56,2025-11-15 08:53:56,6.0
R0000141,S032,2025-11-15 17:24:34,2025-11-15 17:55:34,28.0
R0000142,S010,2025-11-15 09:38:12,2025-11-15 09:23:12,23.0
R0000143,S022,2025-11-15 12:59:04,2025-11-15 13:09:04,21.0
R0000144,S004,2025-11-15 16:04:10,2025-11-15 16:02:10,11.0
R0000145,S010,2025-11-15 21:14:56,,
R0000146,S016,2025-11-15 21:40:28,2025-11-15 22:23:28,36.0
R0000147,S005,2025-11-15 08:34:28,2025-11-15 08:19:28,9.0
R0000148,S028,2025-11-15 19:48:42,2025-11-15 20:21:42,23.0
R0000149,S032,2025-11-15 14:24:05,2025-11-15 14:31:05,16.0
R0000150,S020,2025-11-15 07:10:56,2025-11-15 07:57:56,40.0
R0000151,S032,2025-11-15 08:11:44,2025-11-15 08:40:44,26.0
R0000152,S026,2025-11-15 14:17:50,2025-11-15 14:51:50,31.0
R0000153,S010,2025-11-15 21:55:17,2025-11-15 22:33:17,30.0
R0000154,S032,2025-11-15 19:33:23,2025-11-15 19:36:23,17.0
R0000155,S010,2025-11-15 19:05:19,2025-11-15 19:24:19,23.0
R0000156,S003,2025-11-15 21:50:02,,11.0
R0000157,S005,2025-11-15 20:52:55,2025-11-15 21:25:55,41.0
R0000158,S006,2025-11-15 23:10:01,,
R0000159,S028,2025-11-15 20:42:26,,
R0000160,S015,2025-11-15 10:00:39,2025-11-15 10:23:39,32.0
R0000161,S003,2025-11-15 20:52:20,2025-11-15 21:00:20,12.0
R0000162,S032,2025-11-15 18:08:59,2025-11-15 18:22:59,-21.0
R0000163,S021,2025-11-15 08:26:21,2025-11-15 08:55:21,37.0
R0000164,S020,2025-11-15 07:10:59,,
R0000165,S013,2025-11-15 07:18:23,2025-11-15 07:33:23,30.0
R0000166,S016,2025-11-15 14:25:22,2025-11-15 14:48:22,18.0
R0000167,S025,2025-11-15 20:22:11,2025-11-15 20:53:11,-35.0
R0000168,S027,2025-11-15 21:09:13,2025-11-15 21:06:13,-25.0
R0000169,S025,2025-11-15 15:51:25,2025-11-15 16:07:25,28.0
R0000170,S033,2025-11-15 11:19:04,2025-11-15 11:23:04,23.0
R0000171,S007,2025-11-15 20:06:58,2025-11-15 20:17:58,11.0
R0000172,S027,2025-11-15 12:15:20,2025-11-15 12:47:20,25.0
R0000173,S003,2025-11-15 20:20:38,2025-11-15 20:38:38,11.0
R0000174,S022,2025-11-15 16:22:04,2025-11-15 16:39:04,43.0
R0000175,S033,2025-11-15 13:10:53,2025-11-15 13:21:53,26.0
R0000176,S033,2025-11-15 19:48:23,2025-11-15 19:44:23,26.0
R0000177,S029,2025-11-15 07:56:28,2025-11-15 08:06:28,11.0
R0000178,S018,2025-11-15 07:42:30,2025-11-15 07:59:30,26.0
R0000179,S028,2025-11-15 13:50:21,2025-11-15 14:10:21,16.0
R0000180,S025,2025-11-15 18:39:54,2025-11-15 19:13:54,35.0
R0000181,S018,2025-11-15 08:00:06,2025-11-15 08:49:06,41.0
R0000182,S018,2025-11-15 12:51:32,2025-11-15 13:17:32,41.0
R0000183,S027,2025-11-15 11:56:15,2025-11-15 12:46:15,25.0
R0000184,S011,2025-11-15 21:36:22,2025-11-15 22:38:22,38.0
R0000185,S001,2025-11-15 13:54:22,2025-11-15 14:10:22,6.0
R0000186,S022,2025-11-15 08:54:29,2025-11-15 09:14:29,36.0
R0000187,S033,2025-11-15 19:43:57,2025-11-15 20:11:57,19.0
R0000188,S026,2025-11-15 21:10:08,2025-11-15 21:34:08,26.0
R0000189,S026,2025-11-15 17:46:54,,
R0000190,S013,2025-11-15 11:39:51,2025-11-15 11:43:51,27.0
R0000191,S013,2025-11-15 13:29:16,,
R0000192,S008,2025-11-15 08:53:47,2025-11-15 08:53:47,13.0
R0000193,S025,2025-11-15 15:32:42,2025-11-15 15:43:42,12.0
R0000194,S010,2025-11-15 21:45:07,2025-11-15 22:09:07,28.0
R0000195,S026,2025-11-15 20:52:24,2025-11-15 21:06:24,20.0
R0000196,S023,2025-11-15 11:11:33,2025-11-15 11:19:33,26.0
R0000197,S023,2025-11-15 16:47:01,2025-11-15 17:16:01,22.0
R0000198,S026,2025-11-15 14:52:17,2025-11-15 14:53:17,23.0
R0000199,S033,2025-11-15 22:05:30,2025-11-15 22:27:30,13.0
R0000200,S015,2025-11-15 11:58:48,2025-11-15 12:06:48,31.0
R0000201,S013,2025-11-15 12:08:09,2025-11-15 12:44:09,18.0
R0000202,S004,2025-11-15 07:45:48,2025-11-15 07:30:48,10.0
R0000203,S027,2025-11-15 13:04:30,2025-11-15 13:11:30,23.0
R0000204,S007,2025-11-15 11:17:44,2025-11-15 11:09:44,11.0
R0000205,S027,2025-11-15 15:58:48,2025-11-15 16:08:48,23.0
R0000206,S003,2025-11-15 14:04:16,2025-11-15 13:54:16,16.0
R0000207,S032,2025-11-15 08:07:36,2025-11-15 08:07:36,10.0
R0000208,S004,2025-11-15 12:07:12,2025-11-15 12:03:12,8.0
R0000209,S023,2025-11-15 18:34:12,,
R0000210,S004,2025-11-15 13:14:20,2025-11-15 13:07:20,10.0
R0000211,S001,2025-11-15 11:07:29,2025-11-15 11:04:29,4.0
R0000212,S006,2025-11-15 14:47:04,2025-11-15 15:43:04,51.0
R0000213,S026,2025-11-15 20:30:14,2025-11-15 20:51:14,11.0
R0000214,S007,2025-11-15 07:28:33,2025-11-15 07:55:33,14.0
R0000215,S015,2025-11-15 20:55:56,2025-11-15 21:19:56,45.0
R0000216,S015,2025-11-15 13:58:18,2025-11-15 14:50:18,46.0
R0000217,S015,2025-11-15 11:50:15,2025-11-15 11:59:15,28.0
R0000218,S029,2025-11-15 21:40:23,,
R0000219,S005,2025-11-15 12:26:44,,
R0000220,S010,2025-11-15 08:08:24,2025-11-15 08:34:24,27.0
R0000221,S015,2025-11-15 21:21:32,2025-11-15 22:04:32,29.0
R0000222,S006,2025-11-15 18:34:37,,
R0000223,S015,2025-11-15 09:53:57,2025-11-15 10:29:57,36.0
R0000224,S026,2025-11-15 18:54:21,2025-11-15 18:58:21,18.0
R0000225,S005,2025-11-15 15:52:47,2025-11-15 16:11:47,11.0
R0000226,S033,2025-11-15 16:48:02,2025-11-15 17:22:02,24.0
R0000227,S021,2025-11-15 14:31:28,2025-11-15 15:22:28,37.0
R0000228,S018,2025-11-15 13:33:38,2025-11-15 13:49:38,33.0
R0000229,S008,2025-11-15 20:37:33,,
R0000230,S008,2025-11-15 16:00:29,2025-11-15 16:38:29,18.0
R0000231,S013,2025-11-15 12:44:59,2025-11-15 13:00:59,36.0
R0000232,S003,2025-11-15 14:50:44,2025-11-15 14:51:44,5.0
R0000233,S005,2025-11-15 19:37:10,2025-11-15 19:39:10,11.0
R0000234,S011,2025-11-15 22:48:01,2025-11-15 23:28:01,26.0
R0000235,S033,2025-11-15 20:46:28,2025-11-15 20:47:28,24.0
R0000236,S013,2025-11-15 11:47:31,2025-11-15 12:30:31,38.0
R0000237,S028,2025-11-15 21:30:41,2025-11-15 21:41:41,31.0
R0000238,S025,2025-11-15 12:23:02,,20.0
R0000239,S006,2025-11-15 11:02:54,,
R0000240,S015,2025-11-15 19:32:59,2025-11-15 19:12:59,17.0
R0000241,S025,2025-11-15 20:55:15,2025-11-15 21:10:15,33.0
R0000242,S023,2025-11-15 19:13:03,2025-11-15 19:13:03,27.0
R0000243,S028,2025-11-15 08:02:01,2025-11-15 08:24:01,12.0
R0000244,S007,2025-11-15 22:12:31,2025-11-15 23:22:31,75.0
R0000245,S008,2025-11-15 16:21:44,2025-11-15 16:43:44,59.0
R0000246,S027,2025-11-15 14:28:17,2025-11-15 14:22:17,17.0
R0000247,S033,2025-11-15 17:27:19,2025-11-15 16:56:19,4.0
R0000248,S027,2025-11-15 19:23:31,2025-11-15 19:53:31,19.0
R0000249,S028,2025-11-15 07:51:16,2025-11-15 08:10:16,21.0
R0000250,S005,2025-11-15 10:37:15,2025-11-15 11:12:15,12.0
R0000251,S029,2025-11-15 18:16:22,2025-11-15 18:39:22,19.0
R0000252,S010,2025-11-15 17:49:49,2025-11-15 18:22:49,27.0
R0000253,S006,2025-11-15 14:12:29,2025-11-15 13:54:29,9.0
R0000254,S015,2025-11-15 17:32:02,2025-11-15 18:13:02,31.0
R0000255,S021,2025-11-15 12:25:38,2025-11-15 12:31:38,29.0
R0000256,S013,2025-11-15 20:47:14,2025-11-15 21:46:14,39.0
R0000257,S032,2025-11-15 09:38:16,2025-11-15 09:29:16,19.0
R0000258,S028,2025-11-15 09:41:23,2025-11-15 10:03:23,24.0
R0000259,S006,2025-11-15 12:41:25,2025-11-15 12:50:25,4.0
R0000260,S025,2025-11-15 20:12:40,2025-11-15 20:31:40,26.0
R0000261,S004,2025-11-15 21:26:08,2025-11-15 21:02:08,10.0
R0000262,S008,2025-11-15 19:57:17,2025-11-15 20:24:17,55.0
R0000263,S029,2025-11-15 19:45:59,2025-11-15 19:55:59,10.0
R0000264,S029,2025-11-15 13:48:50,2025-11-15 14:07:50,36.0
R0000265,S025,2025-11-15 18:40:46,,
R0000266,S016,2025-11-15 12:01:24,,
R0000267,S011,2025-11-15 22:16:59,2025-11-15 22:18:59,21.0
R0000268,S023,2025-11-15 19:07:28,2025-11-15 19:15:28,23.0
R0000269,S004,2025-11-15 21:38:06,2025-11-15 22:28:06,40.0
R0000270,S018,2025-11-15 19:06:03,2025-11-15 19:44:03,-37.0
R0000271,S008,2025-11-15 23:18:55,2025-11-15 22:53:55,6.0
R0000272,S004,2025-11-15 10:43:41,2025-11-15 11:00:41,16.0
R0000273,S032,2025-11-15 10:32:18,2025-11-15 10:55:18,28.0
R0000274,S023,2025-11-15 22:51:20,2025-11-15 22:58:20,31.0
R0000275,S029,2025-11-15 19:08:24,2025-11-15 19:06:24,27.0
R0000276,S004,2025-11-15 08:41:25,2025-11-15 08:48:25,13.0
R0000277,S003,2025-11-15 18:15:30,2025-11-15 18:18:30,11.0
R0000278,S033,2025-11-15 19:14:24,,
R0000279,S026,2025-11-15 08:34:20,2025-11-15 08:44:20,30.0
R0000280,S007,2025-11-15 17:13:01,2025-11-15 17:06:01,8.0
R0000281,S018,2025-11-15 21:27:49,2025-11-15 22:16:49,36.0
R0000282,S021,2025-11-15 15:07:56,2025-11-15 15:01:56,13.0
R0000283,S027,2025-11-15 22:36:57,,8.0
R0000284,S021,2025-11-15 11:36:26,2025-11-15 12:21:26,35.0
R0000285,S033,2025-11-15 18:50:27,2025-11-15 18:44:27,26.0
R0000286,S013,2025-11-15 13:09:28,2025-11-15 13:18:28,38.0
R0000287,S029,2025-11-15 19:28:36,2025-11-15 19:58:36,22.0
R0000288,S020,2025-11-15 14:19:16,2025-11-15 14:40:16,37.0
R0000289,S027,2025-11-15 08:32:07,2025-11-15 08:50:07,24.0
R0000290,S029,2025-11-15 09:31:35,2025-11-15 10:13:35,30.0
R0000291,S018,2025-11-15 12:07:34,2025-11-15 12:43:34,60.0
R0000292,S023,2025-11-15 19:47:50,,
R0000293,S016,2025-11-15 15:25:13,2025-11-15 15:49:13,31.0
R0000294,S027,2025-11-15 21:50:07,2025-11-15 21:55:07,5.0
R0000295,S029,2025-11-15 18:47:55,2025-11-15 19:14:55,27.0
R0000296,S006,2025-11-15 19:32:17,2025-11-15 19:53:17,10.0
R0000297,S023,2025-11-15 11:46:51,2025-11-15 11:58:51,34.0
R0000298,S026,2025-11-15 11:59:44,,
R0000299,S018,2025-11-15 19:23:13,,26.0
R0000300,S008,2025-11-15 18:16:48,2025-11-15 18:59:48,18.0
R0000301,S033,2025-11-15 12:51:47,2025-11-15 13:04:47,19.0
R0000302,S025,2025-11-15 10:44:57,2025-11-15 10:59:57,28.0
R0000303,S028,2025-11-15 11:41:36,2025-11-15 12:19:36,18.0
R0000304,S018,2025-11-15 20:52:32,2025-11-15 21:02:32,36.0
R0000305,S018,2025-11-15 11:07:22,2025-11-15 12:04:22,34.0
R0000306,S022,2025-11-15 11:54:48,2025-11-15 12:26:48,48.0
R0000307,S011,2025-11-15 18:05:58,2025-11-15 18:12:58,26.0
R0000308,S029,2025-11-15 13:00:14,2025-11-15 12:56:14,32.0
R0000309,S003,2025-11-15 20:08:50,2025-11-15 19:53:50,13.0
R0000310,S004,2025-11-15 14:56:01,2025-11-15 16:06:01,68.0
R0000311,S025,2025-11-15 13:11:40,2025-11-15 13:15:40,36.0
R0000312,S007,2025-11-15 19:45:20,2025-11-15 19:27:20,13.0
R0000313,S011,2025-11-15 18:21:47,2025-11-15 18:10:47,21.0
R0000314,S005,2025-11-15 22:10:58,2025-11-15 22:30:58,10.0
R0000315,S005,2025-11-15 20:52:04,2025-11-15 22:06:04,53.0
R0000316,S007,2025-11-15 14:00:31,2025-11-15 14:12:31,4.0
R0000317,S023,2025-11-15 20:33:14,2025-11-15 20:39:14,18.0
R0000318,S022,2025-11-15 13:36:00,2025-11-15 14:21:00,26.0
R0000319,S032,2025-11-15 09:21:40,,
R0000320,S013,2025-11-15 11:04:50,2025-11-15 11:08:50,29.0
R0000321,S023,2025-11-15 15:19:14,2025-11-15 15:22:14,23.0
R0000322,S007,2025-11-15 11:42:58,,
R0000323,S007,2025-11-15 15:22:38,2025-11-15 14:49:38,4.0
R0000324,S004,2025-11-15 20:35:05,2025-11-15 20:22:05,6.0
R0000325,S022,2025-11-15 18:56:19,2025-11-15 19:43:19,33.0
R0000326,S015,2025-11-15 21:43:35,2025-11-15 22:05:35,34.0
R0000327,S005,2025-11-15 23:01:10,2025-11-15 23:56:10,77.0
R0000328,S021,2025-11-15 18:47:56,2025-11-15 19:18:56,26.0
R0000329,S029,2025-11-15 07:23:21,,
R0000330,S010,2025-11-15 13:58:38,2025-11-15 14:06:38,39.0
R0000331,S007,2025-11-15 18:48:55,2025-11-15 18:39:55,11.0
R0000332,S032,2025-11-15 18:55:49,2025-11-15 18:44:49,20.0
R0000333,S008,2025-11-15 19:59:39,,
R0000334,S010,2025-11-15 18:54:01,2025-11-15 19:17:01,28.0
R0000335,S015,2025-11-15 23:10:49,2025-11-15 23:49:49,37.0
R0000336,S001,2025-11-15 20:23:57,2025-11-15 20:46:57,12.0
R0000337,S021,2025-11-15 14:27:07,2025-11-15 15:01:07,42.0
R0000338,S011,2025-11-15 18:03:23,2025-11-15 18:41:23,38.0
R0000339,S005,2025-11-15 15:04:20,,
R0000340,S011,2025-11-15 08:24:55,,
R0000341,S015,2025-11-15 19:16:19,2025-11-15 19:51:19,41.0
R0000342,S003,2025-11-15 20:45:24,2025-11-15 21:28:24,43.0
R0000343,S022,2025-11-15 18:35:25,2025-11-15 19:36:25,44.0
R0000344,S033,2025-11-15 16:41:40,2025-11-15 16:44:40,20.0
R0000345,S021,2025-11-15 22:13:45,2025-11-15 23:22:45,42.0
R0000346,S025,2025-11-15 13:28:27,2025-11-15 14:03:27,36.0
R0000347,S007,2025-11-15 21:08:31,2025-11-15 21:38:31,11.0
R0000348,S015,2025-11-15 23:03:37,2025-11-15 23:09:37,16.0
R0000349,S011,2025-11-15 12:41:08,,
R0000350,S031,2025-11-16 12:37:36,2025-11-16 12:42:36,18.0
R0000351,S019,2025-11-16 19:01:40,2025-11-16 19:23:40,24.0
R0000352,S020,2025-11-16 18:24:08,2025-11-16 19:05:08,21.0
R0000353,S007,2025-11-16 21:17:08,2025-11-16 21:11:08,8.0
R0000354,S024,2025-11-16 19:41:23,2025-11-16 20:16:23,35.0
R0000355,S019,2025-11-16 17:35:34,2025-11-16 18:27:34,33.0
R0000356,S007,2025-11-16 21:37:31,2025-11-16 21:50:31,12.0
R0000357,S034,2025-11-16 12:10:09,2025-11-16 12:47:09,36.0
R0000358,S002,2025-11-16 19:58:37,2025-11-16 19:46:37,13.0
R0000359,S002,2025-11-16 13:52:07,2025-11-16 14:02:07,12.0
R0000360,S004,2025-11-16 15:25:35,2025-11-16 15:07:35,13.0
R0000361,S022,2025-11-16 16:47:07,2025-11-16 16:30:07,17.0
R0000362,S030,2025-11-16 17:46:30,2025-11-16 17:57:30,17.0
R0000363,S003,2025-11-16 15:29:00,2025-11-16 15:02:00,11.0
R0000364,S024,2025-11-16 12:11:07,2025-11-16 12:57:07,20.0
R0000365,S015,2025-11-16 20:19:46,2025-11-16 21:05:46,34.0
R0000366,S034,2025-11-16 10:28:58,2025-11-16 10:28:58,21.0
R0000367,S020,2025-11-16 13:26:09,2025-11-16 13:43:09,28.0
R0000368,S029,2025-11-16 19:31:01,2025-11-16 19:45:01,26.0
R0000369,S003,2025-11-16 13:10:17,2025-11-16 13:46:17,33.0
R0000370,S004,2025-11-16 15:32:21,2025-11-16 15:30:21,16.0
R0000371,S015,2025-11-16 19:48:32,2025-11-16 20:26:32,25.0
R0000372,S031,2025-11-16 20:32:59,2025-11-16 20:58:59,21.0
R0000373,S030,2025-11-16 14:15:24,2025-11-16 14:37:24,26.0
R0000374,S004,2025-11-16 17:21:04,2025-11-16 17:19:04,13.0
R0000375,S022,2025-11-16 20:58:43,2025-11-16 21:13:43,40.0
R0000376,S029,2025-11-16 13:43:39,2025-11-16 13:49:39,13.0
R0000377,S012,2025-11-16 17:40:27,,
R0000378,S003,2025-11-16 07:35:57,2025-11-16 08:40:57,69.0
R0000379,S005,2025-11-16 19:35:59,2025-11-16 19:51:59,7.0
R0000380,S007,2025-11-16 10:18:28,2025-11-16 10:39:28,15.0
R0000381,S005,2025-11-16 08:06:15,2025-11-16 08:37:15,70.0
R0000382,S003,2025-11-16 09:09:50,2025-11-16 09:40:50,17.0
R0000383,S030,2025-11-16 18:58:17,,
R0000384,S022,2025-11-16 21:02:52,2025-11-16 21:10:52,24.0
R0000385,S007,2025-11-16 20:38:38,2025-11-16 20:34:38,15.0
R0000386,S013,2025-11-16 18:34:57,2025-11-16 19:25:57,44.0
R0000387,S021,2025-11-16 14:42:49,2025-11-16 15:35:49,32.0
R0000388,S027,2025-11-16 19:35:08,2025-11-16 19:52:08,26.0
R0000389,S021,2025-11-16 13:13:50,2025-11-16 13:40:50,34.0
R0000390,S002,2025-11-16 22:09:57,2025-11-16 22:16:57,7.0
R0000391,S027,2025-11-16 21:16:30,2025-11-16 21:32:30,22.0
R0000392,S032,2025-11-16 19:05:58,2025-11-16 19:44:58,25.0
R0000393,S003,2025-11-16 21:49:07,2025-11-16 23:25:07,76.0
R0000394,S018,2025-11-16 09:49:01,2025-11-16 10:18:01,33.0
R0000395,S021,2025-11-16 09:33:19,2025-11-16 10:02:19,27.0
R0000396,S030,2025-11-16 15:01:16,2025-11-16 15:51:16,35.0
R0000397,S007,2025-11-16 16:03:42,2025-11-16 16:11:42,8.0
R0000398,S015,2025-11-16 19:36:41,2025-11-16 20:35:41,63.0
R0000399,S031,2025-11-16 18:37:44,2025-11-16 18:51:44,32.0
R0000400,S030,2025-11-16 14:32:28,,
R0000401,S006,2025-11-16 07:15:03,2025-11-16 07:30:03,7.0
R0000402,S031,2025-11-16 12:55:19,,
R0000403,S005,2025-11-16 09:42:27,2025-11-16 09:33:27,12.0
R0000404,S034,2025-11-16 12:31:50,2025-11-16 13:03:50,29.0
R0000405,S012,2025-11-16 21:29:50,2025-11-16 21:33:50,33.0
R0000406,S022,2025-11-16 20:41:35,2025-11-16 20:36:35,38.0
R0000407,S024,2025-11-16 13:10:42,2025-11-16 13:06:42,29.0
R0000408,S027,2025-11-16 14:48:57,2025-11-16 14:48:57,29.0
R0000409,S019,2025-11-16 12:08:16,2025-11-16 12:36:16,41.0
R0000410,S002,2025-11-16 09:46:51,2025-11-16 09:58:51,18.0
R0000411,S013,2025-11-16 14:55:49,2025-11-16 15:36:49,14.0
R0000412,S027,2025-11-16 21:23:11,2025-11-16 21:40:11,35.0
R0000413,S015,2025-11-16 11:03:39,2025-11-16 11:44:39,38.0
R0000414,S007,2025-11-16 20:06:39,2025-11-16 19:53:39,7.0
R0000415,S032,2025-11-16 22:54:16,2025-11-16 23:17:16,34.0
R0000416,S034,2025-11-16 13:31:26,2025-11-16 13:24:26,20.0
R0000417,S028,2025-11-16 20:07:02,2025-11-16 20:26:02,21.0
R0000418,S020,2025-11-16 21:04:16,2025-11-16 21:28:16,32.0
R0000419,S004,2025-11-16 14:54:50,2025-11-16 15:56:50,66.0
R0000420,S030,2025-11-16 12:31:52,,
R0000421,S027,2025-11-16 20:05:25,2025-11-16 19:49:25,18.0
R0000422,S024,2025-11-16 10:20:52,2025-11-16 10:37:52,31.0
R0000423,S002,2025-11-16 21:44:17,2025-11-16 21:44:17,16.0
R0000424,S020,2025-11-16 22:29:12,2025-11-16 23:09:12,42.0
R0000425,S003,2025-11-16 21:00:09,2025-11-16 21:08:09,10.0
R0000426,S027,2025-11-16 08:04:45,,
R0000427,S002,2025-11-16 19:20:07,2025-11-16 19:34:07,13.0
R0000428,S014,2025-11-16 14:32:35,2025-11-16 14:58:35,39.0
R0000429,S031,2025-11-16 21:34:37,2025-11-16 21:40:37,17.0
R0000430,S015,2025-11-16 15:45:26,2025-11-16 16:27:26,24.0
R0000431,S034,2025-11-16 13:18:02,2025-11-16 13:44:02,38.0
R0000432,S005,2025-11-16 20:28:15,2025-11-16 20:52:15,8.0
R0000433,S034,2025-11-16 18:41:27,,
R0000434,S027,2025-11-16 14:53:15,2025-11-16 15:16:15,6.0
R0000435,S002,2025-11-16 08:54:40,2025-11-16 08:32:40,13.0
R0000436,S027,2025-11-16 11:12:20,,
R0000437,S021,2025-11-16 13:00:01,2025-11-16 13:02:01,31.0
R0000438,S002,2025-11-16 18:43:30,2025-11-16 18:30:30,6.0
R0000439,S005,2025-11-16 19:59:16,2025-11-16 20:28:16,7.0
R0000440,S007,2025-11-16 11:26:27,2025-11-16 11:25:27,8.0
R0000441,S030,2025-11-16 19:29:31,2025-11-16 19:40:31,20.0
R0000442,S004,2025-11-16 18:36:44,2025-11-16 19:34:44,53.0
R0000443,S011,2025-11-16 14:30:48,2025-11-16 15:32:48,45.0
R0000444,S027,2025-11-16 20:17:13,2025-11-16 20:24:13,15.0
R0000445,S002,2025-11-16 20:56:14,2025-11-16 21:16:14,12.0
R0000446,S031,2025-11-16 11:48:41,2025-11-16 12:07:41,25.0
R0000447,S004,2025-11-16 11:45:20,2025-11-16 12:12:20,10.0
R0000448,S006,2025-11-16 16:52:31,2025-11-16 17:12:31,44.0
R0000449,S006,2025-11-16 13:21:42,2025-11-16 13:22:42,15.0
R0000450,S021,2025-11-16 10:49:26,2025-11-16 11:14:26,28.0
R0000451,S015,2025-11-16 21:50:53,2025-11-16 22:48:53,44.0
R0000452,S021,2025-11-16 10:13:43,2025-11-16 10:33:43,48.0
R0000453,S003,2025-11-16 18:53:09,2025-11-16 18:39:09,10.0
R0000454,S032,2025-11-16 15:09:23,2025-11-16 15:26:23,25.0
R0000455,S034,2025-11-16 21:15:32,,32.0
R0000456,S015,2025-11-16 13:45:03,2025-11-16 13:37:03,19.0
R0000457,S003,2025-11-16 21:14:54,2025-11-16 20:58:54,10.0
R0000458,S013,2025-11-16 20:47:28,2025-11-16 21:25:28,40.0
R0000459,S013,2025-11-16 16:39:21,2025-11-16 17:08:21,35.0
R0000460,S019,2025-11-16 19:40:50,2025-11-16 20:03:50,38.0
R0000461,S006,2025-11-16 11:08:24,2025-11-16 11:00:24,12.0
R0000462,S022,2025-11-16 10:45:17,2025-11-16 11:22:17,35.0
R0000463,S013,2025-11-16 17:55:33,2025-11-16 17:31:33,9.0
R0000464,S005,2025-11-16 22:59:53,,
R0000465,S004,2025-11-16 14:45:34,,
R0000466,S006,2025-11-16 12:19:10,2025-11-16 12:08:10,17.0
R0000467,S022,2025-11-16 08:08:28,2025-11-16 08:33:28,28.0
R0000468,S006,2025-11-16 19:02:58,2025-11-16 18:50:58,10.0
R0000469,S014,2025-11-16 18:22:37,2025-11-16 18:47:37,22.0
R0000470,S018,2025-11-16 12:48:28,2025-11-16 13:11:28,43.0
R0000471,S028,2025-11-16 20:14:53,2025-11-16 20:21:53,23.0
R0000472,S013,2025-11-16 10:30:15,2025-11-16 11:11:15,24.0
R0000473,S034,2025-11-16 22:14:33,2025-11-16 22:30:33,36.0
R0000474,S031,2025-11-16 20:03:42,2025-11-16 20:58:42,34.0
R0000475,S022,2025-11-16 13:31:54,2025-11-16 14:05:54,41.0
R0000476,S003,2025-11-16 18:09:46,2025-11-16 18:04:46,10.0
R0000477,S027,2025-11-16 22:30:57,2025-11-16 22:32:57,22.0
R0000478,S028,2025-11-16 20:42:50,2025-11-16 21:03:50,32.0
R0000479,S018,2025-11-16 14:53:48,2025-11-16 15:29:48,-38.0
R0000480,S012,2025-11-16 14:15:01,2025-11-16 13:42:01,11.0
R0000481,S024,2025-11-16 08:04:13,2025-11-16 08:09:13,27.0
R0000482,S006,2025-11-16 11:30:05,,
R0000483,S011,2025-11-16 22:25:19,2025-11-16 22:53:19,30.0
R0000484,S013,2025-11-16 08:01:04,2025-11-16 07:59:04,34.0
R0000485,S027,2025-11-16 13:03:23,2025-11-16 13:25:23,18.0
R0000486,S034,2025-11-16 12:04:56,2025-11-16 12:44:56,39.0
R0000487,S030,2025-11-16 18:45:02,2025-11-16 18:45:02,33.0
R0000488,S004,2025-11-16 07:41:57,2025-11-16 07:27:57,14.0
R0000489,S028,2025-11-16 14:25:26,2025-11-16 14:40:26,21.0
R0000490,S005,2025-11-16 14:05:50,2025-11-16 15:16:50,64.0
R0000491,S005,2025-11-16 19:52:09,2025-11-16 20:12:09,12.0
R0000492,S030,2025-11-16 18:52:33,,
R0000493,S032,2025-11-16 12:07:07,2025-11-16 12:11:07,18.0
R0000494,S005,2025-11-16 08:24:10,,15.0
R0000495,S007,2025-11-16 12:22:50,2025-11-16 12:59:50,32.0
R0000496,S029,2025-11-16 12:51:41,2025-11-16 13:01:41,28.0
R0000497,S022,2025-11-16 07:09:32,2025-11-16 08:01:32,36.0
R0000498,S034,2025-11-16 18:43:32,2025-11-16 18:59:32,31.0
R0000499,S018,2025-11-16 18:51:42,2025-11-16 19:24:42,43.0
R0000500,S011,2025-11-16 21:41:57,2025-11-16 21:54:57,44.0
R0000501,S015,2025-11-16 21:57:00,2025-11-16 22:35:00,43.0
R0000502,S007,2025-11-16 22:11:53,2025-11-16 21:55:53,11.0
R0000503,S015,2025-11-16 22:11:20,2025-11-16 22:23:20,23.0
R0000504,S031,2025-11-16 11:28:07,,
R0000505,S003,2025-11-16 12:35:07,2025-11-16 12:37:07,12.0
R0000506,S015,2025-11-16 22:17:55,2025-11-16 22:08:55,27.0
R0000507,S021,2025-11-16 18:48:19,2025-11-16 19:50:19,63.0
R0000508,S019,2025-11-16 15:02:08,2025-11-16 15:30:08,45.0
R0000509,S027,2025-11-16 09:31:40,2025-11-16 10:06:40,27.0
R0000510,S014,2025-11-16 09:08:04,2025-11-16 10:11:04,48.0
R0000511,S030,2025-11-16 20:47:25,2025-11-16 21:12:25,19.0
R0000512,S019,2025-11-16 17:12:39,2025-11-16 17:48:39,42.0
R0000513,S006,2025-11-16 21:02:25,,5.0
R0000514,S027,2025-11-16 13:39:38,,
R0000515,S014,2025-11-16 16:57:00,2025-11-16 17:42:00,26.0
R0000516,S006,2025-11-16 14:34:05,2025-11-16 14:28:05,13.0
R0000517,S004,2025-11-16 21:55:49,2025-11-16 22:25:49,11.0
R0000518,S014,2025-11-16 22:13:49,2025-11-16 22:44:49,39.0
R0000519,S015,2025-11-16 12:38:25,,
R0000520,S007,2025-11-16 15:58:10,2025-11-16 16:10:10,10.0
R0000521,S027,2025-11-16 20:01:21,2025-11-16 20:36:21,23.0
R0000522,S014,2025-11-16 18:05:10,2025-11-16 18:09:10,30.0
R0000523,S006,2025-11-16 09:25:00,2025-11-16 10:39:00,77.0
R0000524,S005,2025-11-16 17:06:38,,
R0000525,S024,2025-11-16 09:10:41,2025-11-16 09:41:41,40.0
R0000526,S004,2025-11-16 20:44:46,2025-11-16 20:58:46,6.0
R0000527,S002,2025-11-16 20:15:07,,
R0000528,S020,2025-11-16 17:03:16,2025-11-16 17:21:16,34.0
R0000529,S032,2025-11-16 12:45:37,2025-11-16 13:02:37,20.0
R0000530,S006,2025-11-16 21:16:24,,14.0
R0000531,S007,2025-11-16 13:39:08,2025-11-16 13:54:08,6.0
R0000532,S032,2025-11-16 14:15:37,2025-11-16 14:00:37,21.0
R0000533,S032,2025-11-16 23:24:02,2025-11-16 23:16:02,23.0
R0000534,S028,2025-11-16 19:08:22,2025-11-16 19:27:22,31.0
R0000535,S024,2025-11-16 11:24:59,2025-11-16 11:06:59,9.0
R0000536,S032,2025-11-16 09:23:42,2025-11-16 09:36:42,18.0
R0000537,S029,2025-11-16 12:53:28,2025-11-16 13:22:28,31.0
R0000538,S029,2025-11-16 18:29:46,,
R0000539,S029,2025-11-16 22:38:10,2025-11-16 23:14:10,31.0
R0000540,S002,2025-11-16 18:55:27,2025-11-16 19:45:27,47.0
R0000541,S006,2025-11-16 15:34:13,2025-11-16 15:13:13,9.0
R0000542,S020,2025-11-16 18:17:25,2025-11-16 18:37:25,21.0
R0000543,S012,2025-11-16 13:04:02,2025-11-16 13:33:02,32.0
R0000544,S006,2025-11-16 18:31:09,2025-11-16 18:47:09,7.0
R0000545,S011,2025-11-16 15:07:30,2025-11-16 15:03:30,18.0
R0000546,S020,2025-11-16 21:13:16,2025-11-16 21:43:16,29.0
R0000547,S018,2025-11-16 12:12:40,2025-11-16 13:06:40,34.0
R0000548,S028,2025-11-16 12:06:25,2025-11-16 12:31:25,32.0
R0000549,S003,2025-11-16 20:55:40,2025-11-16 21:23:40,66.0
R0000550,S012,2025-11-16 13:41:05,2025-11-16 14:06:05,30.0
R0000551,S012,2025-11-16 08:05:47,2025-11-16 08:14:47,27.0
R0000552,S005,2025-11-16 19:00:37,2025-11-16 19:44:37,54.0
R0000553,S005,2025-11-16 19:23:21,2025-11-16 19:30:21,5.0
R0000554,S032,2025-11-16 08:27:27,2025-11-16 08:40:27,22.0
R0000555,S028,2025-11-16 15:39:15,2025-11-16 16:03:15,38.0
R0000556,S012,2025-11-16 12:01:35,2025-11-16 12:30:35,20.0
R0000557,S005,2025-11-16 07:19:19,2025-11-16 08:35:19,68.0
R0000558,S018,2025-11-16 09:44:08,2025-11-16 10:42:08,50.0
R0000559,S030,2025-11-16 18:52:57,2025-11-16 19:07:57,32.0
R0000560,S007,2025-11-16 09:24:55,2025-11-16 09:53:55,53.0
R0000561,S003,2025-11-16 07:19:41,2025-11-16 07:25:41,5.0
R0000562,S019,2025-11-16 19:24:10,2025-11-16 19:44:10,36.0
R0000563,S011,2025-11-16 19:11:36,2025-11-16 19:36:36,29.0
R0000564,S030,2025-11-16 10:09:48,2025-11-16 11:03:48,40.0
R0000565,S003,2025-11-16 22:05:50,,
R0000566,S004,2025-11-16 20:06:12,,
R0000567,S003,2025-11-16 20:59:31,2025-11-16 21:33:31,28.0
R0000568,S022,2025-11-16 20:19:01,2025-11-16 20:46:01,21.0
R0000569,S011,2025-11-16 12:04:30,2025-11-16 12:05:30,13.0
R0000570,S021,2025-11-16 13:37:53,,
R0000571,S029,2025-11-16 08:19:51,2025-11-16 08:24:51,30.0
R0000572,S011,2025-11-16 11:57:42,2025-11-16 12:37:42,28.0
R0000573,S006,2025-11-16 17:33:18,2025-11-16 18:36:18,52.0
R0000574,S006,2025-11-16 15:01:07,2025-11-16 15:33:07,13.0
R0000575,S002,2025-11-16 23:03:59,2025-11-16 22:51:59,7.0
R0000576,S007,2025-11-16 09:10:20,2025-11-16 09:27:20,18.0
R0000577,S021,2025-11-16 11:45:10,2025-11-16 12:46:10,40.0
R0000578,S028,2025-11-16 13:20:56,2025-11-16 13:46:56,31.0
R0000579,S022,2025-11-16 20:24:11,2025-11-16 21:03:11,42.0
R0000580,S031,2025-11-16 21:22:15,2025-11-16 21:26:15,26.0
R0000581,S021,2025-11-16 19:04:35,2025-11-16 19:16:35,31.0
R0000582,S034,2025-11-16 21:55:37,2025-11-16 22:09:37,19.0
R0000583,S030,2025-11-16 22:43:53,2025-11-16 23:29:53,35.0
R0000584,S024,2025-11-16 16:45:16,2025-11-16 17:25:16,24.0
R0000585,S022,2025-11-16 20:39:11,2025-11-16 20:43:11,23.0
R0000586,S015,2025-11-16 08:38:09,2025-11-16 08:49:09,28.0
R0000587,S002,2025-11-16 22:54:45,2025-11-16 23:40:45,76.0
R0000588,S020,2025-11-16 13:58:06,2025-11-16 14:51:06,36.0
R0000589,S003,2025-11-16 18:34:54,2025-11-16 18:28:54,10.0
R0000590,S002,2025-11-16 21:41:21,2025-11-16 23:01:21,67.0
R0000591,S024,2025-11-16 11:25:32,2025-11-16 11:29:32,26.0
R0000592,S032,2025-11-16 21:39:58,2025-11-16 22:16:58,29.0
R0000593,S019,2025-11-16 19:28:46,2025-11-16 19:55:46,45.0
R0000594,S019,2025-11-16 13:23:44,2025-11-16 14:06:44,40.0
R0000595,S020,2025-11-16 14:32:42,2025-11-16 14:34:42,24.0
R0000596,S022,2025-11-16 21:41:18,2025-11-16 21:58:18,41.0
R0000597,S012,2025-11-16 17:26:03,2025-11-16 17:34:03,11.0
R0000598,S003,2025-11-16 08:46:35,2025-11-16 08:56:35,8.0
R0000599,S024,2025-11-16 13:34:49,2025-11-16 14:11:49,23.0
R0000600,S031,2025-11-16 17:09:47,2025-11-16 17:23:47,25.0
R0000601,S002,2025-11-16 20:06:32,2025-11-16 20:32:32,26.0
R0000602,S031,2025-11-16 14:49:23,2025-11-16 14:46:23,26.0
R0000603,S030,2025-11-16 17:36:04,2025-11-16 17:55:04,35.0
R0000604,S007,2025-11-16 15:46:36,2025-11-16 16:24:36,61.0
R0000605,S027,2025-11-16 16:18:21,2025-11-16 16:15:21,18.0
R0000606,S003,2025-11-16 17:46:31,2025-11-16 18:32:31,36.0
R0000607,S034,2025-11-16 14:30:23,,
R0000608,S018,2025-11-16 08:01:07,2025-11-16 08:00:07,25.0
R0000609,S012,2025-11-16 18:39:33,2025-11-16 19:33:33,37.0
R0000610,S020,2025-11-16 14:43:47,2025-11-16 15:37:47,59.0
R0000611,S030,2025-11-16 21:57:46,2025-11-16 22:01:46,18.0
R0000612,S011,2025-11-16 22:30:02,2025-11-16 22:52:02,32.0
R0000613,S024,2025-11-16 21:22:30,2025-11-16 21:53:30,21.0
R0000614,S004,2025-11-16 10:03:28,2025-11-16 10:24:28,13.0
R0000615,S028,2025-11-16 18:53:02,,
R0000616,S004,2025-11-16 12:55:58,2025-11-16 12:45:58,5.0
R0000617,S031,2025-11-16 19:54:13,2025-11-16 20:29:13,30.0
R0000618,S027,2025-11-16 14:25:27,2025-11-16 15:11:27,30.0
R0000619,S020,2025-11-16 17:07:40,2025-11-16 17:34:40,47.0
R0000620,S014,2025-11-16 18:17:01,2025-11-16 19:06:01,48.0
R0000621,S020,2025-11-16 16:22:45,2025-11-16 16:41:45,24.0
R0000622,S002,2025-11-16 20:07:38,2025-11-16 19:55:38,11.0
R0000623,S005,2025-11-16 12:18:40,2025-11-16 12:46:40,58.0
R0000624,S018,2025-11-16 18:51:06,,18.0
R0000625,S006,2025-11-16 13:27:22,2025-11-16 13:34:22,16.0
R0000626,S004,2025-11-16 11:21:11,2025-11-16 11:36:11,13.0
R0000627,S005,2025-11-16 14:44:41,2025-11-16 15:00:41,14.0
R0000628,S029,2025-11-16 10:27:36,2025-11-16 11:01:36,16.0
R0000629,S005,2025-11-16 20:39:29,2025-11-16 20:44:29,6.0
R0000630,S005,2025-11-16 07:42:21,,5.0
R0000631,S032,2025-11-16 19:47:45,,
R0000632,S011,2025-11-16 20:06:04,,41.0
R0000633,S032,2025-11-16 15:01:41,2025-11-16 15:24:41,23.0
R0000634,S004,2025-11-16 12:43:29,2025-11-16 13:24:29,14.0
R0000635,S013,2025-11-16 22:31:06,2025-11-16 22:38:06,24.0
R0000636,S020,2025-11-16 20:46:00,2025-11-16 21:35:00,38.0
R0000637,S028,2025-11-16 20:40:48,2025-11-16 20:59:48,28.0
R0000638,S004,2025-11-16 11:42:57,2025-11-16 11:57:57,13.0
R0000639,S034,2025-11-16 22:46:20,,
R0000640,S028,2025-11-16 21:42:23,2025-11-16 21:17:23,2.0
R0000641,S002,2025-11-16 08:42:33,2025-11-16 08:52:33,11.0
R0000642,S024,2025-11-16 10:57:08,2025-11-16 10:58:08,20.0
R0000643,S020,2025-11-16 11:26:35,2025-11-16 11:33:35,34.0
R0000644,S013,2025-11-16 18:19:04,2025-11-16 18:52:04,37.0
R0000645,S007,2025-11-16 08:20:18,2025-11-16 08:26:18,12.0
R0000646,S034,2025-11-16 07:34:47,2025-11-16 08:17:47,39.0
R0000647,S022,2025-11-16 11:35:54,2025-11-16 12:28:54,40.0
R0000648,S015,2025-11-16 15:40:37,2025-11-16 16:01:37,33.0
R0000649,S022,2025-11-16 07:41:20,2025-11-16 08:04:20,47.0
R0000650,S006,2025-11-16 20:35:28,2025-11-16 20:51:28,12.0
R0000651,S003,2025-11-16 14:48:26,2025-11-16 15:07:26,12.0
R0000652,S028,2025-11-16 19:27:24,2025-11-16 19:29:24,17.0
R0000653,S029,2025-11-16 20:56:51,2025-11-16 20:45:51,20.0
R0000654,S029,2025-11-16 17:26:19,2025-11-16 17:47:19,14.0
R0000655,S029,2025-11-16 10:29:47,2025-11-16 10:46:47,27.0
R0000656,S012,2025-11-16 08:05:39,2025-11-16 08:38:39,45.0
R0000657,S028,2025-11-16 23:17:09,2025-11-16 23:22:09,23.0
R0000658,S011,2025-11-16 16:27:45,2025-11-16 16:57:45,21.0
R0000659,S013,2025-11-16 21:25:33,2025-11-16 21:49:33,20.0
R0000660,S006,2025-11-16 15:08:59,2025-11-16 14:46:59,8.0
R0000661,S029,2025-11-16 07:34:50,,
R0000662,S029,2025-11-16 19:17:42,2025-11-16 19:23:42,34.0
R0000663,S022,2025-11-16 13:25:51,2025-11-16 13:34:51,33.0
R0000664,S029,2025-11-16 09:20:57,2025-11-16 10:07:57,28.0
R0000665,S014,2025-11-16 19:37:34,2025-11-16 20:24:34,46.0
R0000666,S011,2025-11-16 15:24:24,2025-11-16 16:00:24,43.0
R0000667,S014,2025-11-16 21:55:41,2025-11-16 22:36:41,39.0
R0000668,S006,2025-11-16 16:30:37,2025-11-16 16:06:37,9.0
R0000669,S014,2025-11-16 13:24:21,,
R0000670,S007,2025-11-16 15:11:02,2025-11-16 15:37:02,14.0
R0000671,S003,2025-11-17 22:30:06,2025-11-17 22:30:06,10.0
R0000672,S030,2025-11-17 19:30:46,2025-11-17 20:09:46,26.0
R0000673,S007,2025-11-17 11:50:16,2025-11-17 11:42:16,9.0
R0000674,S021,2025-11-17 11:32:14,,
R0000675,S006,2025-11-17 10:10:58,2025-11-17 10:57:58,40.0
R0000676,S033,2025-11-17 08:49:47,,
R0000677,S028,2025-11-17 21:26:00,2025-11-17 22:11:00,25.0
R0000678,S030,2025-11-17 13:51:34,2025-11-17 14:12:34,32.0
R0000679,S007,2025-11-17 20:05:13,2025-11-17 20:20:13,42.0
R0000680,S015,2025-11-17 20:47:10,2025-11-17 21:15:10,22.0
R0000681,S002,2025-11-17 18:35:57,2025-11-17 18:12:57,10.0
R0000682,S006,2025-11-17 19:19:30,,6.0
R0000683,S003,2025-11-17 19:08:45,2025-11-17 19:55:45,54.0
R0000684,S023,2025-11-17 19:43:08,2025-11-17 20:07:08,28.0
R0000685,S016,2025-11-17 18:31:09,2025-11-17 18:41:09,-39.0
R0000686,S003,2025-11-17 17:20:00,2025-11-17 17:48:00,8.0
R0000687,S028,2025-11-17 22:52:03,2025-11-17 23:36:03,28.0
R0000688,S013,2025-11-17 20:30:56,2025-11-17 21:30:56,35.0
R0000689,S002,2025-11-17 14:02:07,2025-11-17 14:59:07,49.0
R0000690,S034,2025-11-17 08:02:21,2025-11-17 08:20:21,22.0
R0000691,S033,2025-11-17 18:57:38,2025-11-17 19:37:38,30.0
R0000692,S034,2025-11-17 14:01:03,,
R0000693,S024,2025-11-17 22:30:03,2025-11-17 22:36:03,32.0
R0000694,S033,2025-11-17 16:07:12,2025-11-17 16:24:12,25.0
R0000695,S002,2025-11-17 21:55:42,2025-11-17 21:49:42,10.0
R0000696,S007,2025-11-17 20:35:40,2025-11-17 21:26:40,44.0
R0000697,S006,2025-11-17 10:48:58,2025-11-17 10:40:58,10.0
R0000698,S002,2025-11-17 20:20:19,,
R0000699,S032,2025-11-17 19:18:04,,
R0000700,S016,2025-11-17 11:16:46,2025-11-17 11:28:46,20.0
R0000701,S003,2025-11-17 08:41:09,2025-11-17 08:45:09,11.0
R0000702,S013,2025-11-17 22:15:37,2025-11-17 22:21:37,31.0
R0000703,S016,2025-11-17 18:49:57,,
R0000704,S033,2025-11-17 22:52:52,2025-11-17 23:04:52,13.0
R0000705,S003,2025-11-17 09:32:09,2025-11-17 09:28:09,10.0
R0000706,S028,2025-11-17 09:03:37,2025-11-17 09:20:37,34.0
R0000707,S006,2025-11-17 10:11:40,2025-11-17 10:17:40,5.0
R0000708,S032,2025-11-17 17:34:46,2025-11-17 17:24:46,27.0
R0000709,S001,2025-11-17 19:49:32,2025-11-17 20:01:32,14.0
R0000710,S016,2025-11-17 13:44:56,,57.0
R0000711,S024,2025-11-17 20:08:23,2025-11-17 19:53:23,23.0
R0000712,S034,2025-11-17 11:43:43,2025-11-17 12:05:43,23.0
R0000713,S001,2025-11-17 09:58:53,2025-11-17 09:57:53,9.0
R0000714,S003,2025-11-17 20:36:26,2025-11-17 20:42:26,9.0
R0000715,S033,2025-11-17 20:02:16,,
R0000716,S007,2025-11-17 16:22:24,2025-11-17 17:20:24,73.0
R0000717,S002,2025-11-17 21:02:05,2025-11-17 20:42:05,9.0
R0000718,S012,2025-11-17 10:30:13,2025-11-17 11:00:13,41.0
R0000719,S007,2025-11-17 18:34:48,2025-11-17 19:51:48,65.0
R0000720,S003,2025-11-17 13:45:36,2025-11-17 14:36:36,54.0
R0000721,S007,2025-11-17 08:51:35,2025-11-17 08:54:35,16.0
R0000722,S032,2025-11-17 19:11:59,2025-11-17 19:01:59,24.0
R0000723,S016,2025-11-17 16:53:51,2025-11-17 17:40:51,33.0
R0000724,S007,2025-11-17 20:00:24,2025-11-17 19:53:24,7.0
R0000725,S006,2025-11-17 19:14:43,2025-11-17 19:12:43,11.0
R0000726,S002,2025-11-17 08:04:32,2025-11-17 07:31:32,5.0
R0000727,S028,2025-11-17 11:17:11,2025-11-17 11:19:11,15.0
R0000728,S001,2025-11-17 12:19:11,2025-11-17 11:58:11,10.0
R0000729,S015,2025-11-17 21:59:25,2025-11-17 22:15:25,18.0
R0000730,S002,2025-11-17 14:12:51,2025-11-17 14:49:51,17.0
R0000731,S033,2025-11-17 13:07:02,2025-11-17 13:14:02,7.0
R0000732,S020,2025-11-17 15:08:09,2025-11-17 15:51:09,-30.0
R0000733,S007,2025-11-17 08:11:49,2025-11-17 08:21:49,7.0
R0000734,S009,2025-11-17 10:30:38,2025-11-17 11:01:38,54.0
R0000735,S021,2025-11-17 08:15:53,2025-11-17 08:33:53,37.0
R0000736,S003,2025-11-17 15:51:35,2025-11-17 16:11:35,13.0
R0000737,S033,2025-11-17 14:07:18,2025-11-17 13:55:18,12.0
R0000738,S001,2025-11-17 22:46:39,2025-11-17 22:55:39,11.0
R0000739,S032,2025-11-17 12:10:16,2025-11-17 12:45:16,22.0
R0000740,S006,2025-11-17 11:37:37,2025-11-17 11:33:37,16.0
R0000741,S032,2025-11-17 14:50:20,,25.0
R0000742,S021,2025-11-17 17:21:43,,
R0000743,S001,2025-11-17 07:33:21,2025-11-17 07:41:21,13.0
R0000744,S021,2025-11-17 14:21:29,2025-11-17 14:32:29,43.0
R0000745,S023,2025-11-17 07:21:42,2025-11-17 07:41:42,26.0
R0000746,S007,2025-11-17 21:33:54,2025-11-17 21:36:54,12.0
R0000747,S006,2025-11-17 10:07:10,2025-11-17 10:44:10,55.0
R0000748,S012,2025-11-17 17:25:57,2025-11-17 17:34:57,21.0
R0000749,S001,2025-11-17 20:18:48,2025-11-17 20:01:48,4.0
R0000750,S012,2025-11-17 09:06:16,,
R0000751,S002,2025-11-17 21:50:18,2025-11-17 21:55:18,6.0
R0000752,S013,2025-11-17 09:35:57,2025-11-17 10:01:57,39.0
R0000753,S032,2025-11-17 23:10:57,2025-11-17 23:29:57,15.0
R0000754,S013,2025-11-17 21:15:17,,27.0
R0000755,S021,2025-11-17 13:07:01,2025-11-17 13:20:01,28.0
R0000756,S006,2025-11-17 21:20:46,2025-11-17 21:26:46,8.0
R0000757,S007,2025-11-17 20:46:41,2025-11-17 20:23:41,5.0
R0000758,S015,2025-11-17 07:35:09,2025-11-17 08:00:09,52.0
R0000759,S006,2025-11-17 21:41:49,2025-11-17 22:04:49,11.0
R0000760,S033,2025-11-17 19:40:16,2025-11-17 19:57:16,10.0
R0000761,S020,2025-11-17 11:37:06,2025-11-17 11:35:06,28.0
R0000762,S013,2025-11-17 18:25:53,2025-11-17 19:03:53,44.0
R0000763,S012,2025-11-17 15:22:00,,23.0
R0000764,S034,2025-11-17 18:52:42,2025-11-17 19:32:42,21.0
R0000765,S030,2025-11-17 13:09:46,2025-11-17 13:30:46,30.0
R0000766,S030,2025-11-17 14:28:02,2025-11-17 14:24:02,9.0
R0000767,S024,2025-11-17 13:47:54,,
R0000768,S013,2025-11-17 12:51:31,2025-11-17 12:49:31,28.0
R0000769,S002,2025-11-17 20:10:47,,
R0000770,S030,2025-11-17 09:13:18,2025-11-17 09:50:18,17.0
R0000771,S012,2025-11-17 11:39:34,2025-11-17 11:58:34,28.0
R0000772,S003,2025-11-17 15:52:34,2025-11-17 16:14:34,8.0
R0000773,S030,2025-11-17 11:56:34,2025-11-17 12:08:34,14.0
R0000774,S032,2025-11-17 07:41:11,2025-11-17 08:16:11,21.0
R0000775,S006,2025-11-17 14:35:50,2025-11-17 14:32:50,18.0
R0000776,S034,2025-11-17 18:53:29,2025-11-17 19:26:29,22.0
R0000777,S033,2025-11-17 15:14:59,2025-11-17 15:39:59,29.0
R0000778,S001,2025-11-17 08:01:40,2025-11-17 07:55:40,10.0
R0000779,S003,2025-11-17 20:10:56,2025-11-17 20:20:56,12.0
R0000780,S034,2025-11-17 11:07:30,2025-11-17 11:13:30,18.0
R0000781,S003,2025-11-17 09:15:01,2025-11-17 09:52:01,35.0
R0000782,S006,2025-11-17 15:16:36,2025-11-17 15:04:36,10.0
R0000783,S030,2025-11-17 14:45:18,,
R0000784,S009,2025-11-17 21:40:19,2025-11-17 21:38:19,20.0
R0000785,S006,2025-11-17 08:13:32,2025-11-17 08:15:32,42.0
R0000786,S016,2025-11-17 20:44:16,2025-11-17 21:07:16,43.0
R0000787,S021,2025-11-17 08:27:16,2025-11-17 09:09:16,34.0
R0000788,S021,2025-11-17 19:32:35,2025-11-17 20:06:35,42.0
R0000789,S007,2025-11-17 20:57:02,2025-11-17 20:44:02,6.0
R0000790,S016,2025-11-17 22:09:37,2025-11-17 22:48:37,44.0
R0000791,S016,2025-11-17 10:21:57,2025-11-17 10:37:57,32.0
R0000792,S033,2025-11-17 21:27:17,2025-11-17 21:35:17,22.0
R0000793,S002,2025-11-17 20:53:26,2025-11-17 20:58:26,14.0
R0000794,S016,2025-11-17 18:01:30,2025-11-17 18:29:30,33.0
R0000795,S007,2025-11-17 14:45:24,2025-11-17 15:01:24,14.0
R0000796,S024,2025-11-17 11:44:18,2025-11-17 11:54:18,23.0
R0000797,S007,2025-11-17 21:53:47,2025-11-17 22:17:47,8.0
R0000798,S021,2025-11-17 22:15:00,2025-11-17 22:49:00,40.0
R0000799,S003,2025-11-17 18:35:37,2025-11-17 18:48:37,7.0
R0000800,S009,2025-11-17 19:46:34,2025-11-17 20:32:34,38.0
R0000801,S002,2025-11-17 14:57:13,2025-11-17 14:59:13,15.0
R0000802,S007,2025-11-17 23:20:13,2025-11-17 23:14:13,17.0
R0000803,S028,2025-11-17 19:28:26,2025-11-17 19:32:26,31.0
R0000804,S023,2025-11-17 19:18:33,2025-11-17 20:01:33,35.0
R0000805,S012,2025-11-17 21:21:06,2025-11-17 21:46:06,32.0
R0000806,S016,2025-11-17 18:55:11,2025-11-17 20:01:11,57.0
R0000807,S003,2025-11-17 12:05:25,2025-11-17 12:00:25,11.0
R0000808,S030,2025-11-17 08:19:18,,
R0000809,S016,2025-11-17 14:11:56,2025-11-17 14:30:56,30.0
R0000810,S013,2025-11-17 12:38:15,2025-11-17 13:10:15,36.0
R0000811,S006,2025-11-17 12:13:54,2025-11-17 12:19:54,12.0
R0000812,S003,2025-11-17 22:10:06,2025-11-17 22:10:06,10.0
R0000813,S032,2025-11-17 11:20:04,2025-11-17 11:11:04,26.0
R0000814,S001,2025-11-17 21:54:23,2025-11-17 21:56:23,13.0
R0000815,S002,2025-11-17 18:03:43,2025-11-17 18:38:43,45.0
R0000816,S001,2025-11-17 11:58:35,2025-11-17 12:58:35,56.0
R0000817,S006,2025-11-17 20:10:36,2025-11-17 19:49:36,15.0
R0000818,S006,2025-11-17 11:26:36,2025-11-17 11:38:36,9.0
R0000819,S032,2025-11-17 12:54:14,2025-11-17 13:05:14,31.0
R0000820,S020,2025-11-17 08:03:05,2025-11-17 08:05:05,26.0
R0000821,S020,2025-11-17 15:47:11,2025-11-17 15:39:11,24.0
R0000822,S016,2025-11-17 13:49:46,2025-11-17 14:58:46,50.0
R0000823,S024,2025-11-17 10:10:55,2025-11-17 09:50:55,12.0
R0000824,S013,2025-11-17 19:09:55,,
R0000825,S006,2025-11-17 18:36:43,2025-11-17 18:29:43,10.0
R0000826,S024,2025-11-17 16:37:52,2025-11-17 16:35:52,22.0
R0000827,S012,2025-11-17 21:42:17,,
R0000828,S020,2025-11-17 13:58:45,,
R0000829,S006,2025-11-17 11:56:54,2025-11-17 12:55:54,62.0
R0000830,S013,2025-11-17 22:12:59,2025-11-17 22:29:59,38.0
R0000831,S016,2025-11-17 10:26:22,2025-11-17 10:42:22,16.0
R0000832,S015,2025-11-17 20:22:02,2025-11-17 20:48:02,33.0
R0000833,S002,2025-11-17 10:21:25,2025-11-17 10:24:25,29.0
R0000834,S007,2025-11-17 16:51:58,2025-11-17 17:49:58,59.0
R0000835,S034,2025-11-17 21:07:21,,
R0000836,S013,2025-11-17 22:06:31,2025-11-17 22:23:31,47.0
R0000837,S020,2025-11-17 21:55:26,2025-11-17 22:25:26,35.0
R0000838,S028,2025-11-17 12:49:56,2025-11-17 13:03:56,22.0
R0000839,S023,2025-11-17 14:50:23,2025-11-17 15:22:23,18.0
R0000840,S023,2025-11-17 12:00:42,,
R0000841,S015,2025-11-17 11:48:56,2025-11-17 12:42:56,40.0
R0000842,S024,2025-11-17 18:13:53,2025-11-17 18:33:53,26.0
R0000843,S015,2025-11-17 14:28:17,2025-11-17 15:32:17,37.0
R0000844,S028,2025-11-17 22:09:29,2025-11-17 21:45:29,14.0
R0000845,S034,2025-11-17 15:59:03,2025-11-17 16:34:03,29.0
R0000846,S007,2025-11-17 11:50:44,2025-11-17 12:16:44,10.0
R0000847,S028,2025-11-17 21:58:33,2025-11-17 22:18:33,25.0
R0000848,S023,2025-11-17 18:21:20,2025-11-17 18:08:20,19.0
R0000849,S028,2025-11-17 14:01:13,2025-11-17 13:47:13,12.0
R0000850,S009,2025-11-17 11:45:29,2025-11-17 11:22:29,9.0
R0000851,S006,2025-11-17 20:04:43,2025-11-17 20:26:43,10.0
R0000852,S016,2025-11-17 09:30:46,2025-11-17 09:38:46,42.0
R0000853,S024,2025-11-17 15:27:02,2025-11-17 15:17:02,25.0
R0000854,S012,2025-11-17 15:18:31,2025-11-17 15:32:31,26.0
R0000855,S012,2025-11-17 22:07:28,2025-11-17 22:19:28,40.0
R0000856,S015,2025-11-17 21:56:02,2025-11-17 22:44:02,48.0
R0000857,S033,2025-11-17 21:16:47,2025-11-17 21:45:47,33.0
R0000858,S032,2025-11-17 21:45:58,2025-11-17 21:59:58,25.0
R0000859,S001,2025-11-17 08:16:10,2025-11-17 08:32:10,7.0
R0000860,S002,2025-11-17 11:39:38,2025-11-17 11:36:38,11.0
R0000861,S002,2025-11-17 14:59:09,2025-11-17 15:03:09,12.0
R0000862,S020,2025-11-17 19:44:49,2025-11-17 20:16:49,29.0
R0000863,S021,2025-11-17 11:14:47,2025-11-17 12:10:47,43.0
R0000864,S032,2025-11-17 20:55:13,2025-11-17 20:50:13,24.0
R0000865,S012,2025-11-17 18:38:29,2025-11-17 18:44:29,32.0
R0000866,S021,2025-11-17 14:55:45,2025-11-17 14:53:45,23.0
R0000867,S034,2025-11-17 11:15:17,2025-11-17 11:23:17,21.0
R0000868,S003,2025-11-17 20:14:37,2025-11-17 20:51:37,49.0
R0000869,S007,2025-11-17 09:39:10,2025-11-17 09:26:10,10.0
R0000870,S030,2025-11-17 12:50:35,2025-11-17 13:13:35,27.0
R0000871,S033,2025-11-17 14:13:19,2025-11-17 14:34:19,-23.0
R0000872,S013,2025-11-17 12:11:40,2025-11-17 12:56:40,31.0
R0000873,S003,2025-11-17 09:22:22,2025-11-17 09:17:22,9.0
R0000874,S006,2025-11-17 12:14:00,2025-11-17 12:55:00,61.0
R0000875,S013,2025-11-17 14:45:47,2025-11-17 15:04:47,32.0
R0000876,S006,2025-11-17 09:18:57,2025-11-17 10:06:57,49.0
R0000877,S033,2025-11-17 20:28:54,2025-11-17 20:10:54,11.0
R0000878,S001,2025-11-17 21:11:54,2025-11-17 21:15:54,11.0
R0000879,S016,2025-11-17 09:49:02,2025-11-17 10:14:02,25.0
R0000880,S020,2025-11-17 16:57:06,2025-11-17 17:17:06,32.0
R0000881,S024,2025-11-17 13:07:11,2025-11-17 13:08:11,21.0
R0000882,S033,2025-11-17 13:57:56,,
R0000883,S013,2025-11-17 21:21:46,2025-11-17 22:04:46,30.0
R0000884,S002,2025-11-17 23:03:38,,11.0
R0000885,S002,2025-11-17 20:31:28,2025-11-17 20:42:28,11.0
R0000886,S023,2025-11-17 12:44:26,,
R0000887,S012,2025-11-17 10:42:29,2025-11-17 10:40:29,24.0
R0000888,S001,2025-11-17 13:45:20,2025-11-17 13:58:20,13.0
R0000889,S009,2025-11-17 10:30:59,2025-11-17 11:22:59,36.0
R0000890,S020,2025-11-17 15:05:09,2025-11-17 15:36:09,39.0
R0000891,S013,2025-11-17 14:49:00,,
R0000892,S020,2025-11-17 18:53:12,2025-11-17 19:39:12,37.0
R0000893,S030,2025-11-17 13:57:46,2025-11-17 14:16:46,32.0
R0000894,S034,2025-11-17 09:12:05,2025-11-17 09:38:05,29.0
R0000895,S006,2025-11-17 18:45:18,2025-11-17 18:31:18,16.0
R0000896,S015,2025-11-17 09:21:50,2025-11-17 10:04:50,24.0
R0000897,S009,2025-11-17 21:42:59,2025-11-17 22:37:59,37.0
R0000898,S023,2025-11-17 22:32:18,2025-11-17 22:43:18,31.0
R0000899,S032,2025-11-18 11:49:44,2025-11-18 12:07:44,-13.0
R0000900,S014,2025-11-18 07:13:01,2025-11-18 07:55:01,30.0
R0000901,S007,2025-11-18 19:19:39,2025-11-18 19:17:39,15.0
R0000902,S023,2025-11-18 20:26:44,2025-11-18 20:51:44,36.0
R0000903,S008,2025-11-18 15:54:56,2025-11-18 16:40:56,62.0
R0000904,S032,2025-11-18 13:09:52,2025-11-18 12:50:52,22.0
R0000905,S032,2025-11-18 21:54:05,2025-11-18 21:46:05,26.0
R0000906,S025,2025-11-18 12:10:22,2025-11-18 12:08:22,24.0
R0000907,S022,2025-11-18 17:29:27,,
R0000908,S019,2025-11-18 21:20:10,,23.0
R0000909,S030,2025-11-18 09:24:37,2025-11-18 09:12:37,13.0
R0000910,S007,2025-11-18 07:16:29,2025-11-18 07:32:29,13.0
R0000911,S014,2025-11-18 10:14:25,2025-11-18 10:28:25,33.0
R0000912,S014,2025-11-18 20:44:55,,
R0000913,S007,2025-11-18 20:31:59,2025-11-18 21:08:59,55.0
R0000914,S031,2025-11-18 18:27:35,2025-11-18 18:57:35,26.0
R0000915,S014,2025-11-18 12:29:24,2025-11-18 12:39:24,35.0
R0000916,S012,2025-11-18 22:33:15,2025-11-18 22:44:15,17.0
R0000917,S007,2025-11-18 12:44:52,2025-11-18 12:49:52,13.0
R0000918,S007,2025-11-18 12:58:38,2025-11-18 13:23:38,10.0
R0000919,S002,2025-11-18 21:21:40,2025-11-18 21:57:40,61.0
R0000920,S022,2025-11-18 22:27:29,2025-11-18 22:41:29,6.0
R0000921,S005,2025-11-18 21:50:31,2025-11-18 21:45:31,12.0
R0000922,S032,2025-11-18 13:25:58,2025-11-18 13:55:58,24.0
R0000923,S018,2025-11-18 17:37:20,2025-11-18 17:46:20,28.0
R0000924,S011,2025-11-18 15:41:35,2025-11-18 16:04:35,29.0
R0000925,S010,2025-11-18 19:40:13,2025-11-18 20:15:13,36.0
R0000926,S031,2025-11-18 14:02:02,,
R0000927,S010,2025-11-18 22:23:10,2025-11-18 22:31:10,36.0
R0000928,S022,2025-11-18 14:09:37,2025-11-18 14:37:37,48.0
R0000929,S022,2025-11-18 19:16:02,2025-11-18 20:08:02,37.0
R0000930,S012,2025-11-18 19:38:42,2025-11-18 20:13:42,32.0
R0000931,S022,2025-11-18 08:14:38,2025-11-18 08:53:38,28.0
R0000932,S024,2025-11-18 20:05:25,2025-11-18 20:03:25,14.0
R0000933,S007,2025-11-18 07:30:53,2025-11-18 08:06:53,16.0
R0000934,S008,2025-11-18 08:43:04,,
R0000935,S025,2025-11-18 18:11:11,2025-11-18 17:56:11,19.0
R0000936,S007,2025-11-18 18:31:59,2025-11-18 19:25:59,62.0
R0000937,S008,2025-11-18 16:30:38,2025-11-18 16:30:38,12.0
R0000938,S012,2025-11-18 11:12:42,2025-11-18 11:47:42,26.0
R0000939,S004,2025-11-18 19:51:20,,65.0
R0000940,S010,2025-11-18 21:28:36,2025-11-18 22:16:36,39.0
R0000941,S030,2025-11-18 17:03:50,2025-11-18 17:22:50,33.0
R0000942,S002,2025-11-18 19:28:50,2025-11-18 19:32:50,11.0
R0000943,S005,2025-11-18 11:09:19,2025-11-18 10:50:19,8.0
R0000944,S002,2025-11-18 16:41:53,2025-11-18 17:18:53,42.0
R0000945,S025,2025-11-18 13:23:22,2025-11-18 14:14:22,32.0
R0000946,S014,2025-11-18 14:50:42,2025-11-18 14:50:42,41.0
R0000947,S005,2025-11-18 19:06:48,2025-11-18 18:53:48,13.0
R0000948,S011,2025-11-18 11:16:44,2025-11-18 11:53:44,33.0
R0000949,S019,2025-11-18 09:57:37,2025-11-18 10:38:37,33.0
R0000950,S019,2025-11-18 18:50:23,2025-11-18 18:38:23,29.0
R0000951,S008,2025-11-18 23:19:13,,
R0000952,S030,2025-11-18 11:05:00,2025-11-18 10:48:00,17.0
R0000953,S010,2025-11-18 12:51:33,2025-11-18 12:57:33,28.0
R0000954,S031,2025-11-18 08:37:22,2025-11-18 08:30:22,13.0
R0000955,S022,2025-11-18 20:02:31,2025-11-18 20:16:31,38.0
R0000956,S019,2025-11-18 22:05:00,2025-11-18 22:42:00,31.0
R0000957,S007,2025-11-18 21:22:59,2025-11-18 21:39:59,9.0
R0000958,S007,2025-11-18 17:03:24,2025-11-18 17:23:24,5.0
R0000959,S019,2025-11-18 14:48:16,2025-11-18 15:15:16,25.0
R0000960,S023,2025-11-18 21:20:21,2025-11-18 21:06:21,18.0
R0000961,S008,2025-11-18 12:11:12,2025-11-18 11:55:12,13.0
R0000962,S030,2025-11-18 09:04:48,2025-11-18 09:30:48,28.0
R0000963,S025,2025-11-18 14:25:23,2025-11-18 14:41:23,13.0
R0000964,S005,2025-11-18 15:30:51,2025-11-18 15:54:51,15.0
R0000965,S014,2025-11-18 09:23:12,2025-11-18 10:09:12,44.0
R0000966,S007,2025-11-18 11:16:10,2025-11-18 11:17:10,9.0
R0000967,S024,2025-11-18 18:17:01,2025-11-18 18:28:01,19.0
R0000968,S019,2025-11-18 18:53:34,,
R0000969,S022,2025-11-18 12:52:20,,
R0000970,S022,2025-11-18 14:22:02,,
R0000971,S019,2025-11-18 22:47:16,2025-11-18 23:15:16,41.0
R0000972,S002,2025-11-18 16:03:46,2025-11-18 16:16:46,10.0
R0000973,S018,2025-11-18 13:18:44,,
R0000974,S019,2025-11-18 12:45:12,2025-11-18 13:27:12,47.0
R0000975,S012,2025-11-18 22:55:36,2025-11-18 23:27:36,36.0
R0000976,S011,2025-11-18 14:00:38,,
R0000977,S007,2025-11-18 16:12:29,2025-11-18 16:25:29,8.0
R0000978,S007,2025-11-18 09:53:39,2025-11-18 09:37:39,8.0
R0000979,S014,2025-11-18 19:22:11,2025-11-18 20:01:11,41.0
R0000980,S002,2025-11-18 11:11:31,,
R0000981,S011,2025-11-18 18:43:18,,
R0000982,S032,2025-11-18 20:00:55,2025-11-18 20:09:55,32.0
R0000983,S004,2025-11-18 12:17:39,2025-11-18 12:29:39,12.0
R0000984,S014,2025-11-18 12:55:05,,
R0000985,S030,2025-11-18 18:08:19,2025-11-18 19:00:19,34.0
R0000986,S010,2025-11-18 22:22:52,2025-11-18 22:38:52,27.0
R0000987,S011,2025-11-18 09:09:34,2025-11-18 09:34:34,28.0
R0000988,S023,2025-11-18 14:42:49,2025-11-18 14:42:49,25.0
R0000989,S022,2025-11-18 07:31:16,2025-11-18 08:10:16,41.0
R0000990,S012,2025-11-18 18:29:35,2025-11-18 19:24:35,37.0
R0000991,S002,2025-11-18 18:57:43,2025-11-18 18:36:43,13.0
R0000992,S008,2025-11-18 12:42:43,2025-11-18 13:44:43,52.0
R0000993,S011,2025-11-18 12:19:16,2025-11-18 12:22:16,39.0
R0000994,S004,2025-11-18 16:50:02,2025-11-18 16:23:02,11.0
R0000995,S014,2025-11-18 22:18:13,2025-11-18 22:16:13,28.0
R0000996,S004,2025-11-18 12:32:55,2025-11-18 13:00:55,45.0
R0000997,S005,2025-11-18 18:46:52,2025-11-18 18:58:52,12.0
R0000998,S025,2025-11-18 19:10:18,2025-11-18 19:13:18,27.0
R0000999,S033,2025-11-18 20:33:28,2025-11-18 20:11:28,11.0
R0001000,S014,2025-11-18 20:15:29,,
R0001001,S025,2025-11-18 08:00:30,2025-11-18 07:50:30,24.0
R0001002,S012,2025-11-18 22:09:10,,
R0001003,S019,2025-11-18 19:52:09,2025-11-18 20:14:09,31.0
R0001004,S012,2025-11-18 17:04:34,2025-11-18 17:29:34,38.0
R0001005,S010,2025-11-18 12:55:07,2025-11-18 13:38:07,26.0
R0001006,S019,2025-11-18 17:22:17,2025-11-18 17:55:17,26.0
R0001007,S008,2025-11-18 11:43:07,2025-11-18 12:06:07,8.0
R0001008,S007,2025-11-18 15:19:27,2025-11-18 15:02:27,9.0
R0001009,S012,2025-11-18 21:03:18,2025-11-18 21:50:18,43.0
R0001010,S019,2025-11-18 12:53:50,2025-11-18 13:04:50,24.0
R0001011,S012,2025-11-18 10:03:41,,25.0
R0001012,S008,2025-11-18 09:45:38,,
R0001013,S004,2025-11-18 18:39:36,2025-11-18 19:21:36,50.0
R0001014,S007,2025-11-18 18:16:24,2025-11-18 18:11:24,5.0
R0001015,S018,2025-11-18 11:06:33,2025-11-18 11:09:33,18.0
R0001016,S012,2025-11-18 12:50:37,2025-11-18 13:41:37,42.0
R0001017,S033,2025-11-18 20:06:23,2025-11-18 20:07:23,20.0
R0001018,S019,2025-11-18 13:35:44,2025-11-18 14:24:44,29.0
R0001019,S022,2025-11-18 17:34:37,2025-11-18 17:35:37,37.0
R0001020,S018,2025-11-18 09:35:39,2025-11-18 10:25:39,32.0
R0001021,S012,2025-11-18 19:50:00,2025-11-18 20:24:00,30.0
R0001022,S004,2025-11-18 20:47:23,,
R0001023,S025,2025-11-18 07:28:41,2025-11-18 07:36:41,10.0
R0001024,S008,2025-11-18 10:39:17,2025-11-18 10:49:17,11.0
R0001025,S021,2025-11-18 11:04:40,2025-11-18 11:25:40,36.0
R0001026,S004,2025-11-18 13:25:39,2025-11-18 14:33:39,74.0
R0001027,S022,2025-11-18 21:39:01,,
R0001028,S019,2025-11-18 12:17:56,2025-11-18 12:42:56,32.0
R0001029,S022,2025-11-18 19:16:32,2025-11-18 19:23:32,26.0
R0001030,S007,2025-11-18 19:00:14,2025-11-18 18:27:14,8.0
R0001031,S008,2025-11-18 21:44:08,2025-11-18 22:40:08,45.0
R0001032,S023,2025-11-18 21:18:21,2025-11-18 21:22:21,8.0
R0001033,S021,2025-11-18 13:17:37,2025-11-18 13:43:37,42.0
R0001034,S010,2025-11-18 07:34:59,,
R0001035,S021,2025-11-18 20:36:35,2025-11-18 20:50:35,48.0
R0001036,S024,2025-11-18 21:15:53,2025-11-18 22:06:53,32.0
R0001037,S019,2025-11-18 08:39:35,2025-11-18 09:01:35,42.0
R0001038,S004,2025-11-18 23:03:13,2025-11-18 22:41:13,10.0
R0001039,S018,2025-11-18 15:12:28,2025-11-18 15:56:28,53.0
R0001040,S032,2025-11-18 19:25:55,2025-11-18 19:35:55,23.0
R0001041,S008,2025-11-18 10:07:36,2025-11-18 10:10:36,14.0
R0001042,S033,2025-11-18 07:51:52,2025-11-18 07:52:52,19.0
R0001043,S024,2025-11-18 15:21:37,2025-11-18 15:27:37,26.0
R0001044,S025,2025-11-18 19:31:49,2025-11-18 19:41:49,27.0
R0001045,S010,2025-11-18 18:33:04,2025-11-18 19:21:04,39.0
R0001046,S025,2025-11-18 12:19:17,2025-11-18 12:32:17,11.0
R0001047,S010,2025-11-18 13:44:58,2025-11-18 14:02:58,47.0
R0001048,S024,2025-11-18 13:56:18,2025-11-18 14:24:18,23.0
R0001049,S014,2025-11-18 09:27:53,2025-11-18 09:47:53,35.0
R0001050,S005,2025-11-18 17:13:28,2025-11-18 17:17:28,14.0
R0001051,S030,2025-11-18 12:00:39,2025-11-18 12:26:39,25.0
R0001052,S024,2025-11-18 14:11:09,2025-11-18 14:04:09,25.0
R0001053,S002,2025-11-18 20:42:49,2025-11-18 21:24:49,41.0
R0001054,S032,2025-11-18 18:30:13,2025-11-18 18:23:13,25.0
R0001055,S021,2025-11-18 15:57:12,2025-11-18 16:32:12,28.0
R0001056,S019,2025-11-18 13:16:06,2025-11-18 13:32:06,20.0
R0001057,S025,2025-11-18 14:13:44,2025-11-18 14:59:44,23.0
R0001058,S005,2025-11-18 23:34:17,2025-11-18 23:20:17,12.0
R0001059,S002,2025-11-18 23:11:51,2025-11-18 23:05:51,8.0
R0001060,S018,2025-11-18 14:29:52,2025-11-18 14:37:52,29.0
R0001061,S004,2025-11-18 12:33:22,2025-11-18 13:15:22,57.0
R0001062,S023,2025-11-18 08:19:39,2025-11-18 08:17:39,23.0
R0001063,S022,2025-11-18 14:49:12,2025-11-18 14:55:12,19.0
R0001064,S022,2025-11-18 20:18:58,2025-11-18 20:54:58,44.0
R0001065,S033,2025-11-18 08:23:17,2025-11-18 08:20:17,18.0
R0001066,S005,2025-11-18 11:30:02,2025-11-18 11:48:02,6.0
R0001067,S031,2025-11-18 15:12:32,2025-11-18 14:57:32,18.0
R0001068,S018,2025-11-18 18:55:03,,
R0001069,S010,2025-11-18 18:09:42,,
R0001070,S004,2025-11-18 13:16:14,2025-11-18 13:55:14,38.0
R0001071,S022,2025-11-18 13:25:07,2025-11-18 13:52:07,47.0
R0001072,S011,2025-11-18 08:48:03,2025-11-18 09:29:03,58.0
R0001073,S007,2025-11-18 11:36:50,,
R0001074,S004,2025-11-18 11:31:40,2025-11-18 11:39:40,6.0
R0001075,S010,2025-11-18 14:53:45,2025-11-18 15:34:45,32.0
R0001076,S018,2025-11-18 19:57:33,2025-11-18 21:01:33,45.0
R0001077,S033,2025-11-18 12:27:51,2025-11-18 13:07:51,30.0
R0001078,S021,2025-11-18 18:43:39,2025-11-18 19:06:39,54.0
R0001079,S032,2025-11-18 15:18:50,2025-11-18 15:01:50,23.0
R0001080,S024,2025-11-18 11:26:08,2025-11-18 11:53:08,21.0
R0001081,S018,2025-11-18 09:56:01,2025-11-18 10:15:01,33.0
R0001082,S018,2025-11-18 15:41:29,2025-11-18 16:19:29,32.0
R0001083,S019,2025-11-18 11:54:55,2025-11-18 12:01:55,12.0
R0001084,S012,2025-11-18 19:21:02,2025-11-18 19:40:02,42.0
R0001085,S011,2025-11-18 12:57:21,2025-11-18 13:25:21,37.0
R0001086,S030,2025-11-18 14:17:09,2025-11-18 14:45:09,31.0
R0001087,S032,2025-11-18 16:20:16,2025-11-18 16:33:16,22.0
R0001088,S010,2025-11-18 17:59:59,2025-11-18 18:36:59,36.0
R0001089,S031,2025-11-18 14:18:48,2025-11-18 14:08:48,13.0
R0001090,S012,2025-11-18 14:54:45,2025-11-18 15:20:45,37.0
R0001091,S019,2025-11-19 19:11:00,2025-11-19 19:40:00,38.0
R0001092,S017,2025-11-19 15:10:28,2025-11-19 15:50:28,48.0
R0001093,S003,2025-11-19 21:26:42,,
R0001094,S033,2025-11-19 22:28:37,2025-11-19 22:51:37,24.0
R0001095,S018,2025-11-19 22:21:25,2025-11-19 22:33:25,28.0
R0001096,S003,2025-11-19 12:33:56,,
R0001097,S033,2025-11-19 13:25:28,,
R0001098,S004,2025-11-19 14:14:22,2025-11-19 14:16:22,10.0
R0001099,S007,2025-11-19 20:55:24,,
R0001100,S014,2025-11-19 21:58:47,2025-11-19 22:31:47,37.0
R0001101,S025,2025-11-19 18:32:22,2025-11-19 18:28:22,14.0
R0001102,S017,2025-11-19 20:04:54,2025-11-19 20:17:54,28.0
R0001103,S024,2025-11-19 23:20:56,2025-11-19 23:23:56,28.0
R0001104,S004,2025-11-19 13:47:07,2025-11-19 13:32:07,15.0
R0001105,S003,2025-11-19 18:58:44,2025-11-19 20:12:44,78.0
R0001106,S017,2025-11-19 18:05:29,2025-11-19 18:11:29,-34.0
R0001107,S010,2025-11-19 19:14:01,2025-11-19 19:21:01,37.0
R0001108,S026,2025-11-19 20:41:19,2025-11-19 20:59:19,26.0
R0001109,S004,2025-11-19 08:52:51,2025-11-19 08:42:51,11.0
R0001110,S031,2025-11-19 13:45:35,2025-11-19 13:58:35,29.0
R0001111,S014,2025-11-19 22:30:15,2025-11-19 23:06:15,41.0
R0001112,S010,2025-11-19 18:05:48,2025-11-19 18:37:48,26.0
R0001113,S026,2025-11-19 21:12:29,2025-11-19 21:57:29,31.0
R0001114,S018,2025-11-19 20:31:15,2025-11-19 21:15:15,48.0
R0001115,S003,2025-11-19 20:35:34,,
R0001116,S032,2025-11-19 08:30:09,2025-11-19 08:57:09,23.0
R0001117,S020,2025-11-19 22:23:58,2025-11-19 22:25:58,34.0
R0001118,S032,2025-11-19 08:50:55,2025-11-19 09:29:55,28.0
R0001119,S017,2025-11-19 21:53:02,,
R0001120,S014,2025-11-19 11:52:47,2025-11-19 11:58:47,-29.0
R0001121,S020,2025-11-19 17:16:05,2025-11-19 17:47:05,30.0
R0001122,S004,2025-11-19 14:36:41,2025-11-19 14:44:41,22.0
R0001123,S024,2025-11-19 18:51:12,,
R0001124,S010,2025-11-19 19:44:10,2025-11-19 20:37:10,42.0
R0001125,S003,2025-11-19 09:53:20,2025-11-19 09:49:20,11.0
R0001126,S004,2025-11-19 09:19:33,2025-11-19 09:47:33,12.0
R0001127,S008,2025-11-19 14:22:02,2025-11-19 14:25:02,40.0
R0001128,S010,2025-11-19 18:23:41,2025-11-19 19:06:41,46.0
R0001129,S008,2025-11-19 19:10:04,2025-11-19 19:00:04,8.0
R0001130,S013,2025-11-19 14:47:23,2025-11-19 14:53:23,35.0
R0001131,S008,2025-11-19 10:37:57,2025-11-19 11:33:57,59.0
R0001132,S024,2025-11-19 22:38:55,2025-11-19 22:55:55,31.0
R0001133,S019,2025-11-19 21:08:29,2025-11-19 21:39:29,19.0
R0001134,S015,2025-11-19 09:12:40,2025-11-19 09:23:40,32.0
R0001135,S013,2025-11-19 19:30:55,2025-11-19 20:14:55,35.0
R0001136,S020,2025-11-19 20:09:24,,
R0001137,S004,2025-11-19 09:56:28,2025-11-19 10:07:28,15.0
R0001138,S014,2025-11-19 12:19:54,2025-11-19 12:26:54,39.0
R0001139,S024,2025-11-19 21:47:26,2025-11-19 21:50:26,14.0
R0001140,S024,2025-11-19 18:43:24,2025-11-19 18:50:24,21.0
R0001141,S007,2025-11-19 07:50:08,2025-11-19 07:39:08,13.0
R0001142,S032,2025-11-19 15:37:20,2025-11-19 15:47:20,21.0
R0001143,S032,2025-11-19 18:15:14,2025-11-19 18:24:14,18.0
R0001144,S017,2025-11-19 19:06:27,2025-11-19 19:49:27,33.0
R0001145,S017,2025-11-19 08:23:38,2025-11-19 08:53:38,47.0
R0001146,S003,2025-11-19 11:20:38,2025-11-19 12:12:38,40.0
R0001147,S003,2025-11-19 20:55:47,,
R0001148,S007,2025-11-19 13:14:03,2025-11-19 12:59:03,3.0
R0001149,S003,2025-11-19 19:49:31,2025-11-19 20:22:31,58.0
R0001150,S003,2025-11-19 11:56:38,2025-11-19 11:34:38,10.0
R0001151,S034,2025-11-19 19:52:17,2025-11-19 19:48:17,21.0
R0001152,S017,2025-11-19 20:32:52,,
R0001153,S020,2025-11-19 23:23:00,2025-11-19 23:33:00,37.0
R0001154,S013,2025-11-19 18:59:31,2025-11-19 20:20:31,60.0
R0001155,S013,2025-11-19 09:23:50,2025-11-19 09:46:50,32.0
R0001156,S026,2025-11-19 18:40:43,,
R0001157,S033,2025-11-19 10:29:49,2025-11-19 10:04:49,13.0
R0001158,S025,2025-11-19 21:41:11,2025-11-19 21:41:11,35.0
R0001159,S004,2025-11-19 15:33:35,2025-11-19 15:12:35,9.0
R0001160,S007,2025-11-19 13:14:22,2025-11-19 13:56:22,46.0
R0001161,S007,2025-11-19 20:22:14,2025-11-19 20:04:14,8.0
R0001162,S010,2025-11-19 19:26:59,2025-11-19 20:24:59,44.0
R0001163,S003,2025-11-19 22:12:52,2025-11-19 21:58:52,18.0
R0001164,S018,2025-11-19 11:47:57,2025-11-19 12:20:57,28.0
R0001165,S017,2025-11-19 20:00:18,,
R0001166,S007,2025-11-19 11:44:16,2025-11-19 11:56:16,38.0
R0001167,S010,2025-11-19 12:08:48,2025-11-19 12:22:48,26.0
R0001168,S013,2025-11-19 08:52:45,,
R0001169,S019,2025-11-19 09:52:05,2025-11-19 10:07:05,33.0
R0001170,S026,2025-11-19 18:48:47,2025-11-19 19:33:47,31.0
R0001171,S008,2025-11-19 07:39:48,2025-11-19 08:05:48,17.0
R0001172,S020,2025-11-19 07:21:28,2025-11-19 07:44:28,32.0
R0001173,S025,2025-11-19 18:11:39,2025-11-19 18:24:39,22.0
R0001174,S010,2025-11-19 11:12:12,2025-11-19 11:18:12,19.0
R0001175,S026,2025-11-19 18:37:12,2025-11-19 18:28:12,14.0
R0001176,S017,2025-11-19 18:05:56,2025-11-19 18:26:56,26.0
R0001177,S004,2025-11-19 20:44:41,2025-11-19 20:56:41,16.0
R0001178,S026,2025-11-19 21:49:03,2025-11-19 21:35:03,20.0
R0001179,S010,2025-11-19 18:36:06,2025-11-19 19:05:06,35.0
R0001180,S024,2025-11-19 15:23:46,2025-11-19 15:32:46,28.0
R0001181,S020,2025-11-19 11:42:49,,
R0001182,S024,2025-11-19 12:09:15,2025-11-19 12:09:15,23.0
R0001183,S019,2025-11-19 19:16:22,2025-11-19 19:43:22,34.0
R0001184,S031,2025-11-19 21:01:57,2025-11-19 21:14:57,28.0
R0001185,S018,2025-11-19 18:53:01,,
R0001186,S034,2025-11-19 15:59:00,,
R0001187,S033,2025-11-19 18:03:06,2025-11-19 18:41:06,33.0
R0001188,S007,2025-11-19 22:14:25,2025-11-19 22:04:25,13.0
R0001189,S010,2025-11-19 07:55:20,,
R0001190,S033,2025-11-19 15:11:13,2025-11-19 15:30:13,25.0
R0001191,S024,2025-11-19 20:42:06,2025-11-19 20:55:06,27.0
R0001192,S026,2025-11-19 16:21:31,2025-11-19 16:44:31,36.0
R0001193,S004,2025-11-19 12:10:39,2025-11-19 12:47:39,33.0
R0001194,S003,2025-11-19 17:33:28,2025-11-19 17:41:28,16.0
R0001195,S025,2025-11-19 20:25:50,2025-11-19 20:31:50,22.0
R0001196,S020,2025-11-19 19:29:54,2025-11-19 20:19:54,54.0
R0001197,S033,2025-11-19 12:03:53,2025-11-19 12:04:53,18.0
R0001198,S004,2025-11-19 15:11:18,2025-11-19 15:20:18,15.0
R0001199,S003,2025-11-19 15:14:23,2025-11-19 15:21:23,13.0
R0001200,S034,2025-11-19 17:41:37,2025-11-19 18:15:37,28.0
R0001201,S003,2025-11-19 22:08:09,2025-11-19 23:10:09,41.0
R0001202,S017,2025-11-19 11:56:14,2025-11-19 12:15:14,22.0
R0001203,S003,2025-11-19 12:30:30,2025-11-19 12:39:30,7.0
R0001204,S018,2025-11-19 21:23:41,2025-11-19 21:20:41,24.0
R0001205,S007,2025-11-19 10:48:29,2025-11-19 12:00:29,76.0
R0001206,S034,2025-11-19 19:59:22,2025-11-19 20:26:22,39.0
R0001207,S004,2025-11-19 11:30:28,2025-11-19 11:39:28,11.0
R0001208,S018,2025-11-19 07:57:14,2025-11-19 08:54:14,50.0
R0001209,S025,2025-11-19 18:36:43,2025-11-19 18:45:43,22.0
R0001210,S007,2025-11-19 10:25:16,,
R0001211,S008,2025-11-19 10:02:01,2025-11-19 10:14:01,12.0
R0001212,S004,2025-11-19 21:06:58,2025-11-19 21:06:58,12.0
R0001213,S008,2025-11-19 15:37:43,2025-11-19 15:10:43,11.0
R0001214,S004,2025-11-19 10:11:12,2025-11-19 10:21:12,16.0
R0001215,S020,2025-11-19 21:04:21,2025-11-19 21:22:21,29.0
R0001216,S008,2025-11-19 13:36:16,2025-11-19 13:13:16,-11.0
R0001217,S004,2025-11-19 19:17:12,2025-11-19 19:02:12,3.0
R0001218,S004,2025-11-19 14:56:27,2025-11-19 15:08:27,44.0
R0001219,S003,2025-11-19 19:25:17,2025-11-19 19:20:17,9.0
R0001220,S018,2025-11-19 12:44:52,,
R0001221,S007,2025-11-19 14:21:32,2025-11-19 14:23:32,32.0
R0001222,S014,2025-11-19 21:03:33,,
R0001223,S013,2025-11-19 13:40:03,2025-11-19 14:08:03,31.0
R0001224,S032,2025-11-19 11:31:49,2025-11-19 11:05:49,15.0
R0001225,S026,2025-11-19 21:19:14,2025-11-19 21:28:14,15.0
R0001226,S007,2025-11-19 12:54:58,2025-11-19 13:16:58,51.0
R0001227,S015,2025-11-19 18:51:08,2025-11-19 19:30:08,48.0
R0001228,S024,2025-11-19 20:56:13,2025-11-19 21:23:13,20.0
R0001229,S014,2025-11-19 21:21:11,2025-11-19 22:07:11,37.0
R0001230,S017,2025-11-19 09:16:32,2025-11-19 09:28:32,12.0
R0001231,S019,2025-11-19 19:32:04,2025-11-19 19:33:04,20.0
R0001232,S007,2025-11-19 22:09:33,2025-11-19 22:19:33,15.0
R0001233,S010,2025-11-19 18:06:24,2025-11-19 18:34:24,42.0
R0001234,S014,2025-11-19 15:29:26,,
R0001235,S025,2025-11-19 17:05:02,,
R0001236,S014,2025-11-19 12:05:24,2025-11-19 12:09:24,20.0
R0001237,S033,2025-11-19 20:57:15,2025-11-19 21:31:15,32.0
R0001238,S033,2025-11-19 17:33:42,2025-11-19 17:43:42,25.0
R0001239,S004,2025-11-19 17:24:16,2025-11-19 18:11:16,42.0
R0001240,S015,2025-11-19 17:16:18,2025-11-19 17:26:18,16.0
R0001241,S007,2025-11-19 08:02:35,2025-11-19 08:02:35,17.0
R0001242,S010,2025-11-19 18:52:15,,
R0001243,S015,2025-11-19 19:52:15,2025-11-19 20:28:15,47.0
R0001244,S004,2025-11-19 19:49:44,2025-11-19 19:58:44,15.0
R0001245,S007,2025-11-19 10:56:46,2025-11-19 10:55:46,16.0
R0001246,S008,2025-11-19 11:42:11,2025-11-19 11:55:11,11.0
R0001247,S034,2025-11-19 23:13:18,2025-11-19 23:22:18,23.0
R0001248,S032,2025-11-19 19:37:50,2025-11-19 20:07:50,14.0
R0001249,S018,2025-11-19 23:18:40,2025-11-19 23:16:40,28.0
R0001250,S003,2025-11-19 21:19:45,,70.0
R0001251,S014,2025-11-19 18:45:42,2025-11-19 18:50:42,31.0
R0001252,S034,2025-11-19 11:52:45,2025-11-19 12:01:45,17.0
R0001253,S033,2025-11-19 13:49:54,2025-11-19 14:01:54,17.0
R0001254,S013,2025-11-19 08:22:47,2025-11-19 09:06:47,41.0
R0001255,S014,2025-11-19 22:39:23,2025-11-19 23:31:23,37.0
R0001256,S008,2025-11-19 19:32:07,2025-11-19 19:35:07,34.0
R0001257,S020,2025-11-19 22:59:19,2025-11-19 22:46:19,12.0
R0001258,S033,2025-11-19 19:24:00,2025-11-19 19:40:00,8.0
R0001259,S033,2025-11-19 09:03:11,2025-11-19 08:47:11,8.0
R0001260,S019,2025-11-19 19:24:46,2025-11-19 19:38:46,21.0
R0001261,S031,2025-11-19 20:36:20,2025-11-19 20:57:20,26.0
R0001262,S034,2025-11-19 18:30:25,,
R0001263,S008,2025-11-19 13:30:56,2025-11-19 14:26:56,51.0
R0001264,S003,2025-11-19 21:58:07,,
R0001265,S003,2025-11-19 22:04:13,2025-11-19 21:59:13,10.0
R0001266,S025,2025-11-19 08:25:25,2025-11-19 08:37:25,31.0
R0001267,S004,2025-11-19 19:06:20,2025-11-19 19:31:20,13.0
R0001268,S007,2025-11-19 20:08:56,2025-11-19 20:35:56,10.0
R0001269,S020,2025-11-19 18:23:57,2025-11-19 18:36:57,-18.0
R0001270,S003,2025-11-19 18:27:51,2025-11-19 18:55:51,11.0
R0001271,S032,2025-11-19 19:47:09,2025-11-19 19:53:09,25.0
R0001272,S017,2025-11-19 18:05:13,2025-11-19 18:30:13,42.0
R0001273,S020,2025-11-19 22:39:20,2025-11-19 23:48:20,47.0
R0001274,S034,2025-11-19 16:49:37,2025-11-19 16:36:37,17.0
R0001275,S003,2025-11-19 11:03:43,2025-11-19 11:26:43,15.0
R0001276,S013,2025-11-19 22:29:20,2025-11-19 22:49:20,31.0
R0001277,S026,2025-11-19 16:21:48,2025-11-19 17:00:48,29.0
R0001278,S003,2025-11-19 22:35:14,,
R0001279,S018,2025-11-19 22:00:49,2025-11-19 21:59:49,34.0
R0001280,S008,2025-11-19 16:05:11,2025-11-19 16:05:11,12.0
R0001281,S025,2025-11-19 22:53:42,,
R0001282,S015,2025-11-19 12:04:43,2025-11-19 12:10:43,26.0
R0001283,S020,2025-11-19 16:07:05,2025-11-19 16:02:05,16.0
R0001284,S034,2025-11-19 12:53:41,2025-11-19 12:58:41,27.0
R0001285,S013,2025-11-19 09:19:31,,
R0001286,S010,2025-11-19 13:19:09,2025-11-19 13:39:09,37.0
R0001287,S007,2025-11-19 11:24:59,2025-11-19 11:43:59,12.0
R0001288,S032,2025-11-19 13:31:42,2025-11-19 13:46:42,21.0
R0001289,S004,2025-11-19 21:43:54,2025-11-19 21:43:54,10.0
R0001290,S003,2025-11-19 12:08:07,2025-11-19 11:56:07,14.0
R0001291,S007,2025-11-19 11:53:37,2025-11-19 12:13:37,43.0
R0001292,S033,2025-11-19 14:45:04,2025-11-19 14:55:04,13.0
R0001293,S034,2025-11-19 09:38:01,2025-11-19 09:19:01,19.0
R0001294,S010,2025-11-19 13:11:11,2025-11-19 13:38:11,32.0
R0001295,S004,2025-11-19 18:25:00,2025-11-19 19:25:00,38.0
R0001296,S017,2025-11-19 18:05:14,2025-11-19 18:24:14,23.0
R0001297,S003,2025-11-19 11:03:51,2025-11-19 11:21:51,17.0
R0001298,S034,2025-11-19 13:21:20,2025-11-19 13:12:20,11.0
R0001299,S003,2025-11-19 10:44:37,2025-11-19 10:53:37,10.0
R0001300,S008,2025-11-19 20:50:58,2025-11-19 21:20:58,13.0
R0001301,S024,2025-11-19 22:58:48,2025-11-19 22:54:48,17.0
R0001302,S013,2025-11-19 15:27:25,,
R0001303,S025,2025-11-19 15:05:38,2025-11-19 15:04:38,23.0
R0001304,S025,2025-11-19 09:00:29,2025-11-19 09:32:29,34.0
R0001305,S017,2025-11-19 15:23:06,2025-11-19 15:56:06,33.0
R0001306,S033,2025-11-19 09:45:18,2025-11-19 09:31:18,-9.0
R0001307,S008,2025-11-19 20:47:59,2025-11-19 20:59:59,13.0
R0001308,S025,2025-11-19 17:18:55,2025-11-19 17:31:55,27.0
R0001309,S015,2025-11-19 12:51:22,2025-11-19 13:19:22,38.0
R0001310,S008,2025-11-19 22:15:19,2025-11-19 22:55:19,15.0
R0001311,S025,2025-11-19 15:26:54,2025-11-19 15:42:54,22.0
R0001312,S020,2025-11-19 17:58:09,2025-11-19 18:14:09,40.0
R0001313,S032,2025-11-19 16:51:38,2025-11-19 17:36:38,31.0
R0001314,S018,2025-11-19 10:22:19,2025-11-19 10:23:19,32.0
R0001315,S008,2025-11-19 15:01:55,2025-11-19 14:45:55,10.0
R0001316,S033,2025-11-19 09:10:07,2025-11-19 09:21:07,12.0
R0001317,S032,2025-11-19 22:12:20,2025-11-19 22:15:20,23.0
R0001318,S019,2025-11-19 13:57:56,2025-11-19 14:05:56,23.0
R0001319,S018,2025-11-19 21:02:17,2025-11-19 21:27:17,30.0
R0001320,S019,2025-11-19 17:58:45,2025-11-19 18:01:45,18.0
R0001321,S004,2025-11-19 20:23:31,2025-11-19 20:24:31,12.0
R0001322,S018,2025-11-19 09:36:16,2025-11-19 10:13:16,39.0
R0001323,S018,2025-11-20 09:20:43,2025-11-20 09:28:43,29.0
R0001324,S019,2025-11-20 15:03:20,,
R0001325,S006,2025-11-20 13:24:28,2025-11-20 14:20:28,77.0
R0001326,S001,2025-11-20 16:49:15,2025-11-20 16:55:15,8.0
R0001327,S006,2025-11-20 21:40:03,2025-11-20 22:05:03,12.0
R0001328,S027,2025-11-20 07:50:48,2025-11-20 07:54:48,19.0
R0001329,S028,2025-11-20 12:02:30,2025-11-20 12:06:30,31.0
R0001330,S001,2025-11-20 18:28:06,2025-11-20 18:40:06,10.0
R0001331,S018,2025-11-20 18:31:44,2025-11-20 18:53:44,30.0
R0001332,S008,2025-11-20 07:35:02,2025-11-20 08:02:02,6.0
R0001333,S011,2025-11-20 19:04:22,2025-11-20 19:28:22,43.0
R0001334,S011,2025-11-20 20:05:24,2025-11-20 20:21:24,13.0
R0001335,S023,2025-11-20 20:11:38,2025-11-20 20:02:38,17.0
R0001336,S023,2025-11-20 13:18:53,2025-11-20 13:31:53,18.0
R0001337,S006,2025-11-20 15:53:43,2025-11-20 16:52:43,61.0
R0001338,S008,2025-11-20 22:03:22,2025-11-20 22:00:22,11.0
R0001339,S026,2025-11-20 11:05:29,2025-11-20 11:48:29,36.0
R0001340,S022,2025-11-20 19:26:23,2025-11-20 19:20:23,31.0
R0001341,S008,2025-11-20 18:20:29,,
R0001342,S028,2025-11-20 19:39:23,2025-11-20 19:44:23,20.0
R0001343,S002,2025-11-20 13:48:46,2025-11-20 13:19:46,8.0
R0001344,S011,2025-11-20 21:52:06,2025-11-20 22:14:06,19.0
R0001345,S006,2025-11-20 21:24:14,2025-11-20 21:43:14,-13.0
R0001346,S002,2025-11-20 11:56:24,2025-11-20 11:55:24,13.0
R0001347,S022,2025-11-20 15:21:44,2025-11-20 15:34:44,27.0
R0001348,S019,2025-11-20 21:55:48,2025-11-20 23:00:48,44.0
R0001349,S018,2025-11-20 20:15:21,2025-11-20 20:36:21,27.0
R0001350,S027,2025-11-20 20:29:35,2025-11-20 20:28:35,24.0
R0001351,S020,2025-11-20 20:37:17,2025-11-20 21:11:17,28.0
R0001352,S006,2025-11-20 07:52:46,2025-11-20 07:53:46,12.0
R0001353,S019,2025-11-20 18:27:40,2025-11-20 18:43:40,24.0
R0001354,S006,2025-11-20 12:56:28,2025-11-20 12:21:28,9.0
R0001355,S010,2025-11-20 08:45:08,2025-11-20 08:29:08,20.0
R0001356,S028,2025-11-20 11:36:13,2025-11-20 12:19:13,34.0
R0001357,S029,2025-11-20 12:51:51,2025-11-20 12:47:51,17.0
R0001358,S002,2025-11-20 12:53:56,2025-11-20 13:54:56,49.0
R0001359,S027,2025-11-20 20:35:38,2025-11-20 20:55:38,19.0
R0001360,S011,2025-11-20 12:16:18,2025-11-20 13:03:18,50.0
R0001361,S031,2025-11-20 22:09:44,2025-11-20 22:23:44,25.0
R0001362,S027,2025-11-20 23:20:08,2025-11-20 22:49:08,10.0
R0001363,S002,2025-11-20 17:52:43,2025-11-20 17:43:43,9.0
R0001364,S034,2025-11-20 17:27:35,2025-11-20 17:43:35,35.0
R0001365,S020,2025-11-20 08:52:09,2025-11-20 10:04:09,43.0
R0001366,S020,2025-11-20 08:05:02,2025-11-20 08:20:02,33.0
R0001367,S023,2025-11-20 17:19:32,2025-11-20 17:31:32,8.0
R0001368,S028,2025-11-20 07:32:41,,21.0
R0001369,S027,2025-11-20 15:45:12,,
R0001370,S006,2025-11-20 17:56:14,2025-11-20 17:47:14,13.0
R0001371,S002,2025-11-20 14:09:40,2025-11-20 14:34:40,13.0
R0001372,S001,2025-11-20 13:59:29,2025-11-20 15:04:29,61.0
R0001373,S021,2025-11-20 22:47:16,2025-11-20 23:27:16,-54.0
R0001374,S016,2025-11-20 19:56:37,2025-11-20 20:17:37,32.0
R0001375,S018,2025-11-20 19:08:38,2025-11-20 19:28:38,40.0
R0001376,S006,2025-11-20 09:50:50,,
R0001377,S001,2025-11-20 08:43:31,2025-11-20 08:21:31,14.0
R0001378,S011,2025-11-20 15:54:32,,
R0001379,S010,2025-11-20 19:59:42,2025-11-20 20:17:42,21.0
R0001380,S004,2025-11-20 14:03:36,2025-11-20 14:06:36,13.0
R0001381,S001,2025-11-20 10:28:38,2025-11-20 11:54:38,78.0
R0001382,S019,2025-11-20 21:53:04,2025-11-20 22:01:04,27.0
R0001383,S029,2025-11-20 20:47:30,2025-11-20 21:26:30,25.0
R0001384,S031,2025-11-20 11:50:15,2025-11-20 12:14:15,27.0
R0001385,S027,2025-11-20 19:58:31,,24.0
R0001386,S001,2025-11-20 21:21:19,2025-11-20 21:00:19,13.0
R0001387,S006,2025-11-20 14:30:29,2025-11-20 14:26:29,14.0
R0001388,S026,2025-11-20 07:34:16,2025-11-20 08:00:16,24.0
R0001389,S016,2025-11-20 08:32:55,2025-11-20 09:09:55,15.0
R0001390,S011,2025-11-20 11:51:59,2025-11-20 12:22:59,44.0
R0001391,S010,2025-11-20 22:28:19,2025-11-20 22:50:19,25.0
R0001392,S011,2025-11-20 19:17:12,,
R0001393,S008,2025-11-20 16:54:11,2025-11-20 17:04:11,14.0
R0001394,S006,2025-11-20 21:33:17,2025-11-20 21:43:17,11.0
R0001395,S006,2025-11-20 12:56:38,2025-11-20 13:00:38,6.0
R0001396,S029,2025-11-20 08:23:24,2025-11-20 08:29:24,27.0
R0001397,S011,2025-11-20 19:58:52,2025-11-20 20:59:52,41.0
R0001398,S016,2025-11-20 20:51:50,2025-11-20 21:20:50,22.0
R0001399,S021,2025-11-20 17:57:34,2025-11-20 18:25:34,23.0
R0001400,S001,2025-11-20 18:49:11,2025-11-20 18:40:11,-7.0
R0001401,S028,2025-11-20 09:55:12,2025-11-20 10:15:12,27.0
R0001402,S006,2025-11-20 08:16:20,2025-11-20 08:49:20,50.0
R0001403,S016,2025-11-20 10:49:19,2025-11-20 11:20:19,51.0
R0001404,S011,2025-11-20 14:07:42,2025-11-20 14:32:42,30.0
R0001405,S023,2025-11-20 20:44:21,,
R0001406,S008,2025-11-20 20:47:12,2025-11-20 20:59:12,11.0
R0001407,S020,2025-11-20 19:14:24,2025-11-20 18:49:24,14.0
R0001408,S020,2025-11-20 20:08:43,2025-11-20 20:56:43,36.0
R0001409,S008,2025-11-20 13:53:38,2025-11-20 14:22:38,14.0
R0001410,S011,2025-11-20 12:52:34,2025-11-20 13:16:34,38.0
R0001411,S016,2025-11-20 21:37:15,2025-11-20 22:12:15,43.0
R0001412,S031,2025-11-20 16:24:05,,
R0001413,S016,2025-11-20 11:17:46,2025-11-20 12:00:46,33.0
R0001414,S008,2025-11-20 09:57:48,2025-11-20 10:23:48,16.0
R0001415,S022,2025-11-20 18:19:31,2025-11-20 19:20:31,54.0
R0001416,S020,2025-11-20 22:59:51,2025-11-20 23:30:51,38.0
R0001417,S022,2025-11-20 21:36:05,2025-11-20 22:04:05,16.0
R0001418,S027,2025-11-20 20:04:24,2025-11-20 20:02:24,24.0
R0001419,S006,2025-11-20 11:51:04,2025-11-20 11:26:04,13.0
R0001420,S006,2025-11-20 17:59:49,,
R0001421,S001,2025-11-20 22:18:40,,
R0001422,S002,2025-11-20 13:03:25,2025-11-20 13:34:25,11.0
R0001423,S018,2025-11-20 12:45:03,2025-11-20 12:59:03,37.0
R0001424,S010,2025-11-20 18:57:35,2025-11-20 19:12:35,32.0
R0001425,S010,2025-11-20 21:41:25,2025-11-20 21:58:25,25.0
R0001426,S011,2025-11-20 07:12:58,2025-11-20 07:43:58,20.0
R0001427,S002,2025-11-20 08:00:03,2025-11-20 08:36:03,45.0
R0001428,S006,2025-11-20 19:33:22,2025-11-20 19:57:22,42.0
R0001429,S011,2025-11-20 19:41:19,,
R0001430,S002,2025-11-20 10:40:55,2025-11-20 10:56:55,7.0
R0001431,S002,2025-11-20 14:21:38,2025-11-20 14:43:38,13.0
R0001432,S001,2025-11-20 20:57:21,2025-11-20 21:05:21,10.0
R0001433,S001,2025-11-20 13:57:34,2025-11-20 13:59:34,13.0
R0001434,S010,2025-11-20 12:22:04,2025-11-20 12:55:04,35.0
R0001435,S010,2025-11-20 20:17:07,2025-11-20 21:22:07,45.0
R0001436,S020,2025-11-20 19:29:34,2025-11-20 19:54:34,8.0
R0001437,S008,2025-11-20 20:56:52,2025-11-20 20:50:52,6.0
R0001438,S018,2025-11-20 11:37:24,2025-11-20 12:36:24,38.0
R0001439,S006,2025-11-20 10:46:04,2025-11-20 10:53:04,10.0
R0001440,S028,2025-11-20 19:33:41,,
R0001441,S016,2025-11-20 12:10:13,2025-11-20 12:51:13,47.0
R0001442,S023,2025-11-20 17:17:54,2025-11-20 17:19:54,15.0
R0001443,S019,2025-11-20 10:02:05,,
R0001444,S021,2025-11-20 07:57:40,2025-11-20 08:15:40,31.0
R0001445,S006,2025-11-20 12:24:29,,
R0001446,S021,2025-11-20 22:49:11,2025-11-20 23:30:11,35.0
R0001447,S008,2025-11-20 14:45:00,2025-11-20 14:58:00,11.0
R0001448,S022,2025-11-20 14:54:13,,
R0001449,S020,2025-11-20 22:42:13,2025-11-20 22:55:13,16.0
R0001450,S027,2025-11-20 16:51:14,,
R0001451,S002,2025-11-20 18:18:57,2025-11-20 19:29:57,79.0
R0001452,S023,2025-11-20 18:29:17,2025-11-20 18:18:17,19.0
R0001453,S021,2025-11-20 21:56:30,,
R0001454,S023,2025-11-20 08:00:16,2025-11-20 08:36:16,25.0
R0001455,S034,2025-11-20 10:55:47,2025-11-20 11:02:47,12.0
R0001456,S022,2025-11-20 09:17:35,2025-11-20 09:36:35,16.0
R0001457,S019,2025-11-20 17:50:39,,
R0001458,S001,2025-11-20 19:23:22,2025-11-20 19:29:22,14.0
R0001459,S020,2025-11-20 12:40:14,2025-11-20 12:56:14,19.0
R0001460,S031,2025-11-20 21:13:23,2025-11-20 21:24:23,13.0
R0001461,S002,2025-11-20 13:36:27,2025-11-20 14:28:27,38.0
R0001462,S008,2025-11-20 22:02:09,2025-11-20 22:52:09,60.0
R0001463,S010,2025-11-20 10:25:13,2025-11-20 10:36:13,36.0
R0001464,S028,2025-11-20 14:57:40,2025-11-20 15:23:40,34.0
R0001465,S028,2025-11-20 12:46:05,2025-11-20 13:06:05,24.0
R0001466,S010,2025-11-20 11:31:03,,
R0001467,S018,2025-11-20 19:07:29,2025-11-20 19:51:29,28.0
R0001468,S023,2025-11-20 11:12:03,2025-11-20 11:09:03,20.0
R0001469,S027,2025-11-20 23:09:46,2025-11-20 23:20:46,35.0
R0001470,S031,2025-11-20 21:46:22,2025-11-20 21:23:22,14.0
R0001471,S010,2025-11-20 19:04:08,2025-11-20 19:14:08,37.0
R0001472,S016,2025-11-20 14:46:02,2025-11-20 14:34:02,24.0
R0001473,S028,2025-11-20 07:42:09,2025-11-20 07:30:09,6.0
R0001474,S034,2025-11-20 21:05:27,2025-11-20 21:39:27,11.0
R0001475,S034,2025-11-20 18:35:41,2025-11-20 19:11:41,18.0
R0001476,S021,2025-11-20 20:33:42,,
R0001477,S016,2025-11-20 21:24:04,2025-11-20 22:13:04,30.0
R0001478,S010,2025-11-20 19:53:46,2025-11-20 20:30:46,39.0
R0001479,S008,2025-11-20 12:18:15,2025-11-20 12:42:15,12.0
R0001480,S010,2025-11-20 21:39:01,2025-11-20 21:43:01,19.0
R0001481,S022,2025-11-20 20:27:11,2025-11-20 20:53:11,27.0
R0001482,S011,2025-11-20 11:59:16,2025-11-20 12:30:16,23.0
R0001483,S016,2025-11-20 22:09:35,2025-11-20 22:13:35,9.0
R0001484,S011,2025-11-20 20:15:20,2025-11-20 20:54:20,23.0
R0001485,S011,2025-11-20 12:13:35,2025-11-20 12:40:35,38.0
R0001486,S029,2025-11-20 14:59:19,2025-11-20 15:07:19,13.0
R0001487,S002,2025-11-20 10:27:22,2025-11-20 10:54:22,13.0
R0001488,S019,2025-11-20 16:57:40,,
R0001489,S010,2025-11-20 12:37:30,2025-11-20 13:40:30,52.0
R0001490,S018,2025-11-20 21:54:39,2025-11-20 21:42:39,29.0
R0001491,S010,2025-11-20 18:28:42,2025-11-20 18:38:42,32.0
R0001492,S034,2025-11-20 21:09:16,2025-11-20 21:26:16,24.0
R0001493,S022,2025-11-20 17:17:22,2025-11-20 18:17:22,43.0
R0001494,S006,2025-11-20 09:54:47,2025-11-20 10:24:47,68.0
R0001495,S023,2025-11-20 20:15:29,2025-11-20 20:15:29,23.0
R0001496,S018,2025-11-20 08:35:34,2025-11-20 08:57:34,23.0
R0001497,S002,2025-11-20 20:20:13,2025-11-20 20:45:13,40.0
R0001498,S008,2025-11-20 11:02:17,2025-11-20 11:25:17,11.0
R0001499,S026,2025-11-20 13:53:47,2025-11-20 13:49:47,19.0
R0001500,S022,2025-11-20 22:46:32,2025-11-20 23:32:32,36.0
R0001501,S004,2025-11-20 10:01:12,2025-11-20 10:18:12,12.0
R0001502,S002,2025-11-20 13:48:45,2025-11-20 14:12:45,13.0
R0001503,S020,2025-11-20 19:17:07,2025-11-20 19:52:07,41.0
R0001504,S027,2025-11-20 18:55:13,2025-11-20 18:52:13,-20.0
R0001505,S018,2025-11-20 12:37:48,2025-11-20 13:26:48,53.0
R0001506,S023,2025-11-20 22:08:20,2025-11-20 21:38:20,8.0
R0001507,S010,2025-11-20 15:02:13,2025-11-20 15:27:13,38.0
R0001508,S010,2025-11-20 18:59:29,2025-11-20 18:58:29,41.0
R0001509,S021,2025-11-20 18:22:19,2025-11-20 18:23:19,37.0
R0001510,S010,2025-11-20 11:35:48,2025-11-20 12:02:48,22.0
R0001511,S028,2025-11-20 22:48:10,2025-11-20 22:51:10,28.0
R0001512,S006,2025-11-20 19:05:46,2025-11-20 19:13:46,11.0
R0001513,S007,2025-11-21 19:11:21,2025-11-21 19:09:21,9.0
R0001514,S022,2025-11-21 22:13:01,2025-11-21 22:33:01,30.0
R0001515,S006,2025-11-21 15:29:02,2025-11-21 15:26:02,10.0
R0001516,S027,2025-11-21 14:41:33,,
R0001517,S017,2025-11-21 21:43:42,2025-11-21 21:50:42,40.0
R0001518,S007,2025-11-21 10:44:13,2025-11-21 11:07:13,13.0
R0001519,S021,2025-11-21 21:26:05,2025-11-21 22:06:05,37.0
R0001520,S005,2025-11-21 07:41:47,,
R0001521,S009,2025-11-21 14:31:20,,
R0001522,S009,2025-11-21 12:05:13,2025-11-21 12:54:13,36.0
R0001523,S031,2025-11-21 21:44:28,2025-11-21 22:18:28,33.0
R0001524,S005,2025-11-21 18:07:38,2025-11-21 18:13:38,-13.0
R0001525,S034,2025-11-21 21:53:42,,
R0001526,S014,2025-11-21 13:19:12,2025-11-21 13:42:12,40.0
R0001527,S032,2025-11-21 10:06:34,2025-11-21 10:26:34,20.0
R0001528,S024,2025-11-21 12:00:32,2025-11-21 12:16:32,18.0
R0001529,S017,2025-11-21 19:31:04,2025-11-21 19:49:04,33.0
R0001530,S023,2025-11-21 09:42:17,2025-11-21 09:51:17,31.0
R0001531,S001,2025-11-21 19:19:08,2025-11-21 19:53:08,12.0
R0001532,S023,2025-11-21 08:40:32,2025-11-21 08:40:32,21.0
R0001533,S011,2025-11-21 19:32:34,2025-11-21 20:11:34,37.0
R0001534,S029,2025-11-21 17:37:42,2025-11-21 18:00:42,33.0
R0001535,S015,2025-11-21 13:59:38,2025-11-21 14:17:38,19.0
R0001536,S007,2025-11-21 21:23:40,2025-11-21 22:16:40,35.0
R0001537,S014,2025-11-21 19:42:02,2025-11-21 20:06:02,20.0
R0001538,S024,2025-11-21 11:39:09,2025-11-21 11:53:09,25.0
R0001539,S022,2025-11-21 20:22:28,2025-11-21 20:10:28,14.0
R0001540,S021,2025-11-21 10:20:51,2025-11-21 11:06:51,49.0
R0001541,S006,2025-11-21 15:19:28,2025-11-21 14:54:28,11.0
R0001542,S007,2025-11-21 16:28:19,2025-11-21 17:01:19,10.0
R0001543,S007,2025-11-21 22:05:50,,11.0
R0001544,S002,2025-11-21 18:58:44,2025-11-21 19:02:44,17.0
R0001545,S014,2025-11-21 11:51:00,2025-11-21 12:17:00,34.0
R0001546,S005,2025-11-21 18:41:46,2025-11-21 18:45:46,8.0
R0001547,S010,2025-11-21 17:54:25,2025-11-21 18:29:25,31.0
R0001548,S021,2025-11-21 14:32:48,,
R0001549,S032,2025-11-21 17:32:29,,
R0001550,S010,2025-11-21 11:20:11,2025-11-21 12:03:11,48.0
R0001551,S029,2025-11-21 08:37:29,2025-11-21 09:11:29,20.0
R0001552,S007,2025-11-21 18:40:52,2025-11-21 19:05:52,13.0
R0001553,S034,2025-11-21 12:22:38,,
R0001554,S002,2025-11-21 12:57:41,2025-11-21 13:01:41,15.0
R0001555,S024,2025-11-21 19:44:42,2025-11-21 19:51:42,10.0
R0001556,S011,2025-11-21 13:48:48,2025-11-21 14:01:48,50.0
R0001557,S014,2025-11-21 20:04:29,2025-11-21 20:47:29,40.0
R0001558,S011,2025-11-21 11:30:41,2025-11-21 11:30:41,22.0
R0001559,S027,2025-11-21 23:17:47,2025-11-21 23:33:47,20.0
R0001560,S022,2025-11-21 18:23:44,2025-11-21 18:59:44,38.0
R0001561,S005,2025-11-21 12:53:57,2025-11-21 13:09:57,16.0
R0001562,S034,2025-11-21 13:53:13,2025-11-21 13:57:13,17.0
R0001563,S031,2025-11-21 19:03:45,2025-11-21 19:35:45,16.0
R0001564,S011,2025-11-21 20:03:42,2025-11-21 20:42:42,16.0
R0001565,S014,2025-11-21 07:53:19,,
R0001566,S032,2025-11-21 09:56:32,,
R0001567,S007,2025-11-21 08:08:01,2025-11-21 08:10:01,10.0
R0001568,S001,2025-11-21 19:40:28,2025-11-21 19:42:28,12.0
R0001569,S015,2025-11-21 15:16:17,2025-11-21 15:26:17,38.0
R0001570,S001,2025-11-21 20:18:05,2025-11-21 20:34:05,11.0
R0001571,S021,2025-11-21 13:21:57,,
R0001572,S029,2025-11-21 19:55:19,2025-11-21 19:50:19,25.0
R0001573,S015,2025-11-21 21:18:37,2025-11-21 21:42:37,41.0
R0001574,S002,2025-11-21 08:04:47,2025-11-21 08:34:47,14.0
R0001575,S006,2025-11-21 21:43:49,2025-11-21 21:58:49,9.0
R0001576,S005,2025-11-21 20:47:35,2025-11-21 22:03:35,61.0
R0001577,S017,2025-11-21 12:02:28,2025-11-21 13:03:28,41.0
R0001578,S011,2025-11-21 22:19:15,2025-11-21 22:18:15,29.0
R0001579,S031,2025-11-21 14:13:31,2025-11-21 14:25:31,18.0
R0001580,S032,2025-11-21 21:20:29,2025-11-21 21:30:29,25.0
R0001581,S009,2025-11-21 21:00:45,2025-11-21 21:03:45,24.0
R0001582,S005,2025-11-21 12:37:04,,
R0001583,S029,2025-11-21 22:12:42,2025-11-21 22:14:42,13.0
R0001584,S005,2025-11-21 19:34:18,2025-11-21 19:25:18,9.0
R0001585,S002,2025-11-21 20:27:56,,
R0001586,S031,2025-11-21 10:40:54,2025-11-21 11:07:54,27.0
R0001587,S023,2025-11-21 18:08:58,2025-11-21 18:17:58,9.0
R0001588,S014,2025-11-21 21:31:14,2025-11-21 21:32:14,38.0
R0001589,S006,2025-11-21 20:50:46,2025-11-21 20:30:46,5.0
R0001590,S031,2025-11-21 20:21:46,2025-11-21 20:47:46,19.0
R0001591,S005,2025-11-21 18:34:30,2025-11-21 19:05:30,16.0
R0001592,S006,2025-11-21 21:20:48,2025-11-21 21:25:48,5.0
R0001593,S001,2025-11-21 22:01:51,2025-11-21 23:31:51,87.0
R0001594,S011,2025-11-21 12:15:12,2025-11-21 12:30:12,16.0
R0001595,S002,2025-11-21 13:20:33,2025-11-21 14:28:33,68.0
R0001596,S002,2025-11-21 09:11:34,,
R0001597,S014,2025-11-21 21:49:10,2025-11-21 22:31:10,43.0
R0001598,S011,2025-11-21 20:10:30,2025-11-21 20:36:30,29.0
R0001599,S023,2025-11-21 15:28:03,2025-11-21 15:31:03,22.0
R0001600,S031,2025-11-21 19:10:42,2025-11-21 19:14:42,19.0
R0001601,S007,2025-11-21 21:46:18,2025-11-21 22:05:18,12.0
R0001602,S007,2025-11-21 18:37:37,2025-11-21 18:32:37,12.0
R0001603,S015,2025-11-21 21:35:42,,36.0
R0001604,S005,2025-11-21 19:08:03,2025-11-21 18:57:03,14.0
R0001605,S002,2025-11-21 12:00:07,2025-11-21 11:37:07,13.0
R0001606,S022,2025-11-21 12:27:34,2025-11-21 12:43:34,30.0
R0001607,S001,2025-11-21 19:13:38,2025-11-21 20:27:38,62.0
R0001608,S007,2025-11-21 19:02:22,2025-11-21 18:50:22,13.0
R0001609,S024,2025-11-21 12:28:42,2025-11-21 12:48:42,29.0
R0001610,S015,2025-11-21 20:41:00,,32.0
R0001611,S021,2025-11-21 10:26:50,2025-11-21 11:19:50,35.0
R0001612,S023,2025-11-21 09:30:39,2025-11-21 10:05:39,15.0
R0001613,S002,2025-11-21 18:20:37,2025-11-21 18:49:37,15.0
R0001614,S011,2025-11-21 19:03:05,2025-11-21 19:36:05,32.0
R0001615,S002,2025-11-21 13:02:10,,
R0001616,S031,2025-11-21 19:07:18,2025-11-21 19:39:18,29.0
R0001617,S002,2025-11-21 16:40:57,2025-11-21 17:11:57,53.0
R0001618,S022,2025-11-21 11:29:11,2025-11-21 12:08:11,30.0
R0001619,S001,2025-11-21 16:04:51,,
R0001620,S024,2025-11-21 09:29:16,,
R0001621,S005,2025-11-21 07:41:29,2025-11-21 07:35:29,14.0
R0001622,S026,2025-11-21 14:59:42,2025-11-21 15:48:42,27.0
R0001623,S001,2025-11-21 16:42:59,2025-11-21 18:05:59,80.0
R0001624,S034,2025-11-21 20:07:02,2025-11-21 21:04:02,33.0
R0001625,S002,2025-11-21 18:37:33,,
R0001626,S009,2025-11-21 14:03:51,,
R0001627,S006,2025-11-21 18:56:03,,
R0001628,S001,2025-11-21 22:03:31,2025-11-21 22:58:31,63.0
R0001629,S005,2025-11-21 19:17:27,2025-11-21 18:52:27,8.0
R0001630,S022,2025-11-21 14:20:58,2025-11-21 14:46:58,28.0
R0001631,S032,2025-11-21 17:46:34,2025-11-21 18:38:34,29.0
R0001632,S026,2025-11-21 10:23:54,,
R0001633,S010,2025-11-21 17:29:47,2025-11-21 18:01:47,46.0
R0001634,S021,2025-11-21 19:00:36,2025-11-21 20:09:36,43.0
R0001635,S006,2025-11-21 13:23:10,2025-11-21 13:18:10,12.0
R0001636,S002,2025-11-21 21:47:06,2025-11-21 22:04:06,16.0
R0001637,S034,2025-11-21 20:50:02,,
R0001638,S001,2025-11-21 08:30:41,2025-11-21 08:17:41,3.0
R0001639,S022,2025-11-21 10:28:57,2025-11-21 11:17:57,32.0
R0001640,S007,2025-11-21 18:20:58,2025-11-21 18:06:58,15.0
R0001641,S022,2025-11-21 13:45:04,2025-11-21 14:26:04,42.0
R0001642,S031,2025-11-21 22:10:22,2025-11-21 22:18:22,14.0
R0001643,S005,2025-11-21 13:38:57,2025-11-21 14:04:57,16.0
R0001644,S005,2025-11-21 11:38:00,2025-11-21 11:32:00,18.0
R0001645,S006,2025-11-21 15:35:14,2025-11-21 16:09:14,18.0
R0001646,S029,2025-11-21 09:08:02,2025-11-21 09:24:02,25.0
R0001647,S027,2025-11-21 18:32:05,2025-11-21 18:58:05,27.0
R0001648,S006,2025-11-21 10:28:51,2025-11-21 10:13:51,17.0
R0001649,S023,2025-11-21 08:44:21,2025-11-21 09:16:21,30.0
R0001650,S005,2025-11-21 11:55:37,,
R0001651,S034,2025-11-21 23:05:43,,
R0001652,S023,2025-11-21 21:22:24,2025-11-21 21:12:24,20.0
R0001653,S006,2025-11-21 14:38:21,2025-11-21 14:43:21,13.0
R0001654,S002,2025-11-21 16:15:52,2025-11-21 16:43:52,-14.0
R0001655,S005,2025-11-21 09:49:17,2025-11-21 10:16:17,61.0
R0001656,S032,2025-11-21 07:12:15,2025-11-21 07:35:15,25.0
R0001657,S009,2025-11-21 20:16:45,2025-11-21 20:54:45,41.0
R0001658,S007,2025-11-21 22:23:30,2025-11-21 23:29:30,81.0
R0001659,S006,2025-11-21 13:17:38,2025-11-21 13:03:38,4.0
R0001660,S021,2025-11-21 21:26:10,2025-11-21 21:35:10,38.0
R0001661,S002,2025-11-21 15:45:55,2025-11-21 15:33:55,10.0
R0001662,S032,2025-11-21 23:01:14,2025-11-21 23:49:14,37.0
R0001663,S034,2025-11-21 12:30:33,2025-11-21 12:47:33,13.0
R0001664,S024,2025-11-21 11:08:05,2025-11-21 11:53:05,27.0
R0001665,S029,2025-11-21 20:47:22,,
R0001666,S014,2025-11-21 20:50:08,,
R0001667,S001,2025-11-21 11:41:11,2025-11-21 11:22:11,6.0
R0001668,S017,2025-11-21 10:15:27,2025-11-21 10:28:27,22.0
R0001669,S021,2025-11-21 21:09:14,2025-11-21 21:23:14,28.0
R0001670,S027,2025-11-21 21:56:23,2025-11-21 22:21:23,26.0
R0001671,S014,2025-11-21 11:45:24,2025-11-21 11:50:24,17.0
R0001672,S027,2025-11-21 20:52:51,2025-11-21 21:12:51,16.0
R0001673,S002,2025-11-21 19:37:02,2025-11-21 19:56:02,27.0
R0001674,S031,2025-11-21 14:27:04,2025-11-21 14:15:04,20.0
R0001675,S001,2025-11-21 13:33:56,2025-11-21 13:18:56,11.0
R0001676,S002,2025-11-21 23:11:46,2025-11-21 23:10:46,14.0
R0001677,S011,2025-11-21 21:59:57,,
R0001678,S021,2025-11-21 20:38:11,2025-11-21 21:12:11,44.0
R0001679,S022,2025-11-21 14:30:54,2025-11-21 15:01:54,43.0
R0001680,S021,2025-11-21 20:02:30,2025-11-21 20:50:30,33.0
R0001681,S002,2025-11-21 16:27:01,2025-11-21 17:43:01,56.0
R0001682,S002,2025-11-21 21:08:47,2025-11-21 20:57:47,9.0
R0001683,S002,2025-11-21 19:36:54,2025-11-21 19:42:54,8.0
R0001684,S005,2025-11-21 17:08:29,2025-11-21 18:24:29,-61.0
R0001685,S009,2025-11-21 14:56:59,2025-11-21 15:43:59,44.0
R0001686,S007,2025-11-21 21:52:53,2025-11-21 22:13:53,15.0
R0001687,S002,2025-11-21 17:15:21,,
R0001688,S001,2025-11-21 16:42:50,2025-11-21 16:46:50,10.0
R0001689,S009,2025-11-21 11:42:22,2025-11-21 12:06:22,17.0
R0001690,S014,2025-11-21 22:14:50,,
R0001691,S001,2025-11-21 07:42:35,2025-11-21 08:01:35,12.0
R0001692,S021,2025-11-21 09:02:51,,
R0001693,S007,2025-11-21 12:56:51,2025-11-21 13:55:51,58.0
R0001694,S006,2025-11-21 19:18:39,2025-11-21 19:34:39,33.0
R0001695,S021,2025-11-21 20:27:04,2025-11-21 21:35:04,56.0
R0001696,S001,2025-11-21 18:32:24,,
R0001697,S034,2025-11-21 13:07:22,2025-11-21 13:29:22,32.0
R0001698,S006,2025-11-21 23:01:09,2025-11-21 23:01:09,15.0
R0001699,S009,2025-11-21 21:52:16,2025-11-21 22:24:16,38.0
R0001700,S002,2025-11-21 08:46:06,2025-11-21 08:43:06,10.0
R0001701,S023,2025-11-21 17:17:59,2025-11-21 17:43:59,23.0
R0001702,S032,2025-11-21 21:54:45,2025-11-21 22:05:45,16.0
R0001703,S005,2025-11-21 18:46:57,2025-11-21 18:17:57,10.0
R0001704,S007,2025-11-21 22:00:40,2025-11-21 22:19:40,24.0
R0001705,S031,2025-11-21 14:08:55,2025-11-21 14:23:55,26.0
R0001706,S014,2025-11-21 21:15:26,2025-11-21 21:33:26,30.0
R0001707,S029,2025-11-21 19:17:06,2025-11-21 19:28:06,18.0
R0001708,S006,2025-11-21 12:46:53,2025-11-21 12:30:53,4.0
R0001709,S007,2025-11-21 11:16:44,2025-11-21 12:22:44,48.0
R0001710,S022,2025-11-21 18:47:33,2025-11-21 19:31:33,47.0
R0001711,S006,2025-11-21 15:44:50,2025-11-21 16:03:50,14.0
R0001712,S006,2025-11-21 15:16:54,2025-11-21 15:17:54,9.0
R0001713,S006,2025-11-21 13:26:06,,
R0001714,S005,2025-11-21 21:31:48,2025-11-21 22:03:48,11.0
R0001715,S024,2025-11-21 22:14:46,2025-11-21 22:29:46,23.0
R0001716,S024,2025-11-21 09:10:16,2025-11-21 09:54:16,32.0
R0001717,S022,2025-11-21 19:19:37,2025-11-21 20:13:37,38.0
R0001718,S015,2025-11-21 21:25:05,2025-11-21 21:37:05,38.0
R0001719,S017,2025-11-21 20:29:13,2025-11-21 20:53:13,48.0
R0001720,S029,2025-11-21 21:18:49,2025-11-21 21:39:49,35.0
R0001721,S006,2025-11-21 19:58:36,,
R0001722,S015,2025-11-21 21:22:19,2025-11-21 21:14:19,15.0
R0001723,S014,2025-11-21 20:09:59,2025-11-21 20:36:59,32.0
R0001724,S007,2025-11-21 17:12:24,2025-11-21 17:15:24,12.0
R0001725,S023,2025-11-21 08:34:21,2025-11-21 09:14:21,19.0
R0001726,S022,2025-11-21 20:26:00,2025-11-21 20:26:00,36.0
R0001727,S002,2025-11-21 14:02:06,2025-11-21 14:05:06,13.0
R0001728,S021,2025-11-21 13:09:59,2025-11-21 13:29:59,31.0
R0001729,S024,2025-11-21 15:07:11,2025-11-21 14:51:11,22.0
R0001730,S006,2025-11-21 13:55:37,2025-11-21 13:37:37,7.0
R0001731,S010,2025-11-21 21:17:01,2025-11-21 22:05:01,33.0
R0001732,S015,2025-11-21 16:45:41,,
R0001733,S002,2025-11-21 14:47:48,2025-11-21 16:12:48,84.0
R0001734,S005,2025-11-21 10:10:15,,
R0001735,S011,2025-11-21 09:29:08,2025-11-21 09:47:08,39.0
R0001736,S007,2025-11-21 09:17:55,2025-11-21 08:56:55,11.0
R0001737,S007,2025-11-21 14:07:45,2025-11-21 14:02:45,11.0
R0001738,S006,2025-11-21 11:58:48,2025-11-21 12:26:48,10.0
R0001739,S015,2025-11-21 19:40:42,2025-11-21 20:13:42,43.0
R0001740,S001,2025-11-21 19:48:24,2025-11-21 19:18:24,11.0
R0001741,S021,2025-11-21 12:43:07,2025-11-21 12:43:07,15.0
R0001742,S022,2025-11-21 08:50:35,2025-11-21 09:01:35,40.0
R0001743,S027,2025-11-21 15:35:50,2025-11-21 16:18:50,33.0
R0001744,S015,2025-11-21 09:29:11,2025-11-21 09:57:11,28.0
R0001745,S001,2025-11-21 13:16:23,2025-11-21 14:05:23,47.0
R0001746,S002,2025-11-21 20:55:07,2025-11-21 21:44:07,52.0
R0001747,S009,2025-11-21 20:04:18,2025-11-21 19:52:18,29.0
R0001748,S022,2025-11-21 14:26:54,2025-11-21 14:46:54,32.0
R0001749,S014,2025-11-21 21:03:25,2025-11-21 21:16:25,29.0
R0001750,S014,2025-11-21 10:01:58,2025-11-21 10:41:58,34.0
R0001751,S024,2025-11-21 21:37:32,2025-11-21 22:06:32,22.0
R0001752,S022,2025-11-21 07:42:01,2025-11-21 08:31:01,26.0
R0001753,S014,2025-11-21 21:14:20,2025-11-21 21:38:20,39.0
R0001754,S021,2025-11-21 22:32:09,,
R0001755,S002,2025-11-21 13:19:12,2025-11-21 12:57:12,10.0
R0001756,S017,2025-11-21 08:45:36,2025-11-21 08:41:36,32.0
R0001757,S010,2025-11-21 22:40:13,2025-11-21 22:40:13,35.0
R0001758,S005,2025-11-21 19:10:10,2025-11-21 20:07:10,72.0
R0001759,S007,2025-11-21 20:12:09,2025-11-21 20:30:09,12.0
R0001760,S029,2025-11-21 10:18:06,2025-11-21 10:48:06,26.0
R0001761,S031,2025-11-21 22:10:11,2025-11-21 22:56:11,36.0
R0001762,S032,2025-11-21 20:46:00,2025-11-21 20:53:00,22.0
R0001763,S001,2025-11-21 09:24:55,2025-11-21 09:49:55,12.0
R0001764,S005,2025-11-21 10:42:50,,
R0001765,S009,2025-11-21 20:17:31,2025-11-21 20:18:31,29.0
R0001766,S022,2025-11-21 22:22:57,2025-11-21 22:45:57,33.0
R0001767,S017,2025-11-21 22:23:56,,
R0001768,S029,2025-11-21 18:22:02,2025-11-21 18:30:02,24.0
R0001769,S001,2025-11-21 20:05:01,2025-11-21 19:31:01,3.0
R0001770,S021,2025-11-21 19:13:14,2025-11-21 19:33:14,30.0
R0001771,S005,2025-11-21 09:50:45,2025-11-21 09:20:45,9.0
R0001772,S015,2025-11-21 13:00:51,2025-11-21 13:32:51,44.0
R0001773,S005,2025-11-21 09:19:24,2025-11-21 09:27:24,40.0
R0001774,S023,2025-11-21 17:32:02,2025-11-21 17:47:02,25.0
R0001775,S005,2025-11-21 15:41:17,2025-11-21 16:21:17,45.0
R0001776,S031,2025-11-21 20:58:12,2025-11-21 20:58:12,15.0
R0001777,S001,2025-11-21 09:40:28,2025-11-21 09:37:28,8.0
R0001778,S024,2025-11-21 17:32:52,2025-11-21 18:00:52,34.0
R0001779,S010,2025-11-21 20:21:05,2025-11-21 20:55:05,34.0
R0001780,S005,2025-11-21 17:28:29,2025-11-21 17:40:29,9.0
R0001781,S029,2025-11-21 09:36:33,2025-11-21 10:00:33,27.0
R0001782,S024,2025-11-21 21:40:29,2025-11-21 21:52:29,18.0
R0001783,S001,2025-11-21 15:29:24,2025-11-21 15:17:24,13.0
R0001784,S001,2025-11-21 20:34:54,2025-11-21 20:44:54,7.0
R0001785,S010,2025-11-21 14:28:44,,
R0001786,S007,2025-11-21 15:36:32,2025-11-21 16:35:32,74.0
R0001787,S034,2025-11-21 20:29:28,2025-11-21 20:41:28,13.0
R0001788,S031,2025-11-21 19:25:54,2025-11-21 19:28:54,13.0
R0001789,S021,2025-11-21 22:59:34,2025-11-21 23:50:34,31.0
R0001790,S011,2025-11-21 17:03:46,2025-11-21 17:39:46,32.0
R0001791,S010,2025-11-21 22:19:25,2025-11-21 22:45:25,28.0
R0001792,S034,2025-11-21 11:55:44,2025-11-21 12:06:44,23.0
R0001793,S024,2025-11-21 21:06:12,2025-11-21 21:38:12,9.0
R0001794,S002,2025-11-22 19:23:27,,
R0001795,S011,2025-11-22 20:59:14,,
R0001796,S026,2025-11-22 20:25:01,2025-11-22 20:11:01,23.0
R0001797,S013,2025-11-22 21:53:09,,
R0001798,S008,2025-11-22 10:53:17,2025-11-22 11:10:17,9.0
R0001799,S003,2025-11-22 20:30:30,2025-11-22 20:11:30,14.0
R0001800,S002,2025-11-22 18:24:32,2025-11-22 18:55:32,11.0
R0001801,S003,2025-11-22 21:30:59,2025-11-22 21:52:59,8.0
R0001802,S032,2025-11-22 14:18:36,2025-11-22 14:33:36,20.0
R0001803,S010,2025-11-22 22:14:10,2025-11-22 22:05:10,29.0
R0001804,S025,2025-11-22 11:56:08,2025-11-22 12:13:08,24.0
R0001805,S020,2025-11-22 21:08:43,2025-11-22 20:58:43,21.0
R0001806,S002,2025-11-22 18:36:31,2025-11-22 18:43:31,5.0
R0001807,S007,2025-11-22 12:34:07,2025-11-22 12:10:07,13.0
R0001808,S005,2025-11-22 07:42:19,2025-11-22 07:41:19,6.0
R0001809,S006,2025-11-22 18:19:23,,
R0001810,S017,2025-11-22 15:30:20,2025-11-22 15:54:20,42.0
R0001811,S032,2025-11-22 15:33:37,2025-11-22 16:02:37,26.0
R0001812,S005,2025-11-22 21:19:57,2025-11-22 21:34:57,9.0
R0001813,S017,2025-11-22 15:13:25,2025-11-22 15:43:25,36.0
R0001814,S013,2025-11-22 21:06:04,2025-11-22 20:40:04,5.0
R0001815,S013,2025-11-22 09:31:57,2025-11-22 10:18:57,38.0
R0001816,S025,2025-11-22 21:50:52,2025-11-22 22:15:52,26.0
R0001817,S012,2025-11-22 19:15:59,2025-11-22 20:01:59,59.0
R0001818,S017,2025-11-22 11:42:48,,
R0001819,S030,2025-11-22 22:30:05,2025-11-22 23:14:05,29.0
R0001820,S019,2025-11-22 21:38:53,2025-11-22 21:20:53,22.0
R0001821,S005,2025-11-22 18:03:07,2025-11-22 18:56:07,82.0
R0001822,S027,2025-11-22 21:52:33,2025-11-22 22:16:33,21.0
R0001823,S011,2025-11-22 21:15:39,,28.0
R0001824,S025,2025-11-22 13:31:18,2025-11-22 13:29:18,34.0
R0001825,S012,2025-11-22 19:24:04,,
R0001826,S026,2025-11-22 07:34:04,2025-11-22 07:57:04,11.0
R0001827,S011,2025-11-22 18:24:22,2025-11-22 19:11:22,36.0
R0001828,S003,2025-11-22 17:24:47,2025-11-22 18:00:47,66.0
R0001829,S002,2025-11-22 09:26:10,2025-11-22 09:13:10,11.0
R0001830,S005,2025-11-22 07:21:21,2025-11-22 07:28:21,12.0
R0001831,S003,2025-11-22 10:03:35,2025-11-22 10:07:35,10.0
R0001832,S003,2025-11-22 18:26:14,2025-11-22 18:51:14,41.0
R0001833,S027,2025-11-22 18:10:54,2025-11-22 18:51:54,29.0
R0001834,S026,2025-11-22 20:27:03,2025-11-22 20:56:03,23.0
R0001835,S026,2025-11-22 07:50:52,2025-11-22 07:45:52,8.0
R0001836,S027,2025-11-22 14:16:50,2025-11-22 14:04:50,21.0
R0001837,S007,2025-11-22 19:39:56,2025-11-22 21:07:56,79.0
R0001838,S025,2025-11-22 12:56:46,2025-11-22 12:53:46,33.0
R0001839,S026,2025-11-22 17:55:32,2025-11-22 18:31:32,34.0
R0001840,S017,2025-11-22 19:39:55,2025-11-22 20:18:55,37.0
R0001841,S011,2025-11-22 13:20:40,2025-11-22 14:01:40,34.0
R0001842,S016,2025-11-22 18:34:53,2025-11-22 18:39:53,14.0
R0001843,S030,2025-11-22 19:17:23,2025-11-22 18:58:23,16.0
R0001844,S006,2025-11-22 12:53:52,2025-11-22 13:10:52,8.0
R0001845,S017,2025-11-22 17:10:39,2025-11-22 17:30:39,35.0
R0001846,S019,2025-11-22 20:10:51,2025-11-22 20:33:51,24.0
R0001847,S019,2025-11-22 16:31:47,2025-11-22 17:02:47,33.0
R0001848,S027,2025-11-22 14:36:16,2025-11-22 14:45:16,18.0
R0001849,S027,2025-11-22 12:09:17,2025-11-22 12:42:17,-18.0
R0001850,S002,2025-11-22 10:23:15,,
R0001851,S032,2025-11-22 21:08:02,2025-11-22 21:10:02,24.0
R0001852,S011,2025-11-22 16:08:58,2025-11-22 16:20:58,36.0
R0001853,S026,2025-11-22 20:20:47,2025-11-22 19:53:47,15.0
R0001854,S014,2025-11-22 11:58:16,2025-11-22 12:36:16,34.0
R0001855,S017,2025-11-22 14:43:43,2025-11-22 15:19:43,46.0
R0001856,S025,2025-11-22 19:15:46,2025-11-22 19:53:46,31.0
R0001857,S011,2025-11-22 13:20:28,,
R0001858,S019,2025-11-22 20:23:17,2025-11-22 20:19:17,29.0
R0001859,S002,2025-11-22 18:49:56,,
R0001860,S005,2025-11-22 08:40:13,2025-11-22 08:40:13,9.0
R0001861,S026,2025-11-22 14:47:27,2025-11-22 14:55:27,18.0
R0001862,S012,2025-11-22 09:01:10,,32.0
R0001863,S030,2025-11-22 18:36:47,2025-11-22 19:03:47,24.0
R0001864,S026,2025-11-22 14:40:51,,15.0
R0001865,S003,2025-11-22 07:35:55,2025-11-22 07:43:55,13.0
R0001866,S009,2025-11-22 16:38:58,2025-11-22 16:56:58,26.0
R0001867,S002,2025-11-22 23:27:59,2025-11-22 23:38:59,20.0
R0001868,S032,2025-11-22 09:06:27,2025-11-22 09:40:27,32.0
R0001869,S016,2025-11-22 14:15:30,2025-11-22 14:52:30,39.0
R0001870,S032,2025-11-22 14:38:30,2025-11-22 15:00:30,26.0
R0001871,S032,2025-11-22 18:28:01,2025-11-22 19:11:01,23.0
R0001872,S016,2025-11-22 18:45:44,2025-11-22 19:40:44,31.0
R0001873,S007,2025-11-22 18:56:34,2025-11-22 19:06:34,12.0
R0001874,S019,2025-11-22 16:34:14,2025-11-22 17:32:14,34.0
R0001875,S003,2025-11-22 12:31:00,2025-11-22 13:00:00,50.0
R0001876,S016,2025-11-22 17:16:22,2025-11-22 17:39:22,31.0
R0001877,S017,2025-11-22 16:45:24,,
R0001878,S025,2025-11-22 23:12:29,,29.0
R0001879,S026,2025-11-22 10:39:38,2025-11-22 10:46:38,25.0
R0001880,S009,2025-11-22 18:32:44,2025-11-22 18:53:44,49.0
R0001881,S006,2025-11-22 11:29:47,2025-11-22 11:35:47,10.0
R0001882,S010,2025-11-22 18:51:38,,
R0001883,S030,2025-11-22 12:23:11,2025-11-22 12:56:11,23.0
R0001884,S006,2025-11-22 20:13:00,2025-11-22 20:00:00,-10.0
R0001885,S017,2025-11-22 19:38:32,2025-11-22 19:59:32,40.0
R0001886,S017,2025-11-22 13:48:40,2025-11-22 14:31:40,31.0
R0001887,S032,2025-11-22 13:59:33,2025-11-22 14:17:33,12.0
R0001888,S025,2025-11-22 20:47:27,2025-11-22 21:14:27,15.0
R0001889,S003,2025-11-22 11:50:41,2025-11-22 11:48:41,8.0
R0001890,S014,2025-11-22 09:45:13,2025-11-22 09:55:13,34.0
R0001891,S025,2025-11-22 12:22:41,2025-11-22 12:47:41,29.0
R0001892,S005,2025-11-22 12:21:52,2025-11-22 12:11:52,7.0
R0001893,S016,2025-11-22 09:03:55,2025-11-22 09:26:55,37.0
R0001894,S005,2025-11-22 07:34:41,2025-11-22 07:42:41,7.0
R0001895,S026,2025-11-22 20:32:46,2025-11-22 21:07:46,19.0
R0001896,S008,2025-11-22 10:43:21,2025-11-22 11:09:21,10.0
R0001897,S030,2025-11-22 21:07:37,2025-11-22 21:32:37,19.0
R0001898,S026,2025-11-22 21:32:03,2025-11-22 21:20:03,-15.0
R0001899,S011,2025-11-22 20:27:31,2025-11-22 20:48:31,17.0
R0001900,S026,2025-11-22 19:47:22,2025-11-22 20:07:22,27.0
R0001901,S030,2025-11-22 13:02:46,2025-11-22 13:16:46,26.0
R0001902,S013,2025-11-22 20:45:41,2025-11-22 21:01:41,41.0
R0001903,S010,2025-11-22 12:21:41,2025-11-22 12:37:41,31.0
R0001904,S002,2025-11-22 20:45:27,2025-11-22 21:17:27,45.0
R0001905,S032,2025-11-22 11:18:29,2025-11-22 11:40:29,23.0
R0001906,S016,2025-11-22 22:46:14,,
R0001907,S016,2025-11-22 09:16:04,,
R0001908,S025,2025-11-22 09:14:30,2025-11-22 09:40:30,27.0
R0001909,S008,2025-11-22 07:50:24,2025-11-22 08:18:24,14.0
R0001910,S017,2025-11-22 21:31:11,2025-11-22 22:00:11,53.0
R0001911,S014,2025-11-22 19:19:40,2025-11-22 19:59:40,36.0
R0001912,S009,2025-11-22 09:49:27,2025-11-22 10:21:27,33.0
R0001913,S030,2025-11-22 07:33:33,2025-11-22 07:49:33,21.0
R0001914,S011,2025-11-22 19:38:42,2025-11-22 20:32:42,46.0
R0001915,S002,2025-11-22 22:05:16,2025-11-22 22:03:16,14.0
R0001916,S017,2025-11-22 13:01:50,2025-11-22 14:02:50,42.0
R0001917,S032,2025-11-22 16:20:53,2025-11-22 16:36:53,22.0
R0001918,S009,2025-11-22 15:25:22,2025-11-22 15:37:22,33.0
R0001919,S025,2025-11-22 11:25:45,2025-11-22 11:52:45,13.0
R0001920,S030,2025-11-22 20:36:43,2025-11-22 21:00:43,14.0
R0001921,S030,2025-11-22 14:26:43,2025-11-22 14:31:43,33.0
R0001922,S025,2025-11-22 14:15:24,2025-11-22 14:21:24,27.0
R0001923,S014,2025-11-22 07:12:43,2025-11-22 08:13:43,36.0
R0001924,S019,2025-11-22 14:12:32,2025-11-22 14:49:32,33.0
R0001925,S020,2025-11-22 20:03:16,2025-11-22 20:19:16,24.0
R0001926,S026,2025-11-22 16:35:07,2025-11-22 16:47:07,29.0
R0001927,S007,2025-11-22 16:16:15,2025-11-22 16:11:15,11.0
R0001928,S025,2025-11-22 12:53:21,2025-11-22 13:04:21,24.0
R0001929,S025,2025-11-22 21:57:07,2025-11-22 22:10:07,16.0
R0001930,S025,2025-11-22 13:52:17,2025-11-22 14:21:17,27.0
R0001931,S005,2025-11-22 15:51:16,2025-11-22 16:03:16,6.0
R0001932,S030,2025-11-22 13:22:41,,
R0001933,S019,2025-11-22 15:04:08,2025-11-22 15:39:08,37.0
R0001934,S020,2025-11-22 22:01:01,2025-11-22 22:24:01,27.0
R0001935,S032,2025-11-22 19:26:23,2025-11-22 19:47:23,22.0
R0001936,S002,2025-11-22 09:17:01,2025-11-22 10:27:01,60.0
R0001937,S008,2025-11-22 14:36:31,2025-11-22 14:14:31,5.0
R0001938,S016,2025-11-22 19:32:36,2025-11-22 19:49:36,32.0
R0001939,S026,2025-11-22 21:23:19,2025-11-22 21:51:19,15.0
R0001940,S026,2025-11-22 13:16:15,,
R0001941,S004,2025-11-22 22:52:48,2025-11-22 23:25:48,13.0
R0001942,S019,2025-11-22 22:44:37,2025-11-22 23:51:37,39.0
R0001943,S008,2025-11-22 21:26:14,2025-11-22 21:53:14,13.0
R0001944,S004,2025-11-22 18:47:15,2025-11-22 18:42:15,15.0
R0001945,S032,2025-11-22 20:29:16,2025-11-22 20:40:16,-24.0
R0001946,S032,2025-11-22 12:56:41,2025-11-22 13:13:41,18.0
R0001947,S006,2025-11-22 10:36:44,2025-11-22 10:54:44,17.0
R0001948,S030,2025-11-22 09:50:31,2025-11-22 09:54:31,24.0
R0001949,S032,2025-11-22 08:08:44,,17.0
R0001950,S010,2025-11-22 17:55:46,2025-11-22 17:43:46,11.0
R0001951,S026,2025-11-22 16:50:15,2025-11-22 17:09:15,30.0
R0001952,S008,2025-11-22 12:46:41,2025-11-22 13:21:41,15.0
R0001953,S013,2025-11-22 19:10:02,2025-11-22 19:43:02,36.0
R0001954,S013,2025-11-22 22:31:40,2025-11-22 23:07:40,35.0
R0001955,S010,2025-11-22 12:32:36,2025-11-22 12:57:36,35.0
R0001956,S005,2025-11-22 15:04:44,2025-11-22 15:09:44,14.0
R0001957,S027,2025-11-22 18:43:36,2025-11-22 19:02:36,17.0
R0001958,S002,2025-11-22 12:17:38,2025-11-22 12:31:38,10.0
R0001959,S006,2025-11-22 15:05:26,2025-11-22 16:00:26,53.0
R0001960,S017,2025-11-22 12:43:12,2025-11-22 13:38:12,50.0
R0001961,S026,2025-11-22 18:52:55,2025-11-22 18:41:55,21.0
R0001962,S007,2025-11-22 16:51:57,2025-11-22 17:36:57,50.0
R0001963,S025,2025-11-22 14:53:41,2025-11-22 15:38:41,21.0
R0001964,S005,2025-11-22 19:22:19,2025-11-22 18:55:19,15.0
R0001965,S030,2025-11-22 17:36:03,2025-11-22 17:56:03,27.0
R0001966,S025,2025-11-22 12:16:24,2025-11-22 12:48:24,20.0
R0001967,S019,2025-11-22 07:43:12,2025-11-22 08:17:12,28.0
R0001968,S002,2025-11-22 19:19:32,2025-11-22 19:17:32,13.0
R0001969,S019,2025-11-22 20:51:22,,
R0001970,S030,2025-11-22 16:05:47,2025-11-22 16:52:47,32.0
R0001971,S010,2025-11-22 08:34:05,2025-11-22 09:04:05,52.0
R0001972,S032,2025-11-22 19:58:16,2025-11-22 19:53:16,11.0
R0001973,S009,2025-11-22 15:51:18,2025-11-22 16:02:18,19.0
R0001974,S002,2025-11-22 20:40:37,2025-11-22 21:15:37,9.0
R0001975,S027,2025-11-22 12:03:25,2025-11-22 12:29:25,27.0
R0001976,S013,2025-11-22 13:27:42,2025-11-22 13:57:42,47.0
R0001977,S005,2025-11-22 13:08:07,2025-11-22 13:04:07,34.0
R0001978,S025,2025-11-22 21:25:59,2025-11-22 22:18:59,34.0
R0001979,S014,2025-11-22 10:03:48,2025-11-22 10:11:48,19.0
R0001980,S014,2025-11-22 16:46:38,2025-11-22 16:55:38,20.0
R0001981,S032,2025-11-22 08:32:14,2025-11-22 08:48:14,33.0
R0001982,S019,2025-11-22 14:45:34,2025-11-22 15:25:34,44.0
R0001983,S025,2025-11-22 17:32:38,,
R0001984,S025,2025-11-22 21:50:57,2025-11-22 22:06:57,9.0
R0001985,S012,2025-11-22 12:13:09,2025-11-22 12:03:09,27.0
R0001986,S014,2025-11-22 17:00:11,2025-11-22 17:38:11,39.0
R0001987,S008,2025-11-22 23:32:11,,
R0001988,S013,2025-11-22 11:13:36,2025-11-22 12:35:36,56.0
R0001989,S019,2025-11-22 19:22:15,2025-11-22 19:56:15,31.0
R0001990,S010,2025-11-22 11:57:22,2025-11-22 12:45:22,52.0
R0001991,S013,2025-11-22 22:31:16,,14.0
R0001992,S006,2025-11-22 20:23:02,2025-11-22 20:33:02,11.0
R0001993,S002,2025-11-22 20:14:38,2025-11-22 20:03:38,12.0
R0001994,S030,2025-11-22 20:27:30,2025-11-22 20:24:30,22.0
R0001995,S027,2025-11-22 20:24:08,2025-11-22 20:11:08,22.0
R0001996,S020,2025-11-22 08:30:00,2025-11-22 08:58:00,26.0
R0001997,S009,2025-11-22 11:05:09,2025-11-22 11:42:09,33.0
R0001998,S003,2025-11-22 07:23:15,2025-11-22 07:50:15,7.0
R0001999,S026,2025-11-22 20:14:24,2025-11-22 20:51:24,29.0
R0002000,S004,2025-11-22 21:12:36,2025-11-22 21:02:36,5.0
R0002001,S004,2025-11-22 18:45:48,,
R0002002,S016,2025-11-22 17:52:06,2025-11-22 18:00:06,31.0
R0002003,S027,2025-11-22 22:02:04,,
R0002004,S032,2025-11-22 18:41:29,2025-11-22 19:07:29,25.0
R0002005,S032,2025-11-22 11:48:30,2025-11-22 11:54:30,22.0
R0002006,S004,2025-11-22 08:35:42,2025-11-22 08:50:42,8.0
R0002007,S012,2025-11-22 13:24:19,2025-11-22 14:11:19,41.0
R0002008,S006,2025-11-22 18:41:11,2025-11-22 18:23:11,7.0
R0002009,S010,2025-11-22 12:50:10,2025-11-22 13:19:10,37.0
R0002010,S019,2025-11-22 19:20:32,2025-11-22 19:32:32,41.0
R0002011,S008,2025-11-22 22:21:39,2025-11-22 23:20:39,58.0
R0002012,S025,2025-11-22 10:55:10,2025-11-22 11:16:10,38.0
R0002013,S005,2025-11-22 18:46:08,2025-11-22 18:52:08,13.0
R0002014,S027,2025-11-22 22:49:05,2025-11-22 22:51:05,22.0
R0002015,S017,2025-11-22 20:25:17,2025-11-22 20:38:17,29.0
R0002016,S025,2025-11-22 09:39:34,2025-11-22 10:32:34,30.0
R0002017,S006,2025-11-22 20:09:24,2025-11-22 20:36:24,15.0
R0002018,S008,2025-11-22 20:29:47,2025-11-22 20:39:47,16.0
R0002019,S006,2025-11-22 14:08:07,2025-11-22 14:12:07,11.0
R0002020,S008,2025-11-22 15:15:40,2025-11-22 15:32:40,12.0
R0002021,S017,2025-11-22 07:41:45,,
R0002022,S013,2025-11-22 12:12:18,2025-11-22 12:28:18,18.0
R0002023,S019,2025-11-22 12:26:08,2025-11-22 13:18:08,37.0
R0002024,S003,2025-11-22 21:53:16,2025-11-22 21:55:16,12.0
R0002025,S006,2025-11-22 08:18:26,2025-11-22 08:26:26,13.0
R0002026,S032,2025-11-22 21:43:01,2025-11-22 22:41:01,29.0
R0002027,S025,2025-11-22 09:26:09,2025-11-22 09:10:09,15.0
R0002028,S008,2025-11-22 15:45:31,2025-11-22 15:30:31,10.0
R0002029,S017,2025-11-22 13:08:06,2025-11-22 13:35:06,25.0
R0002030,S030,2025-11-22 12:05:02,2025-11-22 12:38:02,30.0
R0002031,S030,2025-11-22 20:57:07,2025-11-22 21:23:07,19.0
R0002032,S030,2025-11-22 21:19:09,2025-11-22 21:28:09,31.0
R0002033,S010,2025-11-22 17:46:23,,
R0002034,S020,2025-11-22 19:36:50,2025-11-22 20:13:50,44.0
R0002035,S026,2025-11-22 08:18:42,,
R0002036,S002,2025-11-22 23:31:15,2025-11-22 23:13:15,3.0
R0002037,S032,2025-11-22 19:48:37,,
R0002038,S030,2025-11-22 09:32:42,2025-11-22 09:53:42,2.0
R0002039,S008,2025-11-22 22:00:47,2025-11-22 22:09:47,7.0
R0002040,S013,2025-11-22 12:39:47,2025-11-22 12:55:47,16.0
R0002041,S008,2025-11-22 19:04:38,2025-11-22 19:49:38,50.0
R0002042,S030,2025-11-22 19:56:50,2025-11-22 20:21:50,13.0
R0002043,S017,2025-11-22 21:34:15,2025-11-22 22:31:15,46.0
R0002044,S004,2025-11-22 10:03:28,2025-11-22 10:47:28,54.0
R0002045,S030,2025-11-22 07:36:44,2025-11-22 07:46:44,31.0
R0002046,S026,2025-11-22 13:25:09,2025-11-22 13:07:09,22.0
R0002047,S032,2025-11-22 16:38:46,2025-11-22 16:27:46,15.0
R0002048,S003,2025-11-22 20:05:15,2025-11-22 20:12:15,37.0
R0002049,S011,2025-11-22 21:08:56,2025-11-22 21:14:56,20.0
R0002050,S013,2025-11-22 10:17:14,2025-11-22 11:11:14,48.0
R0002051,S032,2025-11-22 09:56:34,2025-11-22 10:21:34,16.0
R0002052,S007,2025-11-22 16:22:12,2025-11-22 16:30:12,7.0
R0002053,S002,2025-11-22 11:57:18,2025-11-22 12:31:18,15.0
R0002054,S008,2025-11-22 10:17:03,2025-11-22 10:22:03,12.0
R0002055,S027,2025-11-22 15:53:20,2025-11-22 16:36:20,31.0
R0002056,S025,2025-11-22 20:18:58,2025-11-22 21:11:58,43.0
R0002057,S026,2025-11-22 07:48:55,2025-11-22 08:24:55,24.0
R0002058,S013,2025-11-22 08:00:28,2025-11-22 08:28:28,49.0
R0002059,S017,2025-11-22 21:56:18,2025-11-22 22:23:18,-27.0
R0002060,S026,2025-11-22 15:16:15,2025-11-22 15:21:15,25.0
R0002061,S030,2025-11-22 09:53:21,2025-11-22 10:41:21,38.0
R0002062,S020,2025-11-22 19:41:23,2025-11-22 20:22:23,32.0
R0002063,S025,2025-11-22 22:53:53,2025-11-22 23:13:53,27.0
R0002064,S027,2025-11-22 10:26:41,2025-11-22 11:09:41,27.0
R0002065,S012,2025-11-22 08:01:56,2025-11-22 08:50:56,36.0
R0002066,S016,2025-11-22 16:47:22,2025-11-22 16:48:22,13.0
R0002067,S008,2025-11-22 08:49:35,2025-11-22 08:56:35,5.0
R0002068,S027,2025-11-22 17:33:42,2025-11-22 17:53:42,34.0
R0002069,S014,2025-11-22 09:39:16,2025-11-22 10:14:16,35.0
R0002070,S030,2025-11-22 12:05:23,2025-11-22 12:07:23,14.0
R0002071,S016,2025-11-22 13:07:54,2025-11-22 13:18:54,27.0
R0002072,S010,2025-11-22 19:05:30,2025-11-22 19:33:30,34.0
R0002073,S025,2025-11-22 07:47:09,2025-11-22 08:00:09,20.0
R0002074,S032,2025-11-22 16:26:30,2025-11-22 16:35:30,18.0
R0002075,S003,2025-11-22 19:39:09,2025-11-22 19:46:09,12.0
R0002076,S012,2025-11-22 20:28:53,2025-11-22 21:37:53,40.0
R0002077,S016,2025-11-22 11:53:49,2025-11-22 12:22:49,32.0
R0002078,S014,2025-11-22 15:54:32,2025-11-22 16:06:32,23.0
R0002079,S008,2025-11-22 11:22:53,2025-11-22 11:41:53,34.0
R0002080,S008,2025-11-22 14:18:45,2025-11-22 14:10:45,4.0
R0002081,S026,2025-11-22 20:35:09,,24.0
R0002082,S030,2025-11-22 18:34:25,2025-11-22 18:46:25,25.0
R0002083,S030,2025-11-22 23:23:25,2025-11-22 23:45:25,33.0
R0002084,S016,2025-11-22 13:37:12,2025-11-22 13:33:12,32.0
R0002085,S016,2025-11-22 13:03:34,2025-11-22 13:30:34,35.0
R0002086,S012,2025-11-22 18:07:36,2025-11-22 18:12:36,36.0
R0002087,S003,2025-11-22 08:28:02,,
R0002088,S030,2025-11-22 12:47:43,2025-11-22 13:49:43,34.0
R0002089,S014,2025-11-22 13:33:50,2025-11-22 13:32:50,16.0
R0002090,S016,2025-11-22 21:23:11,2025-11-22 21:13:11,18.0
R0002091,S010,2025-11-22 22:42:23,2025-11-22 22:57:23,33.0
R0002092,S017,2025-11-23 20:15:59,2025-11-23 21:18:59,54.0
R0002093,S020,2025-11-23 21:17:43,2025-11-23 21:04:43,24.0
R0002094,S008,2025-11-23 20:56:54,,
R0002095,S011,2025-11-23 10:48:30,2025-11-23 11:09:30,29.0
R0002096,S009,2025-11-23 22:34:31,2025-11-23 23:02:31,40.0
R0002097,S001,2025-11-23 17:19:17,2025-11-23 17:59:17,65.0
R0002098,S015,2025-11-23 20:34:56,2025-11-23 20:44:56,41.0
R0002099,S004,2025-11-23 19:30:49,2025-11-23 19:41:49,7.0
R0002100,S007,2025-11-23 08:10:48,,
R0002101,S026,2025-11-23 18:58:08,,
R0002102,S025,2025-11-23 09:32:49,,
R0002103,S006,2025-11-23 15:46:03,,
R0002104,S008,2025-11-23 14:10:24,,
R0002105,S004,2025-11-23 14:40:10,2025-11-23 14:44:10,12.0
R0002106,S002,2025-11-23 11:59:06,2025-11-23 11:54:06,4.0
R0002107,S004,2025-11-23 18:38:34,2025-11-23 18:36:34,3.0
R0002108,S009,2025-11-23 13:45:01,2025-11-23 14:15:01,31.0
R0002109,S005,2025-11-23 22:17:35,,
R0002110,S029,2025-11-23 17:24:25,2025-11-23 17:54:25,33.0
R0002111,S025,2025-11-23 08:22:19,2025-11-23 08:28:19,27.0
R0002112,S002,2025-11-23 18:29:21,2025-11-23 18:44:21,16.0
R0002113,S006,2025-11-23 21:25:08,,
R0002114,S006,2025-11-23 13:02:58,2025-11-23 13:09:58,27.0
R0002115,S006,2025-11-23 16:08:23,2025-11-23 16:13:23,5.0
R0002116,S025,2025-11-23 12:39:00,2025-11-23 12:37:00,22.0
R0002117,S014,2025-11-23 15:07:06,,
R0002118,S011,2025-11-23 13:52:06,2025-11-23 14:04:06,35.0
R0002119,S017,2025-11-23 08:24:34,,
R0002120,S016,2025-11-23 08:28:43,2025-11-23 08:40:43,19.0
R0002121,S004,2025-11-23 14:24:46,2025-11-23 14:28:46,11.0
R0002122,S028,2025-11-23 19:44:08,2025-11-23 19:48:08,15.0
R0002123,S004,2025-11-23 13:01:14,2025-11-23 12:56:14,10.0
R0002124,S032,2025-11-23 22:04:41,2025-11-23 22:16:41,-32.0
R0002125,S012,2025-11-23 20:59:32,2025-11-23 21:09:32,33.0
R0002126,S030,2025-11-23 20:12:53,2025-11-23 19:53:53,13.0
R0002127,S015,2025-11-23 19:43:07,,
R0002128,S019,2025-11-23 19:36:13,2025-11-23 19:43:13,19.0
R0002129,S007,2025-11-23 13:49:48,2025-11-23 14:00:48,11.0
R0002130,S028,2025-11-23 16:33:27,2025-11-23 16:46:27,18.0
R0002131,S015,2025-11-23 18:58:46,2025-11-23 18:57:46,33.0
R0002132,S023,2025-11-23 15:18:41,2025-11-23 16:04:41,26.0
R0002133,S017,2025-11-23 19:24:27,2025-11-23 19:46:27,39.0
R0002134,S004,2025-11-23 15:22:58,2025-11-23 15:53:58,57.0
R0002135,S025,2025-11-23 20:29:40,2025-11-23 20:17:40,30.0
R0002136,S032,2025-11-23 10:08:23,2025-11-23 10:33:23,17.0
R0002137,S017,2025-11-23 19:52:38,2025-11-23 20:26:38,34.0
R0002138,S023,2025-11-23 08:56:14,,13.0
R0002139,S026,2025-11-23 21:48:11,2025-11-23 22:28:11,41.0
R0002140,S023,2025-11-23 14:00:17,2025-11-23 14:35:17,13.0
R0002141,S026,2025-11-23 08:37:20,2025-11-23 08:55:20,22.0
R0002142,S030,2025-11-23 07:49:46,2025-11-23 08:39:46,29.0
R0002143,S011,2025-11-23 13:08:50,,
R0002144,S012,2025-11-23 20:55:30,2025-11-23 21:45:30,36.0
R0002145,S002,2025-11-23 20:18:06,2025-11-23 20:17:06,10.0
R0002146,S030,2025-11-23 19:42:17,2025-11-23 19:47:17,21.0
R0002147,S028,2025-11-23 21:18:18,2025-11-23 21:25:18,18.0
R0002148,S016,2025-11-23 16:13:01,2025-11-23 16:22:01,17.0
R0002149,S016,2025-11-23 14:50:34,,
R0002150,S018,2025-11-23 10:04:39,2025-11-23 10:50:39,36.0
R0002151,S020,2025-11-23 09:43:08,,
R0002152,S025,2025-11-23 13:48:54,2025-11-23 14:06:54,21.0
R0002153,S023,2025-11-23 11:49:10,2025-11-23 11:59:10,26.0
R0002154,S014,2025-11-23 11:56:06,2025-11-23 13:00:06,56.0
R0002155,S006,2025-11-23 15:29:54,2025-11-23 15:09:54,9.0
R0002156,S009,2025-11-23 19:51:16,2025-11-23 20:09:16,19.0
R0002157,S018,2025-11-23 23:07:39,2025-11-23 23:53:39,39.0
R0002158,S034,2025-11-23 21:25:27,,
R0002159,S017,2025-11-23 17:56:55,2025-11-23 17:47:55,14.0
R0002160,S002,2025-11-23 16:06:36,2025-11-23 16:32:36,16.0
R0002161,S005,2025-11-23 09:19:40,2025-11-23 09:07:40,10.0
R0002162,S001,2025-11-23 16:30:54,2025-11-23 17:11:54,61.0
R0002163,S012,2025-11-23 12:41:48,2025-11-23 12:37:48,36.0
R0002164,S014,2025-11-23 19:07:44,2025-11-23 19:28:44,29.0
R0002165,S025,2025-11-23 14:39:31,2025-11-23 15:08:31,20.0
R0002166,S001,2025-11-23 07:58:28,2025-11-23 07:48:28,10.0
R0002167,S015,2025-11-23 13:54:16,2025-11-23 14:22:16,47.0
R0002168,S009,2025-11-23 12:48:40,2025-11-23 13:02:40,22.0
R0002169,S006,2025-11-23 12:53:34,2025-11-23 12:52:34,8.0
R0002170,S017,2025-11-23 08:48:32,2025-11-23 09:20:32,39.0
R0002171,S023,2025-11-23 12:18:20,,
R0002172,S025,2025-11-23 19:28:28,2025-11-23 19:52:28,16.0
R0002173,S011,2025-11-23 15:12:10,2025-11-23 15:34:10,14.0
R0002174,S002,2025-11-23 15:03:01,2025-11-23 14:59:01,16.0
R0002175,S009,2025-11-23 16:12:34,,
R0002176,S009,2025-11-23 21:32:17,,
R0002177,S028,2025-11-23 19:21:57,2025-11-23 19:41:57,35.0
R0002178,S009,2025-11-23 19:57:14,2025-11-23 20:18:14,19.0
R0002179,S030,2025-11-23 11:29:45,,
R0002180,S023,2025-11-23 18:57:56,2025-11-23 19:06:56,11.0
R0002181,S006,2025-11-23 15:00:09,2025-11-23 15:00:09,14.0
R0002182,S008,2025-11-23 12:17:25,2025-11-23 12:07:25,13.0
R0002183,S014,2025-11-23 12:44:17,2025-11-23 13:22:17,28.0
R0002184,S019,2025-11-23 10:15:32,2025-11-23 10:50:32,43.0
R0002185,S034,2025-11-23 14:44:22,2025-11-23 15:01:22,25.0
R0002186,S016,2025-11-23 20:13:54,2025-11-23 21:03:54,35.0
R0002187,S023,2025-11-23 11:08:27,2025-11-23 11:05:27,7.0
R0002188,S018,2025-11-23 07:28:29,2025-11-23 08:08:29,46.0
R0002189,S012,2025-11-23 13:54:05,2025-11-23 14:28:05,58.0
R0002190,S018,2025-11-23 20:24:26,2025-11-23 20:18:26,13.0
R0002191,S006,2025-11-23 14:01:46,2025-11-23 14:40:46,60.0
R0002192,S034,2025-11-23 14:50:11,2025-11-23 15:15:11,32.0
R0002193,S009,2025-11-23 12:50:42,2025-11-23 13:27:42,27.0
R0002194,S015,2025-11-23 08:08:09,2025-11-23 08:11:09,27.0
R0002195,S026,2025-11-23 22:32:29,2025-11-23 22:41:29,30.0
R0002196,S019,2025-11-23 21:44:50,2025-11-23 21:59:50,11.0
R0002197,S015,2025-11-23 21:54:38,2025-11-23 22:16:38,30.0
R0002198,S020,2025-11-23 21:29:56,,
R0002199,S008,2025-11-23 21:29:14,2025-11-23 21:41:14,8.0
R0002200,S034,2025-11-23 13:39:43,,
R0002201,S030,2025-11-23 11:50:40,2025-11-23 12:09:40,5.0
R0002202,S023,2025-11-23 21:50:14,2025-11-23 21:45:14,32.0
R0002203,S019,2025-11-23 12:12:59,,36.0
R0002204,S017,2025-11-23 18:42:47,,
R0002205,S011,2025-11-23 08:04:46,2025-11-23 08:08:46,29.0
R0002206,S007,2025-11-23 20:18:28,2025-11-23 21:29:28,65.0
R0002207,S023,2025-11-23 14:49:21,2025-11-23 14:57:21,23.0
R0002208,S030,2025-11-23 23:02:31,2025-11-23 23:23:31,33.0
R0002209,S032,2025-11-23 13:14:59,,12.0
R0002210,S028,2025-11-23 20:47:59,2025-11-23 21:24:59,27.0
R0002211,S034,2025-11-23 18:33:52,2025-11-23 19:02:52,30.0
R0002212,S006,2025-11-23 11:33:37,2025-11-23 12:48:37,50.0
R0002213,S008,2025-11-23 13:22:39,2025-11-23 13:20:39,6.0
R0002214,S005,2025-11-23 12:16:40,2025-11-23 11:56:40,5.0
R0002215,S023,2025-11-23 15:01:05,,27.0
R0002216,S007,2025-11-23 16:23:30,2025-11-23 16:11:30,12.0
R0002217,S007,2025-11-23 18:45:42,,
R0002218,S001,2025-11-23 13:11:04,2025-11-23 13:06:04,8.0
R0002219,S001,2025-11-23 15:34:28,2025-11-23 16:09:28,44.0
R0002220,S034,2025-11-23 14:28:20,,
R0002221,S034,2025-11-23 21:58:51,2025-11-23 22:08:51,27.0
R0002222,S029,2025-11-23 22:26:39,2025-11-23 22:40:39,24.0
R0002223,S017,2025-11-23 14:45:17,2025-11-23 15:08:17,24.0
R0002224,S028,2025-11-23 19:50:56,2025-11-23 19:38:56,21.0
R0002225,S020,2025-11-23 23:04:27,,
R0002226,S011,2025-11-23 18:42:21,2025-11-23 18:54:21,34.0
R0002227,S002,2025-11-23 14:21:14,2025-11-23 14:19:14,15.0
R0002228,S023,2025-11-23 18:47:44,,
R0002229,S006,2025-11-23 18:16:11,2025-11-23 18:37:11,15.0
R0002230,S016,2025-11-23 20:31:14,2025-11-23 20:40:14,10.0
R0002231,S005,2025-11-23 18:57:35,,
R0002232,S019,2025-11-23 12:01:31,2025-11-23 12:33:31,43.0
R0002233,S016,2025-11-23 07:50:26,2025-11-23 07:26:26,9.0
R0002234,S004,2025-11-23 08:02:07,,
R0002235,S018,2025-11-23 14:05:31,,20.0
R0002236,S006,2025-11-23 10:03:50,2025-11-23 09:51:50,8.0
R0002237,S025,2025-11-23 10:00:44,2025-11-23 09:58:44,22.0
R0002238,S028,2025-11-23 13:37:57,2025-11-23 13:49:57,22.0
R0002239,S019,2025-11-23 14:45:47,2025-11-23 15:08:47,29.0
R0002240,S028,2025-11-23 20:52:20,2025-11-23 20:44:20,24.0
R0002241,S005,2025-11-23 17:04:04,2025-11-23 17:12:04,12.0
R0002242,S009,2025-11-23 14:02:31,2025-11-23 14:44:31,50.0
R0002243,S034,2025-11-23 07:48:51,2025-11-23 07:38:51,26.0
R0002244,S032,2025-11-23 21:12:42,2025-11-23 21:31:42,8.0
R0002245,S019,2025-11-23 13:36:41,2025-11-23 13:54:41,42.0
R0002246,S034,2025-11-23 09:04:28,2025-11-23 09:22:28,20.0
R0002247,S016,2025-11-23 19:35:43,2025-11-23 20:29:43,41.0
R0002248,S001,2025-11-23 18:43:47,2025-11-23 18:39:47,6.0
R0002249,S029,2025-11-23 14:06:22,2025-11-23 14:18:22,20.0
R0002250,S028,2025-11-23 19:10:12,2025-11-23 19:12:12,27.0
R0002251,S004,2025-11-23 20:19:00,2025-11-23 20:45:00,9.0
R0002252,S034,2025-11-23 21:56:32,2025-11-23 22:03:32,12.0
R0002253,S030,2025-11-23 18:24:06,2025-11-23 18:53:06,31.0
R0002254,S028,2025-11-23 21:34:54,2025-11-23 21:47:54,22.0
R0002255,S025,2025-11-23 16:48:59,2025-11-23 17:01:59,16.0
R0002256,S012,2025-11-23 14:46:41,2025-11-23 14:54:41,41.0
R0002257,S005,2025-11-23 13:32:06,2025-11-23 13:12:06,10.0
R0002258,S005,2025-11-23 13:22:46,2025-11-23 14:46:46,75.0
R0002259,S026,2025-11-23 22:16:31,2025-11-23 22:50:31,28.0
R0002260,S023,2025-11-23 08:23:00,2025-11-23 08:10:00,13.0
R0002261,S028,2025-11-23 22:11:20,2025-11-23 22:06:20,29.0
R0002262,S007,2025-11-23 14:21:51,2025-11-23 14:39:51,13.0
R0002263,S032,2025-11-23 19:28:52,2025-11-23 19:47:52,25.0
R0002264,S032,2025-11-23 19:50:26,2025-11-23 20:19:26,34.0
R0002265,S008,2025-11-23 14:30:03,2025-11-23 14:36:03,18.0
R0002266,S011,2025-11-23 16:23:41,2025-11-23 16:47:41,43.0
R0002267,S014,2025-11-23 18:06:16,2025-11-23 18:37:16,23.0
R0002268,S002,2025-11-23 20:07:27,2025-11-23 19:30:27,6.0
R0002269,S034,2025-11-23 11:57:38,,
R0002270,S006,2025-11-23 19:15:19,2025-11-23 19:27:19,10.0
R0002271,S019,2025-11-23 15:21:43,2025-11-23 15:36:43,20.0
R0002272,S015,2025-11-23 11:55:12,2025-11-23 12:00:12,12.0
R0002273,S025,2025-11-23 07:54:32,2025-11-23 08:12:32,30.0
R0002274,S015,2025-11-23 09:12:41,2025-11-23 09:21:41,37.0
R0002275,S009,2025-11-23 22:09:45,2025-11-23 22:10:45,19.0
R0002276,S004,2025-11-23 11:31:44,2025-11-23 11:37:44,13.0
R0002277,S015,2025-11-23 11:41:31,2025-11-23 12:16:31,26.0
R0002278,S019,2025-11-23 18:03:40,2025-11-23 18:13:40,35.0
R0002279,S002,2025-11-23 17:40:39,2025-11-23 17:27:39,6.0
R0002280,S012,2025-11-23 17:35:04,,
R0002281,S009,2025-11-23 16:42:56,2025-11-23 17:20:56,38.0
R0002282,S030,2025-11-23 22:06:59,,
R0002283,S030,2025-11-23 11:35:04,2025-11-23 11:45:04,25.0
R0002284,S015,2025-11-23 22:05:06,2025-11-23 22:18:06,18.0
R0002285,S007,2025-11-23 19:28:24,2025-11-23 19:28:24,19.0
R0002286,S004,2025-11-23 13:11:02,2025-11-23 13:13:02,11.0
R0002287,S019,2025-11-23 19:24:42,2025-11-23 19:32:42,5.0
R0002288,S019,2025-11-23 13:54:56,2025-11-23 14:47:56,33.0
R0002289,S009,2025-11-23 13:14:25,2025-11-23 13:19:25,33.0
R0002290,S029,2025-11-23 19:15:13,2025-11-23 19:53:13,39.0
R0002291,S002,2025-11-23 19:35:39,2025-11-23 19:23:39,10.0
R0002292,S018,2025-11-23 10:24:03,2025-11-23 10:37:03,43.0
R0002293,S005,2025-11-23 19:15:21,2025-11-23 19:23:21,10.0
R0002294,S029,2025-11-23 09:57:01,2025-11-23 09:44:01,17.0
R0002295,S012,2025-11-23 19:02:03,2025-11-23 19:36:03,42.0
R0002296,S028,2025-11-23 15:07:24,,
R0002297,S018,2025-11-23 14:12:35,2025-11-23 14:52:35,33.0
R0002298,S025,2025-11-23 20:33:01,2025-11-23 20:56:01,26.0
R0002299,S005,2025-11-23 15:01:03,2025-11-23 15:11:03,13.0
R0002300,S006,2025-11-23 18:25:00,2025-11-23 18:29:00,9.0
R0002301,S030,2025-11-23 12:46:17,2025-11-23 13:05:17,29.0
R0002302,S016,2025-11-23 13:04:19,2025-11-23 13:32:19,29.0
R0002303,S007,2025-11-23 15:21:07,2025-11-23 16:33:07,63.0
R0002304,S030,2025-11-23 22:37:56,2025-11-23 22:49:56,23.0
R0002305,S026,2025-11-23 19:36:01,2025-11-23 19:56:01,15.0
R0002306,S030,2025-11-23 07:49:26,2025-11-23 07:59:26,12.0
R0002307,S014,2025-11-23 19:19:58,,
R0002308,S008,2025-11-23 20:14:51,2025-11-23 21:00:51,39.0
R0002309,S011,2025-11-23 18:49:19,2025-11-23 19:32:19,46.0
R0002310,S016,2025-11-23 13:53:51,,
R0002311,S012,2025-11-23 21:20:29,2025-11-23 21:39:29,35.0
R0002312,S007,2025-11-23 21:00:27,2025-11-23 21:05:27,13.0
R0002313,S023,2025-11-23 23:30:36,2025-11-23 23:44:36,26.0
R0002314,S026,2025-11-23 13:23:31,2025-11-23 13:46:31,38.0
R0002315,S030,2025-11-23 19:56:56,2025-11-23 20:05:56,22.0
R0002316,S014,2025-11-23 08:29:50,2025-11-23 08:57:50,43.0
R0002317,S023,2025-11-23 14:54:29,2025-11-23 14:54:29,14.0
R0002318,S001,2025-11-23 14:54:06,2025-11-23 15:43:06,60.0
R0002319,S002,2025-11-23 21:56:48,2025-11-23 22:03:48,12.0
R0002320,S007,2025-11-23 10:42:20,,
R0002321,S007,2025-11-23 08:18:37,2025-11-23 08:41:37,8.0
R0002322,S002,2025-11-23 11:49:26,2025-11-23 12:03:26,12.0
R0002323,S015,2025-11-23 18:11:41,2025-11-23 18:32:41,42.0
R0002324,S018,2025-11-23 16:17:51,2025-11-23 16:10:51,12.0
R0002325,S002,2025-11-23 13:10:09,2025-11-23 13:16:09,11.0
R0002326,S006,2025-11-23 21:03:52,,
R0002327,S023,2025-11-23 21:19:17,2025-11-23 21:43:17,28.0
R0002328,S001,2025-11-23 19:22:14,2025-11-23 19:44:14,16.0
R0002329,S017,2025-11-23 18:47:25,2025-11-23 19:07:25,19.0
R0002330,S008,2025-11-23 08:33:09,2025-11-23 09:42:09,51.0
R0002331,S016,2025-11-23 20:25:38,2025-11-23 20:42:38,26.0
R0002332,S028,2025-11-23 13:36:05,2025-11-23 14:13:05,24.0
R0002333,S023,2025-11-23 19:59:50,2025-11-23 20:13:50,26.0
R0002334,S020,2025-11-23 09:21:14,2025-11-23 09:41:14,16.0
R0002335,S016,2025-11-23 14:31:14,2025-11-23 15:15:14,40.0
R0002336,S026,2025-11-23 18:20:15,2025-11-23 18:29:15,30.0
R0002337,S018,2025-11-23 13:44:21,2025-11-23 14:28:21,48.0
R0002338,S030,2025-11-23 08:04:42,2025-11-23 08:30:42,29.0
R0002339,S028,2025-11-23 16:09:58,2025-11-23 16:16:58,21.0
R0002340,S001,2025-11-23 12:37:15,2025-11-23 12:53:15,13.0
R0002341,S012,2025-11-23 15:28:09,2025-11-23 15:53:09,48.0
R0002342,S014,2025-11-23 10:24:12,2025-11-23 10:42:12,22.0
R0002343,S007,2025-11-23 14:25:53,2025-11-23 14:26:53,8.0
R0002344,S034,2025-11-23 13:33:56,2025-11-23 13:26:56,13.0
R0002345,S018,2025-11-23 08:45:13,2025-11-23 09:18:13,45.0
R0002346,S034,2025-11-23 11:03:31,2025-11-23 11:13:31,36.0
R0002347,S023,2025-11-23 21:39:30,2025-11-23 21:43:30,7.0
R0002348,S009,2025-11-23 14:45:31,2025-11-23 15:01:31,30.0
R0002349,S005,2025-11-23 14:32:19,2025-11-23 14:35:19,4.0
R0002350,S002,2025-11-23 19:15:14,2025-11-23 19:42:14,11.0
R0002351,S012,2025-11-23 17:47:08,2025-11-23 18:27:08,33.0
R0002352,S001,2025-11-23 18:21:04,2025-11-23 18:32:04,11.0
R0002353,S015,2025-11-23 09:03:16,2025-11-23 09:14:16,32.0
R0002354,S006,2025-11-23 09:34:33,2025-11-23 10:30:33,67.0
R0002355,S007,2025-11-23 19:44:27,2025-11-23 19:42:27,3.0
R0002356,S018,2025-11-23 11:25:17,2025-11-23 12:14:17,40.0
R0002357,S015,2025-11-23 10:40:33,2025-11-23 10:53:33,31.0
R0002358,S020,2025-11-23 15:08:01,2025-11-23 15:38:01,27.0
R0002359,S019,2025-11-23 18:00:52,2025-11-23 18:10:52,30.0
R0002360,S017,2025-11-23 20:35:14,2025-11-23 21:06:14,19.0
R0002361,S026,2025-11-23 19:47:36,2025-11-23 20:23:36,23.0
R0002362,S006,2025-11-23 20:15:56,2025-11-23 21:26:56,67.0
R0002363,S014,2025-11-23 18:11:19,2025-11-23 19:14:19,43.0
R0002364,S002,2025-11-23 08:00:19,2025-11-23 08:56:19,64.0
R0002365,S008,2025-11-23 19:05:09,2025-11-23 19:10:09,3.0
R0002366,S004,2025-11-23 08:36:34,,
R0002367,S016,2025-11-23 12:24:41,,
R0002368,S018,2025-11-23 18:13:17,2025-11-23 18:37:17,35.0
R0002369,S015,2025-11-23 12:04:56,2025-11-23 12:45:56,-32.0
R0002370,S026,2025-11-23 14:16:44,2025-11-23 14:26:44,23.0
R0002371,S020,2025-11-23 20:04:08,2025-11-23 20:24:08,37.0
R0002372,S002,2025-11-23 21:30:34,2025-11-23 21:53:34,10.0
R0002373,S034,2025-11-23 14:06:40,2025-11-23 14:11:40,25.0
R0002374,S020,2025-11-23 09:52:27,2025-11-23 10:32:27,38.0
R0002375,S028,2025-11-23 21:44:39,2025-11-23 21:49:39,25.0
R0002376,S028,2025-11-23 22:44:46,2025-11-23 22:55:46,15.0
R0002377,S005,2025-11-23 15:13:52,2025-11-23 15:11:52,12.0
R0002378,S028,2025-11-23 11:49:33,,
R0002379,S002,2025-11-23 14:33:06,2025-11-23 14:54:06,13.0
R0002380,S012,2025-11-23 13:33:50,2025-11-23 13:51:50,23.0
R0002381,S018,2025-11-23 10:45:55,2025-11-23 11:09:55,25.0
R0002382,S006,2025-11-23 16:13:57,2025-11-23 16:19:57,14.0
R0002383,S016,2025-11-23 12:33:01,2025-11-23 13:09:01,49.0
R0002384,S006,2025-11-23 10:43:45,2025-11-23 10:47:45,8.0
R0002385,S006,2025-11-23 11:00:30,2025-11-23 10:44:30,12.0
R0002386,S004,2025-11-23 08:21:26,2025-11-23 09:11:26,67.0
R0002387,S012,2025-11-23 19:46:51,2025-11-23 20:28:51,45.0
R0002388,S032,2025-11-23 18:26:40,2025-11-23 18:46:40,24.0
R0002389,S029,2025-11-23 21:31:50,2025-11-23 22:07:50,26.0
R0002390,S023,2025-11-23 20:42:36,2025-11-23 20:37:36,11.0
R0002391,S015,2025-11-23 21:36:24,2025-11-23 21:58:24,38.0
R0002392,S032,2025-11-23 18:56:40,2025-11-23 19:24:40,24.0
R0002393,S006,2025-11-23 18:02:08,2025-11-23 17:48:08,11.0
R0002394,S006,2025-11-23 11:35:03,2025-11-23 12:30:03,41.0
R0002395,S006,2025-11-23 22:00:15,2025-11-23 22:21:15,15.0
R0002396,S030,2025-11-23 09:59:02,2025-11-23 10:05:02,28.0
R0002397,S018,2025-11-23 12:21:53,,35.0
R0002398,S006,2025-11-23 21:43:44,2025-11-23 22:16:44,42.0
R0002399,S019,2025-11-23 14:55:28,2025-11-23 15:09:28,32.0
R0002400,S030,2025-11-23 09:20:12,2025-11-23 09:26:12,25.0
R0002401,S011,2025-11-23 09:29:58,2025-11-23 09:57:58,12.0
R0002402,S009,2025-11-23 11:56:46,2025-11-23 12:10:46,18.0
R0002403,S018,2025-11-23 13:03:13,2025-11-23 13:41:13,38.0
R0002404,S006,2025-11-23 07:53:19,2025-11-23 08:05:19,10.0
R0002405,S017,2025-11-23 15:48:51,2025-11-23 16:21:51,34.0
R0002406,S017,2025-11-23 19:52:22,2025-11-23 20:06:22,36.0
R0002407,S034,2025-11-23 19:13:50,2025-11-23 19:35:50,23.0
R0002408,S026,2025-11-23 16:15:27,2025-11-23 16:49:27,26.0
R0002409,S028,2025-11-23 12:37:13,2025-11-23 13:02:13,25.0
R0002410,S029,2025-11-23 10:46:31,2025-11-23 10:56:31,16.0
R0002411,S002,2025-11-23 08:29:45,2025-11-23 08:41:45,10.0
R0002412,S030,2025-11-23 19:21:46,2025-11-23 19:37:46,28.0
R0002413,S005,2025-11-24 08:59:06,2025-11-24 10:36:06,76.0
R0002414,S009,2025-11-24 12:30:12,2025-11-24 12:33:12,13.0
R0002415,S006,2025-11-24 14:36:18,2025-11-24 14:47:18,15.0
R0002416,S025,2025-11-24 22:33:28,2025-11-24 23:05:28,29.0
R0002417,S023,2025-11-24 13:46:21,2025-11-24 13:45:21,17.0
R0002418,S014,2025-11-24 16:48:05,,43.0
R0002419,S034,2025-11-24 17:04:33,2025-11-24 16:55:33,27.0
R0002420,S002,2025-11-24 07:51:46,2025-11-24 07:26:46,11.0
R0002421,S014,2025-11-24 19:57:38,2025-11-24 20:17:38,37.0
R0002422,S008,2025-11-24 11:06:08,2025-11-24 10:56:08,11.0
R0002423,S026,2025-11-24 15:09:36,,26.0
R0002424,S015,2025-11-24 20:57:42,2025-11-24 21:15:42,32.0
R0002425,S034,2025-11-24 12:17:40,2025-11-24 13:02:40,30.0
R0002426,S014,2025-11-24 17:00:41,2025-11-24 17:26:41,26.0
R0002427,S009,2025-11-24 19:58:18,2025-11-24 20:43:18,36.0
R0002428,S011,2025-11-24 09:59:35,2025-11-24 10:49:35,28.0
R0002429,S026,2025-11-24 18:42:34,2025-11-24 19:28:34,20.0
R0002430,S009,2025-11-24 14:22:06,2025-11-24 15:40:06,58.0
R0002431,S010,2025-11-24 12:36:13,2025-11-24 13:13:13,47.0
R0002432,S034,2025-11-24 07:54:08,2025-11-24 08:43:08,31.0
R0002433,S026,2025-11-24 13:03:55,2025-11-24 13:26:55,36.0
R0002434,S008,2025-11-24 19:27:29,2025-11-24 19:03:29,13.0
R0002435,S003,2025-11-24 10:08:10,2025-11-24 11:17:10,67.0
R0002436,S034,2025-11-24 18:36:34,,17.0
R0002437,S011,2025-11-24 08:14:52,2025-11-24 08:14:52,10.0
R0002438,S002,2025-11-24 14:11:10,2025-11-24 14:04:10,5.0
R0002439,S023,2025-11-24 14:07:10,2025-11-24 14:22:10,30.0
R0002440,S025,2025-11-24 08:02:19,2025-11-24 08:20:19,16.0
R0002441,S003,2025-11-24 21:41:53,2025-11-24 21:26:53,9.0
R0002442,S023,2025-11-24 23:10:03,2025-11-24 23:06:03,31.0
R0002443,S025,2025-11-24 07:52:44,2025-11-24 08:00:44,-16.0
R0002444,S014,2025-11-24 08:26:40,2025-11-24 09:01:40,35.0
R0002445,S011,2025-11-24 18:46:18,2025-11-24 19:34:18,40.0
R0002446,S006,2025-11-24 20:45:08,,16.0
R0002447,S005,2025-11-24 14:07:50,2025-11-24 14:55:50,57.0
R0002448,S005,2025-11-24 13:59:29,2025-11-24 14:09:29,11.0
R0002449,S014,2025-11-24 08:17:20,2025-11-24 08:45:20,25.0
R0002450,S006,2025-11-24 08:42:47,2025-11-24 09:14:47,40.0
R0002451,S034,2025-11-24 21:49:03,2025-11-24 22:13:03,13.0
R0002452,S006,2025-11-24 14:16:40,2025-11-24 14:17:40,10.0
R0002453,S005,2025-11-24 13:23:41,2025-11-24 13:20:41,11.0
R0002454,S013,2025-11-24 15:46:42,2025-11-24 16:07:42,18.0
R0002455,S010,2025-11-24 11:43:51,2025-11-24 11:51:51,23.0
R0002456,S013,2025-11-24 14:19:35,2025-11-24 14:38:35,41.0
R0002457,S014,2025-11-24 19:05:42,2025-11-24 19:07:42,28.0
R0002458,S005,2025-11-24 21:54:44,2025-11-24 21:48:44,11.0
R0002459,S002,2025-11-24 10:04:31,2025-11-24 09:55:31,13.0
R0002460,S011,2025-11-24 22:12:21,,
R0002461,S027,2025-11-24 12:48:41,2025-11-24 13:17:41,34.0
R0002462,S005,2025-11-24 22:31:40,2025-11-24 23:04:40,50.0
R0002463,S014,2025-11-24 19:24:11,2025-11-24 19:28:11,30.0
R0002464,S005,2025-11-24 11:06:23,2025-11-24 11:31:23,11.0
R0002465,S019,2025-11-24 16:12:54,2025-11-24 16:48:54,47.0
R0002466,S013,2025-11-24 19:21:09,2025-11-24 19:25:09,37.0
R0002467,S032,2025-11-24 07:58:26,2025-11-24 08:19:26,27.0
R0002468,S025,2025-11-24 17:36:24,2025-11-24 18:14:24,27.0
R0002469,S015,2025-11-24 13:27:22,2025-11-24 13:52:22,37.0
R0002470,S026,2025-11-24 22:18:06,2025-11-24 22:51:06,33.0
R0002471,S003,2025-11-24 10:45:03,2025-11-24 10:54:03,11.0
R0002472,S013,2025-11-24 13:58:15,2025-11-24 13:58:15,30.0
R0002473,S034,2025-11-24 13:10:43,2025-11-24 13:11:43,14.0
R0002474,S006,2025-11-24 09:10:11,2025-11-24 09:28:11,10.0
R0002475,S010,2025-11-24 10:16:27,2025-11-24 10:30:27,38.0
R0002476,S019,2025-11-24 21:51:25,,
R0002477,S015,2025-11-24 20:08:46,2025-11-24 21:15:46,45.0
R0002478,S002,2025-11-24 16:29:24,2025-11-24 17:12:24,24.0
R0002479,S019,2025-11-24 21:20:24,2025-11-24 21:44:24,24.0
R0002480,S027,2025-11-24 12:41:07,,15.0
R0002481,S006,2025-11-24 13:56:44,2025-11-24 13:53:44,12.0
R0002482,S002,2025-11-24 19:30:31,2025-11-24 19:28:31,12.0
R0002483,S025,2025-11-24 14:32:42,2025-11-24 14:56:42,12.0
R0002484,S009,2025-11-24 22:33:29,2025-11-24 23:23:29,47.0
R0002485,S002,2025-11-24 20:14:34,2025-11-24 20:25:34,42.0
R0002486,S032,2025-11-24 20:01:26,,
R0002487,S027,2025-11-24 17:29:31,2025-11-24 17:41:31,26.0
R0002488,S008,2025-11-24 20:51:54,,12.0
R0002489,S006,2025-11-24 16:43:28,2025-11-24 16:36:28,11.0
R0002490,S011,2025-11-24 20:57:46,,
R0002491,S010,2025-11-24 14:03:16,2025-11-24 14:49:16,29.0
R0002492,S008,2025-11-24 19:24:18,2025-11-24 19:10:18,7.0
R0002493,S005,2025-11-24 14:52:39,2025-11-24 15:08:39,15.0
R0002494,S008,2025-11-24 21:16:18,2025-11-24 21:06:18,11.0
R0002495,S034,2025-11-24 20:21:06,2025-11-24 20:13:06,27.0
R0002496,S013,2025-11-24 07:50:56,2025-11-24 08:25:56,27.0
R0002497,S006,2025-11-24 14:29:24,2025-11-24 14:15:24,10.0
R0002498,S015,2025-11-24 12:07:14,2025-11-24 12:56:14,41.0
R0002499,S011,2025-11-24 22:28:38,2025-11-24 22:44:38,34.0
R0002500,S014,2025-11-24 14:14:51,2025-11-24 14:07:51,14.0
R0002501,S011,2025-11-24 17:41:51,2025-11-24 17:42:51,35.0
R0002502,S011,2025-11-24 08:30:15,2025-11-24 08:26:15,29.0
R0002503,S010,2025-11-24 13:22:01,2025-11-24 13:29:01,26.0
R0002504,S032,2025-11-24 11:52:54,2025-11-24 12:09:54,20.0
R0002505,S032,2025-11-24 14:19:45,2025-11-24 14:28:45,15.0
R0002506,S009,2025-11-24 18:56:46,2025-11-24 19:38:46,38.0
R0002507,S002,2025-11-24 18:46:11,2025-11-24 18:34:11,5.0
R0002508,S034,2025-11-24 22:18:48,2025-11-24 22:35:48,24.0
R0002509,S032,2025-11-24 19:01:53,2025-11-24 18:57:53,30.0
R0002510,S023,2025-11-24 08:26:59,2025-11-24 08:14:59,9.0
R0002511,S026,2025-11-24 21:46:15,2025-11-24 21:48:15,14.0
R0002512,S002,2025-11-24 16:07:34,2025-11-24 16:15:34,7.0
R0002513,S002,2025-11-24 19:32:07,2025-11-24 19:19:07,15.0
R0002514,S010,2025-11-24 19:27:32,,
R0002515,S005,2025-11-24 10:01:35,2025-11-24 10:02:35,22.0
R0002516,S003,2025-11-24 19:21:01,2025-11-24 19:17:01,11.0
R0002517,S005,2025-11-24 20:00:11,2025-11-24 19:45:11,3.0
R0002518,S011,2025-11-24 19:34:50,2025-11-24 20:21:50,29.0
R0002519,S015,2025-11-24 19:58:35,,
R0002520,S010,2025-11-24 21:15:18,2025-11-24 21:46:18,48.0
R0002521,S014,2025-11-24 08:49:52,2025-11-24 09:23:52,38.0
R0002522,S011,2025-11-24 19:38:12,2025-11-24 19:54:12,23.0
R0002523,S019,2025-11-24 19:09:45,2025-11-24 19:01:45,28.0
R0002524,S002,2025-11-24 18:46:29,2025-11-24 19:51:29,67.0
R0002525,S003,2025-11-24 21:33:11,2025-11-24 21:45:11,37.0
R0002526,S023,2025-11-24 13:49:37,2025-11-24 14:04:37,23.0
R0002527,S032,2025-11-24 19:41:36,2025-11-24 20:02:36,15.0
R0002528,S014,2025-11-24 14:10:55,2025-11-24 14:28:55,32.0
R0002529,S032,2025-11-24 21:54:41,2025-11-24 22:15:41,26.0
R0002530,S009,2025-11-24 23:02:53,2025-11-24 23:29:53,31.0
R0002531,S006,2025-11-24 20:38:53,2025-11-24 21:27:53,61.0
R0002532,S014,2025-11-24 20:03:17,2025-11-24 20:50:17,27.0
R0002533,S008,2025-11-24 13:34:27,2025-11-24 14:10:27,13.0
R0002534,S011,2025-11-24 21:59:56,2025-11-24 22:35:56,36.0
R0002535,S015,2025-11-24 07:36:00,2025-11-24 07:43:00,19.0
R0002536,S002,2025-11-24 11:12:21,2025-11-24 11:40:21,47.0
R0002537,S013,2025-11-24 11:10:52,2025-11-24 11:46:52,39.0
R0002538,S011,2025-11-24 12:14:50,2025-11-24 12:30:50,48.0
R0002539,S008,2025-11-24 11:32:40,2025-11-24 11:31:40,6.0
R0002540,S005,2025-11-24 16:51:01,2025-11-24 17:19:01,42.0
R0002541,S005,2025-11-24 21:16:30,,11.0
R0002542,S011,2025-11-24 19:39:00,2025-11-24 20:35:00,44.0
R0002543,S015,2025-11-24 12:28:09,2025-11-24 12:49:09,36.0
R0002544,S009,2025-11-24 18:58:12,2025-11-24 19:47:12,39.0
R0002545,S008,2025-11-24 19:15:35,2025-11-24 19:02:35,13.0
R0002546,S002,2025-11-24 19:38:26,2025-11-24 19:17:26,10.0
R0002547,S010,2025-11-24 21:50:51,2025-11-24 22:05:51,45.0
R0002548,S005,2025-11-24 15:25:57,2025-11-24 16:05:57,52.0
R0002549,S006,2025-11-24 19:29:57,2025-11-24 19:18:57,12.0
R0002550,S027,2025-11-24 18:44:47,2025-11-24 19:25:47,17.0
R0002551,S034,2025-11-24 08:59:38,2025-11-24 09:36:38,23.0
R0002552,S013,2025-11-24 14:31:55,2025-11-24 14:44:55,18.0
R0002553,S025,2025-11-24 11:42:24,2025-11-24 11:52:24,10.0
R0002554,S014,2025-11-24 14:45:25,2025-11-24 15:09:25,34.0
R0002555,S026,2025-11-24 12:27:34,2025-11-24 12:25:34,20.0
R0002556,S006,2025-11-24 19:41:00,2025-11-24 19:43:00,11.0
R0002557,S011,2025-11-24 14:35:29,2025-11-24 15:06:29,23.0
R0002558,S019,2025-11-24 11:42:30,2025-11-24 12:19:30,43.0
R0002559,S015,2025-11-24 21:42:24,2025-11-24 22:13:24,36.0
R0002560,S005,2025-11-24 20:01:40,2025-11-24 20:29:40,10.0
R0002561,S008,2025-11-24 10:18:50,,
R0002562,S009,2025-11-24 18:27:30,2025-11-24 18:44:30,16.0
R0002563,S026,2025-11-24 07:27:28,2025-11-24 07:19:28,9.0
R0002564,S023,2025-11-24 19:52:06,,
R0002565,S025,2025-11-24 12:50:46,2025-11-24 12:59:46,21.0
R0002566,S010,2025-11-24 11:30:03,,
R0002567,S005,2025-11-24 21:54:05,2025-11-24 21:46:05,10.0
R0002568,S009,2025-11-24 14:35:44,2025-11-24 15:14:44,17.0
R0002569,S008,2025-11-24 12:23:29,,
R0002570,S019,2025-11-24 20:51:39,2025-11-24 20:37:39,27.0
R0002571,S008,2025-11-24 09:07:22,2025-11-24 09:40:22,55.0
R0002572,S009,2025-11-24 17:30:18,2025-11-24 18:06:18,22.0
R0002573,S006,2025-11-24 18:34:24,2025-11-24 19:07:24,15.0
R0002574,S027,2025-11-24 13:49:39,,
R0002575,S010,2025-11-24 09:54:13,2025-11-24 10:02:13,24.0
R0002576,S003,2025-11-24 21:00:54,2025-11-24 21:03:54,13.0
R0002577,S011,2025-11-24 21:17:39,2025-11-24 22:00:39,48.0
R0002578,S026,2025-11-24 20:41:18,2025-11-24 21:25:18,32.0
R0002579,S010,2025-11-24 16:10:14,2025-11-24 16:22:14,30.0
R0002580,S027,2025-11-24 11:15:52,2025-11-24 11:45:52,28.0
R0002581,S015,2025-11-24 09:30:00,2025-11-24 10:09:00,25.0
R0002582,S006,2025-11-24 12:28:31,,
R0002583,S011,2025-11-24 20:39:40,2025-11-24 21:05:40,49.0
R0002584,S002,2025-11-24 21:32:37,2025-11-24 22:10:37,9.0
R0002585,S003,2025-11-24 21:14:47,2025-11-24 22:30:47,74.0
R0002586,S005,2025-11-24 20:43:33,2025-11-24 20:56:33,31.0
R0002587,S032,2025-11-24 23:07:44,2025-11-24 23:38:44,25.0
R0002588,S015,2025-11-24 18:41:41,2025-11-24 19:45:41,44.0
R0002589,S003,2025-11-24 12:51:57,2025-11-24 12:29:57,10.0
R0002590,S034,2025-11-24 10:23:46,2025-11-24 10:30:46,23.0
R0002591,S034,2025-11-24 11:37:19,2025-11-24 12:07:19,30.0
R0002592,S026,2025-11-24 19:53:31,2025-11-24 19:55:31,30.0
R0002593,S015,2025-11-24 07:17:52,,34.0
R0002594,S003,2025-11-24 21:52:17,2025-11-24 21:39:17,-10.0
R0002595,S015,2025-11-24 19:36:03,2025-11-24 20:26:03,38.0
R0002596,S008,2025-11-24 19:13:41,2025-11-24 19:13:41,13.0
R0002597,S026,2025-11-24 23:20:33,2025-11-24 23:23:33,26.0
R0002598,S015,2025-11-24 19:10:22,,
R0002599,S034,2025-11-24 12:01:18,2025-11-24 12:14:18,22.0
R0002600,S010,2025-11-24 20:24:12,2025-11-24 20:38:12,46.0
R0002601,S015,2025-11-24 12:17:03,2025-11-24 12:31:03,32.0
R0002602,S003,2025-11-24 18:49:29,2025-11-24 19:06:29,16.0
R0002603,S006,2025-11-24 18:47:46,2025-11-24 18:58:46,11.0
R0002604,S032,2025-11-24 14:28:57,,27.0
R0002605,S019,2025-11-24 17:57:39,2025-11-24 18:10:39,35.0
R0002606,S025,2025-11-24 19:47:09,2025-11-24 20:07:09,21.0
R0002607,S008,2025-11-24 21:40:44,2025-11-24 21:37:44,8.0
R0002608,S027,2025-11-24 20:26:42,2025-11-24 20:46:42,24.0
R0002609,S015,2025-11-24 22:26:39,2025-11-24 22:46:39,31.0
R0002610,S019,2025-11-24 17:00:46,2025-11-24 17:22:46,34.0
R0002611,S015,2025-11-24 19:10:45,2025-11-24 19:27:45,30.0
R0002612,S010,2025-11-24 11:39:59,2025-11-24 12:19:59,36.0
R0002613,S009,2025-11-24 07:42:27,2025-11-24 08:44:27,45.0
R0002614,S003,2025-11-24 12:19:34,2025-11-24 11:59:34,13.0
R0002615,S005,2025-11-24 10:07:06,2025-11-24 10:26:06,9.0
R0002616,S008,2025-11-24 08:08:23,2025-11-24 07:56:23,7.0
R0002617,S008,2025-11-24 09:19:49,,38.0
R0002618,S008,2025-11-24 09:41:33,2025-11-24 10:33:33,64.0
R0002619,S014,2025-11-24 18:00:24,,
R0002620,S015,2025-11-24 17:15:50,,31.0
R0002621,S032,2025-11-24 18:35:23,2025-11-24 18:43:23,24.0
R0002622,S014,2025-11-24 13:25:30,2025-11-24 13:47:30,39.0
R0002623,S006,2025-11-24 14:50:52,2025-11-24 16:13:52,68.0
R0002624,S006,2025-11-24 18:19:36,2025-11-24 18:26:36,13.0
R0002625,S009,2025-11-24 19:44:56,2025-11-24 19:52:56,19.0
R0002626,S011,2025-11-24 11:39:20,2025-11-24 12:08:20,39.0
R0002627,S025,2025-11-24 07:59:10,2025-11-24 07:56:10,18.0
R0002628,S032,2025-11-24 15:42:52,2025-11-24 16:12:52,21.0
R0002629,S006,2025-11-24 11:31:15,,
R0002630,S026,2025-11-24 17:58:45,2025-11-24 18:27:45,28.0
R0002631,S019,2025-11-24 12:35:41,2025-11-24 13:21:41,36.0
R0002632,S009,2025-11-25 09:04:03,2025-11-25 09:11:03,30.0
R0002633,S003,2025-11-25 19:13:05,2025-11-25 19:08:05,8.0
R0002634,S032,2025-11-25 20:10:25,2025-11-25 20:54:25,29.0
R0002635,S003,2025-11-25 22:00:10,2025-11-25 21:41:10,10.0
R0002636,S027,2025-11-25 20:20:42,2025-11-25 20:11:42,18.0
R0002637,S026,2025-11-25 19:49:03,2025-11-25 19:58:03,21.0
R0002638,S006,2025-11-25 12:11:45,,15.0
R0002639,S015,2025-11-25 12:59:23,2025-11-25 13:08:23,31.0
R0002640,S026,2025-11-25 17:38:23,2025-11-25 17:49:23,21.0
R0002641,S015,2025-11-25 09:44:25,2025-11-25 10:11:25,40.0
R0002642,S013,2025-11-25 22:50:30,,
R0002643,S021,2025-11-25 17:59:49,,
R0002644,S006,2025-11-25 13:25:42,2025-11-25 13:26:42,13.0
R0002645,S026,2025-11-25 13:55:22,,
R0002646,S009,2025-11-25 18:57:13,2025-11-25 19:48:13,51.0
R0002647,S003,2025-11-25 15:00:34,2025-11-25 15:25:34,11.0
R0002648,S004,2025-11-25 14:47:31,2025-11-25 14:32:31,8.0
R0002649,S017,2025-11-25 12:05:58,2025-11-25 12:20:58,30.0
R0002650,S011,2025-11-25 09:27:37,2025-11-25 10:07:37,26.0
R0002651,S003,2025-11-25 20:43:09,,
R0002652,S017,2025-11-25 10:25:19,2025-11-25 10:31:19,17.0
R0002653,S007,2025-11-25 16:52:10,2025-11-25 17:07:10,-11.0
R0002654,S004,2025-11-25 15:04:41,2025-11-25 15:17:41,6.0
R0002655,S025,2025-11-25 10:36:57,2025-11-25 10:47:57,35.0
R0002656,S007,2025-11-25 11:36:21,2025-11-25 11:46:21,15.0
R0002657,S010,2025-11-25 13:23:20,2025-11-25 13:33:20,41.0
R0002658,S017,2025-11-25 20:19:58,2025-11-25 20:34:58,25.0
R0002659,S009,2025-11-25 21:10:55,2025-11-25 22:05:55,35.0
R0002660,S010,2025-11-25 20:18:21,2025-11-25 20:54:21,42.0
R0002661,S003,2025-11-25 07:19:05,2025-11-25 07:28:05,6.0
R0002662,S016,2025-11-25 17:11:39,2025-11-25 17:38:39,30.0
R0002663,S006,2025-11-25 13:49:14,,
R0002664,S011,2025-11-25 16:51:09,2025-11-25 17:25:09,39.0
R0002665,S017,2025-11-25 07:48:23,2025-11-25 08:38:23,46.0
R0002666,S026,2025-11-25 10:32:00,2025-11-25 10:40:00,21.0
R0002667,S013,2025-11-25 16:51:15,2025-11-25 17:34:15,-46.0
R0002668,S004,2025-11-25 15:31:26,2025-11-25 15:25:26,9.0
R0002669,S025,2025-11-25 19:42:37,,
R0002670,S007,2025-11-25 13:20:25,2025-11-25 13:45:25,9.0
R0002671,S010,2025-11-25 13:43:28,2025-11-25 14:00:28,32.0
R0002672,S002,2025-11-25 20:28:50,2025-11-25 20:40:50,15.0
R0002673,S004,2025-11-25 10:37:39,2025-11-25 10:32:39,15.0
R0002674,S032,2025-11-25 12:53:39,2025-11-25 13:24:39,18.0
R0002675,S006,2025-11-25 20:12:59,2025-11-25 20:15:59,10.0
R0002676,S002,2025-11-25 14:17:46,2025-11-25 14:34:46,18.0
R0002677,S009,2025-11-25 17:18:51,2025-11-25 17:43:51,35.0
R0002678,S031,2025-11-25 10:37:43,2025-11-25 10:39:43,23.0
R0002679,S002,2025-11-25 09:06:03,2025-11-25 09:26:03,6.0
R0002680,S031,2025-11-25 16:59:46,2025-11-25 17:14:46,25.0
R0002681,S010,2025-11-25 18:23:35,2025-11-25 18:55:35,15.0
R0002682,S013,2025-11-25 12:14:18,2025-11-25 13:04:18,38.0
R0002683,S017,2025-11-25 15:37:04,2025-11-25 16:22:04,36.0
R0002684,S032,2025-11-25 20:27:33,2025-11-25 21:10:33,38.0
R0002685,S009,2025-11-25 13:14:12,2025-11-25 13:42:12,35.0
R0002686,S010,2025-11-25 19:22:54,,
R0002687,S003,2025-11-25 15:08:27,2025-11-25 14:53:27,12.0
R0002688,S006,2025-11-25 12:58:32,2025-11-25 13:10:32,13.0
R0002689,S010,2025-11-25 08:39:43,2025-11-25 09:16:43,21.0
R0002690,S009,2025-11-25 19:40:44,2025-11-25 20:15:44,29.0
R0002691,S006,2025-11-25 13:32:41,2025-11-25 13:12:41,9.0
R0002692,S016,2025-11-25 23:10:18,2025-11-25 23:47:18,29.0
R0002693,S027,2025-11-25 14:59:23,,
R0002694,S026,2025-11-25 08:59:12,2025-11-25 09:42:12,32.0
R0002695,S011,2025-11-25 16:06:14,2025-11-25 16:20:14,30.0
R0002696,S021,2025-11-25 08:42:11,,
R0002697,S003,2025-11-25 12:45:15,2025-11-25 12:38:15,6.0
R0002698,S004,2025-11-25 18:10:18,2025-11-25 18:24:18,12.0
R0002699,S032,2025-11-25 17:17:27,2025-11-25 17:30:27,7.0
R0002700,S006,2025-11-25 21:48:43,2025-11-25 22:54:43,88.0
R0002701,S032,2025-11-25 12:26:37,2025-11-25 12:36:37,25.0
R0002702,S031,2025-11-25 22:32:55,2025-11-25 22:18:55,22.0
R0002703,S025,2025-11-25 17:25:46,2025-11-25 17:15:46,17.0
R0002704,S016,2025-11-25 14:15:52,2025-11-25 14:38:52,25.0
R0002705,S017,2025-11-25 20:15:54,2025-11-25 20:33:54,43.0
R0002706,S007,2025-11-25 13:13:19,2025-11-25 12:56:19,12.0
R0002707,S017,2025-11-25 14:04:32,2025-11-25 14:07:32,35.0
R0002708,S009,2025-11-25 13:31:55,,
R0002709,S021,2025-11-25 22:08:48,2025-11-25 22:22:48,37.0
R0002710,S027,2025-11-25 11:58:08,2025-11-25 12:29:08,22.0
R0002711,S025,2025-11-25 09:10:40,2025-11-25 09:23:40,30.0
R0002712,S017,2025-11-25 10:41:01,2025-11-25 11:22:01,26.0
R0002713,S007,2025-11-25 18:53:43,2025-11-25 19:25:43,10.0
R0002714,S003,2025-11-25 20:17:02,2025-11-25 20:15:02,12.0
R0002715,S015,2025-11-25 15:54:47,2025-11-25 16:44:47,41.0
R0002716,S026,2025-11-25 20:05:30,2025-11-25 20:16:30,34.0
R0002717,S017,2025-11-25 08:30:12,2025-11-25 09:26:12,38.0
R0002718,S007,2025-11-25 16:31:15,2025-11-25 16:52:15,6.0
R0002719,S013,2025-11-25 11:35:52,2025-11-25 12:32:52,40.0
R0002720,S006,2025-11-25 22:08:27,2025-11-25 22:14:27,6.0
R0002721,S004,2025-11-25 19:56:25,2025-11-25 20:11:25,18.0
R0002722,S003,2025-11-25 22:25:00,2025-11-25 22:10:00,13.0
R0002723,S029,2025-11-25 11:29:53,2025-11-25 11:45:53,28.0
R0002724,S004,2025-11-25 11:54:49,2025-11-25 12:33:49,51.0
R0002725,S007,2025-11-25 20:47:27,2025-11-25 20:42:27,5.0
R0002726,S009,2025-11-25 12:34:57,2025-11-25 13:06:57,38.0
R0002727,S003,2025-11-25 12:03:44,2025-11-25 11:39:44,10.0
R0002728,S015,2025-11-25 21:42:39,2025-11-25 22:11:39,43.0
R0002729,S026,2025-11-25 13:37:26,2025-11-25 14:08:26,24.0
R0002730,S034,2025-11-25 18:49:56,2025-11-25 18:26:56,11.0
R0002731,S027,2025-11-25 11:32:02,2025-11-25 11:42:02,30.0
R0002732,S011,2025-11-25 16:37:47,2025-11-25 17:16:47,29.0
R0002733,S004,2025-11-25 16:29:25,2025-11-25 16:31:25,6.0
R0002734,S006,2025-11-25 08:03:02,2025-11-25 08:23:02,10.0
R0002735,S007,2025-11-25 10:02:43,2025-11-25 09:53:43,10.0
R0002736,S029,2025-11-25 22:16:33,2025-11-25 22:19:33,18.0
R0002737,S002,2025-11-25 22:40:32,2025-11-25 23:31:32,49.0
R0002738,S029,2025-11-25 07:44:06,2025-11-25 07:58:06,17.0
R0002739,S006,2025-11-25 18:30:40,2025-11-25 18:41:40,9.0
R0002740,S013,2025-11-25 11:25:22,2025-11-25 11:18:22,32.0
R0002741,S027,2025-11-25 11:29:38,2025-11-25 11:36:38,21.0
R0002742,S032,2025-11-25 13:39:02,,
R0002743,S029,2025-11-25 21:30:45,2025-11-25 22:00:45,34.0
R0002744,S031,2025-11-25 22:29:12,2025-11-25 22:32:12,26.0
R0002745,S015,2025-11-25 09:12:48,,
R0002746,S025,2025-11-25 12:38:18,2025-11-25 12:46:18,33.0
R0002747,S017,2025-11-25 22:07:10,2025-11-25 22:32:10,39.0
R0002748,S026,2025-11-25 13:49:51,2025-11-25 14:18:51,12.0
R0002749,S003,2025-11-25 13:27:39,2025-11-25 14:17:39,51.0
R0002750,S025,2025-11-25 19:26:13,2025-11-25 19:45:13,27.0
R0002751,S003,2025-11-25 11:00:18,2025-11-25 11:20:18,14.0
R0002752,S029,2025-11-25 18:27:08,2025-11-25 19:11:08,19.0
R0002753,S031,2025-11-25 20:34:42,2025-11-25 20:58:42,24.0
R0002754,S027,2025-11-25 13:49:54,2025-11-25 14:17:54,30.0
R0002755,S031,2025-11-25 15:36:57,2025-11-25 15:48:57,29.0
R0002756,S002,2025-11-25 21:20:50,2025-11-25 21:27:50,12.0
R0002757,S032,2025-11-25 08:47:54,,
R0002758,S009,2025-11-25 20:58:24,2025-11-25 21:17:24,29.0
R0002759,S029,2025-11-25 11:32:55,2025-11-25 11:51:55,36.0
R0002760,S006,2025-11-25 09:45:47,2025-11-25 10:07:47,14.0
R0002761,S011,2025-11-25 21:17:43,2025-11-25 21:34:43,21.0
R0002762,S026,2025-11-25 19:40:06,2025-11-25 19:46:06,11.0
R0002763,S013,2025-11-25 20:03:34,2025-11-25 20:20:34,34.0
R0002764,S015,2025-11-25 12:46:55,2025-11-25 12:39:55,19.0
R0002765,S031,2025-11-25 12:57:28,,
R0002766,S006,2025-11-25 15:21:29,2025-11-25 16:24:29,74.0
R0002767,S015,2025-11-25 09:37:29,2025-11-25 10:02:29,17.0
R0002768,S029,2025-11-25 22:11:51,2025-11-25 22:07:51,12.0
R0002769,S009,2025-11-25 10:18:09,2025-11-25 10:25:09,34.0
R0002770,S009,2025-11-25 16:45:08,2025-11-25 16:42:08,30.0
R0002771,S006,2025-11-25 20:51:08,2025-11-25 20:42:08,2.0
R0002772,S011,2025-11-25 23:17:35,2025-11-25 23:57:35,58.0
R0002773,S029,2025-11-25 18:26:52,2025-11-25 18:37:52,21.0
R0002774,S006,2025-11-25 21:05:17,2025-11-25 21:39:17,15.0
R0002775,S034,2025-11-25 11:51:25,2025-11-25 12:11:25,32.0
R0002776,S015,2025-11-25 20:27:44,2025-11-25 20:41:44,29.0
R0002777,S007,2025-11-25 18:27:09,2025-11-25 19:01:09,11.0
R0002778,S034,2025-11-25 07:57:08,2025-11-25 07:35:08,12.0
R0002779,S021,2025-11-25 15:41:05,2025-11-25 15:48:05,23.0
R0002780,S015,2025-11-25 14:25:58,2025-11-25 14:49:58,33.0
R0002781,S021,2025-11-25 10:11:50,2025-11-25 10:52:50,41.0
R0002782,S025,2025-11-25 13:21:49,,
R0002783,S032,2025-11-25 08:33:36,2025-11-25 09:02:36,20.0
R0002784,S002,2025-11-25 13:03:39,2025-11-25 13:22:39,14.0
R0002785,S013,2025-11-25 22:09:07,2025-11-25 22:15:07,18.0
R0002786,S006,2025-11-25 22:29:58,2025-11-25 22:33:58,5.0
R0002787,S032,2025-11-25 23:07:57,2025-11-25 23:27:57,21.0
R0002788,S010,2025-11-25 19:15:03,2025-11-25 19:37:03,28.0
R0002789,S002,2025-11-25 18:50:26,2025-11-25 19:02:26,36.0
R0002790,S021,2025-11-25 12:05:27,,
R0002791,S009,2025-11-25 12:03:51,2025-11-25 12:32:51,32.0
R0002792,S029,2025-11-25 18:32:51,2025-11-25 18:48:51,33.0
R0002793,S029,2025-11-25 11:01:49,2025-11-25 10:49:49,9.0
R0002794,S017,2025-11-25 13:09:52,2025-11-25 13:21:52,39.0
R0002795,S015,2025-11-25 16:11:12,2025-11-25 16:49:12,30.0
R0002796,S004,2025-11-25 11:28:31,2025-11-25 11:46:31,15.0
R0002797,S009,2025-11-25 13:51:16,2025-11-25 14:17:16,32.0
R0002798,S017,2025-11-25 11:48:39,2025-11-25 12:17:39,42.0
R0002799,S011,2025-11-25 21:06:22,2025-11-25 21:46:22,46.0
R0002800,S007,2025-11-25 23:02:43,2025-11-25 23:34:43,13.0
R0002801,S004,2025-11-25 21:45:04,2025-11-25 22:46:04,76.0
R0002802,S027,2025-11-25 12:08:02,2025-11-25 12:25:02,24.0
R0002803,S026,2025-11-25 07:49:53,2025-11-25 08:05:53,38.0
R0002804,S016,2025-11-25 21:28:38,2025-11-25 21:46:38,32.0
R0002805,S010,2025-11-25 19:54:44,2025-11-25 20:05:44,38.0
R0002806,S017,2025-11-25 10:26:37,,
R0002807,S011,2025-11-25 11:28:47,2025-11-25 11:54:47,36.0
R0002808,S021,2025-11-25 13:25:47,2025-11-25 13:59:47,47.0
R0002809,S002,2025-11-25 21:10:25,2025-11-25 21:51:25,13.0
R0002810,S021,2025-11-25 15:12:04,2025-11-25 15:35:04,44.0
R0002811,S002,2025-11-25 07:40:16,2025-11-25 08:26:16,46.0
R0002812,S011,2025-11-25 16:55:21,2025-11-25 17:12:21,22.0
R0002813,S006,2025-11-25 18:36:34,,
R0002814,S013,2025-11-25 15:09:37,,24.0
R0002815,S007,2025-11-25 07:38:06,2025-11-25 07:48:06,13.0
R0002816,S021,2025-11-25 17:11:47,2025-11-25 17:59:47,41.0
R0002817,S021,2025-11-25 11:57:32,2025-11-25 13:01:32,40.0
R0002818,S015,2025-11-25 10:00:47,,
R0002819,S031,2025-11-25 12:00:33,2025-11-25 12:18:33,34.0
R0002820,S021,2025-11-25 22:00:52,2025-11-25 22:22:52,17.0
R0002821,S027,2025-11-25 14:57:36,2025-11-25 15:25:36,26.0
R0002822,S013,2025-11-25 12:49:56,2025-11-25 12:50:56,31.0
R0002823,S002,2025-11-25 19:33:14,2025-11-25 19:54:14,5.0
R0002824,S034,2025-11-25 20:13:22,2025-11-25 19:54:22,22.0
R0002825,S016,2025-11-25 18:41:36,2025-11-25 19:16:36,59.0
R0002826,S002,2025-11-25 07:52:06,2025-11-25 07:33:06,8.0
R0002827,S002,2025-11-25 19:35:50,2025-11-25 19:47:50,13.0
R0002828,S032,2025-11-25 20:55:14,2025-11-25 21:11:14,-32.0
R0002829,S013,2025-11-25 21:01:49,2025-11-25 21:17:49,30.0
R0002830,S010,2025-11-25 09:35:27,2025-11-25 09:36:27,18.0
R0002831,S006,2025-11-25 16:44:34,2025-11-25 16:40:34,9.0
R0002832,S027,2025-11-25 18:13:19,2025-11-25 18:32:19,30.0
R0002833,S016,2025-11-25 07:34:48,2025-11-25 08:27:48,42.0
R0002834,S015,2025-11-25 09:56:38,2025-11-25 10:21:38,18.0
R0002835,S006,2025-11-25 09:38:25,2025-11-25 09:34:25,10.0
R0002836,S017,2025-11-25 20:43:58,2025-11-25 20:43:58,19.0
R0002837,S006,2025-11-25 09:05:40,2025-11-25 09:13:40,41.0
R0002838,S031,2025-11-25 19:37:50,2025-11-25 19:31:50,14.0
R0002839,S007,2025-11-25 20:23:24,,46.0
R0002840,S027,2025-11-25 20:16:22,2025-11-25 21:02:22,24.0
R0002841,S006,2025-11-25 19:26:50,2025-11-25 19:23:50,8.0
R0002842,S009,2025-11-25 18:56:01,,
R0002843,S009,2025-11-25 09:37:09,2025-11-25 10:07:09,45.0
R0002844,S011,2025-11-25 13:01:39,,50.0
R0002845,S007,2025-11-25 19:43:06,2025-11-25 20:39:06,59.0
R0002846,S026,2025-11-25 20:15:38,2025-11-25 20:07:38,29.0
R0002847,S034,2025-11-25 19:22:24,2025-11-25 19:28:24,23.0
R0002848,S031,2025-11-25 19:50:08,2025-11-25 20:15:08,25.0
R0002849,S010,2025-11-25 09:20:34,2025-11-25 09:46:34,28.0
R0002850,S015,2025-11-25 11:07:17,2025-11-25 11:40:17,29.0
R0002851,S007,2025-11-25 19:37:08,2025-11-25 19:29:08,9.0
R0002852,S013,2025-11-25 20:08:47,2025-11-25 20:10:47,37.0
R0002853,S006,2025-11-25 22:30:24,2025-11-25 22:39:24,9.0
R0002854,S004,2025-11-25 19:39:44,2025-11-25 19:51:44,14.0
R0002855,S002,2025-11-25 19:25:17,2025-11-25 19:19:17,9.0
R0002856,S019,2025-11-26 18:46:31,2025-11-26 18:37:31,22.0
R0002857,S004,2025-11-26 20:27:31,,
R0002858,S001,2025-11-26 20:18:17,2025-11-26 20:26:17,11.0
R0002859,S026,2025-11-26 19:31:47,2025-11-26 19:43:47,24.0
R0002860,S019,2025-11-26 13:20:08,2025-11-26 14:06:08,26.0
R0002861,S022,2025-11-26 23:00:19,2025-11-26 23:21:19,38.0
R0002862,S014,2025-11-26 20:41:06,2025-11-26 21:08:06,-30.0
R0002863,S016,2025-11-26 16:58:51,2025-11-26 17:16:51,46.0
R0002864,S029,2025-11-26 20:00:46,2025-11-26 19:42:46,20.0
R0002865,S005,2025-11-26 17:00:34,2025-11-26 17:11:34,9.0
R0002866,S028,2025-11-26 18:02:48,2025-11-26 17:59:48,19.0
R0002867,S016,2025-11-26 15:00:32,2025-11-26 15:01:32,44.0
R0002868,S018,2025-11-26 18:34:37,2025-11-26 18:54:37,37.0
R0002869,S004,2025-11-26 08:18:21,2025-11-26 08:42:21,8.0
R0002870,S016,2025-11-26 19:33:12,2025-11-26 20:05:12,32.0
R0002871,S018,2025-11-26 19:02:05,2025-11-26 20:08:05,43.0
R0002872,S014,2025-11-26 20:45:31,2025-11-26 20:52:31,32.0
R0002873,S005,2025-11-26 10:03:50,2025-11-26 10:03:50,13.0
R0002874,S006,2025-11-26 19:33:40,2025-11-26 19:50:40,15.0
R0002875,S004,2025-11-26 21:37:07,2025-11-26 21:58:07,11.0
R0002876,S016,2025-11-26 18:45:54,2025-11-26 19:24:54,33.0
R0002877,S018,2025-11-26 19:49:23,,34.0
R0002878,S015,2025-11-26 17:17:42,2025-11-26 17:30:42,20.0
R0002879,S029,2025-11-26 19:52:53,2025-11-26 20:24:53,40.0
R0002880,S030,2025-11-26 17:30:35,2025-11-26 17:59:35,34.0
R0002881,S027,2025-11-26 07:55:35,2025-11-26 08:30:35,24.0
R0002882,S004,2025-11-26 21:04:31,,
R0002883,S015,2025-11-26 19:50:15,2025-11-26 20:26:15,45.0
R0002884,S004,2025-11-26 10:28:39,2025-11-26 10:27:39,10.0
R0002885,S018,2025-11-26 13:21:05,2025-11-26 13:34:05,22.0
R0002886,S005,2025-11-26 14:18:27,2025-11-26 14:28:27,8.0
R0002887,S019,2025-11-26 20:14:23,2025-11-26 20:24:23,33.0
R0002888,S017,2025-11-26 20:29:30,2025-11-26 20:52:30,27.0
R0002889,S016,2025-11-26 08:14:17,2025-11-26 08:39:17,33.0
R0002890,S018,2025-11-26 10:00:41,2025-11-26 10:32:41,37.0
R0002891,S016,2025-11-26 19:31:06,2025-11-26 19:36:06,34.0
R0002892,S016,2025-11-26 13:54:54,2025-11-26 14:12:54,32.0
R0002893,S006,2025-11-26 20:24:17,2025-11-26 21:29:17,76.0
R0002894,S004,2025-11-26 08:09:04,2025-11-26 08:22:04,13.0
R0002895,S017,2025-11-26 20:58:48,2025-11-26 21:11:48,38.0
R0002896,S029,2025-11-26 10:21:59,2025-11-26 10:24:59,24.0
R0002897,S012,2025-11-26 09:34:44,2025-11-26 10:08:44,41.0
R0002898,S026,2025-11-26 20:19:29,2025-11-26 20:58:29,32.0
R0002899,S016,2025-11-26 22:48:26,2025-11-26 23:24:26,24.0
R0002900,S005,2025-11-26 17:10:53,2025-11-26 17:03:53,15.0
R0002901,S022,2025-11-26 22:21:43,2025-11-26 23:06:43,49.0
R0002902,S029,2025-11-26 19:43:36,2025-11-26 20:07:36,25.0
R0002903,S033,2025-11-26 11:23:26,2025-11-26 11:41:26,20.0
R0002904,S016,2025-11-26 19:52:12,2025-11-26 20:15:12,41.0
R0002905,S028,2025-11-26 10:22:44,2025-11-26 10:52:44,28.0
R0002906,S017,2025-11-26 11:27:09,2025-11-26 11:49:09,25.0
R0002907,S004,2025-11-26 20:18:15,,
R0002908,S006,2025-11-26 17:04:53,2025-11-26 17:00:53,8.0
R0002909,S012,2025-11-26 13:20:25,2025-11-26 13:30:25,34.0
R0002910,S005,2025-11-26 18:30:54,2025-11-26 18:38:54,9.0
R0002911,S028,2025-11-26 15:16:04,2025-11-26 15:14:04,13.0
R0002912,S001,2025-11-26 18:48:52,2025-11-26 19:16:52,13.0
R0002913,S030,2025-11-26 20:12:00,2025-11-26 20:40:00,19.0
R0002914,S006,2025-11-26 09:23:42,2025-11-26 09:38:42,38.0
R0002915,S032,2025-11-26 21:55:39,2025-11-26 22:14:39,25.0
R0002916,S006,2025-11-26 19:41:21,2025-11-26 20:13:21,61.0
R0002917,S014,2025-11-26 08:03:41,2025-11-26 08:28:41,34.0
R0002918,S026,2025-11-26 20:39:05,2025-11-26 21:07:05,21.0
R0002919,S014,2025-11-26 12:32:54,2025-11-26 12:56:54,34.0
R0002920,S014,2025-11-26 08:09:08,2025-11-26 09:05:08,40.0
R0002921,S018,2025-11-26 12:42:28,2025-11-26 12:41:28,20.0
R0002922,S001,2025-11-26 21:36:15,2025-11-26 21:29:15,12.0
R0002923,S001,2025-11-26 21:31:49,2025-11-26 21:42:49,12.0
R0002924,S019,2025-11-26 10:24:36,2025-11-26 10:50:36,53.0
R0002925,S022,2025-11-26 15:11:37,,28.0
R0002926,S026,2025-11-26 16:21:15,2025-11-26 16:04:15,15.0
R0002927,S019,2025-11-26 20:10:51,,
R0002928,S026,2025-11-26 07:05:45,2025-11-26 07:27:45,24.0
R0002929,S027,2025-11-26 12:13:02,2025-11-26 12:15:02,19.0
R0002930,S019,2025-11-26 22:08:36,2025-11-26 22:22:36,32.0
R0002931,S017,2025-11-26 16:45:36,2025-11-26 17:16:36,38.0
R0002932,S029,2025-11-26 13:05:26,2025-11-26 13:05:26,4.0
R0002933,S028,2025-11-26 23:01:46,2025-11-26 23:19:46,24.0
R0002934,S016,2025-11-26 14:26:04,2025-11-26 15:19:04,38.0
R0002935,S017,2025-11-26 17:52:41,2025-11-26 19:01:41,44.0
R0002936,S004,2025-11-26 20:32:06,2025-11-26 20:52:06,12.0
R0002937,S001,2025-11-26 19:07:51,2025-11-26 19:11:51,6.0
R0002938,S001,2025-11-26 19:17:36,2025-11-26 19:07:36,9.0
R0002939,S001,2025-11-26 09:41:52,2025-11-26 10:05:52,10.0
R0002940,S030,2025-11-26 19:40:45,2025-11-26 20:17:45,36.0
R0002941,S001,2025-11-26 22:16:04,2025-11-26 22:19:04,13.0
R0002942,S001,2025-11-26 21:07:59,2025-11-26 21:26:59,12.0
R0002943,S019,2025-11-26 15:02:59,2025-11-26 15:15:59,34.0
R0002944,S004,2025-11-26 13:47:45,2025-11-26 13:57:45,7.0
R0002945,S019,2025-11-26 13:53:28,2025-11-26 14:03:28,33.0
R0002946,S017,2025-11-26 09:28:13,2025-11-26 10:29:13,36.0
R0002947,S014,2025-11-26 08:22:26,2025-11-26 09:02:26,36.0
R0002948,S019,2025-11-26 22:57:40,2025-11-26 23:08:40,29.0
R0002949,S029,2025-11-26 11:37:23,2025-11-26 11:48:23,25.0
R0002950,S015,2025-11-26 09:48:28,2025-11-26 10:06:28,22.0
R0002951,S014,2025-11-26 11:36:40,,
R0002952,S027,2025-11-26 10:25:19,2025-11-26 10:15:19,15.0
R0002953,S018,2025-11-26 14:40:59,2025-11-26 15:14:59,29.0
R0002954,S012,2025-11-26 13:04:08,2025-11-26 13:26:08,36.0
R0002955,S012,2025-11-26 18:28:42,2025-11-26 19:07:42,27.0
R0002956,S016,2025-11-26 20:56:48,,
R0002957,S032,2025-11-26 14:06:47,2025-11-26 14:18:47,31.0
R0002958,S006,2025-11-26 19:30:55,2025-11-26 20:36:55,62.0
R0002959,S033,2025-11-26 15:57:07,2025-11-26 15:59:07,24.0
R0002960,S015,2025-11-26 16:22:49,2025-11-26 16:53:49,35.0
R0002961,S006,2025-11-26 20:29:18,2025-11-26 20:27:18,13.0
R0002962,S026,2025-11-26 18:40:22,2025-11-26 19:09:22,31.0
R0002963,S029,2025-11-26 17:47:53,2025-11-26 17:35:53,11.0
R0002964,S018,2025-11-26 18:39:09,2025-11-26 18:47:09,14.0
R0002965,S032,2025-11-26 12:44:35,2025-11-26 12:44:35,22.0
R0002966,S017,2025-11-26 13:33:36,2025-11-26 13:46:36,22.0
R0002967,S022,2025-11-26 07:52:41,2025-11-26 08:18:41,20.0
R0002968,S032,2025-11-26 07:39:39,2025-11-26 07:53:39,12.0
R0002969,S028,2025-11-26 07:56:07,2025-11-26 07:59:07,29.0
R0002970,S001,2025-11-26 19:43:04,2025-11-26 20:19:04,14.0
R0002971,S017,2025-11-26 12:55:31,2025-11-26 13:22:31,46.0
R0002972,S026,2025-11-26 07:59:07,2025-11-26 08:08:07,18.0
R0002973,S001,2025-11-26 08:11:54,2025-11-26 08:04:54,11.0
R0002974,S005,2025-11-26 13:06:19,2025-11-26 13:03:19,12.0
R0002975,S004,2025-11-26 20:48:58,,
R0002976,S005,2025-11-26 19:29:07,2025-11-26 20:17:07,61.0
R0002977,S015,2025-11-26 12:31:41,2025-11-26 12:54:41,21.0
R0002978,S004,2025-11-26 21:01:42,2025-11-26 21:10:42,7.0
R0002979,S019,2025-11-26 18:40:54,2025-11-26 18:53:54,44.0
R0002980,S029,2025-11-26 14:02:05,2025-11-26 14:47:05,31.0
R0002981,S004,2025-11-26 08:27:07,2025-11-26 08:08:07,11.0
R0002982,S019,2025-11-26 12:21:02,2025-11-26 13:01:02,52.0
R0002983,S001,2025-11-26 19:02:57,2025-11-26 18:45:57,10.0
R0002984,S001,2025-11-26 11:19:13,2025-11-26 11:47:13,57.0
R0002985,S030,2025-11-26 09:55:17,2025-11-26 10:06:17,24.0
R0002986,S005,2025-11-26 17:48:04,2025-11-26 17:56:04,16.0
R0002987,S001,2025-11-26 15:27:39,2025-11-26 16:12:39,62.0
R0002988,S005,2025-11-26 14:32:47,2025-11-26 14:50:47,54.0
R0002989,S006,2025-11-26 21:26:28,2025-11-26 22:04:28,45.0
R0002990,S005,2025-11-26 21:41:41,2025-11-26 21:56:41,-9.0
R0002991,S004,2025-11-26 22:52:50,2025-11-26 23:19:50,17.0
R0002992,S014,2025-11-26 21:18:42,2025-11-26 21:52:42,40.0
R0002993,S004,2025-11-26 20:06:43,2025-11-26 20:31:43,12.0
R0002994,S018,2025-11-26 12:55:08,2025-11-26 13:29:08,50.0
R0002995,S029,2025-11-26 08:32:39,2025-11-26 08:42:39,17.0
R0002996,S004,2025-11-26 13:47:40,2025-11-26 14:13:40,51.0
R0002997,S001,2025-11-26 21:34:06,2025-11-26 21:26:06,12.0
R0002998,S004,2025-11-26 13:53:08,2025-11-26 13:50:08,11.0
R0002999,S006,2025-11-26 23:01:00,2025-11-26 23:09:00,6.0
R0003000,S005,2025-11-26 19:49:57,2025-11-26 19:55:57,14.0
R0003001,S019,2025-11-26 20:58:34,2025-11-26 21:10:34,13.0
R0003002,S006,2025-11-26 21:24:55,,
R0003003,S014,2025-11-26 17:59:51,2025-11-26 18:24:51,27.0
R0003004,S032,2025-11-26 19:47:11,2025-11-26 19:53:11,15.0
R0003005,S017,2025-11-26 15:26:07,2025-11-26 15:43:07,30.0
R0003006,S012,2025-11-26 11:13:19,2025-11-26 11:21:19,37.0
R0003007,S030,2025-11-26 15:20:34,2025-11-26 15:10:34,28.0
R0003008,S030,2025-11-26 12:09:22,2025-11-26 12:17:22,24.0
R0003009,S001,2025-11-26 18:53:56,2025-11-26 18:56:56,14.0
R0003010,S027,2025-11-26 15:37:24,2025-11-26 15:39:24,21.0
R0003011,S017,2025-11-26 22:21:51,2025-11-26 22:44:51,39.0
R0003012,S001,2025-11-26 15:15:32,2025-11-26 15:42:32,9.0
R0003013,S019,2025-11-26 13:35:27,2025-11-26 13:52:27,17.0
R0003014,S016,2025-11-26 11:57:09,2025-11-26 12:34:09,37.0
R0003015,S015,2025-11-26 12:49:30,,
R0003016,S022,2025-11-26 22:06:01,2025-11-26 22:18:01,28.0
R0003017,S027,2025-11-26 12:53:44,2025-11-26 13:30:44,15.0
R0003018,S004,2025-11-26 20:11:58,2025-11-26 20:26:58,18.0
R0003019,S028,2025-11-26 14:25:38,2025-11-26 14:14:38,10.0
R0003020,S012,2025-11-26 20:15:16,2025-11-26 20:36:16,40.0
R0003021,S006,2025-11-26 17:05:48,2025-11-26 17:34:48,14.0
R0003022,S012,2025-11-26 22:48:21,2025-11-26 23:23:21,35.0
R0003023,S032,2025-11-26 21:54:28,2025-11-26 21:56:28,18.0
R0003024,S014,2025-11-26 11:47:06,,
R0003025,S015,2025-11-26 09:14:05,,48.0
R0003026,S016,2025-11-26 19:35:19,,
R0003027,S030,2025-11-26 14:01:25,,
R0003028,S026,2025-11-26 19:57:42,,
R0003029,S004,2025-11-26 18:07:30,2025-11-26 18:36:30,41.0
R0003030,S032,2025-11-26 14:53:09,2025-11-26 14:55:09,22.0
R0003031,S029,2025-11-26 13:41:30,2025-11-26 14:01:30,23.0
R0003032,S016,2025-11-26 15:09:05,2025-11-26 14:58:05,16.0
R0003033,S028,2025-11-26 13:33:31,2025-11-26 13:40:31,10.0
R0003034,S005,2025-11-26 10:55:49,2025-11-26 10:54:49,20.0
R0003035,S005,2025-11-26 09:54:31,2025-11-26 11:08:31,65.0
R0003036,S015,2025-11-26 19:31:14,,
R0003037,S004,2025-11-26 19:47:40,2025-11-26 19:51:40,13.0
R0003038,S007,2025-11-27 11:44:33,2025-11-27 11:32:33,14.0
R0003039,S032,2025-11-27 19:53:04,2025-11-27 20:19:04,19.0
R0003040,S019,2025-11-27 21:38:51,2025-11-27 22:22:51,43.0
R0003041,S030,2025-11-27 15:08:51,,
R0003042,S001,2025-11-27 11:33:03,2025-11-27 11:40:03,12.0
R0003043,S018,2025-11-27 15:26:18,2025-11-27 15:42:18,17.0
R0003044,S019,2025-11-27 17:04:00,2025-11-27 17:16:00,28.0
R0003045,S019,2025-11-27 13:22:49,2025-11-27 14:08:49,44.0
R0003046,S012,2025-11-27 20:10:26,,
R0003047,S015,2025-11-27 09:24:37,2025-11-27 09:52:37,44.0
R0003048,S007,2025-11-27 09:54:25,,
R0003049,S015,2025-11-27 22:21:19,2025-11-27 22:29:19,17.0
R0003050,S005,2025-11-27 20:27:50,2025-11-27 20:30:50,14.0
R0003051,S012,2025-11-27 07:18:16,,
R0003052,S012,2025-11-27 20:33:38,2025-11-27 21:16:38,43.0
R0003053,S017,2025-11-27 13:22:54,2025-11-27 13:48:54,47.0
R0003054,S004,2025-11-27 21:00:52,2025-11-27 22:02:52,54.0
R0003055,S005,2025-11-27 20:05:39,2025-11-27 20:19:39,12.0
R0003056,S032,2025-11-27 19:56:14,2025-11-27 20:06:14,25.0
R0003057,S022,2025-11-27 16:06:07,,
R0003058,S007,2025-11-27 19:25:17,2025-11-27 20:33:17,55.0
R0003059,S029,2025-11-27 20:12:00,2025-11-27 20:38:00,35.0
R0003060,S034,2025-11-27 21:20:37,2025-11-27 21:24:37,29.0
R0003061,S032,2025-11-27 20:26:58,2025-11-27 20:17:58,25.0
R0003062,S009,2025-11-27 08:07:55,2025-11-27 09:03:55,55.0
R0003063,S027,2025-11-27 12:58:11,2025-11-27 13:51:11,27.0
R0003064,S032,2025-11-27 21:43:33,2025-11-27 21:52:33,25.0
R0003065,S027,2025-11-27 20:34:27,,
R0003066,S005,2025-11-27 09:59:02,2025-11-27 11:12:02,58.0
R0003067,S012,2025-11-27 11:06:08,2025-11-27 11:50:08,39.0
R0003068,S004,2025-11-27 17:28:25,2025-11-27 18:19:25,60.0
R0003069,S015,2025-11-27 17:32:27,2025-11-27 18:15:27,26.0
R0003070,S012,2025-11-27 18:42:18,2025-11-27 19:12:18,35.0
R0003071,S003,2025-11-27 18:11:23,,
R0003072,S025,2025-11-27 16:19:09,2025-11-27 16:21:09,27.0
R0003073,S007,2025-11-27 12:57:44,2025-11-27 13:01:44,13.0
R0003074,S004,2025-11-27 12:23:42,2025-11-27 12:46:42,14.0
R0003075,S025,2025-11-27 14:30:35,2025-11-27 15:02:35,22.0
R0003076,S029,2025-11-27 22:08:49,2025-11-27 22:12:49,9.0
R0003077,S027,2025-11-27 09:58:35,2025-11-27 10:20:35,32.0
R0003078,S019,2025-11-27 14:34:59,2025-11-27 14:41:59,34.0
R0003079,S003,2025-11-27 13:36:08,2025-11-27 13:32:08,-5.0
R0003080,S003,2025-11-27 18:29:17,2025-11-27 18:51:17,12.0
R0003081,S001,2025-11-27 11:21:54,,
R0003082,S004,2025-11-27 09:42:13,,
R0003083,S004,2025-11-27 09:54:11,2025-11-27 10:03:11,12.0
R0003084,S009,2025-11-27 14:06:46,2025-11-27 14:44:46,34.0
R0003085,S004,2025-11-27 18:07:01,2025-11-27 18:08:01,11.0
R0003086,S007,2025-11-27 09:15:57,2025-11-27 09:05:57,10.0
R0003087,S003,2025-11-27 18:58:58,2025-11-27 19:06:58,17.0
R0003088,S027,2025-11-27 16:53:35,2025-11-27 17:08:35,15.0
R0003089,S018,2025-11-27 14:51:39,2025-11-27 15:15:39,23.0
R0003090,S025,2025-11-27 19:36:30,,
R0003091,S004,2025-11-27 10:17:45,2025-11-27 10:18:45,9.0
R0003092,S022,2025-11-27 19:28:27,,36.0
R0003093,S001,2025-11-27 18:51:08,2025-11-27 18:53:08,-6.0
R0003094,S012,2025-11-27 14:51:39,2025-11-27 15:18:39,29.0
R0003095,S012,2025-11-27 11:41:35,2025-11-27 12:12:35,45.0
R0003096,S017,2025-11-27 21:30:43,,
R0003097,S017,2025-11-27 09:10:00,2025-11-27 09:35:00,37.0
R0003098,S004,2025-11-27 23:08:50,2025-11-27 23:30:50,11.0
R0003099,S005,2025-11-27 08:24:33,2025-11-27 09:16:33,66.0
R0003100,S030,2025-11-27 21:47:58,2025-11-27 22:04:58,18.0
R0003101,S027,2025-11-27 15:07:23,2025-11-27 15:25:23,33.0
R0003102,S018,2025-11-27 20:56:40,2025-11-27 21:09:40,20.0
R0003103,S019,2025-11-27 13:03:52,2025-11-27 13:25:52,38.0
R0003104,S032,2025-11-27 13:37:27,,
R0003105,S003,2025-11-27 22:12:29,2025-11-27 22:31:29,11.0
R0003106,S004,2025-11-27 23:29:42,2025-11-27 23:06:42,15.0
R0003107,S018,2025-11-27 22:28:16,2025-11-27 22:41:16,41.0
R0003108,S030,2025-11-27 09:41:39,2025-11-27 09:48:39,15.0
R0003109,S027,2025-11-27 19:06:38,2025-11-27 19:25:38,10.0
R0003110,S009,2025-11-27 19:07:31,2025-11-27 19:18:31,26.0
R0003111,S022,2025-11-27 21:00:22,2025-11-27 21:25:22,42.0
R0003112,S022,2025-11-27 21:01:11,2025-11-27 20:49:11,18.0
R0003113,S018,2025-11-27 20:59:44,,
R0003114,S007,2025-11-27 08:12:48,2025-11-27 09:10:48,63.0
R0003115,S015,2025-11-27 21:11:55,2025-11-27 21:19:55,29.0
R0003116,S012,2025-11-27 12:58:48,,
R0003117,S015,2025-11-27 11:38:55,,
R0003118,S030,2025-11-27 09:54:28,2025-11-27 09:26:28,13.0
R0003119,S003,2025-11-27 18:32:29,2025-11-27 18:35:29,10.0
R0003120,S001,2025-11-27 17:25:07,2025-11-27 18:01:07,10.0
R0003121,S018,2025-11-27 16:00:11,2025-11-27 16:02:11,34.0
R0003122,S005,2025-11-27 11:03:38,2025-11-27 12:17:38,71.0
R0003123,S019,2025-11-27 20:43:55,2025-11-27 21:30:55,36.0
R0003124,S004,2025-11-27 09:02:37,2025-11-27 08:54:37,9.0
R0003125,S025,2025-11-27 07:26:51,,
R0003126,S019,2025-11-27 22:06:48,2025-11-27 22:37:48,50.0
R0003127,S009,2025-11-27 14:56:28,2025-11-27 15:49:28,33.0
R0003128,S022,2025-11-27 17:19:20,2025-11-27 17:11:20,13.0
R0003129,S030,2025-11-27 10:46:34,2025-11-27 11:23:34,36.0
R0003130,S025,2025-11-27 12:01:46,2025-11-27 12:13:46,21.0
R0003131,S027,2025-11-27 22:18:21,2025-11-27 22:26:21,26.0
R0003132,S001,2025-11-27 08:37:21,2025-11-27 10:09:21,88.0
R0003133,S018,2025-11-27 18:42:24,2025-11-27 19:00:24,38.0
R0003134,S005,2025-11-27 07:54:11,2025-11-27 08:06:11,7.0
R0003135,S003,2025-11-27 22:55:50,2025-11-27 23:29:50,24.0
R0003136,S015,2025-11-27 19:32:14,2025-11-27 20:07:14,35.0
R0003137,S004,2025-11-27 22:53:44,2025-11-27 22:42:44,4.0
R0003138,S012,2025-11-27 22:05:36,2025-11-27 22:51:36,37.0
R0003139,S004,2025-11-27 07:55:35,,
R0003140,S025,2025-11-27 08:21:23,2025-11-27 08:29:23,25.0
R0003141,S019,2025-11-27 14:40:19,2025-11-27 15:01:19,48.0
R0003142,S025,2025-11-27 21:49:55,2025-11-27 22:12:55,27.0
R0003143,S022,2025-11-27 19:50:11,2025-11-27 20:15:11,39.0
R0003144,S030,2025-11-27 09:18:23,,
R0003145,S034,2025-11-27 22:28:28,2025-11-27 22:53:28,19.0
R0003146,S022,2025-11-27 15:48:10,2025-11-27 16:22:10,37.0
R0003147,S032,2025-11-27 13:23:03,2025-11-27 13:27:03,27.0
R0003148,S005,2025-11-27 14:56:57,2025-11-27 15:13:57,14.0
R0003149,S030,2025-11-27 21:51:16,2025-11-27 22:17:16,21.0
R0003150,S005,2025-11-27 14:13:46,2025-11-27 14:43:46,13.0
R0003151,S004,2025-11-27 12:34:24,2025-11-27 13:59:24,67.0
R0003152,S032,2025-11-27 21:57:13,2025-11-27 21:56:13,25.0
R0003153,S030,2025-11-27 12:17:11,2025-11-27 12:32:11,21.0
R0003154,S001,2025-11-27 08:13:00,2025-11-27 08:23:00,8.0
R0003155,S001,2025-11-27 11:55:52,2025-11-27 12:07:52,10.0
R0003156,S005,2025-11-27 21:34:16,2025-11-27 21:15:16,12.0
R0003157,S025,2025-11-27 11:50:31,2025-11-27 12:10:31,21.0
R0003158,S025,2025-11-27 21:44:47,2025-11-27 22:00:47,32.0
R0003159,S007,2025-11-27 17:31:50,2025-11-27 17:19:50,11.0
R0003160,S017,2025-11-27 21:51:43,2025-11-27 22:20:43,51.0
R0003161,S005,2025-11-27 18:49:51,2025-11-27 18:50:51,15.0
R0003162,S001,2025-11-27 11:24:07,2025-11-27 11:22:07,5.0
R0003163,S017,2025-11-27 19:55:22,2025-11-27 20:40:22,40.0
R0003164,S030,2025-11-27 12:58:35,2025-11-27 12:54:35,33.0
R0003165,S034,2025-11-27 13:22:31,2025-11-27 13:49:31,20.0
R0003166,S016,2025-11-27 20:39:09,2025-11-27 21:09:09,41.0
R0003167,S012,2025-11-27 18:44:39,2025-11-27 19:03:39,13.0
R0003168,S034,2025-11-27 07:31:45,2025-11-27 07:50:45,31.0
R0003169,S032,2025-11-27 10:49:45,,
R0003170,S034,2025-11-27 14:55:39,2025-11-27 15:06:39,19.0
R0003171,S015,2025-11-27 11:08:00,2025-11-27 12:13:00,42.0
R0003172,S012,2025-11-27 10:47:00,2025-11-27 11:32:00,51.0
R0003173,S027,2025-11-27 16:50:41,2025-11-27 17:28:41,28.0
R0003174,S034,2025-11-27 07:48:34,2025-11-27 08:18:34,27.0
R0003175,S016,2025-11-27 21:23:46,2025-11-27 21:41:46,25.0
R0003176,S034,2025-11-27 22:25:34,2025-11-27 22:21:34,11.0
R0003177,S005,2025-11-27 21:08:16,2025-11-27 21:12:16,12.0
R0003178,S005,2025-11-27 21:03:12,2025-11-27 21:14:12,14.0
R0003179,S003,2025-11-27 20:13:06,2025-11-27 20:14:06,7.0
R0003180,S005,2025-11-27 08:03:31,,
R0003181,S005,2025-11-27 16:00:33,2025-11-27 16:19:33,6.0
R0003182,S005,2025-11-27 14:55:02,2025-11-27 15:38:02,51.0
R0003183,S018,2025-11-27 20:25:43,2025-11-27 20:44:43,21.0
R0003184,S003,2025-11-27 20:18:41,2025-11-27 20:18:41,40.0
R0003185,S012,2025-11-27 22:16:03,2025-11-27 22:31:03,38.0
R0003186,S022,2025-11-27 14:32:17,2025-11-27 14:59:17,45.0
R0003187,S018,2025-11-27 09:44:26,2025-11-27 09:37:26,14.0
R0003188,S007,2025-11-27 18:54:04,2025-11-27 19:17:04,52.0
R0003189,S029,2025-11-27 22:19:05,2025-11-27 22:37:05,17.0
R0003190,S034,2025-11-27 21:05:02,2025-11-27 21:01:02,17.0
R0003191,S030,2025-11-27 13:57:55,2025-11-27 14:09:55,11.0
R0003192,S004,2025-11-27 08:36:45,2025-11-27 08:26:45,4.0
R0003193,S018,2025-11-27 12:15:54,2025-11-27 12:24:54,22.0
R0003194,S019,2025-11-27 20:42:28,2025-11-27 21:28:28,48.0
R0003195,S032,2025-11-27 08:21:10,2025-11-27 08:23:10,23.0
R0003196,S005,2025-11-27 13:36:25,2025-11-27 13:23:25,10.0
R0003197,S027,2025-11-27 21:12:15,2025-11-27 21:39:15,25.0
R0003198,S001,2025-11-27 20:40:16,2025-11-27 22:08:16,83.0
R0003199,S030,2025-11-27 21:05:33,2025-11-27 21:23:33,25.0
R0003200,S009,2025-11-27 20:29:37,2025-11-27 21:06:37,32.0
R0003201,S027,2025-11-27 22:26:12,2025-11-27 23:01:12,18.0
R0003202,S003,2025-11-27 18:34:28,2025-11-27 19:05:28,15.0
R0003203,S016,2025-11-27 21:56:57,2025-11-27 22:14:57,42.0
R0003204,S015,2025-11-27 07:40:05,2025-11-27 07:48:05,23.0
R0003205,S003,2025-11-27 15:57:28,,
R0003206,S030,2025-11-27 17:24:14,2025-11-27 17:26:14,23.0
R0003207,S032,2025-11-27 20:03:04,2025-11-27 20:38:04,24.0
R0003208,S012,2025-11-27 18:03:26,2025-11-27 18:23:26,41.0
R0003209,S029,2025-11-27 11:53:06,2025-11-27 12:00:06,19.0
R0003210,S034,2025-11-27 13:56:59,2025-11-27 14:00:59,31.0
R0003211,S034,2025-11-27 18:32:22,2025-11-27 18:27:22,16.0
R0003212,S003,2025-11-27 11:44:07,2025-11-27 13:00:07,74.0
R0003213,S003,2025-11-27 22:31:29,2025-11-27 22:45:29,5.0
R0003214,S004,2025-11-27 19:19:41,2025-11-27 19:14:41,12.0
R0003215,S030,2025-11-27 09:29:24,2025-11-27 09:45:24,16.0
R0003216,S019,2025-11-27 11:20:06,2025-11-27 12:01:06,27.0
R0003217,S004,2025-11-27 20:23:21,2025-11-27 21:36:21,60.0
R0003218,S009,2025-11-27 08:44:19,2025-11-27 09:01:19,35.0
R0003219,S012,2025-11-27 10:02:33,2025-11-27 10:01:33,22.0
R0003220,S034,2025-11-27 21:36:52,,
R0003221,S003,2025-11-27 20:57:59,,
R0003222,S029,2025-11-27 23:17:30,2025-11-27 23:30:30,24.0
R0003223,S030,2025-11-27 19:08:38,2025-11-27 19:13:38,27.0
R0003224,S018,2025-11-27 22:47:07,2025-11-27 23:25:07,41.0
R0003225,S030,2025-11-27 08:15:18,,
R0003226,S016,2025-11-27 11:17:34,2025-11-27 11:16:34,24.0
R0003227,S025,2025-11-27 14:15:40,2025-11-27 14:55:40,22.0
R0003228,S009,2025-11-27 19:40:09,2025-11-27 20:08:09,47.0
R0003229,S034,2025-11-27 19:41:17,,
R0003230,S016,2025-11-27 22:13:27,2025-11-27 22:47:27,40.0
R0003231,S019,2025-11-27 21:35:11,2025-11-27 22:23:11,37.0
R0003232,S005,2025-11-27 21:19:48,2025-11-27 21:25:48,5.0
R0003233,S007,2025-11-27 15:21:46,,
R0003234,S030,2025-11-27 12:41:51,2025-11-27 13:20:51,25.0
R0003235,S003,2025-11-27 20:56:47,2025-11-27 20:58:47,10.0
R0003236,S003,2025-11-27 12:40:37,2025-11-27 12:47:37,9.0
R0003237,S016,2025-11-27 12:07:05,2025-11-27 12:00:05,12.0
R0003238,S005,2025-11-27 08:38:08,2025-11-27 09:09:08,12.0
R0003239,S003,2025-11-27 22:10:31,2025-11-27 21:59:31,5.0
R0003240,S003,2025-11-27 19:00:12,2025-11-27 18:36:12,9.0
R0003241,S016,2025-11-27 14:07:37,2025-11-27 14:44:37,34.0
R0003242,S009,2025-11-27 13:59:06,2025-11-27 14:37:06,30.0
R0003243,S015,2025-11-27 10:40:04,2025-11-27 11:04:04,27.0
R0003244,S012,2025-11-27 21:25:30,2025-11-27 21:24:30,12.0
R0003245,S005,2025-11-27 07:30:41,2025-11-27 07:14:41,8.0
R0003246,S003,2025-11-27 12:48:01,2025-11-27 14:02:01,53.0
R0003247,S030,2025-11-27 15:50:30,2025-11-27 16:29:30,27.0
R0003248,S016,2025-11-27 20:58:13,2025-11-27 21:25:13,19.0
R0003249,S022,2025-11-27 15:24:17,2025-11-27 15:58:17,39.0
R0003250,S017,2025-11-27 12:57:24,2025-11-27 13:26:24,21.0
R0003251,S027,2025-11-27 23:02:38,2025-11-27 23:29:38,21.0
R0003252,S022,2025-11-27 18:45:20,,46.0
R0003253,S034,2025-11-27 07:47:57,2025-11-27 07:53:57,24.0
R0003254,S007,2025-11-27 09:36:45,2025-11-27 09:33:45,14.0
R0003255,S027,2025-11-27 14:11:07,2025-11-27 14:24:07,20.0
R0003256,S005,2025-11-27 19:21:37,2025-11-27 19:29:37,11.0
R0003257,S030,2025-11-27 12:31:23,2025-11-27 13:11:23,32.0
R0003258,S017,2025-11-27 15:29:11,,
R0003259,S029,2025-11-27 13:17:31,,
R0003260,S034,2025-11-27 21:42:33,2025-11-27 21:30:33,9.0
R0003261,S017,2025-11-27 13:16:53,2025-11-27 13:16:53,32.0
R0003262,S030,2025-11-27 08:08:31,2025-11-27 08:46:31,27.0
R0003263,S029,2025-11-27 15:54:27,2025-11-27 16:11:27,12.0
R0003264,S007,2025-11-27 20:56:06,2025-11-27 21:12:06,49.0
R0003265,S029,2025-11-27 17:40:11,2025-11-27 17:54:11,28.0
R0003266,S001,2025-11-27 09:54:44,2025-11-27 09:31:44,10.0
R0003267,S004,2025-11-27 20:22:16,2025-11-27 20:20:16,10.0
R0003268,S030,2025-11-27 07:55:31,2025-11-27 08:45:31,36.0
R0003269,S022,2025-11-27 20:44:00,2025-11-27 20:39:00,35.0
R0003270,S016,2025-11-27 15:59:20,2025-11-27 16:41:20,40.0
R0003271,S029,2025-11-27 13:02:07,2025-11-27 13:02:07,23.0
R0003272,S012,2025-11-27 11:47:30,2025-11-27 11:54:30,32.0
R0003273,S030,2025-11-27 08:22:11,2025-11-27 08:30:11,24.0
R0003274,S007,2025-11-27 13:08:09,2025-11-27 13:46:09,53.0
R0003275,S004,2025-11-27 17:04:48,2025-11-27 17:00:48,16.0
R0003276,S032,2025-11-27 21:22:36,,
R0003277,S022,2025-11-27 10:03:35,2025-11-27 10:04:35,37.0
R0003278,S015,2025-11-27 19:05:52,2025-11-27 19:39:52,17.0
R0003279,S004,2025-11-27 10:56:47,,
R0003280,S007,2025-11-27 19:51:19,2025-11-27 19:49:19,12.0
R0003281,S018,2025-11-27 11:09:44,2025-11-27 11:21:44,24.0
R0003282,S017,2025-11-27 20:15:14,2025-11-27 20:17:14,26.0
R0003283,S019,2025-11-27 11:44:01,2025-11-27 11:53:01,32.0
R0003284,S025,2025-11-27 09:58:58,2025-11-27 09:45:58,15.0
R0003285,S017,2025-11-27 14:26:26,2025-11-27 14:43:26,29.0
R0003286,S009,2025-11-27 12:15:38,2025-11-27 12:33:38,18.0
R0003287,S005,2025-11-27 22:20:16,2025-11-27 22:08:16,7.0
R0003288,S025,2025-11-27 15:48:41,2025-11-27 15:50:41,11.0
R0003289,S029,2025-11-27 12:24:04,2025-11-27 12:20:04,26.0
R0003290,S005,2025-11-27 19:56:28,2025-11-27 21:31:28,69.0
R0003291,S018,2025-11-27 18:50:39,2025-11-27 19:11:39,36.0
R0003292,S017,2025-11-27 21:08:28,2025-11-27 21:51:28,33.0
R0003293,S003,2025-11-27 21:42:25,2025-11-27 22:02:25,14.0
R0003294,S002,2025-11-28 12:36:16,2025-11-28 12:48:16,6.0
R0003295,S009,2025-11-28 15:42:38,2025-11-28 16:38:38,30.0
R0003296,S019,2025-11-28 18:04:21,2025-11-28 18:47:21,31.0
R0003297,S032,2025-11-28 21:53:19,2025-11-28 22:09:19,22.0
R0003298,S003,2025-11-28 15:07:34,2025-11-28 15:07:34,12.0
R0003299,S006,2025-11-28 20:48:20,2025-11-28 20:18:20,9.0
R0003300,S022,2025-11-28 18:36:51,2025-11-28 18:57:51,30.0
R0003301,S013,2025-11-28 20:08:11,2025-11-28 20:03:11,33.0
R0003302,S003,2025-11-28 15:57:50,2025-11-28 16:33:50,18.0
R0003303,S003,2025-11-28 19:14:22,2025-11-28 19:06:22,15.0
R0003304,S002,2025-11-28 21:29:28,2025-11-28 21:42:28,12.0
R0003305,S012,2025-11-28 12:54:23,,
R0003306,S028,2025-11-28 07:24:07,2025-11-28 07:34:07,15.0
R0003307,S009,2025-11-28 19:50:57,2025-11-28 19:58:57,25.0
R0003308,S012,2025-11-28 09:01:30,,
R0003309,S013,2025-11-28 18:39:27,2025-11-28 19:03:27,33.0
R0003310,S013,2025-11-28 18:32:10,2025-11-28 19:42:10,44.0
R0003311,S002,2025-11-28 08:57:44,2025-11-28 08:38:44,6.0
R0003312,S012,2025-11-28 16:03:04,,
R0003313,S014,2025-11-28 13:41:38,2025-11-28 13:31:38,28.0
R0003314,S014,2025-11-28 19:26:43,2025-11-28 20:11:43,-41.0
R0003315,S021,2025-11-28 09:21:53,2025-11-28 09:41:53,43.0
R0003316,S019,2025-11-28 18:09:39,2025-11-28 18:11:39,22.0
R0003317,S021,2025-11-28 20:34:14,2025-11-28 20:48:14,22.0
R0003318,S021,2025-11-28 14:14:37,,
R0003319,S009,2025-11-28 21:38:09,2025-11-28 22:02:09,50.0
R0003320,S014,2025-11-28 20:33:20,2025-11-28 21:17:20,40.0
R0003321,S032,2025-11-28 14:30:22,2025-11-28 15:00:22,27.0
R0003322,S028,2025-11-28 13:11:57,2025-11-28 13:17:57,19.0
R0003323,S002,2025-11-28 12:12:15,2025-11-28 11:58:15,10.0
R0003324,S022,2025-11-28 18:16:47,,
R0003325,S012,2025-11-28 07:31:17,,
R0003326,S009,2025-11-28 10:29:36,2025-11-28 10:52:36,37.0
R0003327,S033,2025-11-28 14:21:27,2025-11-28 14:24:27,22.0
R0003328,S032,2025-11-28 22:08:26,2025-11-28 22:15:26,12.0
R0003329,S009,2025-11-28 22:16:15,2025-11-28 22:37:15,46.0
R0003330,S007,2025-11-28 21:50:55,2025-11-28 21:39:55,7.0
R0003331,S014,2025-11-28 21:41:11,2025-11-28 21:59:11,33.0
R0003332,S032,2025-11-28 20:02:20,2025-11-28 20:25:20,25.0
R0003333,S028,2025-11-28 22:07:06,2025-11-28 21:59:06,14.0
R0003334,S033,2025-11-28 18:19:24,2025-11-28 18:50:24,20.0
R0003335,S016,2025-11-28 08:31:47,2025-11-28 08:46:47,38.0
R0003336,S007,2025-11-28 22:00:54,2025-11-28 22:47:54,62.0
R0003337,S033,2025-11-28 19:58:20,2025-11-28 20:30:20,18.0
R0003338,S003,2025-11-28 09:41:14,2025-11-28 09:58:14,16.0
R0003339,S008,2025-11-28 18:18:23,2025-11-28 18:22:23,13.0
R0003340,S007,2025-11-28 08:14:05,2025-11-28 08:54:05,51.0
R0003341,S014,2025-11-28 18:48:40,2025-11-28 18:53:40,18.0
R0003342,S031,2025-11-28 22:15:47,,
R0003343,S021,2025-11-28 19:20:09,2025-11-28 19:33:09,29.0
R0003344,S003,2025-11-28 08:15:52,2025-11-28 08:24:52,13.0
R0003345,S033,2025-11-28 18:09:13,2025-11-28 18:32:13,13.0
R0003346,S029,2025-11-28 22:12:01,,
R0003347,S008,2025-11-28 08:55:23,2025-11-28 08:50:23,12.0
R0003348,S033,2025-11-28 11:50:18,2025-11-28 12:27:18,27.0
R0003349,S022,2025-11-28 14:34:38,2025-11-28 14:54:38,36.0
R0003350,S003,2025-11-28 20:55:22,2025-11-28 21:16:22,13.0
R0003351,S016,2025-11-28 09:33:37,2025-11-28 09:38:37,21.0
R0003352,S007,2025-11-28 12:15:07,2025-11-28 12:40:07,15.0
R0003353,S009,2025-11-28 22:45:29,2025-11-28 23:10:29,32.0
R0003354,S022,2025-11-28 20:43:20,2025-11-28 21:22:20,-33.0
R0003355,S032,2025-11-28 18:57:11,2025-11-28 19:57:11,40.0
R0003356,S014,2025-11-28 15:10:06,2025-11-28 15:45:06,30.0
R0003357,S032,2025-11-28 19:18:39,2025-11-28 19:31:39,29.0
R0003358,S028,2025-11-28 19:19:20,2025-11-28 19:48:20,29.0
R0003359,S002,2025-11-28 09:08:13,2025-11-28 09:06:13,12.0
R0003360,S008,2025-11-28 14:49:01,2025-11-28 14:45:01,8.0
R0003361,S028,2025-11-28 11:36:37,2025-11-28 12:02:37,24.0
R0003362,S016,2025-11-28 17:15:58,2025-11-28 17:24:58,41.0
R0003363,S029,2025-11-28 10:41:21,2025-11-28 10:48:21,25.0
R0003364,S012,2025-11-28 23:08:15,2025-11-28 23:08:15,-34.0
R0003365,S006,2025-11-28 08:30:44,2025-11-28 08:41:44,7.0
R0003366,S012,2025-11-28 21:33:43,2025-11-28 21:58:43,44.0
R0003367,S013,2025-11-28 14:10:09,2025-11-28 14:22:09,35.0
R0003368,S032,2025-11-28 19:07:13,2025-11-28 19:34:13,17.0
R0003369,S008,2025-11-28 20:58:15,2025-11-28 20:57:15,12.0
R0003370,S022,2025-11-28 11:57:50,,
R0003371,S014,2025-11-28 21:54:15,2025-11-28 22:15:15,24.0
R0003372,S023,2025-11-28 12:33:04,2025-11-28 13:04:04,25.0
R0003373,S033,2025-11-28 13:17:45,2025-11-28 13:31:45,12.0
R0003374,S033,2025-11-28 20:14:37,2025-11-28 21:02:37,28.0
R0003375,S003,2025-11-28 19:13:28,2025-11-28 19:17:28,15.0
R0003376,S006,2025-11-28 16:08:51,2025-11-28 16:02:51,20.0
R0003377,S002,2025-11-28 19:57:51,,
R0003378,S007,2025-11-28 22:29:21,2025-11-28 22:27:21,9.0
R0003379,S003,2025-11-28 20:08:33,2025-11-28 20:15:33,9.0
R0003380,S003,2025-11-28 21:52:45,2025-11-28 21:46:45,13.0
R0003381,S013,2025-11-28 14:00:08,2025-11-28 14:39:08,44.0
R0003382,S006,2025-11-28 11:33:54,,
R0003383,S021,2025-11-28 21:38:53,2025-11-28 21:55:53,27.0
R0003384,S009,2025-11-28 19:00:04,,
R0003385,S002,2025-11-28 10:49:20,2025-11-28 10:51:20,11.0
R0003386,S033,2025-11-28 10:25:33,2025-11-28 10:31:33,27.0
R0003387,S033,2025-11-28 23:26:19,2025-11-28 23:33:19,22.0
R0003388,S014,2025-11-28 08:51:59,2025-11-28 09:18:59,44.0
R0003389,S033,2025-11-28 12:12:15,2025-11-28 12:20:15,22.0
R0003390,S008,2025-11-28 22:32:58,2025-11-28 22:34:58,16.0
R0003391,S025,2025-11-28 12:20:52,2025-11-28 12:06:52,22.0
R0003392,S003,2025-11-28 21:43:53,2025-11-28 21:32:53,12.0
R0003393,S024,2025-11-28 20:17:28,2025-11-28 20:44:28,26.0
R0003394,S031,2025-11-28 07:34:56,2025-11-28 07:57:56,28.0
R0003395,S028,2025-11-28 14:47:12,,
R0003396,S013,2025-11-28 19:51:07,2025-11-28 20:01:07,13.0
R0003397,S009,2025-11-28 21:35:26,2025-11-28 21:58:26,32.0
R0003398,S012,2025-11-28 17:35:34,,
R0003399,S033,2025-11-28 13:51:11,,
R0003400,S031,2025-11-28 19:05:17,2025-11-28 18:47:17,23.0
R0003401,S009,2025-11-28 12:30:32,2025-11-28 12:49:32,21.0
R0003402,S012,2025-11-28 22:09:27,2025-11-28 22:12:27,43.0
R0003403,S006,2025-11-28 18:59:52,2025-11-28 19:16:52,13.0
R0003404,S016,2025-11-28 20:29:16,2025-11-28 20:58:16,29.0
R0003405,S022,2025-11-28 14:59:43,2025-11-28 15:15:43,43.0
R0003406,S009,2025-11-28 09:44:01,2025-11-28 10:37:01,39.0
R0003407,S022,2025-11-28 12:04:16,2025-11-28 12:06:16,25.0
R0003408,S003,2025-11-28 10:48:52,2025-11-28 11:17:52,15.0
R0003409,S006,2025-11-28 09:14:10,2025-11-28 09:13:10,11.0
R0003410,S032,2025-11-28 21:17:06,2025-11-28 21:40:06,21.0
R0003411,S033,2025-11-28 20:06:36,2025-11-28 20:25:36,22.0
R0003412,S019,2025-11-28 08:05:05,,47.0
R0003413,S028,2025-11-28 11:54:20,2025-11-28 12:29:20,35.0
R0003414,S006,2025-11-28 19:17:59,2025-11-28 20:11:59,65.0
R0003415,S016,2025-11-28 11:49:03,2025-11-28 11:59:03,30.0
R0003416,S029,2025-11-28 18:55:30,2025-11-28 18:57:30,23.0
R0003417,S007,2025-11-28 08:08:22,2025-11-28 08:22:22,14.0
R0003418,S031,2025-11-28 22:59:34,2025-11-28 23:12:34,31.0
R0003419,S003,2025-11-28 22:43:31,2025-11-28 22:46:31,19.0
R0003420,S025,2025-11-28 19:53:19,2025-11-28 20:32:19,22.0
R0003421,S031,2025-11-28 08:33:17,2025-11-28 08:57:17,13.0
R0003422,S023,2025-11-28 20:55:18,2025-11-28 21:20:18,12.0
R0003423,S008,2025-11-28 18:49:39,2025-11-28 19:01:39,32.0
R0003424,S007,2025-11-28 08:56:19,2025-11-28 08:47:19,18.0
R0003425,S016,2025-11-28 19:02:23,2025-11-28 20:23:23,58.0
R0003426,S023,2025-11-28 20:59:05,2025-11-28 21:00:05,11.0
R0003427,S029,2025-11-28 18:47:04,2025-11-28 19:33:04,33.0
R0003428,S033,2025-11-28 15:07:44,2025-11-28 15:21:44,24.0
R0003429,S028,2025-11-28 19:39:46,2025-11-28 20:02:46,24.0
R0003430,S008,2025-11-28 12:28:33,2025-11-28 13:05:33,57.0
R0003431,S009,2025-11-28 16:31:54,2025-11-28 16:36:54,27.0
R0003432,S007,2025-11-28 20:51:38,,14.0
R0003433,S003,2025-11-28 10:38:17,2025-11-28 10:34:17,16.0
R0003434,S013,2025-11-28 22:30:42,2025-11-28 22:39:42,32.0
R0003435,S028,2025-11-28 14:12:13,2025-11-28 14:27:13,24.0
R0003436,S025,2025-11-28 13:25:41,2025-11-28 13:16:41,12.0
R0003437,S032,2025-11-28 15:43:10,2025-11-28 15:53:10,29.0
R0003438,S006,2025-11-28 07:22:54,2025-11-28 07:22:54,13.0
R0003439,S016,2025-11-28 16:54:07,2025-11-28 17:11:07,16.0
R0003440,S028,2025-11-28 14:25:05,2025-11-28 15:00:05,29.0
R0003441,S031,2025-11-28 11:44:29,2025-11-28 12:15:29,31.0
R0003442,S019,2025-11-28 08:57:00,2025-11-28 09:29:00,32.0
R0003443,S029,2025-11-28 19:07:39,2025-11-28 19:47:39,32.0
R0003444,S008,2025-11-28 19:17:17,2025-11-28 19:33:17,4.0
R0003445,S022,2025-11-28 13:28:17,2025-11-28 13:50:17,21.0
R0003446,S033,2025-11-28 20:00:48,2025-11-28 20:20:48,22.0
R0003447,S016,2025-11-28 10:30:37,2025-11-28 11:28:37,55.0
R0003448,S025,2025-11-28 13:52:07,2025-11-28 13:45:07,23.0
R0003449,S019,2025-11-28 22:17:32,2025-11-28 22:42:32,27.0
R0003450,S022,2025-11-28 13:14:33,2025-11-28 13:40:33,30.0
R0003451,S032,2025-11-28 18:31:33,,
R0003452,S003,2025-11-28 09:11:36,2025-11-28 09:23:36,15.0
R0003453,S022,2025-11-28 20:41:51,2025-11-28 21:02:51,43.0
R0003454,S022,2025-11-28 18:36:06,2025-11-28 18:44:06,18.0
R0003455,S033,2025-11-28 12:12:37,,
R0003456,S031,2025-11-28 09:32:38,2025-11-28 09:34:38,10.0
R0003457,S002,2025-11-28 21:40:28,2025-11-28 21:49:28,8.0
R0003458,S024,2025-11-28 19:16:47,2025-11-28 19:46:47,32.0
R0003459,S021,2025-11-28 22:28:14,2025-11-28 23:10:14,36.0
R0003460,S008,2025-11-28 20:52:02,2025-11-28 21:38:02,63.0
R0003461,S022,2025-11-28 18:39:56,2025-11-28 18:28:56,13.0
R0003462,S012,2025-11-28 11:46:44,2025-11-28 12:26:44,38.0
R0003463,S028,2025-11-28 20:43:20,2025-11-28 20:44:20,23.0
R0003464,S022,2025-11-28 08:32:40,2025-11-28 09:18:40,44.0
R0003465,S028,2025-11-28 19:37:39,2025-11-28 20:20:39,28.0
R0003466,S008,2025-11-28 12:56:30,2025-11-28 14:04:30,64.0
R0003467,S008,2025-11-28 14:39:14,2025-11-28 14:16:14,10.0
R0003468,S006,2025-11-28 15:33:27,2025-11-28 15:34:27,13.0
R0003469,S033,2025-11-28 12:20:50,2025-11-28 12:34:50,20.0
R0003470,S022,2025-11-28 14:30:31,2025-11-28 14:59:31,25.0
R0003471,S007,2025-11-28 18:18:32,,11.0
R0003472,S003,2025-11-28 16:38:45,2025-11-28 17:06:45,14.0
R0003473,S016,2025-11-28 08:51:44,2025-11-28 09:22:44,40.0
R0003474,S008,2025-11-28 21:13:54,2025-11-28 22:28:54,69.0
R0003475,S032,2025-11-28 21:39:04,,
R0003476,S032,2025-11-28 21:14:43,2025-11-28 21:24:43,21.0
R0003477,S007,2025-11-28 18:35:43,2025-11-28 18:46:43,8.0
R0003478,S008,2025-11-28 07:51:39,2025-11-28 08:13:39,58.0
R0003479,S032,2025-11-28 21:09:24,2025-11-28 21:31:24,13.0
R0003480,S008,2025-11-28 22:59:09,2025-11-28 22:39:09,2.0
R0003481,S007,2025-11-28 22:02:49,2025-11-28 21:34:49,7.0
R0003482,S025,2025-11-28 12:30:58,2025-11-28 12:09:58,12.0
R0003483,S007,2025-11-28 22:12:35,2025-11-28 22:41:35,56.0
R0003484,S013,2025-11-28 15:35:21,2025-11-28 16:20:21,50.0
R0003485,S023,2025-11-28 21:11:04,,
R0003486,S007,2025-11-28 08:46:42,2025-11-28 08:59:42,49.0
R0003487,S014,2025-11-28 20:44:43,2025-11-28 21:08:43,20.0
R0003488,S009,2025-11-28 20:41:44,2025-11-28 21:27:44,40.0
R0003489,S012,2025-11-28 09:08:23,2025-11-28 09:35:23,46.0
R0003490,S016,2025-11-28 20:53:02,2025-11-28 21:08:02,-43.0
R0003491,S023,2025-11-28 09:03:47,2025-11-28 09:30:47,17.0
R0003492,S021,2025-11-28 22:11:42,2025-11-28 22:26:42,34.0
R0003493,S032,2025-11-28 08:06:59,2025-11-28 07:59:59,9.0
R0003494,S014,2025-11-28 13:24:37,2025-11-28 14:12:37,34.0
R0003495,S029,2025-11-28 14:02:17,,31.0
R0003496,S014,2025-11-28 19:00:06,2025-11-28 19:33:06,21.0
R0003497,S008,2025-11-28 21:17:32,2025-11-28 21:00:32,9.0
R0003498,S028,2025-11-28 21:35:25,2025-11-28 21:46:25,32.0
R0003499,S031,2025-11-28 18:56:41,2025-11-28 19:04:41,29.0
R0003500,S003,2025-11-28 20:53:03,2025-11-28 20:41:03,12.0
R0003501,S032,2025-11-28 19:04:42,2025-11-28 19:05:42,17.0
R0003502,S003,2025-11-28 09:09:03,2025-11-28 08:57:03,7.0
R0003503,S006,2025-11-28 07:55:18,2025-11-28 08:41:18,40.0
R0003504,S006,2025-11-28 13:29:18,2025-11-28 13:14:18,12.0
R0003505,S021,2025-11-28 20:46:02,2025-11-28 21:39:02,48.0
R0003506,S022,2025-11-28 11:10:02,2025-11-28 11:21:02,31.0
R0003507,S023,2025-11-28 12:57:14,2025-11-28 13:01:14,15.0
R0003508,S033,2025-11-28 20:45:31,2025-11-28 21:26:31,24.0
R0003509,S028,2025-11-28 14:54:05,2025-11-28 14:51:05,26.0
R0003510,S014,2025-11-28 19:14:35,2025-11-28 19:31:35,31.0
R0003511,S002,2025-11-28 22:10:11,,
R0003512,S029,2025-11-28 20:21:18,2025-11-28 19:59:18,12.0
R0003513,S024,2025-11-28 16:40:34,2025-11-28 16:44:34,16.0
R0003514,S003,2025-11-28 22:19:25,2025-11-28 22:17:25,33.0
R0003515,S006,2025-11-28 13:10:25,2025-11-28 13:17:25,14.0
R0003516,S021,2025-11-28 16:59:33,2025-11-28 16:41:33,24.0
R0003517,S028,2025-11-28 21:25:39,,
R0003518,S016,2025-11-28 11:44:49,2025-11-28 12:00:49,28.0
R0003519,S031,2025-11-28 22:04:49,,
R0003520,S006,2025-11-28 08:59:04,2025-11-28 09:16:04,8.0
R0003521,S008,2025-11-28 16:37:28,2025-11-28 16:57:28,44.0
R0003522,S023,2025-11-28 22:30:00,,28.0
R0003523,S024,2025-11-28 18:57:45,2025-11-28 19:12:45,15.0
R0003524,S003,2025-11-28 20:33:25,2025-11-28 20:43:25,11.0
R0003525,S013,2025-11-28 18:39:50,,
R0003526,S032,2025-11-28 22:13:03,2025-11-28 22:20:03,19.0
R0003527,S021,2025-11-28 15:43:20,2025-11-28 15:54:20,26.0
R0003528,S024,2025-11-28 17:32:46,2025-11-28 17:40:46,19.0
R0003529,S014,2025-11-28 08:49:30,2025-11-28 08:52:30,24.0
R0003530,S002,2025-11-28 13:32:09,2025-11-28 13:58:09,14.0
R0003531,S008,2025-11-28 19:30:58,2025-11-28 19:38:58,14.0
R0003532,S022,2025-11-28 21:08:00,2025-11-28 21:21:00,37.0
R0003533,S009,2025-11-28 08:23:05,2025-11-28 09:12:05,44.0
R0003534,S002,2025-11-28 22:21:01,2025-11-28 22:32:01,12.0
R0003535,S022,2025-11-28 12:34:43,2025-11-28 12:19:43,17.0
R0003536,S008,2025-11-28 12:41:04,,
R0003537,S024,2025-11-28 15:11:30,2025-11-28 15:47:30,24.0
R0003538,S025,2025-11-28 20:22:52,2025-11-28 20:25:52,34.0
R0003539,S013,2025-11-28 19:58:17,2025-11-28 20:21:17,27.0
R0003540,S008,2025-11-28 08:54:08,2025-11-28 09:08:08,14.0
R0003541,S022,2025-11-28 20:52:01,2025-11-28 21:38:01,41.0
R0003542,S006,2025-11-28 15:39:20,2025-11-28 16:14:20,44.0
R0003543,S024,2025-11-28 07:35:20,2025-11-28 07:51:20,21.0
R0003544,S014,2025-11-28 19:19:09,2025-11-28 20:25:09,43.0
R0003545,S013,2025-11-28 15:36:27,2025-11-28 15:53:27,34.0
R0003546,S032,2025-11-28 18:18:14,2025-11-28 19:15:14,29.0
R0003547,S007,2025-11-28 08:04:22,2025-11-28 07:54:22,10.0
R0003548,S021,2025-11-28 20:43:56,2025-11-28 21:14:56,45.0
R0003549,S021,2025-11-28 23:27:11,2025-11-28 23:35:11,37.0
R0003550,S013,2025-11-28 11:53:26,2025-11-28 12:08:26,38.0
R0003551,S021,2025-11-28 14:29:10,2025-11-28 15:36:10,39.0
R0003552,S007,2025-11-28 16:23:34,2025-11-28 17:09:34,75.0
R0003553,S003,2025-11-28 09:13:54,2025-11-28 10:09:54,66.0
R0003554,S014,2025-11-28 19:53:14,2025-11-28 20:55:14,36.0
R0003555,S007,2025-11-28 20:28:40,2025-11-28 20:47:40,13.0
R0003556,S019,2025-11-28 18:58:23,2025-11-28 19:52:23,33.0
R0003557,S031,2025-11-28 13:42:37,2025-11-28 14:10:37,27.0
R0003558,S021,2025-11-28 10:54:49,2025-11-28 11:11:49,46.0
R0003559,S012,2025-11-28 10:21:45,2025-11-28 11:10:45,39.0
R0003560,S014,2025-11-28 08:10:58,,29.0
R0003561,S029,2025-11-28 07:14:56,2025-11-28 07:58:56,31.0
R0003562,S022,2025-11-28 13:54:07,2025-11-28 14:08:07,40.0
R0003563,S033,2025-11-28 15:53:10,2025-11-28 16:04:10,29.0
R0003564,S033,2025-11-28 18:45:54,2025-11-28 18:45:54,30.0
R0003565,S021,2025-11-28 12:31:15,2025-11-28 12:31:15,24.0
R0003566,S003,2025-11-28 22:16:44,2025-11-28 22:17:44,13.0
R0003567,S009,2025-11-28 22:06:07,2025-11-28 23:01:07,41.0
R0003568,S030,2025-11-29 20:47:20,2025-11-29 20:58:20,25.0
R0003569,S017,2025-11-29 21:17:03,2025-11-29 21:51:03,36.0
R0003570,S022,2025-11-29 19:43:51,2025-11-29 20:38:51,35.0
R0003571,S012,2025-11-29 23:07:03,,
R0003572,S022,2025-11-29 20:23:11,,
R0003573,S011,2025-11-29 19:54:46,2025-11-29 20:49:46,42.0
R0003574,S022,2025-11-29 19:47:32,2025-11-29 20:06:32,31.0
R0003575,S026,2025-11-29 18:31:42,2025-11-29 18:49:42,19.0
R0003576,S020,2025-11-29 22:52:33,,
R0003577,S020,2025-11-29 22:19:02,,40.0
R0003578,S003,2025-11-29 19:21:57,2025-11-29 19:25:57,11.0
R0003579,S018,2025-11-29 21:57:25,2025-11-29 22:48:25,40.0
R0003580,S004,2025-11-29 18:38:35,,
R0003581,S032,2025-11-29 21:05:50,2025-11-29 21:15:50,15.0
R0003582,S012,2025-11-29 14:18:22,2025-11-29 14:32:22,31.0
R0003583,S030,2025-11-29 22:41:35,2025-11-29 23:14:35,21.0
R0003584,S007,2025-11-29 13:45:04,,
R0003585,S022,2025-11-29 19:15:01,2025-11-29 20:02:01,38.0
R0003586,S027,2025-11-29 15:31:00,,
R0003587,S030,2025-11-29 14:50:06,,
R0003588,S002,2025-11-29 20:40:49,2025-11-29 20:43:49,6.0
R0003589,S032,2025-11-29 20:31:28,2025-11-29 20:51:28,27.0
R0003590,S004,2025-11-29 13:12:15,2025-11-29 13:10:15,11.0
R0003591,S014,2025-11-29 21:47:36,2025-11-29 22:21:36,41.0
R0003592,S025,2025-11-29 10:29:22,2025-11-29 10:43:22,25.0
R0003593,S014,2025-11-29 21:30:48,2025-11-29 21:44:48,32.0
R0003594,S025,2025-11-29 12:46:17,,
R0003595,S022,2025-11-29 11:26:22,2025-11-29 11:52:22,29.0
R0003596,S017,2025-11-29 09:46:35,2025-11-29 10:29:35,40.0
R0003597,S001,2025-11-29 21:11:53,2025-11-29 21:47:53,15.0
R0003598,S007,2025-11-29 18:42:41,2025-11-29 18:37:41,17.0
R0003599,S027,2025-11-29 20:45:36,2025-11-29 20:38:36,25.0
R0003600,S017,2025-11-29 19:38:35,2025-11-29 20:20:35,32.0
R0003601,S026,2025-11-29 15:16:03,2025-11-29 15:12:03,14.0
R0003602,S026,2025-11-29 11:28:24,2025-11-29 11:27:24,16.0
R0003603,S012,2025-11-29 15:09:16,2025-11-29 15:34:16,40.0
R0003604,S001,2025-11-29 21:15:25,2025-11-29 21:40:25,18.0
R0003605,S026,2025-11-29 07:42:10,2025-11-29 07:20:10,11.0
R0003606,S011,2025-11-29 08:28:06,2025-11-29 09:11:06,37.0
R0003607,S014,2025-11-29 15:47:04,2025-11-29 15:56:04,23.0
R0003608,S003,2025-11-29 13:52:24,2025-11-29 13:44:24,14.0
R0003609,S006,2025-11-29 08:33:10,2025-11-29 08:50:10,9.0
R0003610,S027,2025-11-29 12:04:01,,
R0003611,S025,2025-11-29 14:01:59,2025-11-29 13:59:59,22.0
R0003612,S002,2025-11-29 20:37:57,2025-11-29 20:19:57,11.0
R0003613,S023,2025-11-29 14:58:55,2025-11-29 15:36:55,23.0
R0003614,S014,2025-11-29 15:12:06,2025-11-29 15:09:06,34.0
R0003615,S001,2025-11-29 20:51:27,,60.0
R0003616,S015,2025-11-29 17:38:57,2025-11-29 18:11:57,40.0
R0003617,S027,2025-11-29 22:15:53,2025-11-29 22:44:53,29.0
R0003618,S006,2025-11-29 19:56:44,2025-11-29 20:41:44,32.0
R0003619,S018,2025-11-29 09:46:40,2025-11-29 09:34:40,21.0
R0003620,S004,2025-11-29 19:42:00,2025-11-29 19:53:00,10.0
R0003621,S002,2025-11-29 12:49:08,2025-11-29 13:17:08,46.0
R0003622,S027,2025-11-29 20:52:40,2025-11-29 20:54:40,26.0
R0003623,S030,2025-11-29 18:33:23,2025-11-29 18:54:23,11.0
R0003624,S004,2025-11-29 22:09:26,,
R0003625,S002,2025-11-29 20:33:40,2025-11-29 20:13:40,13.0
R0003626,S011,2025-11-29 16:02:09,2025-11-29 16:24:09,31.0
R0003627,S012,2025-11-29 10:30:13,2025-11-29 10:21:13,23.0
R0003628,S011,2025-11-29 08:59:49,2025-11-29 09:26:49,18.0
R0003629,S032,2025-11-29 12:21:40,2025-11-29 13:00:40,28.0
R0003630,S003,2025-11-29 11:23:41,2025-11-29 11:51:41,22.0
R0003631,S030,2025-11-29 14:52:39,2025-11-29 14:51:39,20.0
R0003632,S007,2025-11-29 10:38:43,2025-11-29 11:17:43,19.0
R0003633,S007,2025-11-29 19:47:37,2025-11-29 20:19:37,46.0
R0003634,S006,2025-11-29 22:15:52,2025-11-29 22:35:52,12.0
R0003635,S003,2025-11-29 18:53:27,,
R0003636,S032,2025-11-29 12:32:47,2025-11-29 12:34:47,-15.0
R0003637,S027,2025-11-29 18:28:40,2025-11-29 19:07:40,33.0
R0003638,S030,2025-11-29 15:03:34,2025-11-29 15:24:34,17.0
R0003639,S011,2025-11-29 19:00:26,2025-11-29 19:55:26,40.0
R0003640,S014,2025-11-29 18:57:25,,
R0003641,S025,2025-11-29 13:35:35,2025-11-29 13:59:35,34.0
R0003642,S004,2025-11-29 21:38:56,2025-11-29 21:35:56,13.0
R0003643,S022,2025-11-29 15:36:44,2025-11-29 16:22:44,33.0
R0003644,S032,2025-11-29 19:28:44,2025-11-29 20:21:44,25.0
R0003645,S003,2025-11-29 08:30:04,2025-11-29 08:21:04,13.0
R0003646,S022,2025-11-29 14:23:21,2025-11-29 14:41:21,29.0
R0003647,S012,2025-11-29 19:10:24,2025-11-29 19:27:24,15.0
R0003648,S018,2025-11-29 19:01:54,2025-11-29 19:49:54,29.0
R0003649,S017,2025-11-29 09:25:16,2025-11-29 09:58:16,36.0
R0003650,S006,2025-11-29 18:07:35,2025-11-29 18:52:35,65.0
R0003651,S023,2025-11-29 14:40:51,2025-11-29 14:58:51,24.0
R0003652,S003,2025-11-29 08:39:03,2025-11-29 09:44:03,56.0
R0003653,S032,2025-11-29 20:58:13,2025-11-29 20:54:13,20.0
R0003654,S026,2025-11-29 13:59:33,2025-11-29 13:52:33,11.0
R0003655,S011,2025-11-29 12:34:30,2025-11-29 13:28:30,49.0
R0003656,S031,2025-11-29 19:40:36,2025-11-29 20:10:36,31.0
R0003657,S004,2025-11-29 11:21:44,2025-11-29 11:42:44,18.0
R0003658,S017,2025-11-29 11:46:59,2025-11-29 12:08:59,22.0
R0003659,S022,2025-11-29 11:14:08,2025-11-29 11:41:08,37.0
R0003660,S025,2025-11-29 15:10:32,2025-11-29 15:48:32,20.0
R0003661,S034,2025-11-29 11:24:46,2025-11-29 11:54:46,25.0
R0003662,S032,2025-11-29 08:16:20,2025-11-29 08:17:20,29.0
R0003663,S022,2025-11-29 22:31:27,2025-11-29 22:47:27,29.0
R0003664,S012,2025-11-29 20:05:31,,
R0003665,S004,2025-11-29 20:38:58,2025-11-29 20:35:58,4.0
R0003666,S003,2025-11-29 20:58:44,2025-11-29 20:53:44,7.0
R0003667,S023,2025-11-29 07:45:30,2025-11-29 08:04:30,13.0
R0003668,S034,2025-11-29 17:09:07,2025-11-29 17:27:07,25.0
R0003669,S023,2025-11-29 13:15:17,2025-11-29 13:18:17,10.0
R0003670,S012,2025-11-29 13:53:09,2025-11-29 14:19:09,45.0
R0003671,S018,2025-11-29 11:13:20,,
R0003672,S023,2025-11-29 13:58:03,2025-11-29 14:10:03,18.0
R0003673,S018,2025-11-29 20:57:31,2025-11-29 21:28:31,34.0
R0003674,S006,2025-11-29 13:46:57,2025-11-29 13:38:57,10.0
R0003675,S017,2025-11-29 20:21:46,2025-11-29 20:52:46,23.0
R0003676,S018,2025-11-29 13:53:28,2025-11-29 13:59:28,27.0
R0003677,S025,2025-11-29 22:28:26,2025-11-29 22:34:26,23.0
R0003678,S026,2025-11-29 17:13:36,2025-11-29 17:14:36,7.0
R0003679,S034,2025-11-29 13:51:06,2025-11-29 14:09:06,18.0
R0003680,S011,2025-11-29 13:45:02,2025-11-29 13:45:02,15.0
R0003681,S004,2025-11-29 14:55:06,2025-11-29 14:57:06,9.0
R0003682,S030,2025-11-29 18:47:24,2025-11-29 18:50:24,22.0
R0003683,S025,2025-11-29 07:47:31,,
R0003684,S031,2025-11-29 18:30:10,2025-11-29 18:30:10,15.0
R0003685,S027,2025-11-29 07:48:38,2025-11-29 08:02:38,19.0
R0003686,S001,2025-11-29 16:35:36,2025-11-29 17:36:36,43.0
R0003687,S030,2025-11-29 19:08:41,2025-11-29 19:50:41,29.0
R0003688,S017,2025-11-29 19:55:56,2025-11-29 20:36:56,19.0
R0003689,S027,2025-11-29 13:09:21,2025-11-29 13:12:21,29.0
R0003690,S001,2025-11-29 11:26:19,2025-11-29 12:05:19,70.0
R0003691,S025,2025-11-29 07:44:37,2025-11-29 08:05:37,25.0
R0003692,S004,2025-11-29 15:40:50,,
R0003693,S004,2025-11-29 08:45:05,2025-11-29 09:06:05,10.0
R0003694,S014,2025-11-29 20:52:20,2025-11-29 21:07:20,41.0
R0003695,S025,2025-11-29 22:26:06,,
R0003696,S034,2025-11-29 11:18:57,2025-11-29 12:00:57,28.0
R0003697,S022,2025-11-29 22:45:11,2025-11-29 23:24:11,45.0
R0003698,S018,2025-11-29 08:41:40,2025-11-29 09:03:40,27.0
R0003699,S007,2025-11-29 13:39:08,2025-11-29 14:02:08,8.0
R0003700,S003,2025-11-29 11:59:34,2025-11-29 13:07:34,55.0
R0003701,S030,2025-11-29 17:59:41,2025-11-29 18:34:41,14.0
R0003702,S011,2025-11-29 11:52:15,2025-11-29 12:38:15,26.0
R0003703,S022,2025-11-29 14:26:23,2025-11-29 14:53:23,28.0
R0003704,S001,2025-11-29 14:46:55,2025-11-29 14:38:55,9.0
R0003705,S023,2025-11-29 13:02:37,2025-11-29 13:07:37,13.0
R0003706,S012,2025-11-29 19:23:37,2025-11-29 19:35:37,29.0
R0003707,S004,2025-11-29 14:54:10,2025-11-29 15:16:10,15.0
R0003708,S025,2025-11-29 20:44:30,2025-11-29 21:00:30,26.0
R0003709,S022,2025-11-29 16:02:15,2025-11-29 16:00:15,33.0
R0003710,S002,2025-11-29 08:45:42,2025-11-29 08:29:42,9.0
R0003711,S032,2025-11-29 19:39:17,2025-11-29 19:43:17,20.0
R0003712,S007,2025-11-29 21:07:40,2025-11-29 21:11:40,7.0
R0003713,S025,2025-11-29 19:13:21,2025-11-29 19:28:21,31.0
R0003714,S023,2025-11-29 15:16:15,,
R0003715,S023,2025-11-29 07:43:07,2025-11-29 08:08:07,21.0
R0003716,S014,2025-11-29 09:39:41,2025-11-29 10:20:41,45.0
R0003717,S014,2025-11-29 09:45:16,2025-11-29 10:20:16,43.0
R0003718,S007,2025-11-29 18:44:48,2025-11-29 19:00:48,12.0
R0003719,S030,2025-11-29 19:52:21,2025-11-29 20:02:21,20.0
R0003720,S031,2025-11-29 13:13:46,2025-11-29 13:34:46,-29.0
R0003721,S020,2025-11-29 18:22:39,2025-11-29 18:38:39,10.0
R0003722,S007,2025-11-29 21:07:20,,
R0003723,S002,2025-11-29 16:59:00,2025-11-29 17:17:00,13.0
R0003724,S011,2025-11-29 20:05:43,,
R0003725,S006,2025-11-29 18:19:29,2025-11-29 19:04:29,42.0
R0003726,S001,2025-11-29 14:34:42,2025-11-29 14:25:42,6.0
R0003727,S034,2025-11-29 11:35:59,2025-11-29 11:15:59,15.0
R0003728,S003,2025-11-29 08:58:35,,
R0003729,S026,2025-11-29 22:03:34,2025-11-29 22:31:34,29.0
R0003730,S018,2025-11-29 09:34:58,2025-11-29 09:49:58,47.0
R0003731,S004,2025-11-29 13:23:28,2025-11-29 13:18:28,8.0
R0003732,S015,2025-11-29 18:45:30,2025-11-29 18:53:30,33.0
R0003733,S015,2025-11-29 20:30:58,,
R0003734,S034,2025-11-29 20:19:49,2025-11-29 20:17:49,36.0
R0003735,S014,2025-11-29 20:19:46,2025-11-29 20:52:46,45.0
R0003736,S004,2025-11-29 18:46:51,,
R0003737,S012,2025-11-29 23:02:54,2025-11-29 23:35:54,46.0
R0003738,S030,2025-11-29 18:13:09,2025-11-29 18:31:09,25.0
R0003739,S014,2025-11-29 09:44:16,2025-11-29 10:22:16,26.0
R0003740,S022,2025-11-29 16:21:09,2025-11-29 16:32:09,43.0
R0003741,S002,2025-11-29 12:18:42,2025-11-29 12:41:42,12.0
R0003742,S001,2025-11-29 15:12:17,2025-11-29 16:02:17,66.0
R0003743,S023,2025-11-29 21:18:59,2025-11-29 21:07:59,16.0
R0003744,S015,2025-11-29 18:24:19,2025-11-29 18:27:19,20.0
R0003745,S004,2025-11-29 08:35:47,2025-11-29 09:42:47,66.0
R0003746,S030,2025-11-29 08:41:23,2025-11-29 09:25:23,34.0
R0003747,S022,2025-11-29 07:52:07,2025-11-29 08:24:07,40.0
R0003748,S025,2025-11-29 17:25:34,2025-11-29 17:34:34,27.0
R0003749,S018,2025-11-29 21:55:41,2025-11-29 22:05:41,23.0
R0003750,S001,2025-11-29 12:07:26,2025-11-29 12:31:26,5.0
R0003751,S026,2025-11-29 14:03:49,2025-11-29 14:14:49,25.0
R0003752,S031,2025-11-29 22:45:38,2025-11-29 22:40:38,21.0
R0003753,S017,2025-11-29 19:12:25,2025-11-29 20:00:25,45.0
R0003754,S020,2025-11-29 19:52:07,2025-11-29 20:40:07,41.0
R0003755,S001,2025-11-29 14:51:54,2025-11-29 14:45:54,14.0
R0003756,S026,2025-11-29 20:51:57,2025-11-29 21:14:57,26.0
R0003757,S020,2025-11-29 22:21:34,,
R0003758,S006,2025-11-29 13:32:05,2025-11-29 13:53:05,49.0
R0003759,S007,2025-11-29 19:14:25,2025-11-29 19:30:25,7.0
R0003760,S023,2025-11-29 18:41:18,2025-11-29 18:38:18,19.0
R0003761,S002,2025-11-29 21:08:04,2025-11-29 21:44:04,13.0
R0003762,S011,2025-11-29 08:21:16,2025-11-29 08:37:16,30.0
R0003763,S030,2025-11-29 20:00:43,2025-11-29 20:05:43,-18.0
R0003764,S007,2025-11-29 13:35:31,2025-11-29 13:58:31,17.0
R0003765,S027,2025-11-29 08:08:44,2025-11-29 08:35:44,29.0
R0003766,S018,2025-11-29 21:30:06,2025-11-29 22:06:06,27.0
R0003767,S006,2025-11-29 19:25:12,2025-11-29 20:18:12,68.0
R0003768,S020,2025-11-29 14:04:20,2025-11-29 14:15:20,28.0
R0003769,S027,2025-11-29 20:26:03,2025-11-29 20:52:03,27.0
R0003770,S020,2025-11-29 20:53:28,2025-11-29 21:34:28,47.0
R0003771,S031,2025-11-29 12:26:26,2025-11-29 12:23:26,36.0
R0003772,S025,2025-11-29 16:10:46,2025-11-29 16:26:46,22.0
R0003773,S030,2025-11-29 07:32:11,2025-11-29 07:35:11,23.0
R0003774,S032,2025-11-29 21:34:39,2025-11-29 21:53:39,22.0
R0003775,S030,2025-11-29 10:15:27,2025-11-29 11:10:27,29.0
R0003776,S025,2025-11-29 15:28:55,2025-11-29 15:51:55,23.0
R0003777,S001,2025-11-29 11:32:05,2025-11-29 12:37:05,58.0
R0003778,S023,2025-11-29 08:04:46,2025-11-29 08:26:46,30.0
R0003779,S025,2025-11-29 09:22:03,2025-11-29 09:30:03,16.0
R0003780,S012,2025-11-29 21:42:23,2025-11-29 21:49:23,26.0
R0003781,S004,2025-11-29 21:45:14,2025-11-29 22:42:14,78.0
R0003782,S001,2025-11-29 12:03:07,2025-11-29 12:18:07,12.0
R0003783,S023,2025-11-29 22:05:12,,15.0
R0003784,S022,2025-11-29 18:48:42,,
R0003785,S030,2025-11-29 11:43:15,,
R0003786,S025,2025-11-29 18:38:53,,
R0003787,S007,2025-11-29 08:31:11,2025-11-29 09:14:11,41.0
R0003788,S003,2025-11-29 09:41:10,2025-11-29 10:25:10,56.0
R0003789,S004,2025-11-29 14:24:17,,
R0003790,S002,2025-11-29 09:56:50,2025-11-29 10:04:50,6.0
R0003791,S027,2025-11-29 22:16:44,2025-11-29 22:24:44,24.0
R0003792,S011,2025-11-29 09:40:06,,
R0003793,S030,2025-11-29 11:23:47,2025-11-29 11:58:47,-18.0
R0003794,S014,2025-11-29 11:24:09,2025-11-29 11:42:09,41.0
R0003795,S015,2025-11-29 18:56:56,2025-11-29 19:52:56,38.0
R0003796,S027,2025-11-29 20:51:01,2025-11-29 21:06:01,20.0
R0003797,S004,2025-11-29 17:15:58,2025-11-29 16:43:58,8.0
R0003798,S032,2025-11-29 13:01:15,,
R0003799,S004,2025-11-29 11:54:53,2025-11-29 12:00:53,5.0
R0003800,S001,2025-11-29 11:26:25,2025-11-29 11:31:25,26.0
R0003801,S030,2025-11-29 10:04:46,,
R0003802,S017,2025-11-29 18:22:13,2025-11-29 19:01:13,31.0
R0003803,S020,2025-11-29 09:54:35,2025-11-29 10:33:35,45.0
R0003804,S001,2025-11-29 11:30:28,2025-11-29 11:35:28,15.0
R0003805,S023,2025-11-29 22:20:43,2025-11-29 22:44:43,27.0
R0003806,S006,2025-11-29 12:56:18,,
R0003807,S014,2025-11-29 18:40:31,2025-11-29 19:13:31,-26.0
R0003808,S023,2025-11-29 22:52:36,2025-11-29 23:32:36,25.0
R0003809,S007,2025-11-29 18:30:37,2025-11-29 18:29:37,5.0
R0003810,S015,2025-11-29 14:44:09,2025-11-29 14:49:09,26.0
R0003811,S030,2025-11-29 12:43:35,2025-11-29 13:15:35,27.0
R0003812,S002,2025-11-29 19:50:33,2025-11-29 19:50:33,13.0
R0003813,S011,2025-11-29 11:52:56,2025-11-29 12:31:56,37.0
R0003814,S023,2025-11-29 09:22:45,2025-11-29 09:12:45,27.0
R0003815,S015,2025-11-29 19:41:34,2025-11-29 19:43:34,21.0
R0003816,S017,2025-11-29 18:37:21,2025-11-29 19:20:21,24.0
R0003817,S032,2025-11-29 14:58:10,2025-11-29 15:05:10,28.0
R0003818,S027,2025-11-29 10:16:11,2025-11-29 10:36:11,25.0
R0003819,S020,2025-11-29 21:59:28,2025-11-29 22:08:28,35.0
R0003820,S001,2025-11-29 15:04:09,2025-11-29 15:33:09,53.0
R0003821,S006,2025-11-29 18:52:23,2025-11-29 19:17:23,10.0
R0003822,S034,2025-11-29 15:03:28,2025-11-29 14:55:28,23.0
R0003823,S006,2025-11-29 20:05:53,2025-11-29 20:08:53,13.0
R0003824,S006,2025-11-29 20:30:10,2025-11-29 21:23:10,39.0
R0003825,S006,2025-11-29 19:46:15,2025-11-29 20:18:15,19.0
R0003826,S007,2025-11-29 20:00:27,2025-11-29 20:26:27,8.0
R0003827,S027,2025-11-29 22:09:22,2025-11-29 22:29:22,31.0
R0003828,S022,2025-11-29 15:28:18,2025-11-29 16:09:18,39.0
R0003829,S007,2025-11-29 20:52:42,2025-11-29 21:06:42,14.0
R0003830,S022,2025-11-29 19:25:09,2025-11-29 19:20:09,20.0
R0003831,S027,2025-11-29 19:50:09,2025-11-29 19:29:09,19.0
R0003832,S011,2025-11-29 08:20:01,2025-11-29 08:36:01,24.0
R0003833,S002,2025-11-29 18:15:05,2025-11-29 18:12:05,13.0
R0003834,S026,2025-11-29 13:39:42,,
R0003835,S027,2025-11-29 15:53:53,2025-11-29 15:40:53,18.0
R0003836,S003,2025-11-29 21:24:48,2025-11-29 21:39:48,15.0
R0003837,S017,2025-11-29 12:04:25,2025-11-29 12:53:25,31.0
R0003838,S034,2025-11-29 13:51:44,2025-11-29 14:12:44,35.0
R0003839,S003,2025-11-29 12:43:21,2025-11-29 12:36:21,12.0
R0003840,S030,2025-11-29 21:46:09,2025-11-29 22:20:09,18.0
R0003841,S034,2025-11-29 18:48:47,2025-11-29 18:46:47,11.0
R0003842,S015,2025-11-29 17:17:58,2025-11-29 17:48:58,33.0
R0003843,S003,2025-11-29 19:48:05,2025-11-29 20:04:05,7.0
R0003844,S014,2025-11-29 22:02:13,,
R0003845,S031,2025-11-29 12:08:59,2025-11-29 12:20:59,28.0
R0003846,S018,2025-11-29 19:03:27,2025-11-29 19:58:27,36.0
R0003847,S006,2025-11-29 08:53:03,2025-11-29 08:44:03,9.0
R0003848,S015,2025-11-29 15:27:49,2025-11-29 16:00:49,46.0
R0003849,S027,2025-11-29 16:51:53,2025-11-29 17:20:53,24.0
R0003850,S004,2025-11-29 20:45:06,2025-11-29 21:28:06,29.0
R0003851,S026,2025-11-29 19:05:00,2025-11-29 19:48:00,33.0
R0003852,S023,2025-11-29 15:08:15,2025-11-29 16:04:15,31.0
R0003853,S022,2025-11-29 12:42:29,2025-11-29 13:04:29,34.0
R0003854,S015,2025-11-29 15:03:43,2025-11-29 15:27:43,48.0
R0003855,S003,2025-11-29 17:50:21,2025-11-29 18:14:21,19.0
R0003856,S031,2025-11-29 15:20:14,2025-11-29 15:22:14,22.0
R0003857,S007,2025-11-29 18:23:15,2025-11-29 18:05:15,11.0
R0003858,S015,2025-11-29 15:37:10,2025-11-29 16:19:10,44.0
R0003859,S034,2025-11-29 10:04:24,2025-11-29 10:14:24,14.0
R0003860,S020,2025-11-29 07:35:11,2025-11-29 07:52:11,15.0
R0003861,S003,2025-11-29 21:01:49,2025-11-29 21:06:49,15.0
R0003862,S003,2025-11-29 21:04:16,2025-11-29 21:35:16,25.0
R0003863,S001,2025-11-29 20:32:06,2025-11-29 21:13:06,67.0
R0003864,S026,2025-11-29 13:43:06,2025-11-29 13:54:06,17.0
R0003865,S018,2025-11-29 12:32:04,2025-11-29 12:42:04,17.0
R0003866,S018,2025-11-29 23:05:38,2025-11-29 23:03:38,20.0
R0003867,S003,2025-11-29 14:10:26,2025-11-29 14:15:26,14.0
R0003868,S006,2025-11-29 20:50:15,2025-11-29 20:41:15,28.0
R0003869,S011,2025-11-29 08:32:06,2025-11-29 08:59:06,26.0
R0003870,S027,2025-11-29 13:49:53,2025-11-29 13:41:53,16.0
R0003871,S030,2025-11-29 14:10:44,2025-11-29 14:32:44,31.0
R0003872,S030,2025-11-29 14:03:05,2025-11-29 14:30:05,31.0
R0003873,S004,2025-11-29 14:06:56,2025-11-29 14:42:56,10.0
R0003874,S015,2025-11-29 19:48:29,2025-11-29 19:34:29,17.0
R0003875,S002,2025-11-29 12:22:55,2025-11-29 12:31:55,20.0
R0003876,S014,2025-11-29 09:01:39,,
R0003877,S001,2025-11-29 15:45:43,2025-11-29 16:07:43,36.0
R0003878,S006,2025-11-29 14:41:35,2025-11-29 14:54:35,13.0
R0003879,S031,2025-11-29 07:50:29,2025-11-29 07:59:29,33.0
R0003880,S012,2025-11-29 16:42:59,2025-11-29 17:19:59,35.0
R0003881,S011,2025-11-29 20:27:43,2025-11-29 21:08:43,32.0
R0003882,S014,2025-11-29 19:15:13,2025-11-29 20:05:13,48.0
R0003883,S006,2025-11-29 12:23:10,2025-11-29 12:30:10,12.0
R0003884,S007,2025-11-29 09:14:55,2025-11-29 10:05:55,57.0
R0003885,S007,2025-11-30 17:20:19,2025-11-30 17:08:19,12.0
R0003886,S034,2025-11-30 18:22:56,2025-11-30 18:33:56,19.0
R0003887,S028,2025-11-30 13:58:29,2025-11-30 13:52:29,27.0
R0003888,S013,2025-11-30 12:32:11,2025-11-30 13:14:11,40.0
R0003889,S030,2025-11-30 14:36:59,2025-11-30 15:06:59,35.0
R0003890,S011,2025-11-30 08:03:51,2025-11-30 08:16:51,31.0
R0003891,S033,2025-11-30 18:20:35,2025-11-30 18:25:35,30.0
R0003892,S013,2025-11-30 13:15:49,2025-11-30 13:31:49,35.0
R0003893,S003,2025-11-30 14:58:21,2025-11-30 15:04:21,11.0
R0003894,S008,2025-11-30 07:46:19,2025-11-30 08:14:19,10.0
R0003895,S007,2025-11-30 21:42:00,2025-11-30 21:55:00,11.0
R0003896,S004,2025-11-30 18:13:36,2025-11-30 18:10:36,9.0
R0003897,S031,2025-11-30 18:06:11,2025-11-30 18:38:11,25.0
R0003898,S012,2025-11-30 19:28:23,2025-11-30 19:34:23,37.0
R0003899,S034,2025-11-30 12:17:49,2025-11-30 11:51:49,11.0
R0003900,S032,2025-11-30 19:41:24,2025-11-30 19:54:24,26.0
R0003901,S033,2025-11-30 12:24:43,2025-11-30 12:41:43,19.0
R0003902,S012,2025-11-30 20:19:57,2025-11-30 20:29:57,42.0
R0003903,S010,2025-11-30 19:57:13,2025-11-30 20:24:13,28.0
R0003904,S003,2025-11-30 20:15:16,2025-11-30 20:15:16,14.0
R0003905,S003,2025-11-30 20:57:51,2025-11-30 21:51:51,53.0
R0003906,S015,2025-11-30 11:46:19,2025-11-30 12:20:19,-30.0
R0003907,S028,2025-11-30 20:14:40,2025-11-30 20:25:40,18.0
R0003908,S008,2025-11-30 16:52:40,,
R0003909,S003,2025-11-30 19:53:03,2025-11-30 20:11:03,12.0
R0003910,S008,2025-11-30 17:40:14,2025-11-30 17:52:14,15.0
R0003911,S010,2025-11-30 08:48:50,2025-11-30 08:35:50,18.0
R0003912,S026,2025-11-30 12:27:29,2025-11-30 12:53:29,43.0
R0003913,S013,2025-11-30 22:02:22,2025-11-30 22:51:22,27.0
R0003914,S021,2025-11-30 08:33:46,2025-11-30 08:40:46,32.0
R0003915,S008,2025-11-30 13:00:58,,
R0003916,S031,2025-11-30 09:11:29,2025-11-30 09:51:29,35.0
R0003917,S002,2025-11-30 19:23:48,2025-11-30 19:53:48,43.0
R0003918,S012,2025-11-30 12:51:38,2025-11-30 13:03:38,24.0
R0003919,S034,2025-11-30 12:11:13,2025-11-30 12:33:13,13.0
R0003920,S012,2025-11-30 09:03:42,2025-11-30 09:23:42,33.0
R0003921,S011,2025-11-30 14:39:11,2025-11-30 15:18:11,42.0
R0003922,S028,2025-11-30 12:24:54,2025-11-30 13:13:54,32.0
R0003923,S017,2025-11-30 10:48:37,2025-11-30 11:10:37,24.0
R0003924,S034,2025-11-30 21:15:13,2025-11-30 21:43:13,27.0
R0003925,S005,2025-11-30 20:50:49,2025-11-30 20:37:49,16.0
R0003926,S002,2025-11-30 20:48:26,2025-11-30 21:02:26,14.0
R0003927,S004,2025-11-30 19:25:27,2025-11-30 20:06:27,19.0
R0003928,S026,2025-11-30 11:50:12,2025-11-30 12:21:12,36.0
R0003929,S028,2025-11-30 11:56:04,2025-11-30 12:22:04,31.0
R0003930,S012,2025-11-30 13:07:39,2025-11-30 13:19:39,48.0
R0003931,S016,2025-11-30 08:58:52,2025-11-30 09:47:52,38.0
R0003932,S030,2025-11-30 08:43:36,2025-11-30 09:34:36,28.0
R0003933,S002,2025-11-30 13:58:58,2025-11-30 14:28:58,14.0
R0003934,S008,2025-11-30 20:05:29,2025-11-30 20:15:29,13.0
R0003935,S014,2025-11-30 20:13:41,2025-11-30 20:46:41,34.0
R0003936,S021,2025-11-30 12:33:45,2025-11-30 12:56:45,24.0
R0003937,S009,2025-11-30 14:37:37,2025-11-30 14:55:37,20.0
R0003938,S034,2025-11-30 12:03:02,2025-11-30 12:12:02,28.0
R0003939,S013,2025-11-30 21:16:37,,33.0
R0003940,S008,2025-11-30 07:49:49,2025-11-30 08:34:49,46.0
R0003941,S013,2025-11-30 10:42:35,2025-11-30 11:18:35,28.0
R0003942,S002,2025-11-30 20:47:12,,
R0003943,S031,2025-11-30 22:09:03,2025-11-30 22:38:03,19.0
R0003944,S025,2025-11-30 22:45:25,2025-11-30 22:59:25,30.0
R0003945,S004,2025-11-30 08:45:44,2025-11-30 09:32:44,55.0
R0003946,S011,2025-11-30 14:00:22,2025-11-30 14:13:22,40.0
R0003947,S033,2025-11-30 09:41:56,2025-11-30 10:00:56,19.0
R0003948,S034,2025-11-30 09:49:26,2025-11-30 10:30:26,30.0
R0003949,S002,2025-11-30 18:14:29,2025-11-30 18:17:29,11.0
R0003950,S015,2025-11-30 10:03:15,2025-11-30 10:41:15,46.0
R0003951,S013,2025-11-30 15:41:51,2025-11-30 16:00:51,32.0
R0003952,S003,2025-11-30 11:26:12,2025-11-30 12:43:12,74.0
R0003953,S032,2025-11-30 14:13:25,2025-11-30 14:38:25,40.0
R0003954,S007,2025-11-30 14:01:10,,10.0
R0003955,S028,2025-11-30 22:55:30,2025-11-30 23:40:30,19.0
R0003956,S010,2025-11-30 12:49:07,2025-11-30 13:02:07,36.0
R0003957,S030,2025-11-30 12:25:15,2025-11-30 12:47:15,23.0
R0003958,S005,2025-11-30 21:41:47,2025-11-30 22:06:47,55.0
R0003959,S026,2025-11-30 14:53:33,2025-11-30 15:34:33,23.0
R0003960,S009,2025-11-30 21:03:28,2025-11-30 22:02:28,50.0
R0003961,S023,2025-11-30 07:35:54,2025-11-30 08:04:54,30.0
R0003962,S011,2025-11-30 17:31:00,2025-11-30 17:41:00,44.0
R0003963,S034,2025-11-30 14:29:57,2025-11-30 14:23:57,12.0
R0003964,S016,2025-11-30 15:09:19,2025-11-30 15:34:19,41.0
R0003965,S010,2025-11-30 22:03:00,2025-11-30 22:32:00,36.0
R0003966,S005,2025-11-30 19:09:18,2025-11-30 19:24:18,9.0
R0003967,S023,2025-11-30 20:51:37,2025-11-30 20:55:37,23.0
R0003968,S005,2025-11-30 18:21:26,2025-11-30 19:47:26,85.0
R0003969,S005,2025-11-30 18:57:34,2025-11-30 18:54:34,12.0
R0003970,S017,2025-11-30 15:45:05,,
R0003971,S003,2025-11-30 16:57:44,2025-11-30 17:20:44,52.0
R0003972,S007,2025-11-30 15:21:47,2025-11-30 15:19:47,14.0
R0003973,S032,2025-11-30 20:40:38,2025-11-30 20:42:38,29.0
R0003974,S011,2025-11-30 13:09:47,2025-11-30 12:56:47,19.0
R0003975,S032,2025-11-30 16:17:15,2025-11-30 17:05:15,29.0
R0003976,S013,2025-11-30 19:27:10,2025-11-30 19:58:10,36.0
R0003977,S034,2025-11-30 10:49:50,2025-11-30 10:48:50,22.0
R0003978,S011,2025-11-30 19:55:03,2025-11-30 19:47:03,31.0
R0003979,S002,2025-11-30 12:35:32,2025-11-30 13:30:32,53.0
R0003980,S025,2025-11-30 14:34:42,2025-11-30 14:52:42,27.0
R0003981,S011,2025-11-30 20:45:03,2025-11-30 20:44:03,25.0
R0003982,S013,2025-11-30 10:59:58,,
R0003983,S010,2025-11-30 13:21:00,2025-11-30 14:07:00,38.0
R0003984,S023,2025-11-30 07:41:58,2025-11-30 07:54:58,17.0
R0003985,S023,2025-11-30 18:00:20,2025-11-30 18:24:20,20.0
R0003986,S005,2025-11-30 10:26:17,2025-11-30 10:52:17,11.0
R0003987,S030,2025-11-30 18:53:14,2025-11-30 19:11:14,13.0
R0003988,S023,2025-11-30 08:27:56,2025-11-30 08:48:56,26.0
R0003989,S034,2025-11-30 21:14:43,2025-11-30 21:45:43,29.0
R0003990,S026,2025-11-30 15:25:20,2025-11-30 15:38:20,21.0
R0003991,S016,2025-11-30 11:27:13,2025-11-30 11:35:13,46.0
R0003992,S026,2025-11-30 19:53:37,2025-11-30 20:23:37,38.0
R0003993,S002,2025-11-30 19:44:03,2025-11-30 20:09:03,18.0
R0003994,S023,2025-11-30 16:39:04,2025-11-30 17:08:04,24.0
R0003995,S032,2025-11-30 11:07:16,,
R0003996,S025,2025-11-30 18:21:12,2025-11-30 18:48:12,25.0
R0003997,S034,2025-11-30 09:40:34,2025-11-30 09:29:34,30.0
R0003998,S033,2025-11-30 17:33:48,,
R0003999,S009,2025-11-30 22:00:47,2025-11-30 22:45:47,30.0
R0004000,S005,2025-11-30 10:47:00,2025-11-30 10:31:00,15.0
R0004001,S005,2025-11-30 21:55:53,,
R0004002,S003,2025-11-30 21:38:26,2025-11-30 22:52:26,69.0
R0004003,S012,2025-11-30 11:52:40,2025-11-30 12:22:40,37.0
R0004004,S031,2025-11-30 21:33:32,2025-11-30 21:19:32,27.0
R0004005,S008,2025-11-30 19:45:50,2025-11-30 19:52:50,14.0
R0004006,S015,2025-11-30 08:17:53,2025-11-30 08:58:53,24.0
R0004007,S016,2025-11-30 22:26:53,2025-11-30 22:24:53,25.0
R0004008,S002,2025-11-30 21:46:02,2025-11-30 21:52:02,13.0
R0004009,S030,2025-11-30 13:10:09,2025-11-30 13:24:09,10.0
R0004010,S030,2025-11-30 14:58:56,2025-11-30 15:17:56,19.0
R0004011,S023,2025-11-30 15:24:11,2025-11-30 15:31:11,13.0
R0004012,S010,2025-11-30 14:39:21,2025-11-30 15:32:21,45.0
R0004013,S016,2025-11-30 21:38:20,,
R0004014,S008,2025-11-30 18:30:42,2025-11-30 18:10:42,7.0
R0004015,S021,2025-11-30 13:38:03,2025-11-30 13:28:03,27.0
R0004016,S023,2025-11-30 22:21:39,2025-11-30 22:38:39,24.0
R0004017,S016,2025-11-30 20:02:47,2025-11-30 20:21:47,29.0
R0004018,S015,2025-11-30 11:15:12,2025-11-30 11:55:12,24.0
R0004019,S030,2025-11-30 18:37:24,2025-11-30 19:02:24,24.0
R0004020,S013,2025-11-30 19:45:09,2025-11-30 19:44:09,20.0
R0004021,S013,2025-11-30 20:16:41,2025-11-30 20:47:41,29.0
R0004022,S032,2025-11-30 18:54:55,2025-11-30 18:59:55,23.0
R0004023,S017,2025-11-30 07:56:25,2025-11-30 07:54:25,16.0
R0004024,S033,2025-11-30 19:53:55,2025-11-30 19:59:55,26.0
R0004025,S015,2025-11-30 11:22:30,,15.0
R0004026,S007,2025-11-30 14:43:25,2025-11-30 15:14:25,14.0
R0004027,S014,2025-11-30 10:05:32,2025-11-30 10:36:32,42.0
R0004028,S008,2025-11-30 21:59:23,2025-11-30 21:56:23,11.0
R0004029,S033,2025-11-30 19:30:11,2025-11-30 19:59:11,33.0
R0004030,S032,2025-11-30 20:13:55,2025-11-30 20:22:55,26.0
R0004031,S007,2025-11-30 15:01:23,2025-11-30 15:48:23,47.0
R0004032,S007,2025-11-30 20:20:57,2025-11-30 20:12:57,12.0
R0004033,S031,2025-11-30 17:51:44,2025-11-30 18:00:44,26.0
R0004034,S031,2025-11-30 16:43:54,2025-11-30 16:43:54,28.0
R0004035,S003,2025-11-30 09:59:40,2025-11-30 10:54:40,52.0
R0004036,S014,2025-11-30 18:24:44,,13.0
R0004037,S015,2025-11-30 22:58:41,2025-11-30 23:16:41,29.0
R0004038,S012,2025-11-30 17:39:59,2025-11-30 17:41:59,16.0
R0004039,S005,2025-11-30 12:13:08,2025-11-30 12:13:08,6.0
R0004040,S021,2025-11-30 16:27:48,2025-11-30 16:27:48,27.0
R0004041,S004,2025-11-30 13:59:28,2025-11-30 13:52:28,14.0
R0004042,S008,2025-11-30 18:12:02,2025-11-30 19:01:02,33.0
R0004043,S007,2025-11-30 18:33:04,2025-11-30 18:39:04,10.0
R0004044,S005,2025-11-30 15:45:00,2025-11-30 15:40:00,16.0
R0004045,S012,2025-11-30 18:55:13,2025-11-30 19:19:13,40.0
R0004046,S017,2025-11-30 20:45:27,2025-11-30 20:58:27,27.0
R0004047,S008,2025-11-30 10:42:56,2025-11-30 11:45:56,64.0
R0004048,S026,2025-11-30 21:03:23,2025-11-30 21:18:23,30.0
R0004049,S012,2025-11-30 16:51:01,2025-11-30 17:21:01,31.0
R0004050,S007,2025-11-30 16:23:03,2025-11-30 16:51:03,10.0
R0004051,S012,2025-11-30 21:07:04,2025-11-30 21:37:04,36.0
R0004052,S013,2025-11-30 13:22:18,2025-11-30 14:17:18,36.0
R0004053,S005,2025-11-30 19:59:20,2025-11-30 19:59:20,9.0
R0004054,S014,2025-11-30 12:20:03,2025-11-30 12:34:03,34.0
R0004055,S009,2025-11-30 17:44:32,2025-11-30 18:08:32,33.0
R0004056,S004,2025-11-30 15:30:47,2025-11-30 15:36:47,11.0
R0004057,S016,2025-11-30 12:45:19,2025-11-30 13:26:19,39.0
R0004058,S021,2025-11-30 08:43:46,,20.0
R0004059,S030,2025-11-30 15:08:29,2025-11-30 15:54:29,30.0
R0004060,S005,2025-11-30 15:57:42,2025-11-30 16:05:42,3.0
R0004061,S002,2025-11-30 11:19:09,2025-11-30 11:20:09,11.0
R0004062,S002,2025-11-30 12:40:01,2025-11-30 12:48:01,11.0
R0004063,S008,2025-11-30 21:58:57,2025-11-30 21:57:57,11.0
R0004064,S005,2025-11-30 21:35:50,2025-11-30 21:41:50,13.0
R0004065,S008,2025-11-30 18:11:39,2025-11-30 17:54:39,10.0
R0004066,S013,2025-11-30 08:53:42,2025-11-30 09:21:42,28.0
R0004067,S016,2025-11-30 08:22:29,2025-11-30 09:00:29,51.0
R0004068,S034,2025-11-30 13:55:35,2025-11-30 14:18:35,20.0
R0004069,S030,2025-11-30 19:00:01,2025-11-30 18:52:01,30.0
R0004070,S007,2025-11-30 19:04:32,2025-11-30 19:06:32,5.0
R0004071,S026,2025-11-30 09:55:33,2025-11-30 10:09:33,20.0
R0004072,S033,2025-11-30 20:40:54,2025-11-30 20:20:54,12.0
R0004073,S030,2025-11-30 16:56:30,2025-11-30 17:38:30,20.0
R0004074,S023,2025-11-30 12:19:32,2025-11-30 12:45:32,22.0
R0004075,S004,2025-11-30 21:47:03,2025-11-30 21:39:03,12.0
R0004076,S013,2025-11-30 14:32:42,2025-11-30 14:37:42,22.0
R0004077,S033,2025-11-30 17:00:12,2025-11-30 17:15:12,27.0
R0004078,S013,2025-11-30 21:02:23,2025-11-30 21:48:23,39.0
R0004079,S030,2025-11-30 11:36:48,2025-11-30 11:44:48,27.0
R0004080,S005,2025-11-30 13:34:07,2025-11-30 13:59:07,8.0
R0004081,S032,2025-11-30 18:47:40,2025-11-30 18:44:40,15.0
R0004082,S007,2025-11-30 08:30:55,2025-11-30 08:50:55,12.0
R0004083,S003,2025-11-30 16:45:26,2025-11-30 16:52:26,10.0
R0004084,S005,2025-11-30 08:46:12,,
R0004085,S023,2025-11-30 23:11:52,2025-11-30 23:10:52,21.0
R0004086,S002,2025-11-30 15:06:15,2025-11-30 15:23:15,4.0
R0004087,S011,2025-11-30 08:47:09,2025-11-30 09:49:09,57.0
R0004088,S003,2025-11-30 19:54:31,,
R0004089,S034,2025-11-30 21:02:19,2025-11-30 21:21:19,27.0
R0004090,S003,2025-11-30 21:53:11,2025-11-30 22:03:11,31.0
R0004091,S028,2025-11-30 10:08:10,2025-11-30 10:42:10,20.0
R0004092,S021,2025-11-30 18:51:24,2025-11-30 19:21:24,32.0
R0004093,S005,2025-11-30 11:43:22,2025-11-30 11:09:22,4.0
R0004094,S008,2025-11-30 14:48:37,2025-11-30 15:05:37,14.0
R0004095,S007,2025-11-30 17:03:27,2025-11-30 17:35:27,9.0
R0004096,S011,2025-11-30 20:17:00,2025-11-30 21:05:00,25.0
R0004097,S011,2025-11-30 18:42:50,2025-11-30 18:41:50,8.0
R0004098,S005,2025-11-30 18:51:17,2025-11-30 19:29:17,57.0
R0004099,S021,2025-11-30 21:51:09,2025-11-30 22:45:09,57.0
R0004100,S008,2025-11-30 19:32:27,2025-11-30 19:42:27,14.0
R0004101,S013,2025-11-30 14:08:17,2025-11-30 14:18:17,14.0
R0004102,S031,2025-11-30 12:47:02,2025-11-30 13:08:02,31.0
R0004103,S014,2025-11-30 10:07:41,2025-11-30 10:42:41,21.0
R0004104,S030,2025-11-30 20:24:46,2025-11-30 20:45:46,30.0
R0004105,S010,2025-11-30 21:19:45,2025-11-30 21:20:45,16.0
R0004106,S017,2025-11-30 22:53:35,2025-11-30 23:08:35,35.0
R0004107,S012,2025-11-30 22:18:24,2025-11-30 23:08:24,33.0
R0004108,S032,2025-11-30 17:36:03,2025-11-30 18:04:03,27.0
R0004109,S026,2025-11-30 21:01:38,2025-11-30 20:35:38,13.0
R0004110,S014,2025-11-30 17:44:41,2025-11-30 17:52:41,38.0
R0004111,S034,2025-11-30 18:39:38,2025-11-30 18:58:38,21.0
R0004112,S009,2025-11-30 15:16:25,2025-11-30 15:13:25,23.0
R0004113,S017,2025-11-30 20:55:05,2025-11-30 21:26:05,38.0
R0004114,S031,2025-11-30 16:50:27,2025-11-30 17:22:27,37.0
R0004115,S004,2025-11-30 20:30:25,2025-11-30 21:41:25,62.0
R0004116,S021,2025-11-30 14:07:55,2025-11-30 14:01:55,23.0
R0004117,S030,2025-11-30 21:55:05,2025-11-30 21:48:05,18.0
R0004118,S028,2025-11-30 17:15:49,2025-11-30 18:02:49,35.0
R0004119,S005,2025-11-30 21:40:22,2025-11-30 21:40:22,10.0
R0004120,S025,2025-11-30 20:41:19,2025-11-30 20:59:19,19.0
R0004121,S030,2025-11-30 11:52:11,2025-11-30 11:40:11,13.0
R0004122,S032,2025-11-30 12:31:39,2025-11-30 12:42:39,29.0
R0004123,S004,2025-11-30 19:26:37,2025-11-30 19:27:37,9.0
R0004124,S028,2025-11-30 15:56:53,2025-11-30 16:24:53,28.0
R0004125,S032,2025-11-30 20:22:57,2025-11-30 20:40:57,31.0
R0004126,S033,2025-11-30 22:46:32,2025-11-30 23:06:32,24.0
R0004127,S005,2025-11-30 14:20:25,2025-11-30 14:15:25,9.0
R0004128,S031,2025-11-30 18:20:28,2025-11-30 18:40:28,29.0
R0004129,S023,2025-11-30 14:48:52,2025-11-30 15:01:52,13.0
R0004130,S021,2025-11-30 15:30:59,2025-11-30 15:45:59,41.0
R0004131,S017,2025-11-30 23:33:33,2025-11-30 23:29:33,30.0
R0004132,S007,2025-11-30 22:10:48,2025-11-30 22:25:48,8.0
R0004133,S031,2025-11-30 19:25:54,2025-11-30 20:02:54,33.0
R0004134,S003,2025-11-30 16:29:25,2025-11-30 17:00:25,50.0
R0004135,S003,2025-11-30 20:19:20,2025-11-30 20:06:20,11.0
R0004136,S026,2025-11-30 12:42:08,,23.0
R0004137,S003,2025-11-30 21:20:02,2025-11-30 21:30:02,44.0
R0004138,S011,2025-11-30 18:50:07,2025-11-30 19:18:07,38.0
R0004139,S012,2025-11-30 14:53:36,2025-11-30 15:38:36,26.0
R0004140,S008,2025-11-30 15:00:59,2025-11-30 14:58:59,10.0
R0004141,S025,2025-11-30 17:27:51,2025-11-30 17:50:51,30.0
R0004142,S013,2025-11-30 23:13:24,2025-11-30 23:34:24,32.0
R0004143,S005,2025-11-30 19:55:02,,
R0004144,S011,2025-11-30 12:50:07,2025-11-30 13:24:07,44.0
R0004145,S005,2025-11-30 22:38:23,2025-11-30 23:05:23,41.0
R0004146,S026,2025-11-30 22:26:30,2025-11-30 22:30:30,20.0
R0004147,S025,2025-11-30 19:26:18,2025-11-30 19:17:18,27.0
R0004148,S004,2025-11-30 13:41:20,2025-11-30 13:30:20,10.0
R0004149,S008,2025-11-30 13:37:29,2025-11-30 13:58:29,16.0
R0004150,S002,2025-11-30 20:11:52,2025-11-30 20:37:52,36.0
R0004151,S011,2025-11-30 21:16:26,2025-11-30 21:37:26,39.0
R0004152,S004,2025-11-30 11:01:32,2025-11-30 11:04:32,13.0
R0004153,S017,2025-11-30 16:31:36,2025-11-30 16:59:36,16.0
R0004154,S014,2025-11-30 22:01:20,2025-11-30 22:00:20,7.0
R0004155,S033,2025-11-30 16:58:18,2025-11-30 17:15:18,12.0
R0004156,S010,2025-11-30 21:31:58,2025-11-30 21:58:58,48.0
R0004157,S033,2025-11-30 21:52:00,2025-11-30 22:07:00,19.0
R0004158,S014,2025-11-30 11:47:38,2025-11-30 12:11:38,25.0
R0004159,S013,2025-11-30 23:12:59,2025-11-30 23:12:59,18.0
R0004160,S026,2025-11-30 13:23:57,2025-11-30 13:45:57,33.0
R0004161,S017,2025-11-30 14:51:42,2025-11-30 15:09:42,38.0
R0004162,S033,2025-11-30 16:25:59,2025-11-30 16:38:59,26.0
R0004163,S009,2025-11-30 16:45:11,2025-11-30 17:07:11,46.0
R0004164,S005,2025-11-30 11:58:05,2025-11-30 12:52:05,62.0
R0004165,S034,2025-11-30 14:11:47,2025-11-30 14:28:47,21.0
R0004166,S004,2025-11-30 15:54:59,2025-11-30 16:06:59,13.0
R0004167,S008,2025-11-30 16:51:21,,
R0004168,S014,2025-11-30 20:51:11,2025-11-30 20:54:11,16.0
R0004169,S004,2025-11-30 21:16:10,2025-11-30 21:24:10,14.0
R0004170,S009,2025-11-30 11:59:51,2025-11-30 12:28:51,42.0
R0004171,S007,2025-11-30 21:44:09,2025-11-30 21:41:09,9.0
R0004172,S007,2025-11-30 18:37:50,2025-11-30 18:04:50,10.0
R0004173,S009,2025-11-30 23:09:42,2025-11-30 23:43:42,50.0
R0004174,S007,2025-11-30 18:40:50,2025-11-30 18:15:50,11.0
R0004175,S007,2025-11-30 20:16:16,2025-11-30 20:11:16,8.0
R0004176,S032,2025-11-30 21:16:36,2025-11-30 21:16:36,14.0
R0004177,S004,2025-11-30 14:09:55,2025-11-30 14:38:55,5.0
R0004178,S010,2025-11-30 18:54:27,2025-11-30 19:17:27,33.0
R0004179,S013,2025-11-30 22:22:15,2025-11-30 22:55:15,35.0
R0004180,S028,2025-11-30 16:10:39,2025-11-30 15:49:39,13.0
R0004181,S002,2025-11-30 14:41:02,2025-11-30 15:25:02,61.0
R0004182,S021,2025-11-30 19:05:31,2025-11-30 19:14:31,34.0
R0004183,S012,2025-11-30 21:02:42,2025-11-30 22:09:42,41.0
R0004184,S021,2025-11-30 09:22:18,2025-11-30 09:46:18,39.0
R0004185,S032,2025-11-30 07:56:56,,
R0004186,S033,2025-11-30 16:53:59,2025-11-30 17:09:59,22.0
R0004187,S005,2025-11-30 08:20:00,2025-11-30 08:32:00,16.0
R0004188,S002,2025-11-30 12:09:13,2025-11-30 12:51:13,60.0
R0004189,S021,2025-11-30 12:16:45,2025-11-30 12:46:45,37.0
R0004190,S017,2025-11-30 08:42:09,2025-11-30 09:38:09,39.0
R0004191,S034,2025-11-30 21:18:48,2025-11-30 22:09:48,37.0
R0004192,S025,2025-11-30 08:25:15,2025-11-30 08:05:15,23.0
R0004193,S008,2025-11-30 21:25:51,2025-11-30 22:03:51,59.0
R0004194,S034,2025-11-30 19:05:30,2025-11-30 19:31:30,7.0
R0004195,S007,2025-11-30 14:14:48,2025-11-30 14:13:48,7.0
R0004196,S003,2025-11-30 19:51:01,2025-11-30 19:30:01,3.0
R0004197,S004,2025-11-30 19:05:28,2025-11-30 19:09:28,12.0
R0004198,S003,2025-11-30 13:27:04,2025-11-30 14:41:04,53.0
R0004199,S005,2025-11-30 18:41:36,2025-11-30 18:18:36,13.0
R0004200,S005,2025-11-30 18:25:26,,6.0
R0004201,S034,2025-11-30 13:36:00,2025-11-30 13:43:00,12.0
R0004202,S028,2025-11-30 18:45:05,2025-11-30 18:59:05,19.0
R0004203,S013,2025-11-30 19:06:41,2025-11-30 19:41:41,43.0
R0004204,S031,2025-11-30 18:42:39,2025-11-30 18:59:39,18.0
R0004205,S015,2025-12-01 13:01:45,,
R0004206,S019,2025-12-01 22:24:14,2025-12-01 22:39:14,35.0
R0004207,S024,2025-12-01 14:36:57,2025-12-01 14:54:57,32.0
R0004208,S024,2025-12-01 15:06:00,2025-12-01 14:57:00,14.0
R0004209,S034,2025-12-01 14:21:13,2025-12-01 14:18:13,26.0
R0004210,S014,2025-12-01 13:17:05,2025-12-01 13:12:05,28.0
R0004211,S018,2025-12-01 13:32:50,2025-12-01 14:34:50,47.0
R0004212,S029,2025-12-01 11:02:23,2025-12-01 11:16:23,9.0
R0004213,S014,2025-12-01 19:01:41,2025-12-01 19:47:41,38.0
R0004214,S006,2025-12-01 20:57:03,2025-12-01 21:03:03,8.0
R0004215,S007,2025-12-01 18:25:18,2025-12-01 18:39:18,15.0
R0004216,S027,2025-12-01 09:37:11,2025-12-01 10:11:11,21.0
R0004217,S008,2025-12-01 08:49:03,2025-12-01 08:51:03,9.0
R0004218,S019,2025-12-01 10:21:55,2025-12-01 11:07:55,28.0
R0004219,S019,2025-12-01 18:36:55,2025-12-01 18:49:55,33.0
R0004220,S024,2025-12-01 07:23:33,2025-12-01 07:38:33,29.0
R0004221,S017,2025-12-01 13:02:10,2025-12-01 13:24:10,36.0
R0004222,S024,2025-12-01 21:53:04,2025-12-01 22:54:04,41.0
R0004223,S003,2025-12-01 10:51:41,2025-12-01 11:16:41,10.0
R0004224,S014,2025-12-01 13:54:26,,
R0004225,S029,2025-12-01 12:05:54,,
R0004226,S015,2025-12-01 16:21:52,2025-12-01 17:10:52,48.0
R0004227,S027,2025-12-01 22:15:47,2025-12-01 22:03:47,21.0
R0004228,S023,2025-12-01 21:00:13,2025-12-01 20:56:13,19.0
R0004229,S029,2025-12-01 15:26:15,2025-12-01 16:22:15,29.0
R0004230,S019,2025-12-01 10:35:03,2025-12-01 10:58:03,40.0
R0004231,S006,2025-12-01 10:47:20,2025-12-01 10:52:20,9.0
R0004232,S003,2025-12-01 19:02:20,,
R0004233,S029,2025-12-01 18:39:48,2025-12-01 18:45:48,22.0
R0004234,S018,2025-12-01 19:57:05,2025-12-01 20:42:05,31.0
R0004235,S029,2025-12-01 21:25:31,2025-12-01 21:26:31,29.0
R0004236,S007,2025-12-01 19:08:33,2025-12-01 19:42:33,48.0
R0004237,S029,2025-12-01 12:11:03,2025-12-01 12:39:03,25.0
R0004238,S008,2025-12-01 14:24:12,,
R0004239,S029,2025-12-01 14:50:35,2025-12-01 15:40:35,39.0
R0004240,S017,2025-12-01 17:02:25,2025-12-01 17:17:25,40.0
R0004241,S003,2025-12-01 09:59:32,2025-12-01 10:00:32,10.0
R0004242,S003,2025-12-01 22:28:20,,
R0004243,S033,2025-12-01 20:56:59,2025-12-01 21:30:59,32.0
R0004244,S029,2025-12-01 17:53:55,2025-12-01 18:29:55,22.0
R0004245,S034,2025-12-01 11:56:31,2025-12-01 12:28:31,26.0
R0004246,S014,2025-12-01 12:56:18,2025-12-01 13:15:18,39.0
R0004247,S007,2025-12-01 21:48:14,2025-12-01 21:46:14,14.0
R0004248,S012,2025-12-01 21:12:29,2025-12-01 21:22:29,45.0
R0004249,S006,2025-12-01 21:25:43,2025-12-01 21:22:43,16.0
R0004250,S024,2025-12-01 22:41:28,2025-12-01 22:31:28,22.0
R0004251,S016,2025-12-01 14:53:35,2025-12-01 15:49:35,36.0
R0004252,S027,2025-12-01 11:41:02,2025-12-01 11:52:02,21.0
R0004253,S007,2025-12-01 15:14:27,2025-12-01 15:16:27,7.0
R0004254,S023,2025-12-01 21:35:32,2025-12-01 21:40:32,16.0
R0004255,S020,2025-12-01 18:47:22,2025-12-01 18:43:22,39.0
R0004256,S019,2025-12-01 17:26:33,2025-12-01 17:54:33,37.0
R0004257,S006,2025-12-01 21:28:35,2025-12-01 21:53:35,14.0
R0004258,S023,2025-12-01 21:59:34,2025-12-01 22:21:34,21.0
R0004259,S014,2025-12-01 13:59:16,2025-12-01 14:23:16,27.0
R0004260,S029,2025-12-01 12:19:36,2025-12-01 12:28:36,25.0
R0004261,S034,2025-12-01 09:12:37,2025-12-01 09:30:37,17.0
R0004262,S006,2025-12-01 20:38:51,2025-12-01 20:37:51,11.0
R0004263,S003,2025-12-01 22:42:44,2025-12-01 22:33:44,12.0
R0004264,S034,2025-12-01 07:44:39,2025-12-01 08:21:39,23.0
R0004265,S017,2025-12-01 14:45:34,2025-12-01 15:02:34,35.0
R0004266,S004,2025-12-01 09:41:36,2025-12-01 10:08:36,17.0
R0004267,S016,2025-12-01 20:34:34,2025-12-01 20:40:34,30.0
R0004268,S012,2025-12-01 17:31:59,2025-12-01 18:27:59,46.0
R0004269,S027,2025-12-01 12:05:26,2025-12-01 12:38:26,22.0
R0004270,S004,2025-12-01 13:51:44,2025-12-01 13:48:44,15.0
R0004271,S014,2025-12-01 19:47:39,,
R0004272,S008,2025-12-01 21:34:58,,
R0004273,S008,2025-12-01 17:14:19,2025-12-01 17:53:19,53.0
R0004274,S003,2025-12-01 20:08:43,2025-12-01 20:26:43,14.0
R0004275,S020,2025-12-01 21:46:55,2025-12-01 22:09:55,33.0
R0004276,S007,2025-12-01 10:27:11,2025-12-01 10:29:11,10.0
R0004277,S020,2025-12-01 08:17:18,,42.0
R0004278,S034,2025-12-01 20:10:46,2025-12-01 20:35:46,35.0
R0004279,S003,2025-12-01 20:38:46,2025-12-01 20:27:46,4.0
R0004280,S030,2025-12-01 14:04:33,2025-12-01 13:50:33,28.0
R0004281,S008,2025-12-01 14:43:29,2025-12-01 14:22:29,9.0
R0004282,S012,2025-12-01 21:11:24,2025-12-01 21:38:24,20.0
R0004283,S006,2025-12-01 22:11:39,2025-12-01 22:31:39,11.0
R0004284,S003,2025-12-01 14:57:20,,
R0004285,S016,2025-12-01 17:26:47,2025-12-01 18:15:47,37.0
R0004286,S014,2025-12-01 20:46:43,2025-12-01 21:18:43,30.0
R0004287,S014,2025-12-01 07:27:02,2025-12-01 08:23:02,43.0
R0004288,S018,2025-12-01 19:49:39,2025-12-01 19:50:39,13.0
R0004289,S003,2025-12-01 12:32:56,2025-12-01 12:42:56,15.0
R0004290,S016,2025-12-01 13:44:40,2025-12-01 14:12:40,35.0
R0004291,S004,2025-12-01 22:09:15,2025-12-01 22:03:15,6.0
R0004292,S027,2025-12-01 20:22:56,2025-12-01 21:05:56,34.0
R0004293,S023,2025-12-01 19:24:25,2025-12-01 19:23:25,27.0
R0004294,S033,2025-12-01 19:24:04,2025-12-01 19:28:04,16.0
R0004295,S003,2025-12-01 10:27:56,2025-12-01 10:50:56,11.0
R0004296,S008,2025-12-01 15:00:31,2025-12-01 15:31:31,10.0
R0004297,S004,2025-12-01 10:46:08,2025-12-01 10:31:08,14.0
R0004298,S015,2025-12-01 19:05:16,2025-12-01 19:13:16,29.0
R0004299,S015,2025-12-01 19:42:18,2025-12-01 20:54:18,46.0
R0004300,S034,2025-12-01 18:23:52,2025-12-01 18:36:52,21.0
R0004301,S030,2025-12-01 11:23:29,,
R0004302,S034,2025-12-01 13:18:43,2025-12-01 13:51:43,22.0
R0004303,S023,2025-12-01 12:28:58,2025-12-01 12:49:58,19.0
R0004304,S024,2025-12-01 13:08:06,2025-12-01 13:26:06,26.0
R0004305,S027,2025-12-01 15:06:09,2025-12-01 15:26:09,23.0
R0004306,S015,2025-12-01 14:54:54,2025-12-01 14:59:54,16.0
R0004307,S003,2025-12-01 16:54:16,2025-12-01 17:03:16,9.0
R0004308,S018,2025-12-01 11:16:34,,
R0004309,S015,2025-12-01 21:54:43,2025-12-01 22:32:43,40.0
R0004310,S016,2025-12-01 10:24:41,2025-12-01 10:25:41,23.0
R0004311,S006,2025-12-01 14:23:49,2025-12-01 14:01:49,9.0
R0004312,S006,2025-12-01 15:56:18,2025-12-01 15:49:18,17.0
R0004313,S012,2025-12-01 16:12:18,2025-12-01 16:06:18,33.0
R0004314,S034,2025-12-01 12:40:27,2025-12-01 13:13:27,35.0
R0004315,S012,2025-12-01 10:32:59,2025-12-01 10:55:59,46.0
R0004316,S017,2025-12-01 22:16:58,2025-12-01 22:38:58,30.0
R0004317,S018,2025-12-01 21:13:14,2025-12-01 21:43:14,39.0
R0004318,S015,2025-12-01 08:21:13,2025-12-01 08:58:13,42.0
R0004319,S029,2025-12-01 14:45:48,2025-12-01 14:57:48,20.0
R0004320,S019,2025-12-01 10:34:40,2025-12-01 11:03:40,17.0
R0004321,S018,2025-12-01 21:30:10,2025-12-01 22:20:10,35.0
R0004322,S020,2025-12-01 18:04:07,2025-12-01 18:19:07,19.0
R0004323,S023,2025-12-01 16:46:39,2025-12-01 17:06:39,30.0
R0004324,S034,2025-12-01 20:10:09,2025-12-01 20:30:09,28.0
R0004325,S033,2025-12-01 19:52:39,2025-12-01 19:46:39,22.0
R0004326,S003,2025-12-01 11:39:30,2025-12-01 11:37:30,10.0
R0004327,S003,2025-12-01 20:17:27,2025-12-01 20:18:27,11.0
R0004328,S033,2025-12-01 19:26:35,2025-12-01 19:44:35,28.0
R0004329,S015,2025-12-01 08:50:15,2025-12-01 09:23:15,35.0
R0004330,S034,2025-12-01 19:31:18,2025-12-01 20:03:18,24.0
R0004331,S024,2025-12-01 13:47:18,2025-12-01 13:27:18,22.0
R0004332,S020,2025-12-01 07:51:50,2025-12-01 08:28:50,41.0
R0004333,S007,2025-12-01 20:34:35,2025-12-01 20:26:35,8.0
R0004334,S008,2025-12-01 18:31:43,2025-12-01 18:46:43,10.0
R0004335,S017,2025-12-01 08:15:52,2025-12-01 08:40:52,39.0
R0004336,S020,2025-12-01 10:57:02,2025-12-01 11:36:02,39.0
R0004337,S007,2025-12-01 08:34:33,2025-12-01 08:50:33,41.0
R0004338,S008,2025-12-01 12:31:25,2025-12-01 12:21:25,13.0
R0004339,S016,2025-12-01 22:04:14,2025-12-01 22:43:14,33.0
R0004340,S029,2025-12-01 14:56:37,2025-12-01 15:16:37,24.0
R0004341,S016,2025-12-01 21:00:10,,
R0004342,S029,2025-12-01 21:18:27,2025-12-01 21:55:27,21.0
R0004343,S017,2025-12-01 18:02:48,,
R0004344,S007,2025-12-01 20:22:32,2025-12-01 20:22:32,13.0
R0004345,S020,2025-12-01 21:54:49,2025-12-01 22:17:49,40.0
R0004346,S018,2025-12-01 13:34:25,2025-12-01 14:13:25,-39.0
R0004347,S015,2025-12-01 16:28:09,2025-12-01 16:52:09,26.0
R0004348,S020,2025-12-01 20:20:16,2025-12-01 21:06:16,29.0
R0004349,S020,2025-12-01 13:43:18,2025-12-01 14:08:18,28.0
R0004350,S003,2025-12-01 14:11:26,2025-12-01 14:58:26,57.0
R0004351,S015,2025-12-01 13:59:00,,
R0004352,S020,2025-12-01 21:34:50,2025-12-01 22:16:50,35.0
R0004353,S004,2025-12-01 21:18:30,2025-12-01 22:23:30,73.0
R0004354,S007,2025-12-01 13:25:30,2025-12-01 13:32:30,15.0
R0004355,S012,2025-12-01 13:08:15,,
R0004356,S006,2025-12-01 15:18:33,2025-12-01 15:31:33,11.0
R0004357,S024,2025-12-01 14:51:20,2025-12-01 14:35:20,14.0
R0004358,S027,2025-12-01 11:44:57,2025-12-01 11:33:57,11.0
R0004359,S023,2025-12-01 11:57:44,2025-12-01 12:21:44,22.0
R0004360,S023,2025-12-01 08:16:35,2025-12-01 08:40:35,17.0
R0004361,S004,2025-12-01 07:37:22,2025-12-01 07:39:22,10.0
R0004362,S034,2025-12-01 18:47:29,2025-12-01 19:28:29,21.0
R0004363,S014,2025-12-01 12:23:27,2025-12-01 12:40:27,40.0
R0004364,S014,2025-12-01 11:39:33,2025-12-01 11:44:33,20.0
R0004365,S007,2025-12-01 20:55:48,2025-12-01 20:54:48,8.0
R0004366,S017,2025-12-01 10:42:03,2025-12-01 11:06:03,35.0
R0004367,S006,2025-12-01 23:24:34,2025-12-01 23:39:34,55.0
R0004368,S007,2025-12-01 10:19:04,2025-12-01 11:12:04,76.0
R0004369,S019,2025-12-01 21:11:41,2025-12-01 21:36:41,34.0
R0004370,S014,2025-12-01 09:45:00,2025-12-01 09:54:00,21.0
R0004371,S017,2025-12-01 11:40:29,2025-12-01 12:29:29,32.0
R0004372,S003,2025-12-01 15:33:04,2025-12-01 15:04:04,6.0
R0004373,S029,2025-12-01 11:05:26,2025-12-01 11:40:26,25.0
R0004374,S007,2025-12-01 09:35:17,2025-12-01 09:29:17,17.0
R0004375,S006,2025-12-01 20:23:48,,
R0004376,S008,2025-12-01 19:59:42,2025-12-01 19:59:42,10.0
R0004377,S019,2025-12-01 12:58:49,2025-12-01 13:43:49,43.0
R0004378,S019,2025-12-01 14:48:05,2025-12-01 15:24:05,40.0
R0004379,S014,2025-12-01 21:42:14,2025-12-01 21:58:14,18.0
R0004380,S003,2025-12-01 11:26:46,2025-12-01 12:27:46,71.0
R0004381,S008,2025-12-01 11:22:54,,
R0004382,S029,2025-12-01 14:36:26,2025-12-01 15:14:26,26.0
R0004383,S003,2025-12-01 21:34:53,2025-12-01 21:59:53,58.0
R0004384,S006,2025-12-01 10:30:26,,
R0004385,S003,2025-12-01 20:27:05,2025-12-01 21:03:05,58.0
R0004386,S007,2025-12-01 07:06:13,2025-12-01 07:18:13,10.0
R0004387,S008,2025-12-01 10:09:24,2025-12-01 10:09:24,11.0
R0004388,S012,2025-12-01 21:17:38,2025-12-01 21:41:38,27.0
R0004389,S008,2025-12-01 13:12:09,2025-12-01 13:57:09,31.0
R0004390,S018,2025-12-01 19:33:40,2025-12-01 19:44:40,23.0
R0004391,S006,2025-12-01 20:08:08,2025-12-01 21:06:08,67.0
R0004392,S027,2025-12-01 23:04:08,2025-12-01 23:24:08,26.0
R0004393,S014,2025-12-01 22:16:22,2025-12-01 22:53:22,43.0
R0004394,S023,2025-12-01 19:58:54,2025-12-01 19:44:54,16.0
R0004395,S016,2025-12-01 20:37:27,2025-12-01 21:23:27,31.0
R0004396,S015,2025-12-01 12:42:43,2025-12-01 13:15:43,32.0
R0004397,S030,2025-12-01 08:09:09,2025-12-01 08:35:09,37.0
R0004398,S024,2025-12-01 18:44:29,2025-12-01 18:55:29,27.0
R0004399,S007,2025-12-01 13:55:24,2025-12-01 14:02:24,12.0
R0004400,S008,2025-12-01 14:05:43,,
R0004401,S023,2025-12-01 15:43:22,,23.0
R0004402,S017,2025-12-01 07:28:09,2025-12-01 08:30:09,36.0
R0004403,S017,2025-12-01 16:58:44,2025-12-01 17:27:44,45.0
R0004404,S029,2025-12-01 13:51:15,2025-12-01 13:52:15,21.0
R0004405,S024,2025-12-01 19:13:49,2025-12-01 19:29:49,22.0
R0004406,S030,2025-12-01 09:15:31,2025-12-01 10:11:31,29.0
R0004407,S020,2025-12-01 14:25:53,2025-12-01 14:45:53,33.0
R0004408,S034,2025-12-01 21:44:21,,
R0004409,S006,2025-12-01 21:33:35,,
R0004410,S016,2025-12-01 09:22:57,2025-12-01 09:28:57,45.0
R0004411,S014,2025-12-01 23:26:22,2025-12-01 23:41:22,34.0
R0004412,S003,2025-12-01 11:53:42,2025-12-01 11:38:42,9.0
R0004413,S034,2025-12-01 15:08:26,2025-12-01 15:33:26,24.0
R0004414,S018,2025-12-01 21:45:05,2025-12-01 22:15:05,38.0
R0004415,S024,2025-12-01 08:14:09,2025-12-01 08:03:09,28.0
R0004416,S004,2025-12-01 13:55:03,,69.0
R0004417,S008,2025-12-01 21:58:34,2025-12-01 22:17:34,10.0
R0004418,S018,2025-12-01 15:59:26,2025-12-01 16:27:26,51.0
R0004419,S020,2025-12-01 19:32:26,2025-12-01 20:17:26,28.0
R0004420,S016,2025-12-01 20:26:31,2025-12-01 20:41:31,29.0
R0004421,S008,2025-12-01 14:01:26,2025-12-01 14:10:26,16.0
R0004422,S008,2025-12-01 12:03:36,2025-12-01 11:59:36,11.0
R0004423,S017,2025-12-01 12:36:05,2025-12-01 12:28:05,26.0
R0004424,S030,2025-12-01 14:51:36,,
R0004425,S020,2025-12-01 15:12:21,2025-12-01 15:29:21,30.0
R0004426,S033,2025-12-01 13:07:04,2025-12-01 12:54:04,20.0
R0004427,S008,2025-12-02 07:38:11,2025-12-02 08:31:11,65.0
R0004428,S005,2025-12-02 23:23:36,2025-12-02 23:10:36,13.0
R0004429,S006,2025-12-02 20:40:56,2025-12-02 20:33:56,12.0
R0004430,S017,2025-12-02 09:25:10,2025-12-02 09:54:10,47.0
R0004431,S006,2025-12-02 11:08:15,,
R0004432,S005,2025-12-02 19:21:06,2025-12-02 19:56:06,19.0
R0004433,S003,2025-12-02 18:51:21,2025-12-02 18:57:21,15.0
R0004434,S014,2025-12-02 18:11:05,2025-12-02 18:13:05,31.0
R0004435,S011,2025-12-02 19:33:50,,40.0
R0004436,S019,2025-12-02 23:07:10,2025-12-02 23:29:10,45.0
R0004437,S033,2025-12-02 20:57:17,2025-12-02 21:15:17,17.0
R0004438,S027,2025-12-02 23:04:57,2025-12-02 23:38:57,38.0
R0004439,S015,2025-12-02 22:18:10,2025-12-02 22:23:10,29.0
R0004440,S015,2025-12-02 21:10:45,2025-12-02 21:37:45,36.0
R0004441,S031,2025-12-02 10:55:07,2025-12-02 11:20:07,27.0
R0004442,S029,2025-12-02 18:48:48,2025-12-02 18:45:48,25.0
R0004443,S015,2025-12-02 15:27:08,2025-12-02 16:07:08,19.0
R0004444,S019,2025-12-02 09:45:55,2025-12-02 10:19:55,46.0
R0004445,S029,2025-12-02 20:58:31,2025-12-02 21:09:31,27.0
R0004446,S028,2025-12-02 15:43:01,2025-12-02 16:05:01,18.0
R0004447,S008,2025-12-02 14:10:46,,
R0004448,S016,2025-12-02 08:17:27,,
R0004449,S011,2025-12-02 16:15:52,2025-12-02 16:42:52,31.0
R0004450,S029,2025-12-02 18:59:27,2025-12-02 18:51:27,7.0
R0004451,S024,2025-12-02 20:54:32,2025-12-02 21:42:32,34.0
R0004452,S013,2025-12-02 20:31:29,2025-12-02 20:25:29,32.0
R0004453,S029,2025-12-02 11:17:34,2025-12-02 11:29:34,18.0
R0004454,S015,2025-12-02 16:40:28,2025-12-02 17:17:28,33.0
R0004455,S023,2025-12-02 15:54:37,2025-12-02 15:59:37,28.0
R0004456,S028,2025-12-02 22:45:02,2025-12-02 22:50:02,18.0
R0004457,S014,2025-12-02 18:55:38,2025-12-02 19:30:38,46.0
R0004458,S029,2025-12-02 13:55:07,2025-12-02 13:53:07,24.0
R0004459,S013,2025-12-02 20:30:40,2025-12-02 20:40:40,23.0
R0004460,S028,2025-12-02 20:22:59,2025-12-02 20:31:59,29.0
R0004461,S019,2025-12-02 20:47:10,2025-12-02 21:19:10,33.0
R0004462,S005,2025-12-02 15:06:29,2025-12-02 15:19:29,14.0
R0004463,S011,2025-12-02 20:36:34,2025-12-02 21:18:34,42.0
R0004464,S008,2025-12-02 12:49:55,2025-12-02 13:01:55,12.0
R0004465,S019,2025-12-02 19:05:29,2025-12-02 19:44:29,38.0
R0004466,S002,2025-12-02 13:23:17,2025-12-02 13:17:17,9.0
R0004467,S031,2025-12-02 19:50:43,2025-12-02 20:15:43,28.0
R0004468,S003,2025-12-02 07:51:08,2025-12-02 07:30:08,-8.0
R0004469,S028,2025-12-02 12:37:33,2025-12-02 12:57:33,23.0
R0004470,S023,2025-12-02 13:30:08,2025-12-02 14:00:08,27.0
R0004471,S015,2025-12-02 09:49:32,2025-12-02 10:40:32,42.0
R0004472,S019,2025-12-02 15:59:26,2025-12-02 16:05:26,35.0
R0004473,S017,2025-12-02 08:55:39,2025-12-02 09:30:39,23.0
R0004474,S006,2025-12-02 11:43:23,2025-12-02 11:36:23,11.0
R0004475,S033,2025-12-02 20:17:43,2025-12-02 20:44:43,32.0
R0004476,S010,2025-12-02 15:07:58,2025-12-02 15:26:58,11.0
R0004477,S002,2025-12-02 08:01:41,2025-12-02 08:34:41,48.0
R0004478,S008,2025-12-02 19:02:08,2025-12-02 18:50:08,10.0
R0004479,S017,2025-12-02 09:12:23,2025-12-02 09:16:23,30.0
R0004480,S027,2025-12-02 14:56:29,2025-12-02 14:39:29,12.0
R0004481,S031,2025-12-02 13:42:01,2025-12-02 13:40:01,30.0
R0004482,S011,2025-12-02 08:00:37,2025-12-02 08:20:37,17.0
R0004483,S016,2025-12-02 13:24:16,2025-12-02 14:28:16,48.0
R0004484,S005,2025-12-02 18:57:32,,
R0004485,S005,2025-12-02 07:09:20,,8.0
R0004486,S008,2025-12-02 15:22:01,2025-12-02 15:36:01,10.0
R0004487,S016,2025-12-02 19:45:04,2025-12-02 20:34:04,29.0
R0004488,S024,2025-12-02 18:19:23,2025-12-02 18:41:23,24.0
R0004489,S023,2025-12-02 13:56:05,,
R0004490,S016,2025-12-02 12:48:45,2025-12-02 13:29:45,43.0
R0004491,S008,2025-12-02 21:01:09,2025-12-02 21:25:09,12.0
R0004492,S005,2025-12-02 20:50:24,2025-12-02 21:11:24,11.0
R0004493,S013,2025-12-02 20:28:44,,38.0
R0004494,S016,2025-12-02 22:03:32,2025-12-02 22:07:32,15.0
R0004495,S033,2025-12-02 07:52:08,2025-12-02 08:09:08,25.0
R0004496,S014,2025-12-02 14:37:37,2025-12-02 14:51:37,30.0
R0004497,S006,2025-12-02 11:45:10,2025-12-02 12:15:10,10.0
R0004498,S033,2025-12-02 19:49:24,2025-12-02 20:27:24,27.0
R0004499,S013,2025-12-02 19:37:30,2025-12-02 19:58:30,26.0
R0004500,S028,2025-12-02 18:41:11,2025-12-02 18:21:11,10.0
R0004501,S015,2025-12-02 08:37:39,2025-12-02 09:13:39,28.0
R0004502,S023,2025-12-02 10:25:32,2025-12-02 10:42:32,31.0
R0004503,S019,2025-12-02 18:25:46,2025-12-02 18:44:46,31.0
R0004504,S029,2025-12-02 14:03:52,2025-12-02 14:46:52,24.0
R0004505,S002,2025-12-02 20:51:12,2025-12-02 21:25:12,11.0
R0004506,S013,2025-12-02 16:51:49,,
R0004507,S010,2025-12-02 22:37:16,2025-12-02 23:40:16,65.0
R0004508,S024,2025-12-02 21:24:13,,
R0004509,S024,2025-12-02 21:55:31,2025-12-02 21:50:31,15.0
R0004510,S008,2025-12-02 12:04:53,2025-12-02 12:16:53,8.0
R0004511,S011,2025-12-02 22:21:56,2025-12-02 22:25:56,31.0
R0004512,S002,2025-12-02 07:48:13,2025-12-02 07:44:13,5.0
R0004513,S016,2025-12-02 17:46:44,2025-12-02 18:20:44,39.0
R0004514,S015,2025-12-02 20:15:06,2025-12-02 20:24:06,32.0
R0004515,S033,2025-12-02 21:00:30,2025-12-02 21:31:30,16.0
R0004516,S002,2025-12-02 21:32:28,2025-12-02 21:23:28,10.0
R0004517,S014,2025-12-02 20:20:25,2025-12-02 20:48:25,44.0
R0004518,S008,2025-12-02 11:32:24,,
R0004519,S010,2025-12-02 19:17:02,2025-12-02 19:05:02,29.0
R0004520,S011,2025-12-02 11:48:39,2025-12-02 11:50:39,35.0
R0004521,S010,2025-12-02 13:20:25,2025-12-02 13:11:25,18.0
R0004522,S010,2025-12-02 15:07:14,2025-12-02 15:47:14,46.0
R0004523,S008,2025-12-02 15:21:21,2025-12-02 15:20:21,10.0
R0004524,S005,2025-12-02 21:19:01,2025-12-02 21:47:01,14.0
R0004525,S024,2025-12-02 14:18:26,,
R0004526,S019,2025-12-02 11:58:34,2025-12-02 12:20:34,34.0
R0004527,S010,2025-12-02 17:17:54,2025-12-02 16:51:54,14.0
R0004528,S024,2025-12-02 15:16:59,2025-12-02 15:33:59,22.0
R0004529,S003,2025-12-02 11:18:05,,
R0004530,S006,2025-12-02 23:14:28,,
R0004531,S006,2025-12-02 14:20:24,2025-12-02 14:37:24,16.0
R0004532,S011,2025-12-02 19:56:15,2025-12-02 20:25:15,35.0
R0004533,S016,2025-12-02 20:58:34,2025-12-02 21:27:34,24.0
R0004534,S010,2025-12-02 15:35:36,2025-12-02 16:10:36,40.0
R0004535,S024,2025-12-02 08:11:37,2025-12-02 08:09:37,27.0
R0004536,S015,2025-12-02 17:23:44,2025-12-02 18:01:44,41.0
R0004537,S010,2025-12-02 07:18:50,2025-12-02 07:55:50,50.0
R0004538,S019,2025-12-02 10:34:13,2025-12-02 11:09:13,19.0
R0004539,S011,2025-12-02 21:36:21,2025-12-02 22:07:21,42.0
R0004540,S010,2025-12-02 11:33:44,2025-12-02 11:59:44,19.0
R0004541,S013,2025-12-02 14:28:33,2025-12-02 14:29:33,30.0
R0004542,S017,2025-12-02 09:14:25,2025-12-02 09:30:25,19.0
R0004543,S010,2025-12-02 19:38:35,2025-12-02 19:24:35,20.0
R0004544,S002,2025-12-02 12:46:18,2025-12-02 13:15:18,5.0
R0004545,S010,2025-12-02 20:15:52,2025-12-02 20:22:52,33.0
R0004546,S002,2025-12-02 07:59:38,2025-12-02 07:50:38,7.0
R0004547,S008,2025-12-02 09:37:14,2025-12-02 10:09:14,6.0
R0004548,S023,2025-12-02 17:22:41,2025-12-02 18:13:41,31.0
R0004549,S013,2025-12-02 19:35:16,2025-12-02 20:00:16,28.0
R0004550,S008,2025-12-02 16:26:52,2025-12-02 16:54:52,10.0
R0004551,S027,2025-12-02 11:37:02,2025-12-02 12:20:02,21.0
R0004552,S005,2025-12-02 10:16:46,2025-12-02 10:06:46,13.0
R0004553,S014,2025-12-02 18:50:54,2025-12-02 19:17:54,42.0
R0004554,S010,2025-12-02 14:09:19,2025-12-02 14:33:19,47.0
R0004555,S010,2025-12-02 13:37:19,2025-12-02 13:54:19,31.0
R0004556,S003,2025-12-02 18:18:53,2025-12-02 18:59:53,40.0
R0004557,S010,2025-12-02 17:48:01,2025-12-02 18:06:01,48.0
R0004558,S033,2025-12-02 12:18:11,,
R0004559,S005,2025-12-02 08:36:41,2025-12-02 09:05:41,16.0
R0004560,S023,2025-12-02 16:08:22,2025-12-02 16:36:22,33.0
R0004561,S031,2025-12-02 17:05:52,2025-12-02 17:15:52,20.0
R0004562,S029,2025-12-02 10:25:24,2025-12-02 10:52:24,20.0
R0004563,S011,2025-12-02 15:40:39,2025-12-02 16:14:39,19.0
R0004564,S031,2025-12-02 14:39:30,2025-12-02 15:32:30,29.0
R0004565,S015,2025-12-02 13:42:28,2025-12-02 13:54:28,26.0
R0004566,S003,2025-12-02 19:56:02,2025-12-02 20:09:02,11.0
R0004567,S016,2025-12-02 19:33:58,,
R0004568,S014,2025-12-02 16:29:35,2025-12-02 17:14:35,47.0
R0004569,S010,2025-12-02 19:40:38,2025-12-02 19:53:38,36.0
R0004570,S006,2025-12-02 13:15:06,,
R0004571,S013,2025-12-02 20:54:12,2025-12-02 21:19:12,28.0
R0004572,S008,2025-12-02 11:10:16,2025-12-02 11:03:16,5.0
R0004573,S003,2025-12-02 08:24:13,2025-12-02 08:11:13,13.0
R0004574,S006,2025-12-02 09:43:17,2025-12-02 09:54:17,11.0
R0004575,S017,2025-12-02 21:27:38,2025-12-02 21:21:38,11.0
R0004576,S033,2025-12-02 14:55:43,2025-12-02 15:08:43,10.0
R0004577,S029,2025-12-02 20:33:21,,19.0
R0004578,S028,2025-12-02 11:21:18,2025-12-02 11:30:18,35.0
R0004579,S002,2025-12-02 14:53:29,2025-12-02 15:57:29,66.0
R0004580,S011,2025-12-02 13:15:31,2025-12-02 13:39:31,27.0
R0004581,S015,2025-12-02 18:31:48,2025-12-02 18:40:48,10.0
R0004582,S023,2025-12-02 22:28:01,2025-12-02 22:16:01,15.0
R0004583,S008,2025-12-02 21:45:04,2025-12-02 21:58:04,13.0
R0004584,S033,2025-12-02 20:20:48,,
R0004585,S008,2025-12-02 21:24:37,2025-12-02 21:58:37,16.0
R0004586,S008,2025-12-02 18:46:02,2025-12-02 18:39:02,15.0
R0004587,S023,2025-12-02 20:35:12,2025-12-02 21:00:12,30.0
R0004588,S013,2025-12-02 17:12:33,2025-12-02 17:52:33,52.0
R0004589,S015,2025-12-02 08:21:13,2025-12-02 08:43:13,27.0
R0004590,S006,2025-12-02 11:28:56,2025-12-02 11:41:56,10.0
R0004591,S024,2025-12-02 19:45:12,,18.0
R0004592,S008,2025-12-02 11:51:10,2025-12-02 12:55:10,63.0
R0004593,S016,2025-12-02 19:33:54,2025-12-02 19:53:54,37.0
R0004594,S024,2025-12-02 15:10:55,2025-12-02 15:46:55,22.0
R0004595,S002,2025-12-02 23:19:18,,
R0004596,S014,2025-12-02 14:42:14,2025-12-02 14:49:14,29.0
R0004597,S003,2025-12-02 11:53:03,2025-12-02 12:15:03,16.0
R0004598,S028,2025-12-02 19:18:20,,
R0004599,S024,2025-12-02 15:40:02,2025-12-02 16:19:02,20.0
R0004600,S033,2025-12-02 08:08:48,2025-12-02 08:08:48,20.0
R0004601,S013,2025-12-02 20:14:23,2025-12-02 20:53:23,31.0
R0004602,S006,2025-12-02 11:42:37,2025-12-02 11:44:37,7.0
R0004603,S017,2025-12-02 18:54:27,2025-12-02 19:12:27,30.0
R0004604,S033,2025-12-02 22:16:02,2025-12-02 22:18:02,23.0
R0004605,S014,2025-12-02 18:14:58,2025-12-02 18:29:58,28.0
R0004606,S028,2025-12-02 20:42:23,,10.0
R0004607,S029,2025-12-02 11:39:33,2025-12-02 12:25:33,43.0
R0004608,S019,2025-12-02 23:00:40,,
R0004609,S016,2025-12-02 09:05:18,2025-12-02 09:30:18,21.0
R0004610,S017,2025-12-02 07:56:00,,
R0004611,S016,2025-12-02 12:13:58,2025-12-02 12:23:58,38.0
R0004612,S031,2025-12-02 21:20:36,2025-12-02 21:13:36,25.0
R0004613,S031,2025-12-02 14:51:30,2025-12-02 15:18:30,35.0
R0004614,S008,2025-12-02 08:25:37,2025-12-02 08:06:37,7.0
R0004615,S006,2025-12-02 19:53:40,2025-12-02 19:56:40,15.0
R0004616,S015,2025-12-02 20:33:26,2025-12-02 21:03:26,30.0
R0004617,S003,2025-12-02 12:00:46,,
R0004618,S031,2025-12-02 20:56:42,2025-12-02 20:55:42,-11.0
R0004619,S002,2025-12-02 09:48:35,2025-12-02 09:44:35,11.0
R0004620,S002,2025-12-02 21:13:10,2025-12-02 21:43:10,18.0
R0004621,S003,2025-12-02 12:58:59,,
R0004622,S011,2025-12-02 10:44:07,2025-12-02 10:58:07,47.0
R0004623,S019,2025-12-02 20:39:26,2025-12-02 20:52:26,31.0
R0004624,S010,2025-12-02 21:46:30,2025-12-02 22:04:30,32.0
R0004625,S005,2025-12-02 22:44:28,2025-12-02 22:37:28,12.0
R0004626,S005,2025-12-02 20:12:13,2025-12-02 20:52:13,53.0
R0004627,S023,2025-12-02 19:38:53,,
R0004628,S002,2025-12-02 21:01:16,2025-12-02 21:14:16,15.0
R0004629,S003,2025-12-02 13:23:28,2025-12-02 13:36:28,5.0
R0004630,S031,2025-12-02 18:36:17,2025-12-02 19:07:17,30.0
R0004631,S031,2025-12-02 18:55:05,2025-12-02 18:55:05,20.0
R0004632,S003,2025-12-02 19:35:12,2025-12-02 19:22:12,5.0
R0004633,S006,2025-12-02 16:40:09,2025-12-02 16:37:09,6.0
R0004634,S014,2025-12-02 20:24:53,2025-12-02 20:22:53,41.0
R0004635,S024,2025-12-02 14:39:54,2025-12-02 15:13:54,36.0
R0004636,S017,2025-12-02 07:36:29,2025-12-02 08:12:29,48.0
R0004637,S003,2025-12-02 22:18:44,2025-12-02 23:24:44,65.0
R0004638,S015,2025-12-02 19:20:51,2025-12-02 19:20:51,14.0
R0004639,S008,2025-12-02 12:46:01,,
R0004640,S028,2025-12-02 10:57:49,2025-12-02 10:57:49,21.0
R0004641,S015,2025-12-02 11:32:49,,32.0
R0004642,S002,2025-12-02 07:06:54,2025-12-02 07:47:54,20.0
R0004643,S002,2025-12-02 13:56:08,2025-12-02 13:52:08,14.0
R0004644,S027,2025-12-02 22:20:01,2025-12-02 22:46:01,24.0
R0004645,S006,2025-12-02 21:16:14,,
R0004646,S031,2025-12-02 18:33:15,,12.0
R0004647,S016,2025-12-02 16:47:18,2025-12-02 16:56:18,32.0
R0004648,S002,2025-12-02 07:58:08,2025-12-02 08:10:08,13.0
R0004649,S008,2025-12-02 12:52:14,2025-12-02 12:37:14,9.0
R0004650,S008,2025-12-02 20:09:52,2025-12-02 20:08:52,6.0
R0004651,S006,2025-12-02 09:53:15,2025-12-02 09:44:15,11.0
R0004652,S003,2025-12-02 14:07:03,2025-12-02 14:01:03,10.0
R0004653,S016,2025-12-02 22:17:33,2025-12-02 22:56:33,39.0
R0004654,S003,2025-12-02 11:25:59,,
R0004655,S010,2025-12-02 19:52:37,2025-12-02 20:23:37,44.0
R0004656,S006,2025-12-02 19:41:00,,
R0004657,S010,2025-12-02 10:38:09,2025-12-02 11:24:09,41.0
R0004658,S022,2025-12-03 20:52:05,2025-12-03 21:21:05,37.0
R0004659,S029,2025-12-03 17:27:42,2025-12-03 18:03:42,29.0
R0004660,S009,2025-12-03 20:29:49,2025-12-03 20:57:49,33.0
R0004661,S027,2025-12-03 08:42:44,2025-12-03 08:46:44,15.0
R0004662,S034,2025-12-03 22:01:12,2025-12-03 22:38:12,26.0
R0004663,S032,2025-12-03 21:42:55,2025-12-03 21:56:55,17.0
R0004664,S023,2025-12-03 15:42:11,2025-12-03 16:14:11,23.0
R0004665,S023,2025-12-03 13:11:16,2025-12-03 13:41:16,24.0
R0004666,S011,2025-12-03 09:22:14,2025-12-03 09:46:14,36.0
R0004667,S030,2025-12-03 21:15:04,,
R0004668,S004,2025-12-03 11:25:08,2025-12-03 11:32:08,10.0
R0004669,S021,2025-12-03 20:49:44,2025-12-03 21:41:44,26.0
R0004670,S002,2025-12-03 13:33:26,2025-12-03 14:26:26,47.0
R0004671,S004,2025-12-03 19:18:07,2025-12-03 19:09:07,13.0
R0004672,S023,2025-12-03 11:29:50,,
R0004673,S033,2025-12-03 10:24:31,2025-12-03 10:21:31,23.0
R0004674,S034,2025-12-03 13:23:10,2025-12-03 13:03:10,9.0
R0004675,S010,2025-12-03 23:11:55,2025-12-03 23:16:55,44.0
R0004676,S016,2025-12-03 16:16:04,2025-12-03 16:29:04,23.0
R0004677,S004,2025-12-03 16:57:59,,10.0
R0004678,S030,2025-12-03 20:47:26,2025-12-03 21:00:26,28.0
R0004679,S009,2025-12-03 23:32:45,,
R0004680,S009,2025-12-03 21:21:18,2025-12-03 22:02:18,51.0
R0004681,S010,2025-12-03 22:02:23,2025-12-03 22:43:23,41.0
R0004682,S029,2025-12-03 22:09:40,2025-12-03 22:25:40,19.0
R0004683,S021,2025-12-03 19:06:45,2025-12-03 19:50:45,22.0
R0004684,S002,2025-12-03 10:28:21,2025-12-03 10:24:21,12.0
R0004685,S008,2025-12-03 23:09:14,2025-12-03 23:02:14,7.0
R0004686,S004,2025-12-03 19:04:39,2025-12-03 18:56:39,10.0
R0004687,S034,2025-12-03 14:29:53,2025-12-03 14:23:53,21.0
R0004688,S029,2025-12-03 22:44:51,,
R0004689,S020,2025-12-03 20:53:16,2025-12-03 21:04:16,29.0
R0004690,S006,2025-12-03 11:24:20,2025-12-03 12:36:20,73.0
R0004691,S004,2025-12-03 14:59:13,2025-12-03 15:43:13,55.0
R0004692,S029,2025-12-03 19:39:53,2025-12-03 19:37:53,21.0
R0004693,S020,2025-12-03 21:11:52,2025-12-03 22:07:52,45.0
R0004694,S004,2025-12-03 20:47:40,2025-12-03 21:22:40,13.0
R0004695,S020,2025-12-03 18:44:11,,
R0004696,S021,2025-12-03 18:54:57,2025-12-03 18:36:57,15.0
R0004697,S008,2025-12-03 14:34:49,2025-12-03 14:24:49,15.0
R0004698,S022,2025-12-03 16:16:24,2025-12-03 16:24:24,25.0
R0004699,S008,2025-12-03 11:30:46,,
R0004700,S002,2025-12-03 13:54:15,2025-12-03 15:21:15,71.0
R0004701,S029,2025-12-03 15:14:59,2025-12-03 15:20:59,13.0
R0004702,S006,2025-12-03 19:48:13,2025-12-03 20:20:13,13.0
R0004703,S011,2025-12-03 14:33:05,2025-12-03 15:17:05,48.0
R0004704,S008,2025-12-03 09:30:09,2025-12-03 09:20:09,25.0
R0004705,S009,2025-12-03 20:08:36,2025-12-03 21:08:36,56.0
R0004706,S029,2025-12-03 19:15:18,2025-12-03 19:31:18,21.0
R0004707,S008,2025-12-03 19:24:45,,
R0004708,S020,2025-12-03 09:13:25,2025-12-03 09:38:25,36.0
R0004709,S009,2025-12-03 09:14:38,2025-12-03 09:38:38,40.0
R0004710,S030,2025-12-03 19:02:25,2025-12-03 19:02:25,24.0
R0004711,S009,2025-12-03 12:10:10,2025-12-03 12:20:10,16.0
R0004712,S020,2025-12-03 20:30:39,2025-12-03 20:24:39,35.0
R0004713,S027,2025-12-03 21:34:44,2025-12-03 21:42:44,27.0
R0004714,S006,2025-12-03 14:00:59,,
R0004715,S009,2025-12-03 12:56:44,2025-12-03 13:03:44,44.0
R0004716,S011,2025-12-03 18:22:30,2025-12-03 19:04:30,35.0
R0004717,S004,2025-12-03 22:02:55,2025-12-03 21:47:55,12.0
R0004718,S004,2025-12-03 10:51:35,,
R0004719,S009,2025-12-03 17:58:46,2025-12-03 18:14:46,31.0
R0004720,S034,2025-12-03 19:14:27,,
R0004721,S011,2025-12-03 14:03:39,2025-12-03 14:58:39,30.0
R0004722,S027,2025-12-03 20:00:43,2025-12-03 20:28:43,26.0
R0004723,S003,2025-12-03 19:47:56,2025-12-03 19:33:56,8.0
R0004724,S022,2025-12-03 19:36:55,2025-12-03 19:50:55,41.0
R0004725,S022,2025-12-03 13:36:11,,
R0004726,S033,2025-12-03 07:30:02,2025-12-03 08:10:02,24.0
R0004727,S003,2025-12-03 22:14:15,2025-12-03 22:28:15,10.0
R0004728,S030,2025-12-03 08:14:40,2025-12-03 08:17:40,27.0
R0004729,S029,2025-12-03 22:07:47,2025-12-03 21:50:47,10.0
R0004730,S003,2025-12-03 19:21:28,2025-12-03 19:22:28,9.0
R0004731,S002,2025-12-03 18:12:01,2025-12-03 18:41:01,11.0
R0004732,S008,2025-12-03 13:10:02,2025-12-03 13:35:02,15.0
R0004733,S023,2025-12-03 10:20:59,2025-12-03 10:34:59,29.0
R0004734,S033,2025-12-03 13:54:04,2025-12-03 14:13:04,10.0
R0004735,S033,2025-12-03 14:23:50,2025-12-03 14:40:50,15.0
R0004736,S034,2025-12-03 18:32:12,2025-12-03 18:23:12,25.0
R0004737,S010,2025-12-03 09:52:56,2025-12-03 09:57:56,24.0
R0004738,S009,2025-12-03 08:12:32,2025-12-03 08:56:32,37.0
R0004739,S003,2025-12-03 19:36:34,2025-12-03 19:35:34,10.0
R0004740,S029,2025-12-03 17:43:06,2025-12-03 18:16:06,20.0
R0004741,S027,2025-12-03 08:15:18,2025-12-03 08:27:18,25.0
R0004742,S004,2025-12-03 10:32:15,2025-12-03 10:23:15,4.0
R0004743,S027,2025-12-03 19:34:16,2025-12-03 19:49:16,17.0
R0004744,S016,2025-12-03 08:05:40,,42.0
R0004745,S033,2025-12-03 12:01:08,2025-12-03 12:30:08,24.0
R0004746,S021,2025-12-03 20:55:25,2025-12-03 20:44:25,18.0
R0004747,S008,2025-12-03 22:14:58,2025-12-03 22:19:58,7.0
R0004748,S029,2025-12-03 20:18:30,2025-12-03 20:19:30,32.0
R0004749,S016,2025-12-03 16:48:22,2025-12-03 17:42:22,39.0
R0004750,S023,2025-12-03 09:25:08,2025-12-03 09:15:08,17.0
R0004751,S013,2025-12-03 08:18:43,2025-12-03 08:56:43,23.0
R0004752,S009,2025-12-03 13:19:22,,
R0004753,S032,2025-12-03 18:54:33,2025-12-03 19:12:33,32.0
R0004754,S021,2025-12-03 23:05:15,2025-12-03 23:28:15,35.0
R0004755,S010,2025-12-03 07:55:58,2025-12-03 08:37:58,27.0
R0004756,S029,2025-12-03 11:28:47,2025-12-03 12:05:47,24.0
R0004757,S022,2025-12-03 19:07:00,2025-12-03 19:17:00,27.0
R0004758,S034,2025-12-03 13:11:17,2025-12-03 13:06:17,10.0
R0004759,S032,2025-12-03 12:42:25,2025-12-03 13:08:25,11.0
R0004760,S011,2025-12-03 08:51:25,2025-12-03 08:53:25,41.0
R0004761,S008,2025-12-03 18:51:34,2025-12-03 18:44:34,7.0
R0004762,S006,2025-12-03 13:56:57,,
R0004763,S023,2025-12-03 21:24:03,2025-12-03 21:38:03,11.0
R0004764,S032,2025-12-03 15:08:29,2025-12-03 15:29:29,10.0
R0004765,S006,2025-12-03 21:37:58,2025-12-03 21:21:58,6.0
R0004766,S034,2025-12-03 07:26:13,2025-12-03 07:49:13,11.0
R0004767,S011,2025-12-03 10:59:19,2025-12-03 11:29:19,-31.0
R0004768,S008,2025-12-03 21:44:59,2025-12-03 21:39:59,10.0
R0004769,S002,2025-12-03 18:15:04,2025-12-03 19:19:04,55.0
R0004770,S002,2025-12-03 14:13:49,2025-12-03 14:11:49,5.0
R0004771,S032,2025-12-03 21:34:38,2025-12-03 22:09:38,36.0
R0004772,S003,2025-12-03 11:35:43,2025-12-03 11:49:43,11.0
R0004773,S002,2025-12-03 22:26:42,2025-12-03 22:37:42,9.0
R0004774,S002,2025-12-03 21:34:38,2025-12-03 22:46:38,62.0
R0004775,S021,2025-12-03 20:43:36,2025-12-03 20:58:36,34.0
R0004776,S034,2025-12-03 21:48:33,,
R0004777,S004,2025-12-03 10:04:33,2025-12-03 10:31:33,52.0
R0004778,S032,2025-12-03 18:56:04,2025-12-03 18:59:04,22.0
R0004779,S006,2025-12-03 13:36:35,2025-12-03 14:11:35,9.0
R0004780,S004,2025-12-03 16:15:42,2025-12-03 17:02:42,31.0
R0004781,S023,2025-12-03 11:54:44,2025-12-03 12:22:44,31.0
R0004782,S030,2025-12-03 21:29:12,2025-12-03 21:26:12,33.0
R0004783,S020,2025-12-03 14:11:45,2025-12-03 14:20:45,21.0
R0004784,S008,2025-12-03 13:35:07,2025-12-03 14:26:07,50.0
R0004785,S009,2025-12-03 13:46:25,2025-12-03 14:23:25,37.0
R0004786,S021,2025-12-03 21:37:01,2025-12-03 22:14:01,41.0
R0004787,S009,2025-12-03 09:42:02,2025-12-03 10:17:02,52.0
R0004788,S016,2025-12-03 19:29:26,2025-12-03 20:22:26,35.0
R0004789,S022,2025-12-03 20:28:27,2025-12-03 20:48:27,26.0
R0004790,S030,2025-12-03 13:14:14,2025-12-03 13:26:14,29.0
R0004791,S013,2025-12-03 21:11:30,2025-12-03 22:05:30,38.0
R0004792,S034,2025-12-03 20:48:08,2025-12-03 21:07:08,24.0
R0004793,S013,2025-12-03 21:28:48,2025-12-03 21:29:48,-34.0
R0004794,S006,2025-12-03 20:11:24,2025-12-03 20:46:24,16.0
R0004795,S002,2025-12-03 07:24:36,2025-12-03 07:50:36,14.0
R0004796,S010,2025-12-03 20:58:50,2025-12-03 21:04:50,41.0
R0004797,S010,2025-12-03 22:00:20,2025-12-03 22:37:20,31.0
R0004798,S029,2025-12-03 09:30:21,2025-12-03 09:35:21,23.0
R0004799,S004,2025-12-03 08:29:44,2025-12-03 08:37:44,13.0
R0004800,S008,2025-12-03 12:51:47,2025-12-03 12:39:47,8.0
R0004801,S011,2025-12-03 22:59:29,2025-12-03 23:30:29,25.0
R0004802,S013,2025-12-03 13:08:27,2025-12-03 13:43:27,40.0
R0004803,S010,2025-12-03 19:24:57,,40.0
R0004804,S022,2025-12-03 15:21:13,2025-12-03 15:19:13,21.0
R0004805,S034,2025-12-03 22:00:19,2025-12-03 22:22:19,22.0
R0004806,S034,2025-12-03 07:46:01,2025-12-03 07:58:01,23.0
R0004807,S008,2025-12-03 20:42:12,2025-12-03 21:12:12,32.0
R0004808,S006,2025-12-03 13:04:47,2025-12-03 12:50:47,8.0
R0004809,S033,2025-12-03 11:12:02,,
R0004810,S013,2025-12-03 11:02:15,2025-12-03 11:08:15,34.0
R0004811,S020,2025-12-03 10:44:41,2025-12-03 11:13:41,30.0
R0004812,S021,2025-12-03 12:21:26,2025-12-03 13:18:26,36.0
R0004813,S003,2025-12-03 13:54:49,2025-12-03 13:58:49,3.0
R0004814,S032,2025-12-03 21:02:16,2025-12-03 21:03:16,9.0
R0004815,S016,2025-12-03 20:01:41,2025-12-03 20:07:41,34.0
R0004816,S003,2025-12-03 14:58:21,2025-12-03 14:51:21,9.0
R0004817,S027,2025-12-03 18:20:57,2025-12-03 18:20:57,4.0
R0004818,S011,2025-12-03 17:16:51,,29.0
R0004819,S030,2025-12-03 15:56:32,2025-12-03 15:52:32,18.0
R0004820,S027,2025-12-03 21:24:50,2025-12-03 21:42:50,16.0
R0004821,S034,2025-12-03 07:43:07,2025-12-03 07:34:07,23.0
R0004822,S004,2025-12-03 13:40:23,,
R0004823,S020,2025-12-03 21:37:35,2025-12-03 22:06:35,36.0
R0004824,S034,2025-12-03 12:58:12,2025-12-03 13:41:12,24.0
R0004825,S011,2025-12-03 07:56:31,2025-12-03 08:41:31,37.0
R0004826,S021,2025-12-03 17:22:16,2025-12-03 17:23:16,32.0
R0004827,S008,2025-12-03 21:38:09,2025-12-03 21:22:09,6.0
R0004828,S008,2025-12-03 14:41:32,2025-12-03 14:46:32,14.0
R0004829,S020,2025-12-03 08:49:34,2025-12-03 09:18:34,21.0
R0004830,S030,2025-12-03 14:17:45,2025-12-03 14:47:45,11.0
R0004831,S004,2025-12-03 21:23:11,2025-12-03 21:14:11,9.0
R0004832,S029,2025-12-03 18:31:46,2025-12-03 18:28:46,22.0
R0004833,S016,2025-12-03 11:59:53,2025-12-03 12:01:53,36.0
R0004834,S004,2025-12-03 21:58:09,2025-12-03 22:03:09,10.0
R0004835,S022,2025-12-03 19:39:52,2025-12-03 20:01:52,33.0
R0004836,S010,2025-12-03 12:00:25,2025-12-03 12:08:25,29.0
R0004837,S010,2025-12-03 10:50:04,2025-12-03 11:08:04,28.0
R0004838,S012,2025-12-04 19:38:16,2025-12-04 19:39:16,24.0
R0004839,S006,2025-12-04 22:26:30,2025-12-04 21:56:30,6.0
R0004840,S005,2025-12-04 09:21:06,2025-12-04 09:22:06,10.0
R0004841,S013,2025-12-04 17:57:29,2025-12-04 18:16:29,27.0
R0004842,S017,2025-12-04 11:40:08,2025-12-04 12:11:08,28.0
R0004843,S016,2025-12-04 15:30:50,2025-12-04 15:44:50,33.0
R0004844,S011,2025-12-04 20:11:50,2025-12-04 20:42:50,40.0
R0004845,S033,2025-12-04 19:45:29,2025-12-04 20:11:29,15.0
R0004846,S006,2025-12-04 15:57:49,2025-12-04 15:50:49,11.0
R0004847,S003,2025-12-04 12:47:29,2025-12-04 12:51:29,11.0
R0004848,S026,2025-12-04 13:05:28,2025-12-04 13:23:28,31.0
R0004849,S003,2025-12-04 13:04:14,2025-12-04 12:59:14,11.0
R0004850,S031,2025-12-04 19:14:16,2025-12-04 19:35:16,13.0
R0004851,S026,2025-12-04 13:56:56,2025-12-04 14:39:56,28.0
R0004852,S005,2025-12-04 23:24:37,2025-12-04 23:14:37,7.0
R0004853,S030,2025-12-04 15:08:58,2025-12-04 15:24:58,24.0
R0004854,S018,2025-12-04 20:43:26,2025-12-04 21:28:26,50.0
R0004855,S006,2025-12-04 11:40:43,2025-12-04 11:48:43,12.0
R0004856,S005,2025-12-04 10:15:05,2025-12-04 10:47:05,15.0
R0004857,S031,2025-12-04 18:51:00,2025-12-04 19:15:00,18.0
R0004858,S031,2025-12-04 09:41:27,2025-12-04 10:17:27,41.0
R0004859,S016,2025-12-04 17:15:11,,
R0004860,S012,2025-12-04 12:12:09,2025-12-04 12:52:09,-28.0
R0004861,S002,2025-12-04 14:58:24,,
R0004862,S004,2025-12-04 14:26:29,2025-12-04 14:36:29,5.0
R0004863,S030,2025-12-04 22:22:58,,
R0004864,S021,2025-12-04 17:39:16,2025-12-04 18:15:16,43.0
R0004865,S006,2025-12-04 21:33:12,2025-12-04 21:44:12,12.0
R0004866,S018,2025-12-04 12:07:31,2025-12-04 12:51:31,21.0
R0004867,S021,2025-12-04 08:57:56,2025-12-04 09:26:56,49.0
R0004868,S005,2025-12-04 16:05:59,2025-12-04 15:35:59,8.0
R0004869,S018,2025-12-04 16:01:52,2025-12-04 16:37:52,40.0
R0004870,S011,2025-12-04 16:51:12,,
R0004871,S021,2025-12-04 09:29:50,,
R0004872,S012,2025-12-04 09:46:01,2025-12-04 10:05:01,31.0
R0004873,S003,2025-12-04 22:21:01,,
R0004874,S016,2025-12-04 20:53:40,2025-12-04 21:25:40,28.0
R0004875,S030,2025-12-04 21:26:32,2025-12-04 22:22:32,30.0
R0004876,S021,2025-12-04 15:24:48,2025-12-04 15:39:48,42.0
R0004877,S006,2025-12-04 17:31:02,2025-12-04 18:05:02,67.0
R0004878,S006,2025-12-04 22:14:08,2025-12-04 22:51:08,46.0
R0004879,S009,2025-12-04 14:23:26,2025-12-04 14:33:26,48.0
R0004880,S004,2025-12-04 19:43:32,2025-12-04 20:14:32,40.0
R0004881,S011,2025-12-04 18:43:35,2025-12-04 18:53:35,36.0
R0004882,S013,2025-12-04 13:23:58,2025-12-04 13:49:58,40.0
R0004883,S030,2025-12-04 22:42:57,2025-12-04 22:46:57,16.0
R0004884,S031,2025-12-04 12:24:07,2025-12-04 12:20:07,25.0
R0004885,S026,2025-12-04 19:03:22,2025-12-04 19:07:22,27.0
R0004886,S011,2025-12-04 13:56:45,2025-12-04 13:50:45,-14.0
R0004887,S006,2025-12-04 15:21:36,2025-12-04 16:26:36,70.0
R0004888,S006,2025-12-04 10:44:13,2025-12-04 10:31:13,-12.0
R0004889,S003,2025-12-04 12:57:25,2025-12-04 12:56:25,13.0
R0004890,S009,2025-12-04 12:09:40,,
R0004891,S004,2025-12-04 19:19:37,2025-12-04 19:04:37,12.0
R0004892,S034,2025-12-04 18:35:36,2025-12-04 18:47:36,20.0
R0004893,S030,2025-12-04 20:54:59,2025-12-04 20:52:59,21.0
R0004894,S026,2025-12-04 17:18:07,2025-12-04 18:01:07,19.0
R0004895,S011,2025-12-04 21:20:20,2025-12-04 21:56:20,40.0
R0004896,S031,2025-12-04 21:12:20,,
R0004897,S006,2025-12-04 08:53:20,2025-12-04 09:13:20,13.0
R0004898,S005,2025-12-04 19:51:48,,
R0004899,S003,2025-12-04 19:39:57,2025-12-04 20:56:57,72.0
R0004900,S003,2025-12-04 13:33:15,2025-12-04 13:14:15,4.0
R0004901,S034,2025-12-04 22:17:20,2025-12-04 23:13:20,37.0
R0004902,S021,2025-12-04 14:09:42,2025-12-04 14:14:42,28.0
R0004903,S026,2025-12-04 10:03:48,2025-12-04 10:14:48,28.0
R0004904,S030,2025-12-04 20:39:18,,
R0004905,S031,2025-12-04 17:11:24,2025-12-04 17:18:24,27.0
R0004906,S025,2025-12-04 12:45:13,2025-12-04 12:48:13,29.0
R0004907,S011,2025-12-04 23:26:58,2025-12-04 23:04:58,17.0
R0004908,S026,2025-12-04 08:44:56,2025-12-04 09:06:56,13.0
R0004909,S002,2025-12-04 11:54:01,2025-12-04 11:58:01,7.0
R0004910,S013,2025-12-04 21:52:55,2025-12-04 22:05:55,21.0
R0004911,S003,2025-12-04 07:39:15,,14.0
R0004912,S018,2025-12-04 19:39:41,,
R0004913,S002,2025-12-04 13:11:13,2025-12-04 14:03:13,42.0
R0004914,S016,2025-12-04 19:25:45,2025-12-04 19:53:45,19.0
R0004915,S026,2025-12-04 21:46:28,2025-12-04 21:50:28,19.0
R0004916,S011,2025-12-04 15:23:27,2025-12-04 15:33:27,35.0
R0004917,S034,2025-12-04 16:35:06,2025-12-04 16:38:06,27.0
R0004918,S005,2025-12-04 21:09:01,2025-12-04 21:33:01,49.0
R0004919,S009,2025-12-04 14:00:47,2025-12-04 14:08:47,31.0
R0004920,S005,2025-12-04 14:56:07,2025-12-04 14:41:07,10.0
R0004921,S006,2025-12-04 13:25:40,2025-12-04 13:54:40,8.0
R0004922,S003,2025-12-04 08:42:29,2025-12-04 08:33:29,10.0
R0004923,S012,2025-12-04 15:02:34,2025-12-04 15:25:34,20.0
R0004924,S026,2025-12-04 11:10:42,2025-12-04 10:56:42,16.0
R0004925,S012,2025-12-04 09:18:29,2025-12-04 09:44:29,36.0
R0004926,S006,2025-12-04 16:28:57,2025-12-04 16:39:57,11.0
R0004927,S026,2025-12-04 21:34:16,2025-12-04 21:32:16,13.0
R0004928,S004,2025-12-04 13:26:04,2025-12-04 13:30:04,14.0
R0004929,S033,2025-12-04 19:01:36,,17.0
R0004930,S006,2025-12-04 16:57:31,2025-12-04 16:44:31,8.0
R0004931,S006,2025-12-04 21:16:01,2025-12-04 21:13:01,12.0
R0004932,S025,2025-12-04 20:56:16,2025-12-04 21:16:16,25.0
R0004933,S004,2025-12-04 16:10:28,2025-12-04 17:33:28,72.0
R0004934,S026,2025-12-04 19:16:30,2025-12-04 19:42:30,26.0
R0004935,S030,2025-12-04 19:00:29,2025-12-04 19:23:29,26.0
R0004936,S026,2025-12-04 10:20:54,2025-12-04 10:56:54,33.0
R0004937,S033,2025-12-04 21:15:45,,
R0004938,S006,2025-12-04 16:18:23,2025-12-04 16:23:23,40.0
R0004939,S002,2025-12-04 21:04:06,2025-12-04 21:18:06,20.0
R0004940,S011,2025-12-04 13:57:38,2025-12-04 14:55:38,36.0
R0004941,S011,2025-12-04 20:19:08,2025-12-04 21:00:08,30.0
R0004942,S033,2025-12-04 20:05:31,2025-12-04 20:18:31,15.0
R0004943,S016,2025-12-04 12:22:17,2025-12-04 12:56:17,24.0
R0004944,S003,2025-12-04 13:04:18,2025-12-04 13:16:18,48.0
R0004945,S003,2025-12-04 13:49:29,2025-12-04 14:56:29,79.0
R0004946,S002,2025-12-04 11:33:14,2025-12-04 11:41:14,10.0
R0004947,S002,2025-12-04 21:13:55,2025-12-04 21:11:55,9.0
R0004948,S011,2025-12-04 21:28:38,2025-12-04 22:21:38,43.0
R0004949,S009,2025-12-04 20:11:17,2025-12-04 20:32:17,32.0
R0004950,S006,2025-12-04 19:43:29,2025-12-04 19:19:29,4.0
R0004951,S033,2025-12-04 22:39:52,2025-12-04 23:35:52,33.0
R0004952,S011,2025-12-04 12:40:16,2025-12-04 13:09:16,27.0
R0004953,S009,2025-12-04 19:54:59,2025-12-04 20:45:59,28.0
R0004954,S026,2025-12-04 14:01:28,,
R0004955,S005,2025-12-04 22:17:21,2025-12-04 22:34:21,14.0
R0004956,S006,2025-12-04 19:44:27,2025-12-04 19:44:27,8.0
R0004957,S004,2025-12-04 11:44:19,,14.0
R0004958,S011,2025-12-04 20:28:42,2025-12-04 21:04:42,19.0
R0004959,S012,2025-12-04 14:10:49,,
R0004960,S025,2025-12-04 12:19:09,2025-12-04 12:17:09,25.0
R0004961,S025,2025-12-04 21:11:16,2025-12-04 21:04:16,18.0
R0004962,S005,2025-12-04 13:38:38,2025-12-04 13:34:38,8.0
R0004963,S016,2025-12-04 13:58:05,2025-12-04 14:49:05,38.0
R0004964,S033,2025-12-04 19:50:14,2025-12-04 20:25:14,18.0
R0004965,S005,2025-12-04 09:51:52,,
R0004966,S016,2025-12-04 22:27:45,2025-12-04 23:16:45,37.0
R0004967,S017,2025-12-04 22:47:24,2025-12-04 22:55:24,31.0
R0004968,S006,2025-12-04 12:28:20,2025-12-04 12:36:20,13.0
R0004969,S033,2025-12-04 22:12:10,2025-12-04 22:38:10,20.0
R0004970,S012,2025-12-04 20:59:48,2025-12-04 21:06:48,19.0
R0004971,S016,2025-12-04 21:59:16,2025-12-04 21:55:16,25.0
R0004972,S017,2025-12-04 21:37:14,2025-12-04 22:35:14,45.0
R0004973,S034,2025-12-04 14:31:08,2025-12-04 14:36:08,23.0
R0004974,S034,2025-12-04 17:06:11,2025-12-04 17:02:11,24.0
R0004975,S003,2025-12-04 22:28:39,2025-12-04 22:18:39,13.0
R0004976,S002,2025-12-04 19:12:23,2025-12-04 19:13:23,6.0
R0004977,S030,2025-12-04 14:07:07,,
R0004978,S002,2025-12-04 20:20:23,2025-12-04 21:42:23,61.0
R0004979,S004,2025-12-04 15:41:40,2025-12-04 16:05:40,15.0
R0004980,S033,2025-12-04 14:34:43,2025-12-04 14:29:43,19.0
R0004981,S006,2025-12-04 21:55:49,,
R0004982,S006,2025-12-04 21:13:21,2025-12-04 21:36:21,12.0
R0004983,S030,2025-12-04 13:24:43,2025-12-04 13:32:43,31.0
R0004984,S011,2025-12-04 14:14:26,,27.0
R0004985,S009,2025-12-04 15:49:51,2025-12-04 16:42:51,45.0
R0004986,S017,2025-12-04 22:22:28,2025-12-04 22:52:28,26.0
R0004987,S030,2025-12-04 08:35:13,2025-12-04 08:06:13,13.0
R0004988,S021,2025-12-04 12:39:25,,
R0004989,S025,2025-12-04 12:26:52,2025-12-04 12:41:52,24.0
R0004990,S011,2025-12-04 18:22:25,2025-12-04 18:59:25,29.0
R0004991,S004,2025-12-04 15:53:43,2025-12-04 15:33:43,11.0
R0004992,S021,2025-12-04 15:43:30,2025-12-04 15:59:30,48.0
R0004993,S002,2025-12-04 19:15:11,2025-12-04 19:20:11,4.0
R0004994,S012,2025-12-04 18:40:05,2025-12-04 18:58:05,23.0
R0004995,S003,2025-12-04 22:28:30,2025-12-04 22:10:30,14.0
R0004996,S002,2025-12-04 19:04:22,2025-12-04 19:17:22,13.0
R0004997,S031,2025-12-04 15:16:38,2025-12-04 15:52:38,28.0
R0004998,S016,2025-12-04 22:25:10,2025-12-04 22:23:10,35.0
R0004999,S013,2025-12-04 13:29:57,2025-12-04 14:09:57,28.0
R0005000,S011,2025-12-04 15:00:01,,
R0005001,S012,2025-12-04 20:03:51,2025-12-04 20:56:51,36.0
R0005002,S006,2025-12-04 09:40:22,2025-12-04 09:24:22,12.0
R0005003,S034,2025-12-04 09:22:39,2025-12-04 09:43:39,25.0
R0005004,S021,2025-12-04 12:04:04,2025-12-04 11:46:04,15.0
R0005005,S003,2025-12-04 15:09:44,2025-12-04 15:17:44,13.0
R0005006,S011,2025-12-04 09:30:27,2025-12-04 09:22:27,33.0
R0005007,S034,2025-12-04 18:50:25,2025-12-04 19:18:25,35.0
R0005008,S012,2025-12-04 15:55:45,2025-12-04 15:50:45,15.0
R0005009,S003,2025-12-04 16:50:23,2025-12-04 17:21:23,10.0
R0005010,S033,2025-12-04 18:23:38,2025-12-04 19:08:38,32.0
R0005011,S031,2025-12-04 19:29:38,2025-12-04 20:15:38,24.0
R0005012,S026,2025-12-04 18:19:00,2025-12-04 18:49:00,29.0
R0005013,S025,2025-12-04 19:31:55,2025-12-04 19:48:55,16.0
R0005014,S031,2025-12-04 11:46:07,2025-12-04 12:08:07,28.0
R0005015,S026,2025-12-04 08:59:53,,
R0005016,S006,2025-12-04 20:34:00,2025-12-04 20:34:00,14.0
R0005017,S031,2025-12-04 13:33:36,2025-12-04 13:51:36,30.0
R0005018,S016,2025-12-04 13:17:21,2025-12-04 13:51:21,46.0
R0005019,S011,2025-12-04 20:59:23,,32.0
R0005020,S004,2025-12-04 20:07:03,2025-12-04 20:15:03,13.0
R0005021,S017,2025-12-04 14:34:39,2025-12-04 14:29:39,31.0
R0005022,S009,2025-12-04 14:30:06,,
R0005023,S026,2025-12-04 07:35:30,2025-12-04 08:09:30,26.0
R0005024,S018,2025-12-04 07:49:13,2025-12-04 07:57:13,26.0
R0005025,S009,2025-12-04 14:31:59,2025-12-04 15:31:59,44.0
R0005026,S026,2025-12-04 07:41:06,2025-12-04 08:03:06,35.0
R0005027,S004,2025-12-04 13:26:09,2025-12-04 13:28:09,12.0
R0005028,S017,2025-12-04 19:31:49,2025-12-04 19:48:49,39.0
R0005029,S006,2025-12-04 22:17:33,2025-12-04 22:11:33,9.0
R0005030,S016,2025-12-04 19:26:27,2025-12-04 20:10:27,22.0
R0005031,S024,2025-12-04 13:59:02,2025-12-04 14:03:02,14.0
R0005032,S002,2025-12-04 17:03:30,2025-12-04 17:11:30,15.0
R0005033,S026,2025-12-04 22:22:00,2025-12-04 22:35:00,24.0
R0005034,S009,2025-12-04 12:04:50,2025-12-04 12:15:50,31.0
R0005035,S031,2025-12-04 14:38:19,2025-12-04 14:35:19,19.0
R0005036,S006,2025-12-04 20:44:30,2025-12-04 20:51:30,12.0
R0005037,S006,2025-12-04 12:33:30,2025-12-04 12:55:30,12.0
R0005038,S025,2025-12-04 08:45:25,2025-12-04 09:18:25,21.0
R0005039,S004,2025-12-04 21:38:26,2025-12-04 21:54:26,7.0
R0005040,S017,2025-12-04 21:08:51,2025-12-04 21:27:51,23.0
R0005041,S005,2025-12-04 17:40:06,2025-12-04 18:54:06,68.0
R0005042,S033,2025-12-04 15:21:45,2025-12-04 15:11:45,21.0
R0005043,S005,2025-12-04 15:31:03,,
R0005044,S021,2025-12-04 08:43:11,2025-12-04 08:40:11,24.0
R0005045,S004,2025-12-04 20:38:17,2025-12-04 21:46:17,42.0
R0005046,S018,2025-12-04 19:04:45,,
R0005047,S024,2025-12-04 10:52:02,2025-12-04 11:33:02,28.0
R0005048,S004,2025-12-04 21:27:29,2025-12-04 21:35:29,11.0
R0005049,S025,2025-12-04 18:47:41,2025-12-04 19:20:41,25.0
R0005050,S006,2025-12-04 22:12:16,2025-12-04 22:04:16,14.0
R0005051,S016,2025-12-04 21:09:52,2025-12-04 21:58:52,36.0
R0005052,S012,2025-12-04 08:54:20,2025-12-04 09:09:20,25.0
R0005053,S004,2025-12-04 21:45:55,2025-12-04 22:29:55,25.0
R0005054,S034,2025-12-04 13:10:40,2025-12-04 13:14:40,24.0
R0005055,S003,2025-12-04 14:31:24,2025-12-04 14:43:24,16.0
R0005056,S031,2025-12-04 14:54:15,2025-12-04 14:52:15,32.0
R0005057,S023,2025-12-05 19:04:12,2025-12-05 19:28:12,23.0
R0005058,S009,2025-12-05 17:47:43,2025-12-05 18:39:43,37.0
R0005059,S018,2025-12-05 20:18:10,2025-12-05 20:45:10,19.0
R0005060,S028,2025-12-05 17:21:11,2025-12-05 17:19:11,17.0
R0005061,S024,2025-12-05 16:58:34,2025-12-05 17:30:34,21.0
R0005062,S020,2025-12-05 15:20:29,2025-12-05 15:01:29,23.0
R0005063,S006,2025-12-05 20:19:59,2025-12-05 21:51:59,67.0
R0005064,S012,2025-12-05 15:52:42,2025-12-05 16:22:42,27.0
R0005065,S007,2025-12-05 16:59:31,2025-12-05 17:40:31,38.0
R0005066,S012,2025-12-05 13:26:32,2025-12-05 13:42:32,40.0
R0005067,S024,2025-12-05 20:25:53,2025-12-05 20:57:53,24.0
R0005068,S026,2025-12-05 20:06:37,2025-12-05 20:21:37,26.0
R0005069,S004,2025-12-05 19:41:18,2025-12-05 19:37:18,15.0
R0005070,S013,2025-12-05 19:37:04,2025-12-05 19:46:04,20.0
R0005071,S024,2025-12-05 20:51:32,2025-12-05 21:38:32,29.0
R0005072,S009,2025-12-05 19:49:57,2025-12-05 19:56:57,32.0
R0005073,S007,2025-12-05 20:09:55,,
R0005074,S023,2025-12-05 21:10:00,2025-12-05 21:29:00,24.0
R0005075,S007,2025-12-05 07:32:31,2025-12-05 07:34:31,12.0
R0005076,S004,2025-12-05 17:58:38,2025-12-05 17:52:38,11.0
R0005077,S002,2025-12-05 12:38:26,2025-12-05 12:27:26,10.0
R0005078,S006,2025-12-05 09:05:12,2025-12-05 09:08:12,10.0
R0005079,S021,2025-12-05 22:49:18,2025-12-05 23:08:18,28.0
R0005080,S019,2025-12-05 20:10:44,2025-12-05 20:31:44,37.0
R0005081,S008,2025-12-05 20:52:16,2025-12-05 20:58:16,38.0
R0005082,S021,2025-12-05 21:36:33,2025-12-05 22:10:33,34.0
R0005083,S006,2025-12-05 15:00:08,2025-12-05 14:55:08,11.0
R0005084,S009,2025-12-05 20:56:55,,49.0
R0005085,S019,2025-12-05 15:38:31,2025-12-05 15:55:31,39.0
R0005086,S019,2025-12-05 23:09:48,2025-12-05 23:29:48,31.0
R0005087,S014,2025-12-05 21:40:47,2025-12-05 21:52:47,38.0
R0005088,S033,2025-12-05 14:15:17,,
R0005089,S012,2025-12-05 22:58:40,2025-12-05 23:02:40,29.0
R0005090,S018,2025-12-05 15:33:40,2025-12-05 15:43:40,42.0
R0005091,S012,2025-12-05 09:13:48,2025-12-05 09:45:48,31.0
R0005092,S013,2025-12-05 22:08:01,2025-12-05 22:14:01,28.0
R0005093,S019,2025-12-05 18:35:53,,
R0005094,S021,2025-12-05 21:41:29,2025-12-05 22:34:29,29.0
R0005095,S028,2025-12-05 15:55:43,2025-12-05 16:33:43,21.0
R0005096,S033,2025-12-05 22:21:18,2025-12-05 22:52:18,29.0
R0005097,S004,2025-12-05 12:15:12,2025-12-05 12:49:12,-48.0
R0005098,S004,2025-12-05 22:10:36,2025-12-05 21:54:36,12.0
R0005099,S004,2025-12-05 20:25:59,2025-12-05 20:28:59,30.0
R0005100,S004,2025-12-05 09:26:46,,10.0
R0005101,S024,2025-12-05 19:59:14,2025-12-05 20:09:14,11.0
R0005102,S033,2025-12-05 12:28:16,2025-12-05 12:20:16,20.0
R0005103,S019,2025-12-05 11:42:16,2025-12-05 12:10:16,34.0
R0005104,S026,2025-12-05 20:28:45,2025-12-05 20:11:45,14.0
R0005105,S013,2025-12-05 20:43:03,2025-12-05 21:43:03,51.0
R0005106,S020,2025-12-05 22:27:49,2025-12-05 23:07:49,31.0
R0005107,S008,2025-12-05 21:18:43,2025-12-05 21:28:43,14.0
R0005108,S007,2025-12-05 20:44:32,2025-12-05 20:59:32,16.0
R0005109,S008,2025-12-05 19:57:39,2025-12-05 20:27:39,51.0
R0005110,S013,2025-12-05 15:05:26,2025-12-05 15:21:26,16.0
R0005111,S024,2025-12-05 15:14:07,2025-12-05 15:45:07,29.0
R0005112,S021,2025-12-05 15:36:11,2025-12-05 16:07:11,22.0
R0005113,S013,2025-12-05 07:39:43,2025-12-05 08:11:43,49.0
R0005114,S009,2025-12-05 08:49:25,2025-12-05 09:26:25,23.0
R0005115,S033,2025-12-05 13:44:53,2025-12-05 14:12:53,26.0
R0005116,S018,2025-12-05 22:16:06,2025-12-05 22:46:06,26.0
R0005117,S026,2025-12-05 13:06:50,2025-12-05 13:07:50,27.0
R0005118,S006,2025-12-05 21:00:22,2025-12-05 20:36:22,12.0
R0005119,S012,2025-12-05 19:36:33,2025-12-05 20:29:33,44.0
R0005120,S004,2025-12-05 20:57:42,2025-12-05 20:46:42,6.0
R0005121,S018,2025-12-05 21:58:20,2025-12-05 22:11:20,37.0
R0005122,S028,2025-12-05 19:26:28,,
R0005123,S004,2025-12-05 09:43:21,2025-12-05 10:23:21,15.0
R0005124,S006,2025-12-05 13:59:51,2025-12-05 14:29:51,48.0
R0005125,S007,2025-12-05 21:27:04,2025-12-05 21:19:04,10.0
R0005126,S014,2025-12-05 09:13:07,2025-12-05 09:42:07,29.0
R0005127,S031,2025-12-05 10:00:42,2025-12-05 10:12:42,30.0
R0005128,S002,2025-12-05 19:06:03,2025-12-05 20:08:03,72.0
R0005129,S012,2025-12-05 23:37:58,2025-12-05 23:52:58,34.0
R0005130,S023,2025-12-05 10:59:17,2025-12-05 11:12:17,19.0
R0005131,S024,2025-12-05 15:56:11,2025-12-05 15:55:11,19.0
R0005132,S020,2025-12-05 11:46:26,,
R0005133,S004,2025-12-05 16:07:35,,38.0
R0005134,S006,2025-12-05 12:44:38,2025-12-05 12:57:38,12.0
R0005135,S006,2025-12-05 19:44:25,2025-12-05 19:28:25,10.0
R0005136,S020,2025-12-05 22:08:25,2025-12-05 22:55:25,44.0
R0005137,S007,2025-12-05 09:15:08,2025-12-05 10:24:08,77.0
R0005138,S021,2025-12-05 09:30:11,2025-12-05 09:42:11,48.0
R0005139,S023,2025-12-05 14:59:41,2025-12-05 14:51:41,10.0
R0005140,S031,2025-12-05 18:25:35,2025-12-05 18:23:35,14.0
R0005141,S018,2025-12-05 11:22:46,2025-12-05 11:54:46,20.0
R0005142,S009,2025-12-05 17:41:33,2025-12-05 18:11:33,56.0
R0005143,S031,2025-12-05 08:02:06,2025-12-05 08:34:06,32.0
R0005144,S013,2025-12-05 19:18:23,2025-12-05 19:22:23,26.0
R0005145,S009,2025-12-05 22:11:02,2025-12-05 22:57:02,35.0
R0005146,S012,2025-12-05 12:55:34,2025-12-05 13:04:34,44.0
R0005147,S013,2025-12-05 16:00:40,,
R0005148,S004,2025-12-05 08:20:54,2025-12-05 08:08:54,10.0
R0005149,S014,2025-12-05 13:27:05,,
R0005150,S009,2025-12-05 20:59:49,2025-12-05 21:24:49,26.0
R0005151,S006,2025-12-05 15:07:15,2025-12-05 14:57:15,12.0
R0005152,S018,2025-12-05 19:44:37,2025-12-05 20:17:37,25.0
R0005153,S008,2025-12-05 11:46:20,,
R0005154,S008,2025-12-05 17:58:41,2025-12-05 18:50:41,51.0
R0005155,S007,2025-12-05 14:09:20,,
R0005156,S026,2025-12-05 13:13:58,2025-12-05 13:39:58,23.0
R0005157,S007,2025-12-05 19:33:07,2025-12-05 20:03:07,31.0
R0005158,S019,2025-12-05 15:03:41,,
R0005159,S006,2025-12-05 20:07:45,2025-12-05 20:51:45,56.0
R0005160,S033,2025-12-05 14:48:37,2025-12-05 14:48:37,24.0
R0005161,S002,2025-12-05 09:38:21,2025-12-05 10:01:21,9.0
R0005162,S026,2025-12-05 20:59:28,,9.0
R0005163,S009,2025-12-05 10:02:10,2025-12-05 10:40:10,45.0
R0005164,S019,2025-12-05 11:35:36,2025-12-05 12:51:36,57.0
R0005165,S008,2025-12-05 19:23:51,2025-12-05 19:44:51,15.0
R0005166,S012,2025-12-05 17:55:14,2025-12-05 18:20:14,34.0
R0005167,S013,2025-12-05 09:24:46,2025-12-05 09:32:46,40.0
R0005168,S014,2025-12-05 13:00:12,2025-12-05 13:55:12,44.0
R0005169,S018,2025-12-05 20:02:07,2025-12-05 20:20:07,15.0
R0005170,S031,2025-12-05 22:08:01,2025-12-05 22:15:01,7.0
R0005171,S019,2025-12-05 22:25:13,,
R0005172,S013,2025-12-05 21:00:09,2025-12-05 21:56:09,40.0
R0005173,S023,2025-12-05 15:06:46,2025-12-05 15:19:46,27.0
R0005174,S008,2025-12-05 17:57:14,2025-12-05 18:45:14,44.0
R0005175,S008,2025-12-05 18:57:40,,17.0
R0005176,S021,2025-12-05 13:06:22,,
R0005177,S026,2025-12-05 14:13:34,2025-12-05 14:13:34,29.0
R0005178,S004,2025-12-05 13:29:03,2025-12-05 13:36:03,14.0
R0005179,S002,2025-12-05 15:17:41,2025-12-05 15:23:41,11.0
R0005180,S006,2025-12-05 22:26:13,2025-12-05 22:21:13,9.0
R0005181,S014,2025-12-05 19:00:36,2025-12-05 20:07:36,65.0
R0005182,S006,2025-12-05 20:36:44,2025-12-05 21:29:44,47.0
R0005183,S018,2025-12-05 13:20:57,2025-12-05 13:36:57,27.0
R0005184,S014,2025-12-05 20:05:52,2025-12-05 20:22:52,38.0
R0005185,S023,2025-12-05 20:44:57,2025-12-05 21:17:57,10.0
R0005186,S018,2025-12-05 20:40:07,2025-12-05 20:36:07,36.0
R0005187,S012,2025-12-05 16:33:51,2025-12-05 16:32:51,11.0
R0005188,S013,2025-12-05 21:48:09,2025-12-05 22:27:09,27.0
R0005189,S002,2025-12-05 20:25:11,2025-12-05 20:31:11,15.0
R0005190,S002,2025-12-05 20:43:20,2025-12-05 20:49:20,8.0
R0005191,S013,2025-12-05 20:16:57,2025-12-05 21:00:57,24.0
R0005192,S008,2025-12-05 22:06:03,2025-12-05 22:13:03,4.0
R0005193,S019,2025-12-05 19:56:17,2025-12-05 20:16:17,24.0
R0005194,S018,2025-12-05 08:14:00,2025-12-05 09:04:00,24.0
R0005195,S008,2025-12-05 12:54:00,2025-12-05 13:32:00,38.0
R0005196,S021,2025-12-05 19:42:46,2025-12-05 20:12:46,38.0
R0005197,S006,2025-12-05 23:16:59,2025-12-05 23:18:59,10.0
R0005198,S014,2025-12-05 13:10:37,2025-12-05 14:00:37,41.0
R0005199,S012,2025-12-05 20:53:28,2025-12-05 20:46:28,10.0
R0005200,S002,2025-12-05 18:51:07,2025-12-05 19:18:07,17.0
R0005201,S008,2025-12-05 07:47:23,2025-12-05 09:11:23,81.0
R0005202,S026,2025-12-05 15:03:55,2025-12-05 15:32:55,28.0
R0005203,S020,2025-12-05 20:01:20,,
R0005204,S002,2025-12-05 21:07:41,2025-12-05 21:29:41,18.0
R0005205,S012,2025-12-05 11:22:09,2025-12-05 11:51:09,33.0
R0005206,S006,2025-12-05 11:47:24,2025-12-05 12:05:24,12.0
R0005207,S019,2025-12-05 08:46:49,2025-12-05 08:32:49,18.0
R0005208,S026,2025-12-05 07:35:26,2025-12-05 08:16:26,23.0
R0005209,S002,2025-12-05 11:54:54,2025-12-05 11:23:54,7.0
R0005210,S012,2025-12-05 18:43:01,,
R0005211,S021,2025-12-05 17:58:40,2025-12-05 18:44:40,27.0
R0005212,S004,2025-12-05 19:14:02,2025-12-05 19:06:02,15.0
R0005213,S020,2025-12-05 18:58:35,2025-12-05 19:22:35,17.0
R0005214,S020,2025-12-05 13:31:37,2025-12-05 14:05:37,39.0
R0005215,S021,2025-12-05 19:07:08,,44.0
R0005216,S014,2025-12-05 19:05:32,2025-12-05 19:58:32,48.0
R0005217,S023,2025-12-05 10:02:52,2025-12-05 10:36:52,24.0
R0005218,S027,2025-12-05 14:21:18,2025-12-05 14:25:18,18.0
R0005219,S007,2025-12-05 13:45:43,,
R0005220,S023,2025-12-05 19:20:59,2025-12-05 19:54:59,25.0
R0005221,S027,2025-12-05 20:10:36,2025-12-05 20:15:36,18.0
R0005222,S031,2025-12-05 14:44:27,2025-12-05 15:16:27,25.0
R0005223,S014,2025-12-05 20:55:08,2025-12-05 21:23:08,40.0
R0005224,S006,2025-12-05 18:54:00,2025-12-05 19:00:00,13.0
R0005225,S027,2025-12-05 10:38:20,,
R0005226,S018,2025-12-05 08:56:05,2025-12-05 09:34:05,46.0
R0005227,S027,2025-12-05 20:48:03,2025-12-05 21:05:03,25.0
R0005228,S012,2025-12-05 12:58:57,2025-12-05 13:41:57,20.0
R0005229,S027,2025-12-05 20:02:35,2025-12-05 20:36:35,26.0
R0005230,S006,2025-12-05 08:36:34,2025-12-05 08:23:34,13.0
R0005231,S033,2025-12-05 13:30:46,2025-12-05 13:54:46,8.0
R0005232,S012,2025-12-05 17:26:39,2025-12-05 18:20:39,41.0
R0005233,S008,2025-12-05 18:26:21,,
R0005234,S028,2025-12-05 22:17:24,2025-12-05 22:26:24,28.0
R0005235,S019,2025-12-05 12:13:17,2025-12-05 12:31:17,41.0
R0005236,S019,2025-12-05 22:19:58,2025-12-05 22:59:58,34.0
R0005237,S018,2025-12-05 12:38:51,2025-12-05 13:01:51,36.0
R0005238,S021,2025-12-05 14:26:01,2025-12-05 14:53:01,42.0
R0005239,S002,2025-12-05 11:02:39,2025-12-05 11:31:39,50.0
R0005240,S023,2025-12-05 13:59:11,2025-12-05 14:14:11,17.0
R0005241,S024,2025-12-05 14:15:37,2025-12-05 14:22:37,27.0
R0005242,S020,2025-12-05 22:06:15,2025-12-05 22:46:15,35.0
R0005243,S014,2025-12-05 20:38:07,,
R0005244,S004,2025-12-05 17:05:10,2025-12-05 18:10:10,70.0
R0005245,S012,2025-12-05 07:50:46,2025-12-05 08:21:46,31.0
R0005246,S027,2025-12-05 19:08:05,2025-12-05 19:31:05,20.0
R0005247,S021,2025-12-05 12:20:08,2025-12-05 12:54:08,29.0
R0005248,S009,2025-12-05 12:21:14,2025-12-05 12:44:14,33.0
R0005249,S019,2025-12-05 18:55:25,2025-12-05 19:31:25,31.0
R0005250,S024,2025-12-05 14:55:19,2025-12-05 15:13:19,27.0
R0005251,S026,2025-12-05 10:51:42,2025-12-05 11:16:42,11.0
R0005252,S026,2025-12-05 10:16:57,2025-12-05 10:22:57,10.0
R0005253,S026,2025-12-05 10:16:31,2025-12-05 10:31:31,24.0
R0005254,S013,2025-12-05 17:34:45,2025-12-05 18:02:45,32.0
R0005255,S024,2025-12-05 13:17:46,,
R0005256,S013,2025-12-05 21:36:00,2025-12-05 21:58:00,34.0
R0005257,S007,2025-12-05 20:22:34,2025-12-05 20:52:34,15.0
R0005258,S031,2025-12-05 09:11:15,2025-12-05 09:51:15,28.0
R0005259,S031,2025-12-05 11:48:40,2025-12-05 12:19:40,33.0
R0005260,S019,2025-12-05 15:33:58,2025-12-05 16:09:58,48.0
R0005261,S020,2025-12-05 19:35:04,2025-12-05 20:13:04,28.0
R0005262,S020,2025-12-05 17:40:08,2025-12-05 17:43:08,11.0
R0005263,S031,2025-12-05 12:27:14,2025-12-05 12:08:14,16.0
R0005264,S020,2025-12-05 18:41:58,2025-12-05 18:48:58,39.0
R0005265,S020,2025-12-05 22:06:43,2025-12-05 22:46:43,38.0
R0005266,S007,2025-12-05 08:23:12,2025-12-05 09:21:12,60.0
R0005267,S008,2025-12-05 13:49:24,2025-12-05 14:09:24,13.0
R0005268,S014,2025-12-05 14:10:04,2025-12-05 14:20:04,35.0
R0005269,S012,2025-12-05 23:06:06,2025-12-05 23:24:06,28.0
R0005270,S024,2025-12-05 11:22:06,,
R0005271,S007,2025-12-05 15:25:25,2025-12-05 15:12:25,10.0
R0005272,S020,2025-12-05 16:59:46,2025-12-05 17:16:46,20.0
R0005273,S004,2025-12-05 08:04:32,2025-12-05 08:12:32,15.0
R0005274,S033,2025-12-05 13:15:58,2025-12-05 13:02:58,22.0
R0005275,S002,2025-12-05 20:04:06,2025-12-05 19:33:06,9.0
R0005276,S026,2025-12-05 07:30:27,2025-12-05 07:58:27,22.0
R0005277,S012,2025-12-05 18:33:59,2025-12-05 19:00:59,33.0
R0005278,S019,2025-12-05 19:21:18,2025-12-05 19:24:18,28.0
R0005279,S031,2025-12-05 18:53:51,,
R0005280,S031,2025-12-05 20:26:56,2025-12-05 20:34:56,9.0
R0005281,S031,2025-12-05 20:22:26,2025-12-05 20:24:26,21.0
R0005282,S026,2025-12-05 16:05:41,2025-12-05 15:55:41,16.0
R0005283,S006,2025-12-05 15:20:49,2025-12-05 15:35:49,31.0
R0005284,S014,2025-12-05 19:27:29,2025-12-05 20:11:29,28.0
R0005285,S008,2025-12-05 14:50:12,2025-12-05 15:00:12,9.0
R0005286,S007,2025-12-05 21:20:02,2025-12-05 21:29:02,8.0
R0005287,S020,2025-12-05 11:43:25,2025-12-05 12:21:25,34.0
R0005288,S018,2025-12-05 10:09:44,,
R0005289,S012,2025-12-05 16:44:48,2025-12-05 17:01:48,31.0
R0005290,S008,2025-12-05 18:45:20,2025-12-05 18:35:20,5.0
R0005291,S021,2025-12-05 19:00:24,2025-12-05 19:46:24,52.0
R0005292,S004,2025-12-05 10:07:50,,
R0005293,S019,2025-12-05 08:40:06,2025-12-05 09:15:06,32.0
R0005294,S008,2025-12-05 14:25:32,2025-12-05 14:02:32,12.0
R0005295,S020,2025-12-05 12:30:37,2025-12-05 12:49:37,37.0
R0005296,S012,2025-12-05 20:11:50,2025-12-05 19:57:50,16.0
R0005297,S020,2025-12-05 16:51:06,2025-12-05 17:01:06,46.0
R0005298,S012,2025-12-05 22:01:19,2025-12-05 22:33:19,41.0
R0005299,S024,2025-12-05 18:36:36,2025-12-05 18:51:36,27.0
R0005300,S004,2025-12-05 12:39:45,2025-12-05 12:34:45,17.0
R0005301,S002,2025-12-05 13:51:10,,
R0005302,S028,2025-12-05 17:21:20,2025-12-05 17:38:20,15.0
R0005303,S006,2025-12-05 12:53:22,2025-12-05 13:18:22,41.0
R0005304,S031,2025-12-05 17:58:25,2025-12-05 18:06:25,22.0
R0005305,S007,2025-12-05 08:02:44,2025-12-05 08:06:44,8.0
R0005306,S002,2025-12-05 13:55:16,2025-12-05 15:08:16,52.0
R0005307,S007,2025-12-05 15:00:35,2025-12-05 16:11:35,69.0
R0005308,S008,2025-12-05 18:27:06,2025-12-05 18:46:06,14.0
R0005309,S009,2025-12-05 14:24:19,2025-12-05 15:06:19,30.0
R0005310,S004,2025-12-05 18:18:33,2025-12-05 18:37:33,7.0
R0005311,S006,2025-12-05 11:55:38,2025-12-05 12:56:38,66.0
R0005312,S002,2025-12-05 15:55:03,2025-12-05 15:55:03,7.0
R0005313,S024,2025-12-05 13:25:15,2025-12-05 13:43:15,24.0
R0005314,S008,2025-12-05 13:41:39,2025-12-05 13:29:39,5.0
R0005315,S033,2025-12-05 21:23:12,,
R0005316,S020,2025-12-05 14:10:35,2025-12-05 14:24:35,41.0
R0005317,S020,2025-12-05 07:42:46,2025-12-05 08:04:46,33.0
R0005318,S008,2025-12-05 08:13:31,2025-12-05 08:00:31,4.0
R0005319,S008,2025-12-05 10:33:08,2025-12-05 11:14:08,44.0
R0005320,S004,2025-12-05 23:07:12,2025-12-05 22:45:12,10.0
R0005321,S006,2025-12-05 19:03:39,2025-12-05 18:50:39,8.0
R0005322,S014,2025-12-05 20:35:20,2025-12-05 21:23:20,55.0
R0005323,S019,2025-12-05 20:45:01,2025-12-05 20:46:01,16.0
R0005324,S019,2025-12-05 22:27:45,2025-12-05 22:49:45,53.0
R0005325,S027,2025-12-05 09:21:47,2025-12-05 09:56:47,25.0
R0005326,S021,2025-12-05 07:41:09,2025-12-05 07:50:09,33.0
R0005327,S002,2025-12-05 13:18:42,2025-12-05 13:12:42,13.0
R0005328,S007,2025-12-05 21:56:23,,16.0
R0005329,S025,2025-12-06 21:13:32,2025-12-06 21:20:32,29.0
R0005330,S003,2025-12-06 16:22:54,2025-12-06 16:23:54,11.0
R0005331,S008,2025-12-06 11:30:04,2025-12-06 11:35:04,9.0
R0005332,S016,2025-12-06 20:32:41,2025-12-06 21:07:41,35.0
R0005333,S025,2025-12-06 15:14:28,2025-12-06 15:15:28,27.0
R0005334,S034,2025-12-06 19:15:18,2025-12-06 19:52:18,35.0
R0005335,S011,2025-12-06 19:26:48,,
R0005336,S008,2025-12-06 10:47:01,2025-12-06 10:37:01,9.0
R0005337,S024,2025-12-06 14:57:22,,38.0
R0005338,S008,2025-12-06 10:07:38,2025-12-06 10:17:38,16.0
R0005339,S024,2025-12-06 12:11:17,2025-12-06 13:05:17,29.0
R0005340,S010,2025-12-06 22:48:10,2025-12-06 22:54:10,22.0
R0005341,S012,2025-12-06 22:53:53,2025-12-06 22:40:53,26.0
R0005342,S003,2025-12-06 16:54:11,2025-12-06 17:02:11,14.0
R0005343,S032,2025-12-06 19:10:02,2025-12-06 19:21:02,19.0
R0005344,S021,2025-12-06 13:36:50,2025-12-06 14:04:50,38.0
R0005345,S024,2025-12-06 15:25:53,2025-12-06 15:47:53,26.0
R0005346,S010,2025-12-06 20:34:29,2025-12-06 21:06:29,40.0
R0005347,S012,2025-12-06 15:57:34,2025-12-06 16:22:34,39.0
R0005348,S011,2025-12-06 22:34:46,2025-12-06 22:46:46,31.0
R0005349,S013,2025-12-06 12:34:57,,
R0005350,S008,2025-12-06 09:44:52,2025-12-06 10:28:52,51.0
R0005351,S024,2025-12-06 18:48:26,,
R0005352,S011,2025-12-06 09:42:21,,33.0
R0005353,S033,2025-12-06 09:10:32,2025-12-06 09:54:32,35.0
R0005354,S031,2025-12-06 19:32:24,2025-12-06 19:56:24,22.0
R0005355,S026,2025-12-06 18:30:52,2025-12-06 18:55:52,28.0
R0005356,S027,2025-12-06 17:37:00,2025-12-06 17:44:00,27.0
R0005357,S006,2025-12-06 19:13:25,2025-12-06 19:00:25,11.0
R0005358,S005,2025-12-06 13:34:11,2025-12-06 13:41:11,40.0
R0005359,S025,2025-12-06 13:45:17,,25.0
R0005360,S017,2025-12-06 11:50:47,2025-12-06 12:05:47,21.0
R0005361,S024,2025-12-06 18:57:07,2025-12-06 19:22:07,29.0
R0005362,S003,2025-12-06 18:55:41,2025-12-06 19:08:41,37.0
R0005363,S024,2025-12-06 20:42:24,2025-12-06 20:46:24,14.0
R0005364,S016,2025-12-06 11:44:19,2025-12-06 12:04:19,25.0
R0005365,S034,2025-12-06 21:55:43,2025-12-06 22:20:43,25.0
R0005366,S001,2025-12-06 18:29:18,2025-12-06 18:48:18,14.0
R0005367,S033,2025-12-06 19:59:09,2025-12-06 20:07:09,26.0
R0005368,S001,2025-12-06 19:25:53,2025-12-06 19:33:53,7.0
R0005369,S004,2025-12-06 14:41:23,2025-12-06 15:34:23,58.0
R0005370,S008,2025-12-06 11:18:10,2025-12-06 11:41:10,4.0
R0005371,S032,2025-12-06 23:12:11,2025-12-06 23:16:11,8.0
R0005372,S024,2025-12-06 20:06:42,2025-12-06 20:58:42,31.0
R0005373,S032,2025-12-06 20:17:32,2025-12-06 20:12:32,10.0
R0005374,S026,2025-12-06 08:36:31,2025-12-06 08:50:31,17.0
R0005375,S002,2025-12-06 21:05:03,2025-12-06 21:00:03,10.0
R0005376,S001,2025-12-06 12:42:11,2025-12-06 13:01:11,13.0
R0005377,S012,2025-12-06 11:51:59,2025-12-06 12:22:59,46.0
R0005378,S026,2025-12-06 14:59:24,2025-12-06 15:50:24,34.0
R0005379,S002,2025-12-06 09:39:17,2025-12-06 10:01:17,16.0
R0005380,S031,2025-12-06 17:56:56,2025-12-06 17:32:56,10.0
R0005381,S032,2025-12-06 07:44:09,2025-12-06 08:23:09,23.0
R0005382,S001,2025-12-06 17:35:35,2025-12-06 18:25:35,58.0
R0005383,S026,2025-12-06 19:28:04,2025-12-06 19:29:04,26.0
R0005384,S031,2025-12-06 19:05:51,2025-12-06 19:05:51,6.0
R0005385,S024,2025-12-06 12:20:38,2025-12-06 11:58:38,12.0
R0005386,S032,2025-12-06 14:23:29,2025-12-06 14:40:29,36.0
R0005387,S026,2025-12-06 11:17:02,2025-12-06 11:35:02,41.0
R0005388,S002,2025-12-06 07:53:40,2025-12-06 08:11:40,13.0
R0005389,S031,2025-12-06 20:15:33,2025-12-06 20:26:33,27.0
R0005390,S010,2025-12-06 21:18:14,2025-12-06 21:23:14,23.0
R0005391,S001,2025-12-06 19:24:23,2025-12-06 19:53:23,13.0
R0005392,S010,2025-12-06 08:07:08,2025-12-06 08:01:08,21.0
R0005393,S021,2025-12-06 11:55:19,,
R0005394,S003,2025-12-06 09:57:21,2025-12-06 10:56:21,47.0
R0005395,S025,2025-12-06 15:35:46,2025-12-06 15:51:46,25.0
R0005396,S003,2025-12-06 19:03:39,2025-12-06 20:37:39,81.0
R0005397,S010,2025-12-06 08:24:56,2025-12-06 08:16:56,14.0
R0005398,S032,2025-12-06 14:18:04,2025-12-06 14:12:04,29.0
R0005399,S011,2025-12-06 11:59:28,2025-12-06 11:55:28,14.0
R0005400,S034,2025-12-06 11:16:25,2025-12-06 11:29:25,18.0
R0005401,S005,2025-12-06 08:45:28,2025-12-06 08:13:28,11.0
R0005402,S008,2025-12-06 20:01:08,2025-12-06 20:01:08,9.0
R0005403,S025,2025-12-06 21:17:33,,16.0
R0005404,S025,2025-12-06 22:16:15,2025-12-06 22:40:15,18.0
R0005405,S014,2025-12-06 22:18:55,2025-12-06 22:40:55,23.0
R0005406,S004,2025-12-06 07:32:05,,
R0005407,S001,2025-12-06 10:00:38,2025-12-06 10:21:38,31.0
R0005408,S004,2025-12-06 16:25:51,2025-12-06 16:18:51,8.0
R0005409,S003,2025-12-06 10:23:23,2025-12-06 10:47:23,12.0
R0005410,S025,2025-12-06 22:16:45,2025-12-06 21:56:45,21.0
R0005411,S026,2025-12-06 15:23:59,2025-12-06 15:04:59,10.0
R0005412,S001,2025-12-06 12:28:29,2025-12-06 12:46:29,10.0
R0005413,S002,2025-12-06 20:38:03,2025-12-06 20:25:03,12.0
R0005414,S026,2025-12-06 15:22:53,,
R0005415,S021,2025-12-06 20:54:36,2025-12-06 21:58:36,42.0
R0005416,S008,2025-12-06 10:43:25,2025-12-06 10:46:25,15.0
R0005417,S003,2025-12-06 23:30:34,2025-12-06 23:17:34,14.0
R0005418,S003,2025-12-06 07:23:27,,
R0005419,S031,2025-12-06 19:11:09,,
R0005420,S021,2025-12-06 08:50:52,2025-12-06 09:03:52,39.0
R0005421,S025,2025-12-06 12:35:49,2025-12-06 12:54:49,25.0
R0005422,S012,2025-12-06 13:59:36,2025-12-06 14:13:36,34.0
R0005423,S012,2025-12-06 19:07:16,2025-12-06 19:24:16,26.0
R0005424,S017,2025-12-06 16:30:03,2025-12-06 17:14:03,39.0
R0005425,S032,2025-12-06 08:04:46,2025-12-06 08:12:46,25.0
R0005426,S027,2025-12-06 09:15:09,2025-12-06 09:46:09,26.0
R0005427,S002,2025-12-06 15:27:21,2025-12-06 15:35:21,25.0
R0005428,S024,2025-12-06 13:36:34,2025-12-06 14:01:34,19.0
R0005429,S016,2025-12-06 07:56:31,,
R0005430,S011,2025-12-06 17:43:49,2025-12-06 17:57:49,31.0
R0005431,S008,2025-12-06 14:35:51,2025-12-06 14:29:51,11.0
R0005432,S003,2025-12-06 13:05:45,2025-12-06 14:01:45,47.0
R0005433,S006,2025-12-06 15:10:04,2025-12-06 15:15:04,29.0
R0005434,S005,2025-12-06 07:32:09,2025-12-06 07:44:09,6.0
R0005435,S017,2025-12-06 16:38:25,2025-12-06 16:59:25,32.0
R0005436,S027,2025-12-06 13:25:33,2025-12-06 13:26:33,19.0
R0005437,S017,2025-12-06 12:05:56,2025-12-06 12:03:56,36.0
R0005438,S015,2025-12-06 09:17:09,2025-12-06 09:30:09,45.0
R0005439,S031,2025-12-06 13:55:06,2025-12-06 14:10:06,28.0
R0005440,S014,2025-12-06 17:01:55,2025-12-06 17:32:55,31.0
R0005441,S016,2025-12-06 10:52:41,2025-12-06 10:55:41,23.0
R0005442,S017,2025-12-06 19:07:45,2025-12-06 19:31:45,45.0
R0005443,S010,2025-12-06 19:09:48,2025-12-06 19:29:48,31.0
R0005444,S006,2025-12-06 08:41:10,2025-12-06 08:32:10,14.0
R0005445,S025,2025-12-06 22:18:50,2025-12-06 22:18:50,15.0
R0005446,S026,2025-12-06 12:59:42,,9.0
R0005447,S024,2025-12-06 10:46:26,2025-12-06 11:03:26,31.0
R0005448,S003,2025-12-06 14:21:36,2025-12-06 14:49:36,53.0
R0005449,S008,2025-12-06 21:30:51,2025-12-06 21:31:51,10.0
R0005450,S027,2025-12-06 18:51:53,2025-12-06 19:10:53,18.0
R0005451,S006,2025-12-06 07:38:26,2025-12-06 08:02:26,39.0
R0005452,S031,2025-12-06 13:26:17,2025-12-06 13:34:17,13.0
R0005453,S011,2025-12-06 20:13:10,,
R0005454,S011,2025-12-06 11:52:33,2025-12-06 12:30:33,40.0
R0005455,S031,2025-12-06 10:52:49,2025-12-06 11:16:49,14.0
R0005456,S015,2025-12-06 22:23:54,,
R0005457,S014,2025-12-06 11:10:18,2025-12-06 11:31:18,26.0
R0005458,S024,2025-12-06 09:58:47,,
R0005459,S031,2025-12-06 07:43:27,2025-12-06 08:01:27,29.0
R0005460,S012,2025-12-06 20:20:26,2025-12-06 21:01:26,25.0
R0005461,S021,2025-12-06 13:51:17,2025-12-06 14:26:17,36.0
R0005462,S016,2025-12-06 21:07:24,2025-12-06 21:08:24,25.0
R0005463,S017,2025-12-06 09:13:27,2025-12-06 10:11:27,41.0
R0005464,S013,2025-12-06 11:34:23,2025-12-06 12:27:23,58.0
R0005465,S025,2025-12-06 15:05:18,2025-12-06 15:39:18,23.0
R0005466,S026,2025-12-06 12:40:40,2025-12-06 12:53:40,9.0
R0005467,S017,2025-12-06 18:07:33,2025-12-06 18:42:33,26.0
R0005468,S031,2025-12-06 20:55:19,2025-12-06 21:31:19,21.0
R0005469,S013,2025-12-06 11:05:49,2025-12-06 11:24:49,35.0
R0005470,S015,2025-12-06 18:01:35,2025-12-06 18:46:35,29.0
R0005471,S005,2025-12-06 14:35:58,2025-12-06 15:12:58,12.0
R0005472,S031,2025-12-06 13:28:36,2025-12-06 13:24:36,14.0
R0005473,S005,2025-12-06 20:51:37,2025-12-06 20:56:37,10.0
R0005474,S025,2025-12-06 22:06:29,2025-12-06 22:30:29,27.0
R0005475,S026,2025-12-06 17:28:48,2025-12-06 18:01:48,23.0
R0005476,S033,2025-12-06 12:58:26,2025-12-06 13:43:26,23.0
R0005477,S011,2025-12-06 10:11:39,2025-12-06 10:43:39,38.0
R0005478,S033,2025-12-06 08:03:17,2025-12-06 08:31:17,19.0
R0005479,S015,2025-12-06 09:01:45,2025-12-06 09:42:45,27.0
R0005480,S013,2025-12-06 20:45:25,2025-12-06 21:17:25,31.0
R0005481,S025,2025-12-06 18:17:11,2025-12-06 18:30:11,15.0
R0005482,S033,2025-12-06 10:21:29,2025-12-06 10:13:29,16.0
R0005483,S032,2025-12-06 08:55:04,2025-12-06 09:27:04,20.0
R0005484,S005,2025-12-06 08:43:50,2025-12-06 08:30:50,8.0
R0005485,S013,2025-12-06 20:55:22,2025-12-06 21:03:22,22.0
R0005486,S024,2025-12-06 19:32:02,,
R0005487,S013,2025-12-06 14:39:26,,45.0
R0005488,S021,2025-12-06 16:27:39,2025-12-06 16:55:39,48.0
R0005489,S025,2025-12-06 13:42:55,2025-12-06 14:08:55,22.0
R0005490,S001,2025-12-06 08:39:42,2025-12-06 08:59:42,23.0
R0005491,S027,2025-12-06 22:27:33,2025-12-06 22:46:33,13.0
R0005492,S031,2025-12-06 17:00:25,2025-12-06 17:16:25,25.0
R0005493,S005,2025-12-06 15:52:12,2025-12-06 16:00:12,15.0
R0005494,S008,2025-12-06 18:03:49,2025-12-06 18:30:49,11.0
R0005495,S026,2025-12-06 19:13:08,2025-12-06 19:33:08,17.0
R0005496,S031,2025-12-06 13:54:33,2025-12-06 14:01:33,21.0
R0005497,S015,2025-12-06 12:30:27,2025-12-06 13:00:27,20.0
R0005498,S013,2025-12-06 08:48:38,2025-12-06 09:17:38,33.0
R0005499,S010,2025-12-06 09:53:14,2025-12-06 10:21:14,35.0
R0005500,S011,2025-12-06 18:14:30,2025-12-06 18:58:30,46.0
R0005501,S008,2025-12-06 14:39:30,2025-12-06 15:30:30,82.0
R0005502,S003,2025-12-06 15:25:24,,
R0005503,S006,2025-12-06 10:05:21,2025-12-06 10:46:21,43.0
R0005504,S024,2025-12-06 21:48:29,2025-12-06 22:09:29,14.0
R0005505,S031,2025-12-06 21:01:16,2025-12-06 20:59:16,11.0
R0005506,S011,2025-12-06 07:33:32,2025-12-06 08:21:32,39.0
R0005507,S004,2025-12-06 15:57:19,2025-12-06 16:56:19,63.0
R0005508,S012,2025-12-06 16:44:12,2025-12-06 17:05:12,33.0
R0005509,S001,2025-12-06 11:47:41,2025-12-06 11:51:41,12.0
R0005510,S005,2025-12-06 19:57:14,2025-12-06 20:13:14,14.0
R0005511,S033,2025-12-06 20:14:54,2025-12-06 20:32:54,23.0
R0005512,S005,2025-12-06 14:43:26,2025-12-06 15:48:26,75.0
R0005513,S014,2025-12-06 22:11:46,,
R0005514,S025,2025-12-06 12:49:53,2025-12-06 13:26:53,33.0
R0005515,S026,2025-12-06 07:28:58,2025-12-06 08:01:58,31.0
R0005516,S033,2025-12-06 12:08:12,2025-12-06 12:47:12,29.0
R0005517,S032,2025-12-06 11:04:36,2025-12-06 10:48:36,15.0
R0005518,S013,2025-12-06 14:29:18,,
R0005519,S017,2025-12-06 18:46:02,2025-12-06 19:13:02,36.0
R0005520,S011,2025-12-06 10:36:26,2025-12-06 10:43:26,44.0
R0005521,S001,2025-12-06 17:00:14,2025-12-06 17:49:14,43.0
R0005522,S021,2025-12-06 21:25:28,2025-12-06 21:59:28,41.0
R0005523,S021,2025-12-06 11:24:17,2025-12-06 12:05:17,24.0
R0005524,S005,2025-12-06 13:55:13,2025-12-06 13:37:13,12.0
R0005525,S002,2025-12-06 14:56:59,2025-12-06 15:44:59,58.0
R0005526,S017,2025-12-06 21:59:28,2025-12-06 22:17:28,23.0
R0005527,S015,2025-12-06 13:38:08,2025-12-06 14:00:08,46.0
R0005528,S013,2025-12-06 18:27:57,2025-12-06 19:33:57,48.0
R0005529,S011,2025-12-06 20:49:25,2025-12-06 21:37:25,24.0
R0005530,S034,2025-12-06 19:13:28,2025-12-06 19:39:28,20.0
R0005531,S021,2025-12-06 20:38:31,2025-12-06 21:16:31,55.0
R0005532,S001,2025-12-06 23:07:41,2025-12-07 00:12:41,58.0
R0005533,S026,2025-12-06 19:55:24,2025-12-06 20:20:24,36.0
R0005534,S006,2025-12-06 09:50:14,2025-12-06 09:55:14,8.0
R0005535,S025,2025-12-06 08:29:41,2025-12-06 08:56:41,28.0
R0005536,S025,2025-12-06 23:17:59,2025-12-07 00:00:59,34.0
R0005537,S004,2025-12-06 13:33:34,2025-12-06 13:45:34,14.0
R0005538,S034,2025-12-06 20:42:49,2025-12-06 21:09:49,30.0
R0005539,S032,2025-12-06 17:27:50,,
R0005540,S016,2025-12-06 10:21:01,,25.0
R0005541,S026,2025-12-06 18:07:35,2025-12-06 18:18:35,11.0
R0005542,S027,2025-12-06 20:33:40,2025-12-06 20:35:40,20.0
R0005543,S031,2025-12-06 19:17:22,2025-12-06 19:08:22,26.0
R0005544,S011,2025-12-06 17:20:08,,
R0005545,S002,2025-12-06 19:11:45,2025-12-06 19:04:45,7.0
R0005546,S033,2025-12-06 12:10:25,2025-12-06 12:39:25,37.0
R0005547,S006,2025-12-06 20:52:03,2025-12-06 20:57:03,13.0
R0005548,S004,2025-12-06 22:18:53,,
R0005549,S003,2025-12-06 12:45:43,2025-12-06 12:53:43,12.0
R0005550,S010,2025-12-06 21:09:13,2025-12-06 21:24:13,24.0
R0005551,S005,2025-12-06 19:36:50,2025-12-06 19:46:50,15.0
R0005552,S021,2025-12-06 21:55:06,2025-12-06 22:55:06,51.0
R0005553,S002,2025-12-06 10:10:49,2025-12-06 10:22:49,13.0
R0005554,S005,2025-12-06 13:58:23,2025-12-06 15:06:23,50.0
R0005555,S006,2025-12-06 22:25:08,2025-12-06 22:26:08,10.0
R0005556,S031,2025-12-06 14:17:44,2025-12-06 15:08:44,32.0
R0005557,S005,2025-12-06 15:21:38,2025-12-06 15:37:38,11.0
R0005558,S032,2025-12-06 13:24:38,2025-12-06 13:39:38,30.0
R0005559,S027,2025-12-06 20:33:14,2025-12-06 21:05:14,23.0
R0005560,S014,2025-12-06 22:00:04,2025-12-06 22:31:04,35.0
R0005561,S024,2025-12-06 20:15:14,2025-12-06 21:02:14,40.0
R0005562,S017,2025-12-06 07:02:54,2025-12-06 07:41:54,35.0
R0005563,S013,2025-12-06 21:22:11,2025-12-06 21:46:11,44.0
R0005564,S016,2025-12-06 13:09:15,,14.0
R0005565,S025,2025-12-06 12:04:49,2025-12-06 12:17:49,21.0
R0005566,S003,2025-12-06 18:21:49,2025-12-06 18:51:49,9.0
R0005567,S025,2025-12-06 10:56:14,2025-12-06 11:10:14,28.0
R0005568,S001,2025-12-06 21:03:02,2025-12-06 22:08:02,54.0
R0005569,S026,2025-12-06 12:01:10,,
R0005570,S014,2025-12-06 15:08:13,2025-12-06 15:34:13,33.0
R0005571,S026,2025-12-06 18:04:41,2025-12-06 18:35:41,18.0
R0005572,S012,2025-12-06 13:14:59,2025-12-06 13:07:59,27.0
R0005573,S025,2025-12-06 20:08:31,2025-12-06 20:56:31,31.0
R0005574,S005,2025-12-06 08:59:55,,
R0005575,S026,2025-12-06 16:09:40,2025-12-06 16:11:40,24.0
R0005576,S012,2025-12-06 11:07:54,2025-12-06 12:08:54,50.0
R0005577,S031,2025-12-06 21:18:31,2025-12-06 22:04:31,32.0
R0005578,S002,2025-12-06 19:03:20,2025-12-06 19:21:20,14.0
R0005579,S006,2025-12-06 19:16:22,2025-12-06 19:25:22,8.0
R0005580,S031,2025-12-06 11:25:38,2025-12-06 11:22:38,16.0
R0005581,S012,2025-12-06 11:18:03,,
R0005582,S031,2025-12-06 09:29:04,2025-12-06 09:34:04,15.0
R0005583,S003,2025-12-06 20:10:26,2025-12-06 20:39:26,13.0
R0005584,S004,2025-12-06 12:10:44,,
R0005585,S012,2025-12-06 11:55:36,2025-12-06 12:22:36,39.0
R0005586,S027,2025-12-06 19:03:16,2025-12-06 19:42:16,24.0
R0005587,S005,2025-12-06 22:25:46,2025-12-06 22:38:46,16.0
R0005588,S014,2025-12-06 21:45:50,2025-12-06 22:21:50,38.0
R0005589,S001,2025-12-06 13:38:44,2025-12-06 13:27:44,12.0
R0005590,S027,2025-12-06 14:41:31,2025-12-06 15:25:31,30.0
R0005591,S006,2025-12-06 21:55:38,2025-12-06 22:17:38,58.0
R0005592,S008,2025-12-06 12:38:28,2025-12-06 12:40:28,10.0
R0005593,S001,2025-12-06 22:37:25,2025-12-06 23:34:25,70.0
R0005594,S005,2025-12-06 15:00:41,2025-12-06 15:37:41,71.0
R0005595,S026,2025-12-06 21:44:04,,
R0005596,S012,2025-12-06 18:50:46,,
R0005597,S024,2025-12-06 22:03:31,2025-12-06 22:15:31,28.0
R0005598,S017,2025-12-06 12:36:58,2025-12-06 12:53:58,21.0
R0005599,S004,2025-12-06 22:10:48,,
R0005600,S003,2025-12-06 18:05:46,2025-12-06 18:19:46,12.0
R0005601,S011,2025-12-06 19:24:35,2025-12-06 19:36:35,46.0
R0005602,S005,2025-12-06 14:30:33,2025-12-06 14:46:33,9.0
R0005603,S010,2025-12-06 19:21:17,2025-12-06 20:03:17,33.0
R0005604,S008,2025-12-06 14:10:05,,
R0005605,S010,2025-12-06 14:08:35,2025-12-06 14:33:35,21.0
R0005606,S034,2025-12-06 19:01:50,2025-12-06 19:32:50,10.0
R0005607,S001,2025-12-06 13:54:31,,
R0005608,S014,2025-12-06 22:10:45,,
R0005609,S025,2025-12-06 14:07:05,2025-12-06 14:03:05,10.0
R0005610,S024,2025-12-06 08:46:24,2025-12-06 08:57:24,25.0
R0005611,S005,2025-12-06 23:16:35,2025-12-06 23:19:35,13.0
R0005612,S032,2025-12-06 10:12:19,2025-12-06 10:44:19,25.0
R0005613,S013,2025-12-06 20:24:22,2025-12-06 21:06:22,28.0
R0005614,S002,2025-12-06 12:36:51,2025-12-06 12:21:51,7.0
R0005615,S015,2025-12-06 14:26:17,2025-12-06 15:11:17,41.0
R0005616,S003,2025-12-06 12:33:20,,
R0005617,S010,2025-12-06 14:05:21,2025-12-06 14:14:21,18.0
R0005618,S032,2025-12-06 10:30:32,2025-12-06 10:28:32,8.0
R0005619,S034,2025-12-06 11:50:09,2025-12-06 12:02:09,21.0
R0005620,S014,2025-12-06 17:56:22,2025-12-06 18:16:22,17.0
R0005621,S024,2025-12-06 18:36:42,2025-12-06 19:15:42,28.0
R0005622,S003,2025-12-06 20:00:58,2025-12-06 20:07:58,11.0
R0005623,S032,2025-12-06 17:14:51,2025-12-06 17:30:51,23.0
R0005624,S017,2025-12-06 10:07:30,2025-12-06 10:15:30,38.0
R0005625,S011,2025-12-06 12:14:35,2025-12-06 13:01:35,40.0
R0005626,S001,2025-12-06 07:38:59,2025-12-06 07:47:59,8.0
R0005627,S003,2025-12-06 11:32:23,2025-12-06 11:27:23,13.0
R0005628,S025,2025-12-06 13:02:51,2025-12-06 13:33:51,24.0
R0005629,S006,2025-12-06 07:20:58,2025-12-06 08:32:58,72.0
R0005630,S016,2025-12-06 19:48:58,2025-12-06 19:39:58,24.0
R0005631,S025,2025-12-06 21:25:28,2025-12-06 21:10:28,22.0
R0005632,S032,2025-12-06 16:33:18,2025-12-06 16:49:18,26.0
R0005633,S032,2025-12-06 11:59:07,,
R0005634,S001,2025-12-06 12:47:32,2025-12-06 12:45:32,14.0
R0005635,S006,2025-12-06 18:53:31,2025-12-06 18:41:31,5.0
R0005636,S033,2025-12-06 09:29:52,2025-12-06 09:48:52,23.0
R0005637,S012,2025-12-07 15:41:35,2025-12-07 15:13:35,7.0
R0005638,S024,2025-12-07 14:31:49,2025-12-07 14:42:49,26.0
R0005639,S008,2025-12-07 13:31:44,2025-12-07 13:41:44,14.0
R0005640,S023,2025-12-07 22:00:27,2025-12-07 22:36:27,14.0
R0005641,S003,2025-12-07 19:25:14,,
R0005642,S017,2025-12-07 08:50:08,2025-12-07 09:07:08,37.0
R0005643,S023,2025-12-07 18:35:55,2025-12-07 18:43:55,26.0
R0005644,S012,2025-12-07 09:15:59,2025-12-07 09:31:59,30.0
R0005645,S017,2025-12-07 14:12:23,2025-12-07 14:55:23,32.0
R0005646,S024,2025-12-07 16:08:34,2025-12-07 16:29:34,22.0
R0005647,S026,2025-12-07 11:46:28,2025-12-07 12:00:28,20.0
R0005648,S003,2025-12-07 14:31:20,2025-12-07 15:03:20,61.0
R0005649,S007,2025-12-07 21:52:20,2025-12-07 21:16:20,6.0
R0005650,S026,2025-12-07 13:30:59,2025-12-07 13:32:59,27.0
R0005651,S023,2025-12-07 17:28:57,,
R0005652,S024,2025-12-07 08:15:48,,
R0005653,S023,2025-12-07 18:30:30,2025-12-07 18:44:30,15.0
R0005654,S025,2025-12-07 13:58:23,2025-12-07 14:09:23,18.0
R0005655,S009,2025-12-07 22:18:03,,
R0005656,S005,2025-12-07 20:02:14,2025-12-07 20:10:14,14.0
R0005657,S025,2025-12-07 22:29:59,2025-12-07 22:36:59,12.0
R0005658,S024,2025-12-07 20:04:21,2025-12-07 20:52:21,29.0
R0005659,S019,2025-12-07 13:59:31,,
R0005660,S017,2025-12-07 22:10:52,2025-12-07 22:14:52,31.0
R0005661,S023,2025-12-07 11:20:49,2025-12-07 11:09:49,18.0
R0005662,S012,2025-12-07 13:12:40,2025-12-07 13:21:40,36.0
R0005663,S003,2025-12-07 08:22:05,2025-12-07 08:13:05,4.0
R0005664,S018,2025-12-07 09:55:54,2025-12-07 10:10:54,18.0
R0005665,S025,2025-12-07 14:21:14,2025-12-07 14:05:14,22.0
R0005666,S026,2025-12-07 17:01:37,2025-12-07 17:30:37,31.0
R0005667,S019,2025-12-07 18:39:58,2025-12-07 18:56:58,44.0
R0005668,S031,2025-12-07 17:42:31,2025-12-07 18:01:31,16.0
R0005669,S024,2025-12-07 19:36:04,2025-12-07 19:53:04,16.0
R0005670,S001,2025-12-07 20:53:41,2025-12-07 21:13:41,10.0
R0005671,S022,2025-12-07 14:40:01,2025-12-07 14:56:01,21.0
R0005672,S005,2025-12-07 16:38:43,,
R0005673,S004,2025-12-07 21:42:56,2025-12-07 21:38:56,15.0
R0005674,S031,2025-12-07 19:58:56,2025-12-07 20:12:56,25.0
R0005675,S004,2025-12-07 18:46:19,2025-12-07 19:17:19,45.0
R0005676,S021,2025-12-07 21:14:51,2025-12-07 21:34:51,14.0
R0005677,S024,2025-12-07 18:24:35,2025-12-07 18:31:35,30.0
R0005678,S007,2025-12-07 20:05:42,2025-12-07 20:21:42,13.0
R0005679,S018,2025-12-07 13:17:29,2025-12-07 13:43:29,50.0
R0005680,S021,2025-12-07 19:23:38,,42.0
R0005681,S009,2025-12-07 13:04:26,2025-12-07 14:09:26,41.0
R0005682,S034,2025-12-07 20:38:47,2025-12-07 21:09:47,25.0
R0005683,S001,2025-12-07 07:25:38,2025-12-07 08:06:38,47.0
R0005684,S031,2025-12-07 19:38:34,2025-12-07 19:46:34,20.0
R0005685,S013,2025-12-07 07:45:35,2025-12-07 08:26:35,39.0
R0005686,S025,2025-12-07 13:53:54,2025-12-07 14:05:54,27.0
R0005687,S018,2025-12-07 11:39:42,2025-12-07 12:11:42,45.0
R0005688,S029,2025-12-07 20:20:30,2025-12-07 20:20:30,22.0
R0005689,S034,2025-12-07 18:26:17,2025-12-07 19:07:17,32.0
R0005690,S024,2025-12-07 19:09:52,2025-12-07 18:56:52,18.0
R0005691,S021,2025-12-07 12:37:52,,38.0
R0005692,S001,2025-12-07 20:05:13,2025-12-07 19:56:13,10.0
R0005693,S013,2025-12-07 20:09:56,2025-12-07 20:38:56,32.0
R0005694,S034,2025-12-07 14:52:35,2025-12-07 14:37:35,9.0
R0005695,S019,2025-12-07 14:52:40,2025-12-07 15:10:40,32.0
R0005696,S019,2025-12-07 13:37:33,2025-12-07 14:05:33,29.0
R0005697,S019,2025-12-07 20:51:12,2025-12-07 21:16:12,30.0
R0005698,S017,2025-12-07 14:00:05,2025-12-07 14:19:05,27.0
R0005699,S024,2025-12-07 17:24:25,2025-12-07 17:55:25,30.0
R0005700,S007,2025-12-07 21:05:56,,
R0005701,S022,2025-12-07 07:53:51,2025-12-07 08:01:51,39.0
R0005702,S026,2025-12-07 17:20:32,2025-12-07 17:50:32,30.0
R0005703,S001,2025-12-07 22:56:41,2025-12-08 00:28:41,72.0
R0005704,S031,2025-12-07 22:00:55,2025-12-07 22:24:55,17.0
R0005705,S026,2025-12-07 12:17:24,2025-12-07 12:22:24,33.0
R0005706,S019,2025-12-07 22:17:21,2025-12-07 23:01:21,47.0
R0005707,S009,2025-12-07 15:24:06,2025-12-07 15:49:06,28.0
R0005708,S009,2025-12-07 14:51:00,2025-12-07 15:05:00,31.0
R0005709,S012,2025-12-07 12:35:13,2025-12-07 13:23:13,40.0
R0005710,S003,2025-12-07 19:04:16,2025-12-07 18:53:16,10.0
R0005711,S024,2025-12-07 21:29:40,2025-12-07 21:45:40,28.0
R0005712,S009,2025-12-07 14:50:58,2025-12-07 14:49:58,27.0
R0005713,S008,2025-12-07 19:30:16,2025-12-07 19:23:16,13.0
R0005714,S009,2025-12-07 15:00:12,2025-12-07 16:03:12,44.0
R0005715,S029,2025-12-07 13:02:11,2025-12-07 13:32:11,-29.0
R0005716,S008,2025-12-07 21:52:53,2025-12-07 22:13:53,16.0
R0005717,S004,2025-12-07 15:10:52,2025-12-07 15:08:52,6.0
R0005718,S006,2025-12-07 21:19:12,2025-12-07 22:18:12,57.0
R0005719,S012,2025-12-07 19:59:56,2025-12-07 21:04:56,47.0
R0005720,S026,2025-12-07 17:59:14,2025-12-07 18:02:14,16.0
R0005721,S017,2025-12-07 15:24:27,2025-12-07 16:12:27,39.0
R0005722,S003,2025-12-07 12:01:42,,
R0005723,S005,2025-12-07 20:36:16,,
R0005724,S005,2025-12-07 15:04:48,2025-12-07 15:12:48,12.0
R0005725,S034,2025-12-07 14:40:23,2025-12-07 15:10:23,13.0
R0005726,S008,2025-12-07 09:45:16,2025-12-07 10:07:16,51.0
R0005727,S004,2025-12-07 20:41:48,2025-12-07 20:36:48,13.0
R0005728,S006,2025-12-07 19:20:17,2025-12-07 18:57:17,12.0
R0005729,S005,2025-12-07 20:36:46,,
R0005730,S004,2025-12-07 20:14:34,2025-12-07 20:07:34,10.0
R0005731,S005,2025-12-07 21:01:26,2025-12-07 21:33:26,11.0
R0005732,S019,2025-12-07 07:48:34,,
R0005733,S006,2025-12-07 07:58:37,2025-12-07 07:47:37,2.0
R0005734,S008,2025-12-07 12:41:31,,
R0005735,S031,2025-12-07 17:46:55,2025-12-07 17:42:55,21.0
R0005736,S025,2025-12-07 20:09:16,2025-12-07 20:36:16,18.0
R0005737,S006,2025-12-07 13:27:13,2025-12-07 13:21:13,12.0
R0005738,S009,2025-12-07 14:34:40,2025-12-07 15:11:40,32.0
R0005739,S025,2025-12-07 20:11:26,,
R0005740,S022,2025-12-07 20:46:41,2025-12-07 21:29:41,24.0
R0005741,S034,2025-12-07 17:02:31,2025-12-07 17:06:31,21.0
R0005742,S034,2025-12-07 12:19:45,,26.0
R0005743,S009,2025-12-07 18:33:11,2025-12-07 19:10:11,40.0
R0005744,S029,2025-12-07 23:08:05,2025-12-07 23:41:05,23.0
R0005745,S029,2025-12-07 14:34:34,2025-12-07 15:06:34,28.0
R0005746,S017,2025-12-07 12:12:03,2025-12-07 12:26:03,29.0
R0005747,S012,2025-12-07 14:07:48,2025-12-07 14:42:48,32.0
R0005748,S029,2025-12-07 23:08:43,2025-12-07 22:47:43,5.0
R0005749,S029,2025-12-07 15:05:45,2025-12-07 14:51:45,27.0
R0005750,S005,2025-12-07 14:51:58,,
R0005751,S006,2025-12-07 17:19:36,2025-12-07 17:31:36,23.0
R0005752,S018,2025-12-07 13:36:48,,
R0005753,S004,2025-12-07 22:06:06,,
R0005754,S021,2025-12-07 13:06:21,2025-12-07 13:37:21,38.0
R0005755,S034,2025-12-07 10:41:01,2025-12-07 10:51:01,23.0
R0005756,S009,2025-12-07 13:02:34,,
R0005757,S004,2025-12-07 18:49:31,2025-12-07 19:17:31,11.0
R0005758,S003,2025-12-07 10:39:12,2025-12-07 10:44:12,11.0
R0005759,S018,2025-12-07 15:06:19,2025-12-07 15:33:19,44.0
R0005760,S019,2025-12-07 19:54:57,2025-12-07 20:35:57,24.0
R0005761,S003,2025-12-07 14:56:18,2025-12-07 15:23:18,44.0
R0005762,S007,2025-12-07 12:32:16,2025-12-07 12:33:16,8.0
R0005763,S022,2025-12-07 17:11:44,2025-12-07 17:23:44,34.0
R0005764,S012,2025-12-07 21:28:17,2025-12-07 21:36:17,33.0
R0005765,S004,2025-12-07 14:40:11,2025-12-07 14:24:11,6.0
R0005766,S004,2025-12-07 18:41:32,2025-12-07 18:30:32,4.0
R0005767,S026,2025-12-07 20:05:43,2025-12-07 20:35:43,19.0
R0005768,S019,2025-12-07 22:49:58,2025-12-07 23:16:58,31.0
R0005769,S005,2025-12-07 22:53:19,2025-12-07 22:31:19,10.0
R0005770,S001,2025-12-07 19:47:32,,
R0005771,S001,2025-12-07 13:28:00,2025-12-07 13:11:00,5.0
R0005772,S004,2025-12-07 20:58:23,2025-12-07 21:37:23,49.0
R0005773,S021,2025-12-07 22:12:41,2025-12-07 22:24:41,38.0
R0005774,S013,2025-12-07 22:09:19,2025-12-07 22:22:19,44.0
R0005775,S009,2025-12-07 10:02:41,2025-12-07 10:56:41,35.0
R0005776,S005,2025-12-07 10:31:12,2025-12-07 10:56:12,48.0
R0005777,S012,2025-12-07 21:04:56,2025-12-07 21:34:56,29.0
R0005778,S017,2025-12-07 19:21:18,2025-12-07 19:42:18,24.0
R0005779,S004,2025-12-07 11:17:27,2025-12-07 12:00:27,58.0
R0005780,S001,2025-12-07 19:33:40,2025-12-07 19:28:40,9.0
R0005781,S026,2025-12-07 21:26:39,2025-12-07 21:23:39,25.0
R0005782,S031,2025-12-07 08:48:04,2025-12-07 09:09:04,32.0
R0005783,S024,2025-12-07 18:47:16,2025-12-07 19:05:16,28.0
R0005784,S026,2025-12-07 20:25:15,2025-12-07 20:46:15,26.0
R0005785,S005,2025-12-07 10:06:33,2025-12-07 10:15:33,11.0
R0005786,S021,2025-12-07 10:58:01,2025-12-07 11:15:01,29.0
R0005787,S029,2025-12-07 14:47:53,2025-12-07 15:30:53,27.0
R0005788,S012,2025-12-07 18:02:24,2025-12-07 18:57:24,58.0
R0005789,S018,2025-12-07 17:23:46,,
R0005790,S029,2025-12-07 13:43:56,,
R0005791,S022,2025-12-07 18:16:12,2025-12-07 18:36:12,10.0
R0005792,S026,2025-12-07 11:44:22,2025-12-07 12:21:22,31.0
R0005793,S009,2025-12-07 15:00:38,2025-12-07 14:49:38,25.0
R0005794,S017,2025-12-07 11:50:34,2025-12-07 12:08:34,39.0
R0005795,S026,2025-12-07 15:12:25,2025-12-07 14:56:25,23.0
R0005796,S021,2025-12-07 07:56:20,2025-12-07 07:34:20,16.0
R0005797,S012,2025-12-07 10:28:16,2025-12-07 10:41:16,26.0
R0005798,S029,2025-12-07 11:02:53,2025-12-07 11:32:53,22.0
R0005799,S034,2025-12-07 13:46:17,2025-12-07 14:13:17,14.0
R0005800,S025,2025-12-07 20:02:24,2025-12-07 20:28:24,33.0
R0005801,S004,2025-12-07 17:33:11,2025-12-07 18:25:11,58.0
R0005802,S012,2025-12-07 08:43:12,2025-12-07 09:33:12,47.0
R0005803,S012,2025-12-07 10:36:13,2025-12-07 11:11:13,17.0
R0005804,S008,2025-12-07 08:01:51,2025-12-07 07:33:51,10.0
R0005805,S004,2025-12-07 21:57:17,2025-12-07 21:28:17,13.0
R0005806,S034,2025-12-07 12:58:33,2025-12-07 12:38:33,13.0
R0005807,S023,2025-12-07 15:44:53,2025-12-07 15:38:53,-29.0
R0005808,S009,2025-12-07 10:29:12,2025-12-07 10:48:12,32.0
R0005809,S034,2025-12-07 15:41:06,2025-12-07 16:27:06,28.0
R0005810,S013,2025-12-07 21:49:21,2025-12-07 22:27:21,25.0
R0005811,S017,2025-12-07 15:34:36,2025-12-07 15:42:36,26.0
R0005812,S034,2025-12-07 22:08:48,2025-12-07 22:01:48,24.0
R0005813,S034,2025-12-07 17:04:25,2025-12-07 17:27:25,22.0
R0005814,S001,2025-12-07 12:08:14,2025-12-07 11:42:14,14.0
R0005815,S008,2025-12-07 20:12:05,2025-12-07 20:05:05,14.0
R0005816,S007,2025-12-07 20:04:58,2025-12-07 20:24:58,12.0
R0005817,S004,2025-12-07 14:06:13,2025-12-07 14:16:13,40.0
R0005818,S018,2025-12-07 22:43:18,2025-12-07 23:12:18,34.0
R0005819,S023,2025-12-07 11:07:06,2025-12-07 11:57:06,28.0
R0005820,S001,2025-12-07 11:43:37,2025-12-07 11:14:37,9.0
R0005821,S006,2025-12-07 11:56:48,2025-12-07 11:58:48,8.0
R0005822,S009,2025-12-07 09:06:13,2025-12-07 09:40:13,43.0
R0005823,S001,2025-12-07 19:28:40,2025-12-07 19:21:40,11.0
R0005824,S025,2025-12-07 21:09:37,,
R0005825,S003,2025-12-07 13:14:05,2025-12-07 14:10:05,67.0
R0005826,S021,2025-12-07 21:22:36,2025-12-07 21:34:36,27.0
R0005827,S023,2025-12-07 18:59:36,2025-12-07 19:01:36,33.0
R0005828,S029,2025-12-07 11:37:57,2025-12-07 11:43:57,22.0
R0005829,S029,2025-12-07 12:21:12,2025-12-07 12:14:12,34.0
R0005830,S013,2025-12-07 18:45:21,2025-12-07 19:01:21,31.0
R0005831,S025,2025-12-07 09:07:14,,
R0005832,S003,2025-12-07 09:19:30,2025-12-07 09:44:30,4.0
R0005833,S026,2025-12-07 09:26:43,,
R0005834,S009,2025-12-07 20:35:55,,
R0005835,S019,2025-12-07 15:31:09,2025-12-07 15:37:09,34.0
R0005836,S029,2025-12-07 20:22:53,2025-12-07 20:23:53,7.0
R0005837,S025,2025-12-07 12:51:05,2025-12-07 12:56:05,29.0
R0005838,S017,2025-12-07 22:16:36,2025-12-07 22:30:36,31.0
R0005839,S012,2025-12-07 19:55:29,2025-12-07 19:57:29,25.0
R0005840,S006,2025-12-07 17:22:04,2025-12-07 17:37:04,4.0
R0005841,S018,2025-12-07 11:21:37,2025-12-07 11:25:37,40.0
R0005842,S006,2025-12-07 14:29:19,,
R0005843,S001,2025-12-07 19:38:38,2025-12-07 20:04:38,9.0
R0005844,S007,2025-12-07 14:21:19,2025-12-07 14:12:19,15.0
R0005845,S029,2025-12-07 22:46:33,2025-12-07 22:50:33,6.0
R0005846,S007,2025-12-07 15:19:59,2025-12-07 15:52:59,58.0
R0005847,S034,2025-12-07 09:59:44,2025-12-07 10:23:44,33.0
R0005848,S018,2025-12-07 13:16:22,2025-12-07 13:34:22,30.0
R0005849,S009,2025-12-07 09:43:59,2025-12-07 09:28:59,14.0
R0005850,S021,2025-12-07 10:11:19,2025-12-07 10:18:19,33.0
R0005851,S031,2025-12-07 14:07:17,2025-12-07 14:14:17,8.0
R0005852,S025,2025-12-07 22:29:43,2025-12-07 22:45:43,9.0
R0005853,S007,2025-12-07 20:30:16,2025-12-07 20:08:16,8.0
R0005854,S025,2025-12-07 21:47:45,2025-12-07 22:22:45,27.0
R0005855,S004,2025-12-07 22:56:31,2025-12-07 23:22:31,15.0
R0005856,S005,2025-12-07 11:07:48,2025-12-07 10:56:48,9.0
R0005857,S023,2025-12-07 11:57:44,,
R0005858,S003,2025-12-07 08:04:55,2025-12-07 08:31:55,5.0
R0005859,S005,2025-12-07 22:01:57,2025-12-07 22:14:57,36.0
R0005860,S018,2025-12-07 09:40:28,2025-12-07 10:53:28,49.0
R0005861,S006,2025-12-07 10:29:54,,
R0005862,S005,2025-12-07 08:55:42,2025-12-07 09:07:42,5.0
R0005863,S021,2025-12-07 21:32:31,2025-12-07 21:47:31,33.0
R0005864,S007,2025-12-07 13:14:07,2025-12-07 13:13:07,9.0
R0005865,S009,2025-12-07 08:30:56,2025-12-07 09:05:56,30.0
R0005866,S023,2025-12-07 08:12:04,2025-12-07 08:22:04,29.0
R0005867,S001,2025-12-07 19:28:08,2025-12-07 19:13:08,4.0
R0005868,S001,2025-12-07 10:46:03,2025-12-07 12:00:03,71.0
R0005869,S023,2025-12-07 08:31:57,2025-12-07 08:28:57,14.0
R0005870,S022,2025-12-07 21:14:47,2025-12-07 21:40:47,40.0
R0005871,S021,2025-12-07 18:53:41,,
R0005872,S006,2025-12-07 15:45:09,2025-12-07 16:09:09,15.0
R0005873,S007,2025-12-07 07:46:10,2025-12-07 08:37:10,75.0
R0005874,S022,2025-12-07 13:19:17,2025-12-07 13:12:17,33.0
R0005875,S034,2025-12-07 21:01:45,2025-12-07 21:23:45,27.0
R0005876,S013,2025-12-07 16:15:36,2025-12-07 16:54:36,35.0
R0005877,S018,2025-12-07 11:55:02,2025-12-07 12:02:02,17.0
R0005878,S005,2025-12-07 18:45:26,2025-12-07 19:59:26,68.0
R0005879,S024,2025-12-07 17:40:41,2025-12-07 17:42:41,16.0
R0005880,S024,2025-12-07 16:39:30,2025-12-07 17:17:30,28.0
R0005881,S007,2025-12-07 19:48:42,2025-12-07 20:27:42,52.0
R0005882,S025,2025-12-07 20:26:38,2025-12-07 20:52:38,35.0
R0005883,S017,2025-12-07 12:53:08,,
R0005884,S031,2025-12-07 22:15:07,2025-12-07 22:14:07,21.0
R0005885,S019,2025-12-07 11:11:50,2025-12-07 11:36:50,32.0
R0005886,S006,2025-12-07 08:40:11,2025-12-07 08:38:11,9.0
R0005887,S004,2025-12-07 20:10:55,2025-12-07 20:24:55,5.0
R0005888,S009,2025-12-07 13:33:49,2025-12-07 14:16:49,33.0
R0005889,S006,2025-12-07 19:02:43,2025-12-07 19:47:43,53.0
R0005890,S021,2025-12-07 11:59:35,2025-12-07 12:33:35,32.0
R0005891,S021,2025-12-07 17:18:16,2025-12-07 17:37:16,37.0
R0005892,S026,2025-12-07 12:49:33,,
R0005893,S029,2025-12-07 11:24:48,2025-12-07 12:05:48,27.0
R0005894,S029,2025-12-07 14:32:28,2025-12-07 14:15:28,19.0
R0005895,S026,2025-12-07 09:52:28,,
R0005896,S006,2025-12-07 19:09:55,2025-12-07 18:56:55,11.0
R0005897,S004,2025-12-07 12:34:15,2025-12-07 12:47:15,17.0
R0005898,S003,2025-12-07 23:02:40,2025-12-07 22:48:40,12.0
R0005899,S001,2025-12-07 22:14:31,2025-12-07 22:25:31,-8.0
R0005900,S031,2025-12-07 09:26:28,2025-12-07 09:41:28,25.0
R0005901,S029,2025-12-07 09:49:42,2025-12-07 09:59:42,27.0
R0005902,S017,2025-12-07 22:16:43,2025-12-07 22:18:43,40.0
R0005903,S006,2025-12-07 15:00:40,2025-12-07 15:18:40,46.0
R0005904,S005,2025-12-07 14:36:32,2025-12-07 15:51:32,66.0
R0005905,S005,2025-12-07 16:35:29,2025-12-07 16:10:29,15.0
R0005906,S013,2025-12-07 20:08:55,2025-12-07 20:20:55,24.0
R0005907,S026,2025-12-07 15:11:00,2025-12-07 15:11:00,6.0
R0005908,S017,2025-12-07 21:16:53,2025-12-07 21:21:53,35.0
R0005909,S009,2025-12-07 13:29:09,2025-12-07 13:19:09,19.0
R0005910,S001,2025-12-07 19:41:25,2025-12-07 19:39:25,10.0
R0005911,S008,2025-12-07 17:48:52,2025-12-07 17:27:52,8.0
R0005912,S034,2025-12-07 13:35:12,,27.0
R0005913,S006,2025-12-07 18:18:49,,
R0005914,S022,2025-12-07 20:25:00,2025-12-07 20:50:00,32.0
R0005915,S026,2025-12-07 23:09:19,2025-12-07 22:57:19,15.0
R0005916,S023,2025-12-07 10:31:38,2025-12-07 11:00:38,21.0
R0005917,S004,2025-12-07 08:36:14,2025-12-07 08:30:14,12.0
R0005918,S018,2025-12-07 19:21:49,2025-12-07 20:17:49,50.0
R0005919,S005,2025-12-07 14:21:54,2025-12-07 14:29:54,5.0
R0005920,S022,2025-12-07 09:01:49,2025-12-07 09:19:49,30.0
R0005921,S018,2025-12-07 12:23:40,2025-12-07 12:59:40,40.0
R0005922,S006,2025-12-07 08:05:31,2025-12-07 08:55:31,65.0
R0005923,S005,2025-12-07 14:42:24,2025-12-07 14:56:24,18.0
R0005924,S024,2025-12-07 15:07:27,2025-12-07 15:09:27,9.0
R0005925,S021,2025-12-07 19:57:59,2025-12-07 20:27:59,27.0
R0005926,S019,2025-12-07 22:18:25,2025-12-07 22:44:25,43.0
R0005927,S025,2025-12-07 11:37:17,2025-12-07 11:42:17,22.0
R0005928,S031,2025-12-07 18:52:53,2025-12-07 18:44:53,14.0
R0005929,S008,2025-12-07 11:38:07,2025-12-07 11:36:07,8.0
R0005930,S008,2025-12-07 22:04:57,2025-12-07 22:24:57,11.0
R0005931,S003,2025-12-07 09:31:01,2025-12-07 09:18:01,8.0
R0005932,S012,2025-12-07 17:12:35,2025-12-07 17:39:35,56.0
R0005933,S034,2025-12-07 10:11:52,2025-12-07 10:41:52,24.0
R0005934,S021,2025-12-07 19:10:34,,
R0005935,S023,2025-12-07 14:22:31,2025-12-07 14:44:31,20.0
R0005936,S004,2025-12-07 15:20:09,2025-12-07 15:15:09,10.0
R0005937,S031,2025-12-07 07:12:59,2025-12-07 07:56:59,28.0
R0005938,S031,2025-12-07 09:47:41,,
R0005939,S012,2025-12-07 09:05:20,,
R0005940,S027,2025-12-08 16:22:47,2025-12-08 16:11:47,29.0
R0005941,S034,2025-12-08 21:28:10,2025-12-08 21:48:10,15.0
R0005942,S002,2025-12-08 20:39:17,2025-12-08 20:18:17,9.0
R0005943,S005,2025-12-08 19:32:32,2025-12-08 21:12:32,81.0
R0005944,S034,2025-12-08 19:25:10,2025-12-08 19:14:10,30.0
R0005945,S027,2025-12-08 16:03:42,2025-12-08 16:03:42,29.0
R0005946,S004,2025-12-08 21:58:41,2025-12-08 21:36:41,11.0
R0005947,S009,2025-12-08 20:28:19,2025-12-08 20:52:19,44.0
R0005948,S009,2025-12-08 14:50:44,2025-12-08 15:06:44,22.0
R0005949,S002,2025-12-08 16:21:46,2025-12-08 16:29:46,12.0
R0005950,S005,2025-12-08 14:39:07,2025-12-08 14:33:07,15.0
R0005951,S031,2025-12-08 12:03:57,,
R0005952,S004,2025-12-08 19:23:32,2025-12-08 19:30:32,12.0
R0005953,S022,2025-12-08 10:43:36,2025-12-08 10:53:36,33.0
R0005954,S009,2025-12-08 19:20:37,2025-12-08 19:51:37,63.0
R0005955,S033,2025-12-08 22:48:23,2025-12-08 22:45:23,21.0
R0005956,S007,2025-12-08 14:10:50,,
R0005957,S005,2025-12-08 15:18:12,2025-12-08 15:36:12,13.0
R0005958,S013,2025-12-08 11:38:26,2025-12-08 11:36:26,17.0
R0005959,S013,2025-12-08 22:34:33,2025-12-08 22:31:33,34.0
R0005960,S024,2025-12-08 13:31:28,2025-12-08 13:51:28,34.0
R0005961,S025,2025-12-08 19:50:59,,
R0005962,S018,2025-12-08 15:12:32,2025-12-08 16:00:32,39.0
R0005963,S025,2025-12-08 19:25:26,2025-12-08 19:24:26,11.0
R0005964,S002,2025-12-08 08:13:26,2025-12-08 07:56:26,12.0
R0005965,S023,2025-12-08 14:36:29,2025-12-08 14:43:29,28.0
R0005966,S006,2025-12-08 10:57:48,2025-12-08 11:26:48,59.0
R0005967,S024,2025-12-08 19:55:00,2025-12-08 19:59:00,27.0
R0005968,S013,2025-12-08 20:48:42,2025-12-08 21:10:42,23.0
R0005969,S027,2025-12-08 15:45:13,2025-12-08 15:39:13,23.0
R0005970,S002,2025-12-08 08:14:16,2025-12-08 07:45:16,6.0
R0005971,S027,2025-12-08 22:26:18,2025-12-08 22:38:18,16.0
R0005972,S004,2025-12-08 20:59:46,2025-12-08 21:21:46,10.0
R0005973,S022,2025-12-08 12:58:58,2025-12-08 13:28:58,24.0
R0005974,S002,2025-12-08 14:18:11,,
R0005975,S011,2025-12-08 09:58:40,2025-12-08 10:27:40,49.0
R0005976,S016,2025-12-08 12:03:39,2025-12-08 12:01:39,26.0
R0005977,S011,2025-12-08 13:43:21,2025-12-08 14:07:21,23.0
R0005978,S025,2025-12-08 20:12:57,2025-12-08 20:10:57,26.0
R0005979,S005,2025-12-08 17:30:15,2025-12-08 17:17:15,8.0
R0005980,S027,2025-12-08 07:51:18,2025-12-08 07:48:18,18.0
R0005981,S002,2025-12-08 21:55:49,2025-12-08 21:59:49,17.0
R0005982,S006,2025-12-08 08:06:11,2025-12-08 09:07:11,72.0
R0005983,S011,2025-12-08 09:27:08,2025-12-08 09:46:08,31.0
R0005984,S025,2025-12-08 20:07:20,,
R0005985,S013,2025-12-08 20:43:52,2025-12-08 21:14:52,36.0
R0005986,S002,2025-12-08 15:06:48,2025-12-08 15:21:48,43.0
R0005987,S022,2025-12-08 14:58:35,,
R0005988,S034,2025-12-08 12:33:16,2025-12-08 13:08:16,32.0
R0005989,S027,2025-12-08 21:24:15,2025-12-08 21:33:15,32.0
R0005990,S007,2025-12-08 14:34:40,2025-12-08 14:27:40,17.0
R0005991,S034,2025-12-08 20:05:55,2025-12-08 19:55:55,20.0
R0005992,S016,2025-12-08 08:03:39,2025-12-08 08:02:39,18.0
R0005993,S012,2025-12-08 15:01:56,2025-12-08 15:06:56,25.0
R0005994,S027,2025-12-08 14:54:22,2025-12-08 15:13:22,24.0
R0005995,S034,2025-12-08 21:13:54,2025-12-08 21:16:54,33.0
R0005996,S016,2025-12-08 16:49:04,2025-12-08 17:35:04,43.0
R0005997,S034,2025-12-08 17:16:08,2025-12-08 17:42:08,44.0
R0005998,S033,2025-12-08 22:07:58,2025-12-08 21:59:58,17.0
R0005999,S007,2025-12-08 12:22:30,2025-12-08 12:59:30,50.0
R0006000,S033,2025-12-08 12:04:30,,
R0006001,S002,2025-12-08 12:58:15,2025-12-08 13:17:15,-55.0
R0006002,S034,2025-12-08 10:54:24,2025-12-08 11:31:24,27.0
R0006003,S012,2025-12-08 19:13:41,2025-12-08 19:32:41,35.0
R0006004,S002,2025-12-08 22:06:24,2025-12-08 22:26:24,11.0
R0006005,S031,2025-12-08 14:11:12,2025-12-08 14:50:12,31.0
R0006006,S005,2025-12-08 15:01:07,2025-12-08 15:02:07,12.0
R0006007,S018,2025-12-08 22:03:35,2025-12-08 22:27:35,34.0
R0006008,S005,2025-12-08 20:25:30,2025-12-08 21:30:30,54.0
R0006009,S007,2025-12-08 15:01:18,,
R0006010,S012,2025-12-08 18:11:07,2025-12-08 18:45:07,29.0
R0006011,S007,2025-12-08 14:49:27,2025-12-08 15:14:27,17.0
R0006012,S011,2025-12-08 16:01:52,2025-12-08 16:45:52,38.0
R0006013,S012,2025-12-08 11:41:37,,
R0006014,S011,2025-12-08 14:19:24,2025-12-08 14:52:24,14.0
R0006015,S031,2025-12-08 16:38:09,2025-12-08 16:55:09,13.0
R0006016,S018,2025-12-08 09:43:28,2025-12-08 10:35:28,33.0
R0006017,S022,2025-12-08 15:57:23,2025-12-08 16:15:23,32.0
R0006018,S033,2025-12-08 09:36:01,2025-12-08 10:14:01,14.0
R0006019,S004,2025-12-08 21:24:56,,
R0006020,S004,2025-12-08 14:33:34,,
R0006021,S024,2025-12-08 13:46:07,2025-12-08 13:57:07,24.0
R0006022,S011,2025-12-08 21:16:33,2025-12-08 21:53:33,34.0
R0006023,S006,2025-12-08 16:37:22,2025-12-08 16:46:22,13.0
R0006024,S004,2025-12-08 10:58:00,2025-12-08 11:02:00,15.0
R0006025,S007,2025-12-08 12:12:01,2025-12-08 11:49:01,9.0
R0006026,S007,2025-12-08 08:41:56,2025-12-08 08:41:56,14.0
R0006027,S022,2025-12-08 13:39:39,2025-12-08 14:07:39,32.0
R0006028,S002,2025-12-08 18:10:38,2025-12-08 18:30:38,9.0
R0006029,S007,2025-12-08 12:32:42,2025-12-08 12:58:42,9.0
R0006030,S007,2025-12-08 13:42:19,,53.0
R0006031,S006,2025-12-08 13:39:26,2025-12-08 13:46:26,17.0
R0006032,S004,2025-12-08 09:53:01,2025-12-08 09:38:01,11.0
R0006033,S018,2025-12-08 16:50:53,2025-12-08 17:45:53,39.0
R0006034,S006,2025-12-08 12:13:31,2025-12-08 12:25:31,5.0
R0006035,S015,2025-12-08 18:41:20,2025-12-08 19:35:20,45.0
R0006036,S031,2025-12-08 20:40:13,,
R0006037,S009,2025-12-08 18:11:59,2025-12-08 18:47:59,53.0
R0006038,S033,2025-12-08 08:46:43,2025-12-08 08:43:43,10.0
R0006039,S006,2025-12-08 08:01:12,2025-12-08 07:31:12,9.0
R0006040,S018,2025-12-08 19:36:05,2025-12-08 19:49:05,26.0
R0006041,S024,2025-12-08 09:43:58,2025-12-08 10:08:58,23.0
R0006042,S025,2025-12-08 21:51:37,2025-12-08 22:03:37,33.0
R0006043,S033,2025-12-08 19:31:41,2025-12-08 19:12:41,20.0
R0006044,S018,2025-12-08 15:57:42,2025-12-08 16:29:42,33.0
R0006045,S004,2025-12-08 16:11:07,2025-12-08 16:01:07,12.0
R0006046,S011,2025-12-08 19:16:30,2025-12-08 19:56:30,34.0
R0006047,S007,2025-12-08 08:52:50,2025-12-08 08:55:50,8.0
R0006048,S004,2025-12-08 13:00:21,2025-12-08 12:58:21,14.0
R0006049,S016,2025-12-08 20:42:49,2025-12-08 21:29:49,26.0
R0006050,S004,2025-12-08 19:12:48,2025-12-08 19:30:48,10.0
R0006051,S002,2025-12-08 22:22:47,,
R0006052,S034,2025-12-08 17:27:24,2025-12-08 18:14:24,20.0
R0006053,S018,2025-12-08 11:56:55,2025-12-08 12:18:55,31.0
R0006054,S015,2025-12-08 11:31:13,2025-12-08 12:05:13,32.0
R0006055,S012,2025-12-08 22:49:46,2025-12-08 23:26:46,33.0
R0006056,S034,2025-12-08 18:19:40,2025-12-08 18:50:40,22.0
R0006057,S018,2025-12-08 15:35:30,2025-12-08 16:27:30,28.0
R0006058,S024,2025-12-08 10:57:49,2025-12-08 11:14:49,18.0
R0006059,S023,2025-12-08 10:32:12,2025-12-08 11:07:12,36.0
R0006060,S034,2025-12-08 16:47:52,2025-12-08 16:39:52,26.0
R0006061,S023,2025-12-08 14:48:13,2025-12-08 15:00:13,23.0
R0006062,S002,2025-12-08 19:03:33,2025-12-08 18:47:33,14.0
R0006063,S016,2025-12-08 14:13:14,2025-12-08 14:38:14,29.0
R0006064,S011,2025-12-08 19:38:22,2025-12-08 20:27:22,38.0
R0006065,S023,2025-12-08 22:54:27,2025-12-08 23:08:27,22.0
R0006066,S004,2025-12-08 07:49:35,2025-12-08 07:39:35,13.0
R0006067,S004,2025-12-08 21:46:46,2025-12-08 22:35:46,57.0
R0006068,S009,2025-12-08 16:59:35,2025-12-08 17:35:35,30.0
R0006069,S002,2025-12-08 09:23:18,2025-12-08 10:01:18,17.0
R0006070,S006,2025-12-08 20:53:56,,
R0006071,S009,2025-12-08 08:11:25,2025-12-08 08:51:25,43.0
R0006072,S033,2025-12-08 14:04:37,2025-12-08 14:29:37,27.0
R0006073,S034,2025-12-08 21:50:46,2025-12-08 22:06:46,24.0
R0006074,S013,2025-12-08 09:09:22,,
R0006075,S034,2025-12-08 19:25:02,2025-12-08 20:06:02,31.0
R0006076,S007,2025-12-08 17:03:53,2025-12-08 17:13:53,33.0
R0006077,S025,2025-12-08 14:38:55,2025-12-08 14:38:55,19.0
R0006078,S004,2025-12-08 19:34:30,2025-12-08 20:17:30,43.0
R0006079,S006,2025-12-08 08:05:04,2025-12-08 07:53:04,12.0
R0006080,S009,2025-12-08 19:31:49,2025-12-08 19:59:49,31.0
R0006081,S034,2025-12-08 08:13:54,2025-12-08 08:19:54,17.0
R0006082,S034,2025-12-08 12:44:30,2025-12-08 13:23:30,25.0
R0006083,S016,2025-12-08 22:54:23,2025-12-08 23:01:23,40.0
R0006084,S006,2025-12-08 22:27:22,2025-12-08 22:08:22,13.0
R0006085,S015,2025-12-08 08:53:55,2025-12-08 09:17:55,12.0
R0006086,S006,2025-12-08 12:39:45,2025-12-08 13:05:45,17.0
R0006087,S012,2025-12-08 08:13:52,2025-12-08 08:02:52,19.0
R0006088,S015,2025-12-08 20:41:50,2025-12-08 20:58:50,37.0
R0006089,S012,2025-12-08 11:27:07,2025-12-08 12:05:07,34.0
R0006090,S033,2025-12-08 16:50:35,2025-12-08 17:08:35,8.0
R0006091,S006,2025-12-08 14:37:56,2025-12-08 14:55:56,11.0
R0006092,S002,2025-12-08 12:55:57,2025-12-08 12:49:57,11.0
R0006093,S024,2025-12-08 19:34:48,2025-12-08 19:31:48,12.0
R0006094,S015,2025-12-08 07:40:54,2025-12-08 08:10:54,21.0
R0006095,S031,2025-12-08 17:26:01,2025-12-08 17:37:01,22.0
R0006096,S015,2025-12-08 16:12:24,2025-12-08 16:53:24,47.0
R0006097,S006,2025-12-08 08:58:34,2025-12-08 08:36:34,9.0
R0006098,S016,2025-12-08 20:57:20,2025-12-08 21:43:20,33.0
R0006099,S022,2025-12-08 14:12:56,2025-12-08 14:13:56,35.0
R0006100,S013,2025-12-08 17:58:57,2025-12-08 18:40:57,39.0
R0006101,S018,2025-12-08 08:30:35,2025-12-08 08:42:35,45.0
R0006102,S024,2025-12-08 19:59:54,2025-12-08 20:17:54,32.0
R0006103,S002,2025-12-08 20:52:23,2025-12-08 21:12:23,11.0
R0006104,S022,2025-12-08 14:42:22,2025-12-08 15:07:22,35.0
R0006105,S012,2025-12-08 20:26:11,2025-12-08 20:47:11,22.0
R0006106,S018,2025-12-08 21:12:57,,
R0006107,S023,2025-12-08 15:04:22,2025-12-08 15:08:22,16.0
R0006108,S034,2025-12-08 09:08:04,2025-12-08 09:16:04,38.0
R0006109,S012,2025-12-08 19:47:04,,
R0006110,S006,2025-12-08 21:27:25,2025-12-08 21:22:25,11.0
R0006111,S015,2025-12-08 09:56:25,2025-12-08 09:58:25,26.0
R0006112,S016,2025-12-08 14:07:11,2025-12-08 14:26:11,39.0
R0006113,S002,2025-12-08 12:41:04,2025-12-08 13:23:04,56.0
R0006114,S013,2025-12-08 20:03:23,2025-12-08 20:02:23,33.0
R0006115,S022,2025-12-08 19:20:11,2025-12-08 19:41:11,36.0
R0006116,S033,2025-12-08 20:37:42,2025-12-08 21:20:42,22.0
R0006117,S034,2025-12-08 18:14:13,2025-12-08 18:52:13,10.0
R0006118,S009,2025-12-08 16:17:21,2025-12-08 17:07:21,57.0
R0006119,S023,2025-12-08 10:57:22,2025-12-08 10:55:22,17.0
R0006120,S011,2025-12-08 07:55:03,2025-12-08 08:18:03,35.0
R0006121,S018,2025-12-08 14:32:36,2025-12-08 15:29:36,45.0
R0006122,S004,2025-12-08 23:04:12,2025-12-08 22:56:12,13.0
R0006123,S016,2025-12-08 16:23:38,2025-12-08 16:42:38,32.0
R0006124,S016,2025-12-08 14:21:34,2025-12-08 14:47:34,21.0
R0006125,S027,2025-12-08 19:28:39,2025-12-08 19:28:39,26.0
R0006126,S004,2025-12-08 12:56:08,2025-12-08 13:28:08,11.0
R0006127,S007,2025-12-08 22:14:58,2025-12-08 22:50:58,59.0
R0006128,S011,2025-12-08 09:24:02,2025-12-08 09:38:02,-31.0
R0006129,S025,2025-12-08 12:47:37,2025-12-08 13:10:37,29.0
R0006130,S002,2025-12-08 13:24:45,2025-12-08 13:09:45,9.0
R0006131,S005,2025-12-08 16:45:55,2025-12-08 16:40:55,10.0
R0006132,S016,2025-12-08 14:40:18,2025-12-08 15:06:18,40.0
R0006133,S006,2025-12-08 16:34:34,2025-12-08 16:22:34,16.0
R0006134,S013,2025-12-08 14:20:57,2025-12-08 14:46:57,16.0
R0006135,S015,2025-12-08 19:04:42,2025-12-08 19:34:42,21.0
R0006136,S004,2025-12-08 21:13:38,2025-12-08 21:14:38,12.0
R0006137,S009,2025-12-08 20:39:37,2025-12-08 21:35:37,43.0
R0006138,S033,2025-12-08 17:48:19,2025-12-08 18:25:19,30.0
R0006139,S009,2025-12-08 12:03:14,2025-12-08 12:30:14,28.0
R0006140,S022,2025-12-08 18:16:57,2025-12-08 18:53:57,42.0
R0006141,S005,2025-12-08 21:22:16,,
R0006142,S031,2025-12-08 17:12:59,2025-12-08 17:34:59,-29.0
R0006143,S004,2025-12-08 13:13:28,2025-12-08 13:38:28,15.0
R0006144,S025,2025-12-08 20:02:10,2025-12-08 19:50:10,25.0
R0006145,S012,2025-12-08 13:36:03,2025-12-08 14:09:03,35.0
R0006146,S016,2025-12-08 12:43:00,2025-12-08 12:46:00,30.0
R0006147,S013,2025-12-08 16:23:54,2025-12-08 17:28:54,49.0
R0006148,S004,2025-12-08 12:34:19,,25.0
R0006149,S007,2025-12-08 22:01:21,2025-12-08 22:19:21,6.0
R0006150,S004,2025-12-08 09:08:06,2025-12-08 09:03:06,10.0
R0006151,S026,2025-12-09 21:53:13,2025-12-09 22:21:13,23.0
R0006152,S004,2025-12-09 11:12:58,2025-12-09 11:45:58,12.0
R0006153,S004,2025-12-09 14:16:41,2025-12-09 14:33:41,12.0
R0006154,S026,2025-12-09 22:51:09,2025-12-09 22:59:09,20.0
R0006155,S020,2025-12-09 18:41:42,2025-12-09 18:45:42,24.0
R0006156,S034,2025-12-09 22:09:26,2025-12-09 22:40:26,22.0
R0006157,S032,2025-12-09 22:14:35,2025-12-09 22:06:35,19.0
R0006158,S007,2025-12-09 18:27:21,2025-12-09 19:14:21,59.0
R0006159,S001,2025-12-09 14:01:40,2025-12-09 14:25:40,6.0
R0006160,S034,2025-12-09 10:42:11,2025-12-09 10:48:11,19.0
R0006161,S012,2025-12-09 09:20:11,2025-12-09 09:19:11,41.0
R0006162,S029,2025-12-09 17:56:22,2025-12-09 18:32:22,26.0
R0006163,S001,2025-12-09 22:05:35,2025-12-09 22:20:35,15.0
R0006164,S017,2025-12-09 19:44:42,2025-12-09 20:23:42,30.0
R0006165,S013,2025-12-09 21:20:01,2025-12-09 21:51:01,37.0
R0006166,S019,2025-12-09 19:16:00,2025-12-09 19:32:00,18.0
R0006167,S007,2025-12-09 21:48:59,2025-12-09 21:36:59,10.0
R0006168,S020,2025-12-09 07:46:47,,
R0006169,S008,2025-12-09 17:51:04,2025-12-09 18:46:04,55.0
R0006170,S022,2025-12-09 18:56:39,,
R0006171,S017,2025-12-09 16:06:38,2025-12-09 16:44:38,57.0
R0006172,S028,2025-12-09 22:08:49,2025-12-09 22:20:49,33.0
R0006173,S015,2025-12-09 21:44:10,2025-12-09 22:20:10,38.0
R0006174,S011,2025-12-09 19:51:28,,
R0006175,S020,2025-12-09 20:23:42,2025-12-09 20:48:42,45.0
R0006176,S034,2025-12-09 19:24:37,2025-12-09 19:10:37,20.0
R0006177,S034,2025-12-09 21:44:07,2025-12-09 22:03:07,-37.0
R0006178,S005,2025-12-09 12:14:17,,
R0006179,S015,2025-12-09 15:12:39,2025-12-09 15:36:39,37.0
R0006180,S026,2025-12-09 15:28:48,2025-12-09 15:07:48,12.0
R0006181,S015,2025-12-09 22:01:13,2025-12-09 22:15:13,40.0
R0006182,S001,2025-12-09 20:38:05,2025-12-09 20:55:05,13.0
R0006183,S008,2025-12-09 13:30:55,2025-12-09 14:41:55,59.0
R0006184,S004,2025-12-09 12:07:45,,
R0006185,S017,2025-12-09 11:56:32,2025-12-09 13:02:32,51.0
R0006186,S029,2025-12-09 14:58:27,2025-12-09 14:45:27,18.0
R0006187,S015,2025-12-09 12:17:04,2025-12-09 13:00:04,27.0
R0006188,S001,2025-12-09 22:37:32,2025-12-09 22:57:32,14.0
R0006189,S033,2025-12-09 21:17:06,2025-12-09 21:22:06,13.0
R0006190,S020,2025-12-09 20:35:11,2025-12-09 20:34:11,26.0
R0006191,S019,2025-12-09 14:59:48,2025-12-09 15:06:48,36.0
R0006192,S034,2025-12-09 16:03:23,,24.0
R0006193,S011,2025-12-09 22:59:36,2025-12-09 23:38:36,31.0
R0006194,S013,2025-12-09 19:37:14,2025-12-09 19:37:14,41.0
R0006195,S028,2025-12-09 10:20:02,2025-12-09 10:17:02,14.0
R0006196,S017,2025-12-09 08:36:09,2025-12-09 09:13:09,41.0
R0006197,S017,2025-12-09 17:10:01,2025-12-09 17:28:01,18.0
R0006198,S008,2025-12-09 09:16:30,2025-12-09 09:25:30,7.0
R0006199,S029,2025-12-09 18:26:58,2025-12-09 18:53:58,23.0
R0006200,S026,2025-12-09 11:11:10,,
R0006201,S019,2025-12-09 19:47:08,2025-12-09 20:27:08,47.0
R0006202,S020,2025-12-09 09:10:15,2025-12-09 09:35:15,46.0
R0006203,S007,2025-12-09 11:48:07,2025-12-09 11:45:07,11.0
R0006204,S012,2025-12-09 08:36:39,2025-12-09 09:10:39,44.0
R0006205,S005,2025-12-09 15:01:05,,
R0006206,S033,2025-12-09 20:38:03,2025-12-09 21:07:03,21.0
R0006207,S005,2025-12-09 10:11:23,2025-12-09 10:30:23,40.0
R0006208,S008,2025-12-09 10:46:43,2025-12-09 11:43:43,47.0
R0006209,S028,2025-12-09 07:33:17,2025-12-09 08:09:17,27.0
R0006210,S022,2025-12-09 20:37:58,2025-12-09 21:21:58,24.0
R0006211,S007,2025-12-09 18:44:32,2025-12-09 19:20:32,39.0
R0006212,S033,2025-12-09 11:03:29,2025-12-09 11:12:29,11.0
R0006213,S004,2025-12-09 13:32:15,2025-12-09 13:40:15,11.0
R0006214,S011,2025-12-09 08:02:17,2025-12-09 08:24:17,14.0
R0006215,S008,2025-12-09 08:54:48,2025-12-09 10:12:48,69.0
R0006216,S013,2025-12-09 09:39:10,2025-12-09 10:05:10,22.0
R0006217,S007,2025-12-09 23:08:46,2025-12-09 22:54:46,15.0
R0006218,S029,2025-12-09 20:56:14,2025-12-09 21:40:14,22.0
R0006219,S033,2025-12-09 12:10:46,2025-12-09 12:44:46,24.0
R0006220,S022,2025-12-09 13:15:41,2025-12-09 13:37:41,35.0
R0006221,S012,2025-12-09 09:04:17,2025-12-09 10:17:17,53.0
R0006222,S020,2025-12-09 22:18:39,2025-12-09 22:32:39,33.0
R0006223,S028,2025-12-09 20:38:45,2025-12-09 20:57:45,22.0
R0006224,S034,2025-12-09 12:22:05,2025-12-09 12:25:05,30.0
R0006225,S012,2025-12-09 10:31:58,2025-12-09 10:29:58,21.0
R0006226,S011,2025-12-09 18:12:45,2025-12-09 18:19:45,31.0
R0006227,S034,2025-12-09 18:26:57,2025-12-09 18:41:57,19.0
R0006228,S028,2025-12-09 14:02:05,2025-12-09 14:41:05,32.0
R0006229,S028,2025-12-09 10:15:21,,19.0
R0006230,S001,2025-12-09 11:45:36,2025-12-09 11:33:36,7.0
R0006231,S007,2025-12-09 11:29:27,2025-12-09 12:22:27,52.0
R0006232,S017,2025-12-09 14:01:51,2025-12-09 14:34:51,29.0
R0006233,S019,2025-12-09 15:56:36,2025-12-09 16:10:36,29.0
R0006234,S001,2025-12-09 15:44:43,2025-12-09 15:43:43,11.0
R0006235,S008,2025-12-09 18:09:19,,
R0006236,S008,2025-12-09 21:51:44,2025-12-09 22:04:44,11.0
R0006237,S004,2025-12-09 08:08:31,2025-12-09 07:59:31,14.0
R0006238,S015,2025-12-09 18:58:33,2025-12-09 19:35:33,32.0
R0006239,S032,2025-12-09 16:24:58,2025-12-09 16:49:58,24.0
R0006240,S029,2025-12-09 14:55:59,2025-12-09 15:15:59,24.0
R0006241,S012,2025-12-09 15:19:16,2025-12-09 15:37:16,26.0
R0006242,S017,2025-12-09 19:25:09,2025-12-09 19:26:09,17.0
R0006243,S029,2025-12-09 17:11:33,2025-12-09 17:06:33,19.0
R0006244,S034,2025-12-09 17:30:19,2025-12-09 17:29:19,21.0
R0006245,S001,2025-12-09 19:26:52,2025-12-09 20:22:52,81.0
R0006246,S020,2025-12-09 09:24:09,2025-12-09 09:36:09,8.0
R0006247,S012,2025-12-09 20:40:44,2025-12-09 20:58:44,39.0
R0006248,S017,2025-12-09 19:45:52,2025-12-09 20:31:52,46.0
R0006249,S019,2025-12-09 20:13:15,,
R0006250,S033,2025-12-09 17:58:52,2025-12-09 18:16:52,24.0
R0006251,S015,2025-12-09 09:14:30,2025-12-09 09:17:30,19.0
R0006252,S013,2025-12-09 15:18:08,2025-12-09 16:12:08,49.0
R0006253,S015,2025-12-09 22:15:57,2025-12-09 22:40:57,34.0
R0006254,S001,2025-12-09 13:13:58,,
R0006255,S034,2025-12-09 13:07:36,2025-12-09 12:53:36,13.0
R0006256,S001,2025-12-09 22:30:55,2025-12-09 22:42:55,11.0
R0006257,S020,2025-12-09 07:24:16,2025-12-09 08:07:16,37.0
R0006258,S004,2025-12-09 13:55:41,,
R0006259,S033,2025-12-09 17:49:59,2025-12-09 18:41:59,24.0
R0006260,S012,2025-12-09 18:52:34,2025-12-09 19:10:34,29.0
R0006261,S020,2025-12-09 15:04:39,2025-12-09 15:45:39,38.0
R0006262,S005,2025-12-09 14:16:31,2025-12-09 14:01:31,15.0
R0006263,S012,2025-12-09 20:21:01,2025-12-09 21:08:01,40.0
R0006264,S028,2025-12-09 16:21:13,2025-12-09 16:50:13,29.0
R0006265,S001,2025-12-09 12:39:17,2025-12-09 12:49:17,17.0
R0006266,S008,2025-12-09 21:44:51,2025-12-09 21:32:51,9.0
R0006267,S005,2025-12-09 18:58:23,,9.0
R0006268,S005,2025-12-09 10:23:20,2025-12-09 10:28:20,10.0
R0006269,S005,2025-12-09 12:54:14,2025-12-09 13:00:14,8.0
R0006270,S012,2025-12-09 20:21:54,2025-12-09 20:17:54,33.0
R0006271,S034,2025-12-09 20:29:14,2025-12-09 20:29:14,21.0
R0006272,S019,2025-12-09 17:46:45,2025-12-09 18:20:45,40.0
R0006273,S005,2025-12-09 22:49:19,2025-12-09 22:54:19,11.0
R0006274,S034,2025-12-09 13:55:25,2025-12-09 14:21:25,7.0
R0006275,S004,2025-12-09 21:32:35,2025-12-09 22:02:35,16.0
R0006276,S019,2025-12-09 22:31:00,2025-12-09 23:12:00,45.0
R0006277,S026,2025-12-09 21:19:53,2025-12-09 21:21:53,16.0
R0006278,S032,2025-12-09 08:18:13,2025-12-09 08:26:13,-13.0
R0006279,S008,2025-12-09 12:39:04,2025-12-09 13:10:04,12.0
R0006280,S028,2025-12-09 12:32:08,2025-12-09 12:10:08,9.0
R0006281,S033,2025-12-09 12:31:32,2025-12-09 12:32:32,15.0
R0006282,S011,2025-12-09 20:50:54,2025-12-09 21:23:54,35.0
R0006283,S004,2025-12-09 21:35:35,2025-12-09 21:12:35,5.0
R0006284,S005,2025-12-09 20:24:44,2025-12-09 20:34:44,10.0
R0006285,S011,2025-12-09 20:22:40,2025-12-09 20:47:40,23.0
R0006286,S020,2025-12-09 19:12:35,2025-12-09 19:43:35,22.0
R0006287,S008,2025-12-09 12:23:36,2025-12-09 13:12:36,79.0
R0006288,S026,2025-12-09 13:39:06,2025-12-09 14:11:06,22.0
R0006289,S029,2025-12-09 18:00:40,2025-12-09 18:12:40,36.0
R0006290,S029,2025-12-09 20:13:48,2025-12-09 21:06:48,31.0
R0006291,S001,2025-12-09 14:54:41,2025-12-09 14:58:41,9.0
R0006292,S029,2025-12-09 12:31:25,,
R0006293,S005,2025-12-09 12:39:24,2025-12-09 12:33:24,4.0
R0006294,S012,2025-12-09 19:16:49,2025-12-09 19:54:49,30.0
R0006295,S011,2025-12-09 14:25:02,2025-12-09 15:01:02,36.0
R0006296,S012,2025-12-09 14:50:37,2025-12-09 15:06:37,32.0
R0006297,S008,2025-12-09 10:00:27,2025-12-09 10:05:27,6.0
R0006298,S028,2025-12-09 14:44:29,2025-12-09 15:08:29,21.0
R0006299,S032,2025-12-09 21:18:58,2025-12-09 21:43:58,37.0
R0006300,S004,2025-12-09 11:55:53,2025-12-09 11:42:53,12.0
R0006301,S026,2025-12-09 19:56:20,2025-12-09 20:15:20,25.0
R0006302,S026,2025-12-09 21:55:31,2025-12-09 22:10:31,16.0
R0006303,S001,2025-12-09 12:07:40,2025-12-09 12:42:40,13.0
R0006304,S034,2025-12-09 21:44:11,2025-12-09 21:51:11,19.0
R0006305,S020,2025-12-09 21:09:55,2025-12-09 21:40:55,44.0
R0006306,S020,2025-12-09 18:23:00,2025-12-09 18:32:00,19.0
R0006307,S001,2025-12-09 15:09:19,,
R0006308,S015,2025-12-09 10:59:09,2025-12-09 11:33:09,33.0
R0006309,S022,2025-12-09 18:36:44,2025-12-09 18:43:44,36.0
R0006310,S005,2025-12-09 18:25:09,,9.0
R0006311,S008,2025-12-09 11:36:19,2025-12-09 11:58:19,13.0
R0006312,S032,2025-12-09 14:49:58,2025-12-09 15:15:58,28.0
R0006313,S007,2025-12-09 10:46:24,2025-12-09 10:56:24,12.0
R0006314,S008,2025-12-09 11:55:43,2025-12-09 12:05:43,16.0
R0006315,S005,2025-12-09 17:28:27,2025-12-09 17:15:27,18.0
R0006316,S033,2025-12-09 09:06:07,2025-12-09 09:35:07,26.0
R0006317,S034,2025-12-09 14:40:37,2025-12-09 14:33:37,11.0
R0006318,S011,2025-12-09 17:19:39,2025-12-09 17:40:39,39.0
R0006319,S029,2025-12-09 19:36:10,2025-12-09 19:34:10,29.0
R0006320,S005,2025-12-09 14:29:50,2025-12-09 14:24:50,8.0
R0006321,S029,2025-12-09 17:17:17,2025-12-09 17:48:17,14.0
R0006322,S019,2025-12-09 17:37:08,2025-12-09 18:05:08,38.0
R0006323,S017,2025-12-09 08:05:42,2025-12-09 08:33:42,20.0
R0006324,S012,2025-12-09 09:34:02,2025-12-09 09:55:02,38.0
R0006325,S033,2025-12-09 12:42:51,2025-12-09 13:02:51,27.0
R0006326,S020,2025-12-09 07:09:51,2025-12-09 07:55:51,36.0
R0006327,S007,2025-12-09 13:49:47,2025-12-09 14:16:47,61.0
R0006328,S034,2025-12-09 19:56:38,2025-12-09 19:55:38,22.0
R0006329,S007,2025-12-09 22:53:51,2025-12-09 22:54:51,14.0
R0006330,S005,2025-12-09 13:09:45,2025-12-09 13:13:45,10.0
R0006331,S013,2025-12-09 16:12:23,,
R0006332,S022,2025-12-09 18:45:12,2025-12-09 19:24:12,34.0
R0006333,S001,2025-12-09 22:56:42,2025-12-09 22:56:42,15.0
R0006334,S005,2025-12-09 08:51:31,2025-12-09 09:15:31,9.0
R0006335,S008,2025-12-09 18:38:04,2025-12-09 18:24:04,12.0
R0006336,S013,2025-12-09 18:53:23,2025-12-09 19:31:23,33.0
R0006337,S026,2025-12-09 16:02:25,2025-12-09 16:26:25,28.0
R0006338,S026,2025-12-09 14:50:52,2025-12-09 15:03:52,28.0
R0006339,S004,2025-12-09 12:45:53,2025-12-09 12:39:53,12.0
R0006340,S033,2025-12-09 19:17:25,2025-12-09 19:50:25,24.0
R0006341,S015,2025-12-09 13:43:16,2025-12-09 14:07:16,16.0
R0006342,S015,2025-12-09 22:57:08,2025-12-09 23:11:08,31.0
R0006343,S022,2025-12-09 21:16:27,2025-12-09 22:22:27,44.0
R0006344,S020,2025-12-09 07:43:46,2025-12-09 07:24:46,21.0
R0006345,S034,2025-12-09 17:12:19,2025-12-09 17:28:19,39.0
R0006346,S026,2025-12-09 19:32:29,2025-12-09 19:41:29,26.0
R0006347,S029,2025-12-09 14:58:19,2025-12-09 15:22:19,30.0
R0006348,S013,2025-12-09 19:59:02,2025-12-09 20:21:02,24.0
R0006349,S013,2025-12-09 17:28:39,2025-12-09 18:07:39,37.0
R0006350,S008,2025-12-09 20:02:36,,
R0006351,S019,2025-12-09 14:55:19,2025-12-09 14:52:19,14.0
R0006352,S028,2025-12-09 18:32:54,2025-12-09 18:29:54,26.0
R0006353,S020,2025-12-09 19:34:51,2025-12-09 19:11:51,13.0
R0006354,S019,2025-12-09 16:09:41,2025-12-09 16:05:41,15.0
R0006355,S001,2025-12-09 10:59:29,2025-12-09 10:44:29,7.0
R0006356,S029,2025-12-09 08:09:27,2025-12-09 08:21:27,20.0
R0006357,S022,2025-12-09 07:23:33,2025-12-09 08:11:33,30.0
R0006358,S013,2025-12-09 08:32:15,2025-12-09 08:48:15,34.0
R0006359,S008,2025-12-09 16:37:39,2025-12-09 16:30:39,12.0
R0006360,S026,2025-12-09 21:52:45,2025-12-09 22:34:45,30.0
R0006361,S004,2025-12-09 21:15:15,2025-12-09 20:59:15,14.0
R0006362,S008,2025-12-09 09:15:50,2025-12-09 09:34:50,14.0
R0006363,S008,2025-12-09 18:34:41,2025-12-09 18:44:41,38.0
R0006364,S017,2025-12-09 14:52:25,2025-12-09 15:15:25,32.0
R0006365,S004,2025-12-09 21:41:39,2025-12-09 21:45:39,4.0
R0006366,S032,2025-12-09 20:28:20,,
R0006367,S015,2025-12-09 11:35:07,2025-12-09 12:30:07,47.0
R0006368,S019,2025-12-09 12:15:27,2025-12-09 12:20:27,23.0
R0006369,S001,2025-12-09 17:27:28,2025-12-09 17:39:28,9.0
R0006370,S019,2025-12-09 14:48:56,2025-12-09 15:13:56,41.0
R0006371,S005,2025-12-09 22:01:01,2025-12-09 22:58:01,58.0
R0006372,S004,2025-12-09 18:45:26,2025-12-09 19:13:26,14.0
R0006373,S033,2025-12-09 21:01:34,2025-12-09 21:03:34,22.0
R0006374,S022,2025-12-09 12:22:11,2025-12-09 12:54:11,21.0
R0006375,S007,2025-12-09 07:55:36,2025-12-09 08:11:36,14.0
R0006376,S001,2025-12-09 16:50:26,2025-12-09 17:01:26,10.0
R0006377,S029,2025-12-09 15:01:06,2025-12-09 14:43:06,10.0
R0006378,S014,2025-12-10 17:48:31,2025-12-10 17:53:31,34.0
R0006379,S022,2025-12-10 19:27:26,2025-12-10 19:30:26,19.0
R0006380,S016,2025-12-10 13:53:53,,
R0006381,S010,2025-12-10 08:53:46,2025-12-10 09:09:46,41.0
R0006382,S020,2025-12-10 11:54:11,2025-12-10 11:45:11,31.0
R0006383,S024,2025-12-10 22:27:55,2025-12-10 22:34:55,32.0
R0006384,S034,2025-12-10 09:05:04,2025-12-10 09:15:04,15.0
R0006385,S015,2025-12-10 15:40:42,2025-12-10 15:34:42,25.0
R0006386,S029,2025-12-10 13:07:35,2025-12-10 13:15:35,16.0
R0006387,S024,2025-12-10 07:21:34,2025-12-10 07:55:34,23.0
R0006388,S026,2025-12-10 20:29:23,2025-12-10 20:48:23,21.0
R0006389,S010,2025-12-10 18:26:36,2025-12-10 18:35:36,25.0
R0006390,S015,2025-12-10 23:10:26,2025-12-10 23:38:26,38.0
R0006391,S029,2025-12-10 14:30:56,2025-12-10 14:53:56,29.0
R0006392,S007,2025-12-10 18:42:29,2025-12-10 18:50:29,5.0
R0006393,S031,2025-12-10 21:56:20,,
R0006394,S006,2025-12-10 11:21:29,2025-12-10 11:26:29,12.0
R0006395,S030,2025-12-10 12:05:01,2025-12-10 12:09:01,17.0
R0006396,S021,2025-12-10 20:36:20,2025-12-10 21:07:20,45.0
R0006397,S004,2025-12-10 13:39:54,2025-12-10 13:50:54,26.0
R0006398,S004,2025-12-10 08:18:59,2025-12-10 08:14:59,14.0
R0006399,S020,2025-12-10 16:17:30,2025-12-10 16:50:30,29.0
R0006400,S016,2025-12-10 13:39:03,2025-12-10 13:36:03,19.0
R0006401,S004,2025-12-10 20:22:07,2025-12-10 20:11:07,10.0
R0006402,S007,2025-12-10 14:33:13,2025-12-10 14:29:13,11.0
R0006403,S022,2025-12-10 15:42:54,2025-12-10 16:33:54,51.0
R0006404,S001,2025-12-10 17:13:35,2025-12-10 17:23:35,7.0
R0006405,S020,2025-12-10 13:09:11,2025-12-10 13:53:11,34.0
R0006406,S022,2025-12-10 15:12:46,2025-12-10 15:32:46,37.0
R0006407,S004,2025-12-10 13:52:32,2025-12-10 14:22:32,41.0
R0006408,S006,2025-12-10 20:39:41,2025-12-10 21:07:41,14.0
R0006409,S002,2025-12-10 07:57:48,2025-12-10 08:10:48,7.0
R0006410,S022,2025-12-10 07:43:31,2025-12-10 08:07:31,40.0
R0006411,S015,2025-12-10 20:17:49,2025-12-10 20:22:49,21.0
R0006412,S002,2025-12-10 12:40:54,2025-12-10 13:15:54,13.0
R0006413,S007,2025-12-10 16:30:32,2025-12-10 16:36:32,2.0
R0006414,S030,2025-12-10 21:32:47,2025-12-10 21:46:47,5.0
R0006415,S015,2025-12-10 20:22:06,2025-12-10 20:56:06,36.0
R0006416,S016,2025-12-10 16:26:08,,
R0006417,S022,2025-12-10 23:03:44,,
R0006418,S006,2025-12-10 11:40:16,2025-12-10 11:31:16,7.0
R0006419,S007,2025-12-10 19:36:39,2025-12-10 19:17:39,12.0
R0006420,S015,2025-12-10 12:46:26,2025-12-10 13:02:26,45.0
R0006421,S007,2025-12-10 14:26:27,2025-12-10 14:37:27,15.0
R0006422,S007,2025-12-10 19:02:48,2025-12-10 20:00:48,80.0
R0006423,S024,2025-12-10 16:22:56,2025-12-10 16:50:56,19.0
R0006424,S022,2025-12-10 18:45:04,2025-12-10 19:23:04,43.0
R0006425,S016,2025-12-10 09:40:14,2025-12-10 10:04:14,40.0
R0006426,S029,2025-12-10 15:27:04,2025-12-10 15:16:04,27.0
R0006427,S004,2025-12-10 14:37:12,2025-12-10 14:59:12,11.0
R0006428,S021,2025-12-10 21:37:52,2025-12-10 22:17:52,42.0
R0006429,S015,2025-12-10 17:27:25,2025-12-10 18:23:25,51.0
R0006430,S014,2025-12-10 13:45:41,2025-12-10 14:17:41,40.0
R0006431,S034,2025-12-10 13:45:12,2025-12-10 14:26:12,33.0
R0006432,S021,2025-12-10 19:29:20,2025-12-10 19:48:20,33.0
R0006433,S007,2025-12-10 21:12:38,2025-12-10 21:50:38,14.0
R0006434,S024,2025-12-10 13:13:10,,
R0006435,S021,2025-12-10 20:43:15,2025-12-10 21:30:15,45.0
R0006436,S020,2025-12-10 16:52:00,2025-12-10 16:54:00,9.0
R0006437,S021,2025-12-10 14:19:12,2025-12-10 14:49:12,31.0
R0006438,S006,2025-12-10 08:51:32,2025-12-10 08:37:32,16.0
R0006439,S015,2025-12-10 11:02:40,2025-12-10 11:50:40,45.0
R0006440,S024,2025-12-10 11:37:54,2025-12-10 12:02:54,11.0
R0006441,S028,2025-12-10 12:01:05,2025-12-10 11:46:05,18.0
R0006442,S001,2025-12-10 08:09:43,2025-12-10 08:05:43,5.0
R0006443,S006,2025-12-10 14:44:47,2025-12-10 14:47:47,6.0
R0006444,S010,2025-12-10 21:41:58,2025-12-10 22:41:58,36.0
R0006445,S015,2025-12-10 13:32:56,2025-12-10 14:33:56,38.0
R0006446,S004,2025-12-10 19:51:08,2025-12-10 20:05:08,14.0
R0006447,S020,2025-12-10 15:55:56,2025-12-10 16:29:56,33.0
R0006448,S031,2025-12-10 22:03:02,2025-12-10 22:07:02,10.0
R0006449,S004,2025-12-10 20:07:23,2025-12-10 21:15:23,65.0
R0006450,S001,2025-12-10 21:31:54,2025-12-10 21:19:54,6.0
R0006451,S004,2025-12-10 08:10:47,2025-12-10 08:09:47,9.0
R0006452,S007,2025-12-10 20:49:34,2025-12-10 21:06:34,14.0
R0006453,S029,2025-12-10 14:49:27,,
R0006454,S010,2025-12-10 19:53:33,2025-12-10 20:08:33,34.0
R0006455,S015,2025-12-10 11:23:23,2025-12-10 11:29:23,22.0
R0006456,S002,2025-12-10 17:05:22,2025-12-10 17:01:22,10.0
R0006457,S031,2025-12-10 08:19:18,2025-12-10 08:32:18,35.0
R0006458,S021,2025-12-10 14:32:48,2025-12-10 14:45:48,27.0
R0006459,S031,2025-12-10 22:27:29,2025-12-10 22:18:29,28.0
R0006460,S029,2025-12-10 21:59:40,2025-12-10 22:02:40,22.0
R0006461,S015,2025-12-10 19:17:58,2025-12-10 19:29:58,26.0
R0006462,S020,2025-12-10 20:51:04,2025-12-10 21:26:04,38.0
R0006463,S001,2025-12-10 10:30:55,2025-12-10 10:51:55,6.0
R0006464,S006,2025-12-10 16:55:46,2025-12-10 16:37:46,8.0
R0006465,S016,2025-12-10 11:11:13,2025-12-10 11:35:13,17.0
R0006466,S014,2025-12-10 10:59:57,2025-12-10 11:01:57,37.0
R0006467,S007,2025-12-10 07:53:25,2025-12-10 07:45:25,16.0
R0006468,S001,2025-12-10 17:25:58,2025-12-10 17:47:58,11.0
R0006469,S006,2025-12-10 17:36:29,,
R0006470,S021,2025-12-10 14:19:10,,27.0
R0006471,S014,2025-12-10 14:20:51,2025-12-10 14:30:51,20.0
R0006472,S022,2025-12-10 23:03:58,2025-12-10 23:44:58,43.0
R0006473,S016,2025-12-10 19:08:41,2025-12-10 19:32:41,40.0
R0006474,S014,2025-12-10 20:23:20,2025-12-10 21:20:20,49.0
R0006475,S029,2025-12-10 12:28:39,2025-12-10 12:52:39,21.0
R0006476,S020,2025-12-10 12:01:36,2025-12-10 12:46:36,46.0
R0006477,S010,2025-12-10 18:21:36,2025-12-10 18:47:36,19.0
R0006478,S014,2025-12-10 13:55:56,2025-12-10 14:08:56,42.0
R0006479,S034,2025-12-10 20:42:31,2025-12-10 20:52:31,18.0
R0006480,S002,2025-12-10 21:18:54,2025-12-10 21:35:54,4.0
R0006481,S016,2025-12-10 20:41:15,2025-12-10 21:11:15,37.0
R0006482,S026,2025-12-10 12:48:27,2025-12-10 13:02:27,26.0
R0006483,S029,2025-12-10 12:32:41,2025-12-10 13:00:41,27.0
R0006484,S001,2025-12-10 21:34:42,2025-12-10 21:33:42,14.0
R0006485,S010,2025-12-10 08:32:45,2025-12-10 08:45:45,14.0
R0006486,S031,2025-12-10 17:54:13,2025-12-10 18:32:13,32.0
R0006487,S022,2025-12-10 15:04:22,2025-12-10 15:18:22,36.0
R0006488,S022,2025-12-10 17:32:38,2025-12-10 18:17:38,20.0
R0006489,S010,2025-12-10 08:30:06,2025-12-10 08:58:06,31.0
R0006490,S004,2025-12-10 20:59:07,2025-12-10 21:16:07,13.0
R0006491,S002,2025-12-10 08:27:31,2025-12-10 09:32:31,62.0
R0006492,S004,2025-12-10 16:29:24,2025-12-10 16:31:24,14.0
R0006493,S007,2025-12-10 15:00:27,2025-12-10 14:34:27,13.0
R0006494,S020,2025-12-10 13:15:11,2025-12-10 13:58:11,40.0
R0006495,S016,2025-12-10 23:19:39,2025-12-10 23:40:39,37.0
R0006496,S002,2025-12-10 20:03:03,2025-12-10 20:18:03,8.0
R0006497,S002,2025-12-10 21:30:08,2025-12-10 22:34:08,80.0
R0006498,S007,2025-12-10 21:28:30,2025-12-10 20:58:30,5.0
R0006499,S014,2025-12-10 17:32:34,2025-12-10 18:16:34,49.0
R0006500,S026,2025-12-10 19:31:41,2025-12-10 19:56:41,17.0
R0006501,S015,2025-12-10 08:41:41,2025-12-10 08:54:41,31.0
R0006502,S014,2025-12-10 07:29:59,2025-12-10 08:03:59,24.0
R0006503,S004,2025-12-10 19:08:11,2025-12-10 18:49:11,11.0
R0006504,S002,2025-12-10 13:25:12,,
R0006505,S014,2025-12-10 13:52:01,2025-12-10 14:23:01,33.0
R0006506,S030,2025-12-10 16:45:56,2025-12-10 17:23:56,29.0
R0006507,S007,2025-12-10 12:30:26,2025-12-10 12:34:26,11.0
R0006508,S030,2025-12-10 22:10:52,,
R0006509,S004,2025-12-10 16:00:33,2025-12-10 16:27:33,14.0
R0006510,S024,2025-12-10 07:48:59,2025-12-10 08:22:59,23.0
R0006511,S020,2025-12-10 15:28:58,2025-12-10 15:25:58,21.0
R0006512,S016,2025-12-10 09:38:05,2025-12-10 09:50:05,29.0
R0006513,S004,2025-12-10 19:12:11,2025-12-10 18:51:11,10.0
R0006514,S001,2025-12-10 17:09:22,2025-12-10 18:17:22,73.0
R0006515,S007,2025-12-10 12:14:58,2025-12-10 12:13:58,6.0
R0006516,S024,2025-12-10 15:19:08,2025-12-10 15:23:08,11.0
R0006517,S002,2025-12-10 14:32:32,2025-12-10 15:22:32,65.0
R0006518,S029,2025-12-10 13:00:28,2025-12-10 13:03:28,22.0
R0006519,S010,2025-12-10 23:15:18,,
R0006520,S006,2025-12-10 10:40:23,2025-12-10 10:55:23,9.0
R0006521,S016,2025-12-10 19:10:02,2025-12-10 19:25:02,11.0
R0006522,S004,2025-12-10 11:36:45,2025-12-10 12:14:45,13.0
R0006523,S007,2025-12-10 08:54:01,2025-12-10 08:35:01,8.0
R0006524,S010,2025-12-10 17:59:02,2025-12-10 18:43:02,27.0
R0006525,S010,2025-12-10 16:31:45,,
R0006526,S029,2025-12-10 22:04:32,2025-12-10 22:11:32,27.0
R0006527,S020,2025-12-10 22:48:47,,20.0
R0006528,S010,2025-12-10 19:17:27,2025-12-10 19:18:27,24.0
R0006529,S016,2025-12-10 10:46:28,2025-12-10 11:08:28,33.0
R0006530,S030,2025-12-10 18:42:17,,
R0006531,S007,2025-12-10 08:43:25,2025-12-10 09:18:25,51.0
R0006532,S021,2025-12-10 21:55:20,2025-12-10 21:39:20,28.0
R0006533,S015,2025-12-10 12:27:45,2025-12-10 12:59:45,37.0
R0006534,S021,2025-12-10 21:00:06,2025-12-10 21:30:06,16.0
R0006535,S010,2025-12-10 07:27:31,2025-12-10 08:23:31,45.0
R0006536,S014,2025-12-10 11:58:51,2025-12-10 12:42:51,46.0
R0006537,S024,2025-12-10 19:09:24,2025-12-10 19:24:24,16.0
R0006538,S014,2025-12-10 07:18:19,2025-12-10 07:50:19,30.0
R0006539,S007,2025-12-10 17:15:17,2025-12-10 17:20:17,6.0
R0006540,S022,2025-12-10 14:25:39,2025-12-10 14:51:39,39.0
R0006541,S021,2025-12-10 10:55:41,2025-12-10 11:49:41,52.0
R0006542,S006,2025-12-10 19:02:17,2025-12-10 19:33:17,14.0
R0006543,S010,2025-12-10 21:28:05,2025-12-10 22:18:05,46.0
R0006544,S029,2025-12-10 20:36:44,2025-12-10 20:27:44,13.0
R0006545,S034,2025-12-10 09:03:38,2025-12-10 09:42:38,29.0
R0006546,S001,2025-12-10 19:24:34,2025-12-10 20:39:34,68.0
R0006547,S022,2025-12-10 17:23:05,2025-12-10 18:16:05,34.0
R0006548,S034,2025-12-10 21:17:45,2025-12-10 21:09:45,11.0
R0006549,S004,2025-12-10 08:58:08,2025-12-10 08:47:08,4.0
R0006550,S020,2025-12-10 16:05:58,2025-12-10 16:47:58,59.0
R0006551,S002,2025-12-10 13:11:16,2025-12-10 12:58:16,8.0
R0006552,S031,2025-12-10 14:50:18,2025-12-10 14:55:18,10.0
R0006553,S001,2025-12-10 18:49:14,2025-12-10 18:56:14,15.0
R0006554,S007,2025-12-10 12:37:40,2025-12-10 13:34:40,51.0
R0006555,S031,2025-12-10 20:44:59,,32.0
R0006556,S006,2025-12-10 11:15:32,2025-12-10 11:35:32,11.0
R0006557,S015,2025-12-10 11:39:39,2025-12-10 12:42:39,38.0
R0006558,S024,2025-12-10 13:01:41,2025-12-10 13:01:41,15.0
R0006559,S028,2025-12-10 15:26:33,2025-12-10 15:30:33,28.0
R0006560,S001,2025-12-10 21:05:06,2025-12-10 20:39:06,10.0
R0006561,S007,2025-12-10 13:38:41,2025-12-10 13:48:41,10.0
R0006562,S002,2025-12-10 08:23:14,,
R0006563,S028,2025-12-10 09:51:56,2025-12-10 10:01:56,8.0
R0006564,S022,2025-12-10 13:12:48,2025-12-10 13:38:48,44.0
R0006565,S007,2025-12-10 10:10:34,2025-12-10 10:35:34,11.0
R0006566,S016,2025-12-10 11:28:31,2025-12-10 11:38:31,29.0
R0006567,S002,2025-12-10 16:42:20,2025-12-10 16:36:20,10.0
R0006568,S002,2025-12-10 17:57:09,2025-12-10 18:03:09,7.0
R0006569,S016,2025-12-10 12:10:00,2025-12-10 12:57:00,47.0
R0006570,S006,2025-12-10 10:39:21,2025-12-10 10:44:21,17.0
R0006571,S014,2025-12-10 13:38:33,2025-12-10 14:16:33,32.0
R0006572,S028,2025-12-10 08:38:31,,
R0006573,S020,2025-12-10 14:39:24,,
R0006574,S010,2025-12-10 08:56:34,2025-12-10 09:27:34,31.0
R0006575,S007,2025-12-10 22:08:03,,
R0006576,S014,2025-12-10 13:35:58,2025-12-10 14:30:58,38.0
R0006577,S010,2025-12-10 20:48:29,2025-12-10 20:56:29,17.0
R0006578,S026,2025-12-10 19:25:28,2025-12-10 19:25:28,18.0
R0006579,S030,2025-12-10 20:14:26,2025-12-10 20:28:26,23.0
R0006580,S007,2025-12-10 19:19:36,2025-12-10 19:18:36,8.0
R0006581,S021,2025-12-10 18:25:14,2025-12-10 18:37:14,21.0
R0006582,S007,2025-12-10 20:47:13,2025-12-10 20:31:13,6.0
R0006583,S021,2025-12-10 16:53:47,2025-12-10 17:30:47,45.0
R0006584,S026,2025-12-10 18:26:33,2025-12-10 18:28:33,20.0
R0006585,S010,2025-12-10 19:57:56,2025-12-10 20:32:56,31.0
R0006586,S010,2025-12-10 19:03:34,2025-12-10 19:29:34,41.0
R0006587,S020,2025-12-10 11:48:16,2025-12-10 12:00:16,41.0
R0006588,S006,2025-12-10 11:33:46,2025-12-10 12:14:46,43.0
R0006589,S014,2025-12-10 21:43:44,2025-12-10 22:11:44,26.0
R0006590,S010,2025-12-10 20:45:15,2025-12-10 21:34:15,34.0
R0006591,S002,2025-12-11 14:20:15,2025-12-11 14:25:15,12.0
R0006592,S019,2025-12-11 09:10:34,2025-12-11 09:07:34,32.0
R0006593,S009,2025-12-11 19:58:45,2025-12-11 20:24:45,33.0
R0006594,S020,2025-12-11 11:14:24,2025-12-11 11:47:24,31.0
R0006595,S002,2025-12-11 18:03:08,,
R0006596,S024,2025-12-11 11:28:24,2025-12-11 11:59:24,18.0
R0006597,S021,2025-12-11 22:46:24,2025-12-11 22:30:24,16.0
R0006598,S005,2025-12-11 19:09:18,2025-12-11 19:30:18,9.0
R0006599,S012,2025-12-11 13:35:48,2025-12-11 13:56:48,24.0
R0006600,S020,2025-12-11 20:28:31,,
R0006601,S013,2025-12-11 18:57:17,2025-12-11 19:37:17,33.0
R0006602,S033,2025-12-11 17:17:12,2025-12-11 17:31:12,12.0
R0006603,S023,2025-12-11 21:03:03,2025-12-11 21:12:03,26.0
R0006604,S031,2025-12-11 23:14:19,2025-12-11 23:38:19,20.0
R0006605,S001,2025-12-11 17:18:03,2025-12-11 18:17:03,45.0
R0006606,S034,2025-12-11 19:16:08,,
R0006607,S019,2025-12-11 08:55:05,2025-12-11 09:27:05,47.0
R0006608,S031,2025-12-11 20:36:05,,27.0
R0006609,S014,2025-12-11 09:10:03,2025-12-11 08:58:03,29.0
R0006610,S006,2025-12-11 21:59:42,2025-12-11 22:16:42,45.0
R0006611,S012,2025-12-11 10:28:03,2025-12-11 11:08:03,59.0
R0006612,S030,2025-12-11 16:16:12,,
R0006613,S019,2025-12-11 21:43:40,,
R0006614,S020,2025-12-11 11:41:27,,
R0006615,S008,2025-12-11 21:32:57,2025-12-11 21:28:57,11.0
R0006616,S034,2025-12-11 09:20:12,,
R0006617,S034,2025-12-11 14:54:17,2025-12-11 15:25:17,25.0
R0006618,S008,2025-12-11 15:57:15,2025-12-11 15:57:15,11.0
R0006619,S001,2025-12-11 19:37:40,2025-12-11 19:40:40,7.0
R0006620,S023,2025-12-11 17:06:06,2025-12-11 16:49:06,11.0
R0006621,S021,2025-12-11 17:37:00,2025-12-11 17:54:00,15.0
R0006622,S031,2025-12-11 07:23:14,2025-12-11 08:09:14,36.0
R0006623,S008,2025-12-11 21:35:48,2025-12-11 21:42:48,8.0
R0006624,S002,2025-12-11 19:56:43,2025-12-11 21:02:43,67.0
R0006625,S013,2025-12-11 13:09:00,,
R0006626,S024,2025-12-11 13:30:52,2025-12-11 13:39:52,27.0
R0006627,S012,2025-12-11 07:59:41,2025-12-11 08:11:41,31.0
R0006628,S005,2025-12-11 15:08:58,2025-12-11 15:38:58,50.0
R0006629,S010,2025-12-11 22:28:13,2025-12-11 23:00:13,34.0
R0006630,S020,2025-12-11 19:26:00,2025-12-11 19:52:00,9.0
R0006631,S012,2025-12-11 13:42:00,,
R0006632,S024,2025-12-11 14:53:10,,
R0006633,S010,2025-12-11 20:28:33,2025-12-11 21:10:33,31.0
R0006634,S006,2025-12-11 14:57:26,2025-12-11 15:38:26,32.0
R0006635,S014,2025-12-11 21:49:53,2025-12-11 22:00:53,24.0
R0006636,S008,2025-12-11 20:56:26,2025-12-11 21:01:26,9.0
R0006637,S002,2025-12-11 09:15:57,,
R0006638,S021,2025-12-11 16:50:21,,
R0006639,S021,2025-12-11 10:12:27,,
R0006640,S024,2025-12-11 14:30:57,2025-12-11 14:47:57,26.0
R0006641,S009,2025-12-11 22:14:22,2025-12-11 22:33:22,31.0
R0006642,S012,2025-12-11 15:14:01,2025-12-11 15:08:01,19.0
R0006643,S002,2025-12-11 19:20:17,2025-12-11 20:00:17,59.0
R0006644,S008,2025-12-11 20:04:46,2025-12-11 20:13:46,2.0
R0006645,S019,2025-12-11 12:55:41,2025-12-11 13:46:41,51.0
R0006646,S034,2025-12-11 12:18:23,2025-12-11 12:09:23,20.0
R0006647,S009,2025-12-11 10:50:52,2025-12-11 10:40:52,19.0
R0006648,S033,2025-12-11 07:21:08,2025-12-11 07:52:08,22.0
R0006649,S031,2025-12-11 13:54:39,2025-12-11 14:13:39,21.0
R0006650,S005,2025-12-11 09:03:36,2025-12-11 09:06:36,11.0
R0006651,S001,2025-12-11 15:02:12,2025-12-11 15:16:12,17.0
R0006652,S005,2025-12-11 11:28:45,,
R0006653,S002,2025-12-11 19:07:25,2025-12-11 19:44:25,53.0
R0006654,S002,2025-12-11 20:10:35,2025-12-11 20:45:35,63.0
R0006655,S010,2025-12-11 19:03:02,2025-12-11 19:11:02,41.0
R0006656,S014,2025-12-11 21:58:21,,
R0006657,S034,2025-12-11 14:18:47,,21.0
R0006658,S005,2025-12-11 20:16:05,2025-12-11 20:30:05,18.0
R0006659,S010,2025-12-11 19:05:46,2025-12-11 19:12:46,29.0
R0006660,S033,2025-12-11 21:24:55,2025-12-11 21:25:55,30.0
R0006661,S006,2025-12-11 09:34:58,2025-12-11 09:25:58,10.0
R0006662,S031,2025-12-11 14:00:31,2025-12-11 14:23:31,25.0
R0006663,S012,2025-12-11 21:12:10,2025-12-11 21:58:10,27.0
R0006664,S024,2025-12-11 15:22:06,,
R0006665,S012,2025-12-11 21:05:01,2025-12-11 21:36:01,29.0
R0006666,S006,2025-12-11 13:14:54,2025-12-11 13:11:54,12.0
R0006667,S008,2025-12-11 13:33:17,2025-12-11 13:36:17,12.0
R0006668,S020,2025-12-11 13:58:05,2025-12-11 14:48:05,35.0
R0006669,S008,2025-12-11 16:44:33,2025-12-11 16:48:33,5.0
R0006670,S030,2025-12-11 18:54:42,2025-12-11 18:59:42,32.0
R0006671,S006,2025-12-11 08:29:16,2025-12-11 08:19:16,16.0
R0006672,S024,2025-12-11 19:44:32,2025-12-11 20:05:32,24.0
R0006673,S012,2025-12-11 13:21:18,2025-12-11 13:44:18,46.0
R0006674,S033,2025-12-11 18:35:03,2025-12-11 18:48:03,20.0
R0006675,S010,2025-12-11 23:07:34,2025-12-11 23:27:34,41.0
R0006676,S008,2025-12-11 15:30:21,2025-12-11 15:50:21,54.0
R0006677,S021,2025-12-11 20:26:13,2025-12-11 21:36:13,48.0
R0006678,S021,2025-12-11 17:31:37,2025-12-11 18:10:37,33.0
R0006679,S005,2025-12-11 21:54:17,2025-12-11 22:36:17,51.0
R0006680,S020,2025-12-11 13:47:33,2025-12-11 14:31:33,43.0
R0006681,S005,2025-12-11 15:40:16,2025-12-11 15:19:16,11.0
R0006682,S002,2025-12-11 08:46:15,2025-12-11 09:10:15,-9.0
R0006683,S034,2025-12-11 15:19:41,2025-12-11 16:13:41,31.0
R0006684,S002,2025-12-11 21:42:24,2025-12-11 21:41:24,3.0
R0006685,S005,2025-12-11 09:51:22,2025-12-11 09:48:22,14.0
R0006686,S030,2025-12-11 22:16:21,2025-12-11 21:59:21,24.0
R0006687,S002,2025-12-11 19:46:16,2025-12-11 19:44:16,14.0
R0006688,S030,2025-12-11 19:10:33,,
R0006689,S023,2025-12-11 12:27:50,,
R0006690,S023,2025-12-11 10:39:23,2025-12-11 10:33:23,20.0
R0006691,S012,2025-12-11 14:02:11,2025-12-11 14:31:11,15.0
R0006692,S002,2025-12-11 14:23:31,2025-12-11 14:20:31,10.0
R0006693,S002,2025-12-11 13:17:21,,
R0006694,S009,2025-12-11 21:59:11,2025-12-11 22:20:11,27.0
R0006695,S009,2025-12-11 08:37:20,2025-12-11 09:23:20,44.0
R0006696,S006,2025-12-11 13:55:25,2025-12-11 13:57:25,13.0
R0006697,S023,2025-12-11 13:10:53,2025-12-11 13:44:53,29.0
R0006698,S008,2025-12-11 10:02:46,2025-12-11 10:21:46,45.0
R0006699,S010,2025-12-11 16:25:24,2025-12-11 17:07:24,39.0
R0006700,S012,2025-12-11 14:11:52,2025-12-11 14:01:52,22.0
R0006701,S014,2025-12-11 20:17:48,2025-12-11 20:29:48,28.0
R0006702,S030,2025-12-11 19:43:30,2025-12-11 19:51:30,21.0
R0006703,S005,2025-12-11 08:18:24,2025-12-11 08:07:24,9.0
R0006704,S010,2025-12-11 18:50:55,2025-12-11 19:22:55,34.0
R0006705,S008,2025-12-11 08:35:50,2025-12-11 08:44:50,9.0
R0006706,S008,2025-12-11 20:36:05,,9.0
R0006707,S031,2025-12-11 22:24:46,2025-12-11 22:45:46,26.0
R0006708,S013,2025-12-11 08:52:53,2025-12-11 09:03:53,34.0
R0006709,S008,2025-12-11 19:48:44,2025-12-11 20:18:44,12.0
R0006710,S023,2025-12-11 19:40:51,2025-12-11 20:01:51,26.0
R0006711,S019,2025-12-11 19:15:11,2025-12-11 19:23:11,32.0
R0006712,S033,2025-12-11 15:02:03,2025-12-11 15:40:03,30.0
R0006713,S008,2025-12-11 12:24:35,2025-12-11 12:18:35,9.0
R0006714,S012,2025-12-11 13:58:41,2025-12-11 14:23:41,17.0
R0006715,S014,2025-12-11 14:54:51,2025-12-11 15:18:51,30.0
R0006716,S012,2025-12-11 21:30:39,2025-12-11 22:09:39,17.0
R0006717,S005,2025-12-11 13:41:17,,
R0006718,S012,2025-12-11 10:22:54,2025-12-11 10:39:54,36.0
R0006719,S023,2025-12-11 18:12:01,,26.0
R0006720,S010,2025-12-11 22:21:19,2025-12-11 22:32:19,27.0
R0006721,S033,2025-12-11 10:16:18,2025-12-11 10:11:18,19.0
R0006722,S024,2025-12-11 07:21:42,,
R0006723,S010,2025-12-11 22:25:26,2025-12-11 23:24:26,41.0
R0006724,S001,2025-12-11 18:22:18,2025-12-11 18:15:18,7.0
R0006725,S001,2025-12-11 10:21:52,2025-12-11 10:38:52,16.0
R0006726,S008,2025-12-11 17:48:26,,6.0
R0006727,S008,2025-12-11 20:38:11,,
R0006728,S005,2025-12-11 20:43:30,2025-12-11 20:42:30,16.0
R0006729,S012,2025-12-11 13:07:44,2025-12-11 13:49:44,38.0
R0006730,S008,2025-12-11 21:11:37,2025-12-11 21:43:37,38.0
R0006731,S008,2025-12-11 21:27:36,2025-12-11 21:38:36,13.0
R0006732,S005,2025-12-11 16:35:05,2025-12-11 16:31:05,12.0
R0006733,S005,2025-12-11 12:21:20,2025-12-11 12:47:20,7.0
R0006734,S021,2025-12-11 21:07:30,2025-12-11 21:40:30,40.0
R0006735,S024,2025-12-11 15:10:47,2025-12-11 15:12:47,28.0
R0006736,S014,2025-12-11 22:22:13,2025-12-11 22:16:13,35.0
R0006737,S029,2025-12-11 22:49:01,2025-12-11 22:49:01,32.0
R0006738,S001,2025-12-11 11:49:22,2025-12-11 12:23:22,11.0
R0006739,S006,2025-12-11 13:27:21,2025-12-11 13:59:21,13.0
R0006740,S021,2025-12-11 22:03:16,2025-12-11 22:05:16,41.0
R0006741,S014,2025-12-11 08:45:36,2025-12-11 08:49:36,32.0
R0006742,S031,2025-12-11 15:37:11,2025-12-11 15:47:11,30.0
R0006743,S001,2025-12-11 17:17:26,2025-12-11 18:34:26,54.0
R0006744,S008,2025-12-11 14:47:35,2025-12-11 14:35:35,12.0
R0006745,S012,2025-12-11 09:48:32,2025-12-11 10:19:32,36.0
R0006746,S023,2025-12-11 09:19:54,2025-12-11 09:11:54,23.0
R0006747,S005,2025-12-11 21:56:00,2025-12-11 22:19:00,36.0
R0006748,S029,2025-12-11 09:00:12,2025-12-11 09:22:12,26.0
R0006749,S008,2025-12-11 12:33:21,,
R0006750,S002,2025-12-11 08:34:58,2025-12-11 08:35:58,5.0
R0006751,S012,2025-12-11 19:17:33,,
R0006752,S005,2025-12-11 16:54:49,2025-12-11 17:17:49,12.0
R0006753,S014,2025-12-11 18:03:21,2025-12-11 18:47:21,45.0
R0006754,S021,2025-12-11 15:41:30,2025-12-11 15:32:30,22.0
R0006755,S009,2025-12-11 12:06:01,2025-12-11 12:22:01,30.0
R0006756,S030,2025-12-11 21:30:51,2025-12-11 21:56:51,34.0
R0006757,S005,2025-12-11 19:32:45,2025-12-11 19:06:45,10.0
R0006758,S019,2025-12-11 22:00:40,2025-12-11 22:29:40,41.0
R0006759,S034,2025-12-11 18:14:51,2025-12-11 18:33:51,22.0
R0006760,S008,2025-12-11 11:42:07,,-13.0
R0006761,S001,2025-12-11 13:21:41,2025-12-11 13:09:41,13.0
R0006762,S001,2025-12-11 13:18:16,2025-12-11 13:08:16,11.0
R0006763,S021,2025-12-11 17:20:39,2025-12-11 17:46:39,30.0
R0006764,S006,2025-12-11 21:46:01,,5.0
R0006765,S024,2025-12-11 19:20:48,2025-12-11 19:29:48,23.0
R0006766,S008,2025-12-11 21:18:19,2025-12-11 21:42:19,43.0
R0006767,S002,2025-12-11 11:22:13,2025-12-11 11:31:13,13.0
R0006768,S005,2025-12-11 16:42:41,2025-12-11 17:30:41,58.0
R0006769,S014,2025-12-11 11:32:19,2025-12-11 11:34:19,19.0
R0006770,S034,2025-12-11 14:36:16,2025-12-11 14:32:16,20.0
R0006771,S010,2025-12-11 12:07:24,,
R0006772,S005,2025-12-11 12:14:43,2025-12-11 12:43:43,34.0
R0006773,S019,2025-12-11 21:21:39,2025-12-11 21:51:39,37.0
R0006774,S005,2025-12-11 22:06:07,2025-12-11 22:37:07,64.0
R0006775,S033,2025-12-11 11:15:48,2025-12-11 11:51:48,28.0
R0006776,S029,2025-12-11 19:16:29,2025-12-11 19:47:29,27.0
R0006777,S034,2025-12-11 21:51:17,2025-12-11 22:44:17,31.0
R0006778,S020,2025-12-11 16:58:58,2025-12-11 17:25:58,34.0
R0006779,S009,2025-12-11 22:29:24,2025-12-11 22:34:24,27.0
R0006780,S023,2025-12-11 18:36:05,2025-12-11 18:26:05,22.0
R0006781,S005,2025-12-11 11:03:47,2025-12-11 11:26:47,10.0
R0006782,S023,2025-12-11 22:03:14,2025-12-11 22:06:14,24.0
R0006783,S005,2025-12-11 16:52:13,2025-12-11 17:18:13,13.0
R0006784,S013,2025-12-11 15:08:18,2025-12-11 15:45:18,35.0
R0006785,S005,2025-12-11 21:31:22,2025-12-11 21:24:22,10.0
R0006786,S010,2025-12-11 19:44:06,2025-12-11 19:54:06,15.0
R0006787,S033,2025-12-11 21:01:27,2025-12-11 21:13:27,14.0
R0006788,S013,2025-12-11 17:35:16,2025-12-11 18:40:16,43.0
R0006789,S034,2025-12-11 21:54:30,2025-12-11 21:47:30,24.0
R0006790,S013,2025-12-11 19:58:00,2025-12-11 20:32:00,53.0
R0006791,S010,2025-12-11 22:01:42,2025-12-11 22:30:42,33.0
R0006792,S029,2025-12-11 21:16:54,2025-12-11 21:50:54,-18.0
R0006793,S021,2025-12-11 22:36:20,2025-12-11 23:05:20,35.0
R0006794,S014,2025-12-11 14:09:01,,
R0006795,S002,2025-12-11 14:08:03,2025-12-11 14:27:03,38.0
R0006796,S021,2025-12-11 20:04:41,2025-12-11 20:18:41,12.0
R0006797,S010,2025-12-11 18:04:16,2025-12-11 19:00:16,37.0
R0006798,S013,2025-12-11 07:54:01,,
R0006799,S030,2025-12-11 12:43:22,,
R0006800,S005,2025-12-11 22:14:45,2025-12-11 22:14:45,9.0
R0006801,S001,2025-12-11 21:14:42,2025-12-11 22:02:42,32.0
R0006802,S008,2025-12-11 18:03:39,2025-12-11 17:51:39,13.0
R0006803,S006,2025-12-11 21:02:24,2025-12-11 21:47:24,38.0
R0006804,S021,2025-12-11 11:56:09,2025-12-11 12:53:09,39.0
R0006805,S012,2025-12-11 12:00:30,2025-12-11 11:57:30,17.0
R0006806,S030,2025-12-11 21:15:57,2025-12-11 21:18:57,22.0
R0006807,S014,2025-12-11 21:54:46,2025-12-11 22:14:46,34.0
R0006808,S019,2025-12-11 14:12:57,2025-12-11 14:48:57,38.0
R0006809,S024,2025-12-11 13:09:20,2025-12-11 13:26:20,31.0
R0006810,S031,2025-12-11 21:04:05,2025-12-11 20:59:05,27.0
R0006811,S009,2025-12-11 14:07:05,2025-12-11 14:07:05,16.0
R0006812,S023,2025-12-11 09:27:57,2025-12-11 10:11:57,38.0
R0006813,S014,2025-12-11 13:30:52,2025-12-11 13:16:52,19.0
R0006814,S010,2025-12-11 16:49:15,2025-12-11 17:23:15,18.0
R0006815,S013,2025-12-11 09:14:54,2025-12-11 09:33:54,27.0
R0006816,S008,2025-12-11 12:21:19,2025-12-11 12:24:19,9.0
R0006817,S012,2025-12-11 18:08:25,2025-12-11 18:45:25,21.0
R0006818,S010,2025-12-11 12:11:21,2025-12-11 12:38:21,37.0
R0006819,S001,2025-12-11 21:21:48,2025-12-11 21:33:48,10.0
R0006820,S012,2025-12-11 08:49:01,,44.0
R0006821,S010,2025-12-11 12:48:53,2025-12-11 13:12:53,39.0
R0006822,S008,2025-12-12 11:58:22,2025-12-12 12:31:22,37.0
R0006823,S015,2025-12-12 15:42:56,,42.0
R0006824,S025,2025-12-12 14:47:37,2025-12-12 15:06:37,21.0
R0006825,S027,2025-12-12 15:01:49,2025-12-12 15:22:49,22.0
R0006826,S017,2025-12-12 21:23:28,2025-12-12 22:16:28,62.0
R0006827,S029,2025-12-12 20:15:15,2025-12-12 20:30:15,23.0
R0006828,S002,2025-12-12 16:05:11,2025-12-12 16:11:11,4.0
R0006829,S030,2025-12-12 22:25:25,2025-12-12 22:50:25,37.0
R0006830,S025,2025-12-12 16:11:19,,20.0
R0006831,S033,2025-12-12 20:58:13,2025-12-12 21:15:13,30.0
R0006832,S005,2025-12-12 21:50:43,2025-12-12 22:22:43,15.0
R0006833,S003,2025-12-12 07:18:46,2025-12-12 08:27:46,76.0
R0006834,S028,2025-12-12 07:24:37,2025-12-12 07:50:37,9.0
R0006835,S027,2025-12-12 09:22:53,2025-12-12 10:04:53,27.0
R0006836,S013,2025-12-12 13:55:16,2025-12-12 14:40:16,37.0
R0006837,S030,2025-12-12 21:28:29,2025-12-12 21:58:29,31.0
R0006838,S023,2025-12-12 20:59:10,2025-12-12 21:51:10,29.0
R0006839,S030,2025-12-12 13:52:35,2025-12-12 14:25:35,27.0
R0006840,S025,2025-12-12 14:35:15,2025-12-12 15:13:15,27.0
R0006841,S018,2025-12-12 10:18:07,2025-12-12 10:30:07,38.0
R0006842,S018,2025-12-12 12:09:09,2025-12-12 13:00:09,38.0
R0006843,S019,2025-12-12 13:36:22,2025-12-12 13:48:22,38.0
R0006844,S033,2025-12-12 15:40:25,2025-12-12 15:37:25,21.0
R0006845,S022,2025-12-12 21:33:10,,
R0006846,S015,2025-12-12 20:11:39,2025-12-12 20:26:39,33.0
R0006847,S003,2025-12-12 20:44:50,2025-12-12 20:46:50,13.0
R0006848,S018,2025-12-12 10:23:02,2025-12-12 10:36:02,36.0
R0006849,S007,2025-12-12 21:32:57,2025-12-12 21:55:57,11.0
R0006850,S032,2025-12-12 08:18:07,2025-12-12 08:15:07,22.0
R0006851,S007,2025-12-12 15:39:22,2025-12-12 15:30:22,13.0
R0006852,S033,2025-12-12 19:07:58,2025-12-12 19:37:58,29.0
R0006853,S027,2025-12-12 17:24:38,2025-12-12 17:20:38,23.0
R0006854,S015,2025-12-12 19:46:16,,-28.0
R0006855,S027,2025-12-12 20:26:56,2025-12-12 20:39:56,20.0
R0006856,S010,2025-12-12 13:32:01,,
R0006857,S008,2025-12-12 10:35:02,,15.0
R0006858,S028,2025-12-12 11:58:57,2025-12-12 12:07:57,28.0
R0006859,S033,2025-12-12 12:39:20,2025-12-12 12:31:20,25.0
R0006860,S027,2025-12-12 20:39:05,2025-12-12 21:08:05,27.0
R0006861,S032,2025-12-12 10:17:14,2025-12-12 10:33:14,14.0
R0006862,S022,2025-12-12 20:10:49,2025-12-12 20:39:49,46.0
R0006863,S028,2025-12-12 19:25:21,2025-12-12 20:07:21,20.0
R0006864,S011,2025-12-12 13:38:11,2025-12-12 13:55:11,34.0
R0006865,S019,2025-12-12 15:12:44,2025-12-12 15:47:44,43.0
R0006866,S003,2025-12-12 21:36:12,2025-12-12 21:33:12,12.0
R0006867,S005,2025-12-12 21:17:03,,
R0006868,S027,2025-12-12 20:08:57,,
R0006869,S029,2025-12-12 21:51:43,,
R0006870,S015,2025-12-12 07:55:09,2025-12-12 09:09:09,52.0
R0006871,S019,2025-12-12 14:14:51,2025-12-12 14:41:51,26.0
R0006872,S019,2025-12-12 14:58:50,2025-12-12 15:46:50,32.0
R0006873,S032,2025-12-12 13:54:46,2025-12-12 14:00:46,25.0
R0006874,S005,2025-12-12 19:30:56,2025-12-12 19:58:56,13.0
R0006875,S019,2025-12-12 19:02:26,2025-12-12 19:13:26,30.0
R0006876,S029,2025-12-12 19:13:04,2025-12-12 19:35:04,26.0
R0006877,S005,2025-12-12 19:28:07,2025-12-12 19:24:07,5.0
R0006878,S018,2025-12-12 20:07:13,2025-12-12 20:28:13,26.0
R0006879,S003,2025-12-12 07:19:34,2025-12-12 07:44:34,13.0
R0006880,S015,2025-12-12 12:57:56,2025-12-12 13:34:56,45.0
R0006881,S011,2025-12-12 07:40:53,2025-12-12 08:34:53,37.0
R0006882,S005,2025-12-12 08:58:14,2025-12-12 08:47:14,14.0
R0006883,S018,2025-12-12 14:00:46,2025-12-12 14:31:46,33.0
R0006884,S025,2025-12-12 12:20:50,2025-12-12 12:27:50,23.0
R0006885,S029,2025-12-12 19:05:45,2025-12-12 19:15:45,21.0
R0006886,S011,2025-12-12 14:13:45,,
R0006887,S018,2025-12-12 19:48:23,2025-12-12 20:06:23,31.0
R0006888,S008,2025-12-12 13:25:11,2025-12-12 14:21:11,46.0
R0006889,S002,2025-12-12 21:29:16,2025-12-12 22:02:16,32.0
R0006890,S007,2025-12-12 15:56:36,2025-12-12 16:13:36,4.0
R0006891,S030,2025-12-12 21:15:46,2025-12-12 21:20:46,23.0
R0006892,S015,2025-12-12 19:32:42,2025-12-12 19:50:42,25.0
R0006893,S013,2025-12-12 11:15:36,2025-12-12 11:43:36,37.0
R0006894,S015,2025-12-12 19:36:50,2025-12-12 20:01:50,33.0
R0006895,S011,2025-12-12 19:36:20,2025-12-12 20:15:20,31.0
R0006896,S018,2025-12-12 16:42:53,2025-12-12 17:06:53,39.0
R0006897,S011,2025-12-12 11:17:22,2025-12-12 11:56:22,30.0
R0006898,S011,2025-12-12 14:07:34,2025-12-12 14:02:34,29.0
R0006899,S015,2025-12-12 18:21:09,2025-12-12 18:58:09,42.0
R0006900,S005,2025-12-12 14:16:37,2025-12-12 15:01:37,64.0
R0006901,S017,2025-12-12 21:14:46,2025-12-12 21:37:46,39.0
R0006902,S033,2025-12-12 11:07:10,2025-12-12 11:50:10,21.0
R0006903,S032,2025-12-12 22:30:52,2025-12-12 22:31:52,9.0
R0006904,S005,2025-12-12 16:30:56,2025-12-12 16:46:56,11.0
R0006905,S029,2025-12-12 15:14:21,2025-12-12 15:25:21,21.0
R0006906,S032,2025-12-12 22:41:13,2025-12-12 23:24:13,28.0
R0006907,S003,2025-12-12 12:51:52,,73.0
R0006908,S008,2025-12-12 09:23:37,2025-12-12 09:28:37,9.0
R0006909,S010,2025-12-12 16:16:21,2025-12-12 17:06:21,46.0
R0006910,S013,2025-12-12 10:50:01,2025-12-12 11:38:01,44.0
R0006911,S019,2025-12-12 17:48:13,2025-12-12 18:12:13,36.0
R0006912,S025,2025-12-12 13:05:11,2025-12-12 13:28:11,11.0
R0006913,S011,2025-12-12 18:18:28,2025-12-12 19:07:28,46.0
R0006914,S017,2025-12-12 22:22:54,2025-12-12 22:36:54,42.0
R0006915,S029,2025-12-12 14:18:14,2025-12-12 14:46:14,25.0
R0006916,S022,2025-12-12 12:59:48,2025-12-12 13:37:48,42.0
R0006917,S023,2025-12-12 14:54:17,2025-12-12 15:00:17,21.0
R0006918,S017,2025-12-12 11:37:29,,
R0006919,S023,2025-12-12 18:31:11,2025-12-12 18:22:11,13.0
R0006920,S002,2025-12-12 16:45:05,2025-12-12 17:24:05,53.0
R0006921,S011,2025-12-12 21:37:13,2025-12-12 21:54:13,28.0
R0006922,S025,2025-12-12 20:51:58,2025-12-12 20:57:58,15.0
R0006923,S007,2025-12-12 21:14:58,2025-12-12 22:21:58,58.0
R0006924,S033,2025-12-12 18:52:39,2025-12-12 19:24:39,23.0
R0006925,S017,2025-12-12 19:49:53,2025-12-12 20:04:53,36.0
R0006926,S008,2025-12-12 19:04:49,2025-12-12 19:45:49,71.0
R0006927,S033,2025-12-12 10:58:54,2025-12-12 11:51:54,31.0
R0006928,S019,2025-12-12 09:06:01,2025-12-12 09:52:01,37.0
R0006929,S025,2025-12-12 21:16:39,2025-12-12 21:29:39,20.0
R0006930,S023,2025-12-12 07:46:44,2025-12-12 08:21:44,26.0
R0006931,S005,2025-12-12 14:24:26,2025-12-12 15:25:26,65.0
R0006932,S007,2025-12-12 19:59:43,2025-12-12 20:41:43,72.0
R0006933,S007,2025-12-12 22:22:08,2025-12-12 22:11:08,12.0
R0006934,S002,2025-12-12 20:25:32,2025-12-12 20:23:32,10.0
R0006935,S025,2025-12-12 11:46:00,2025-12-12 12:11:00,13.0
R0006936,S019,2025-12-12 21:47:48,2025-12-12 21:52:48,25.0
R0006937,S008,2025-12-12 18:22:58,2025-12-12 18:54:58,12.0
R0006938,S003,2025-12-12 17:58:32,2025-12-12 18:02:32,13.0
R0006939,S023,2025-12-12 18:52:38,,
R0006940,S033,2025-12-12 12:53:25,2025-12-12 13:29:25,26.0
R0006941,S027,2025-12-12 11:56:45,2025-12-12 12:15:45,12.0
R0006942,S019,2025-12-12 14:27:31,2025-12-12 14:46:31,18.0
R0006943,S029,2025-12-12 20:11:12,2025-12-12 19:55:12,24.0
R0006944,S010,2025-12-12 14:08:18,2025-12-12 14:45:18,23.0
R0006945,S027,2025-12-12 08:29:40,2025-12-12 08:43:40,15.0
R0006946,S032,2025-12-12 07:11:29,2025-12-12 07:23:29,11.0
R0006947,S029,2025-12-12 20:05:53,2025-12-12 20:18:53,27.0
R0006948,S028,2025-12-12 13:07:04,2025-12-12 13:25:04,33.0
R0006949,S032,2025-12-12 18:46:05,,23.0
R0006950,S007,2025-12-12 23:25:14,2025-12-12 23:10:14,10.0
R0006951,S033,2025-12-12 19:34:20,2025-12-12 19:26:20,16.0
R0006952,S033,2025-12-12 09:27:12,2025-12-12 09:22:12,29.0
R0006953,S015,2025-12-12 20:35:40,2025-12-12 20:27:40,29.0
R0006954,S002,2025-12-12 09:43:19,2025-12-12 09:29:19,10.0
R0006955,S007,2025-12-12 20:15:52,2025-12-12 20:29:52,35.0
R0006956,S019,2025-12-12 18:09:10,2025-12-12 18:14:10,17.0
R0006957,S003,2025-12-12 19:05:56,2025-12-12 18:50:56,11.0
R0006958,S015,2025-12-12 18:29:28,2025-12-12 18:54:28,24.0
R0006959,S008,2025-12-12 12:53:01,2025-12-12 13:22:01,47.0
R0006960,S007,2025-12-12 09:14:05,2025-12-12 09:21:05,14.0
R0006961,S015,2025-12-12 08:25:00,,12.0
R0006962,S025,2025-12-12 17:18:45,2025-12-12 17:36:45,29.0
R0006963,S005,2025-12-12 19:59:34,,
R0006964,S008,2025-12-12 15:12:44,2025-12-12 15:08:44,8.0
R0006965,S017,2025-12-12 20:55:52,2025-12-12 21:34:52,30.0
R0006966,S013,2025-12-12 19:52:49,2025-12-12 19:57:49,38.0
R0006967,S005,2025-12-12 21:07:31,2025-12-12 21:32:31,10.0
R0006968,S022,2025-12-12 19:39:48,,
R0006969,S018,2025-12-12 18:54:11,2025-12-12 19:45:11,41.0
R0006970,S013,2025-12-12 12:51:35,2025-12-12 13:25:35,26.0
R0006971,S027,2025-12-12 12:42:57,2025-12-12 12:28:57,23.0
R0006972,S015,2025-12-12 20:42:28,2025-12-12 20:43:28,8.0
R0006973,S008,2025-12-12 13:37:50,,
R0006974,S003,2025-12-12 12:03:48,2025-12-12 12:10:48,7.0
R0006975,S023,2025-12-12 12:33:53,,
R0006976,S025,2025-12-12 15:06:10,2025-12-12 15:16:10,21.0
R0006977,S007,2025-12-12 20:41:38,2025-12-12 21:39:38,47.0
R0006978,S018,2025-12-12 18:38:29,2025-12-12 19:09:29,28.0
R0006979,S028,2025-12-12 09:45:00,2025-12-12 09:44:00,21.0
R0006980,S019,2025-12-12 08:02:30,2025-12-12 08:32:30,15.0
R0006981,S007,2025-12-12 19:40:23,2025-12-12 19:47:23,9.0
R0006982,S011,2025-12-12 19:02:06,2025-12-12 19:26:06,51.0
R0006983,S005,2025-12-12 20:02:54,2025-12-12 21:30:54,79.0
R0006984,S002,2025-12-12 14:29:30,2025-12-12 14:08:30,10.0
R0006985,S017,2025-12-12 21:54:10,2025-12-12 22:07:10,28.0
R0006986,S033,2025-12-12 17:11:48,2025-12-12 17:27:48,26.0
R0006987,S005,2025-12-12 08:26:24,2025-12-12 08:35:24,2.0
R0006988,S032,2025-12-12 21:30:21,2025-12-12 21:39:21,15.0
R0006989,S011,2025-12-12 08:22:10,2025-12-12 08:16:10,16.0
R0006990,S023,2025-12-12 18:55:39,2025-12-12 18:44:39,17.0
R0006991,S002,2025-12-12 16:41:23,2025-12-12 16:46:23,13.0
R0006992,S013,2025-12-12 20:44:32,2025-12-12 21:10:32,28.0
R0006993,S022,2025-12-12 20:10:45,2025-12-12 20:23:45,32.0
R0006994,S032,2025-12-12 17:14:42,2025-12-12 17:30:42,22.0
R0006995,S008,2025-12-12 15:30:10,2025-12-12 15:16:10,5.0
R0006996,S018,2025-12-12 10:55:59,2025-12-12 11:36:59,36.0
R0006997,S008,2025-12-12 18:19:37,2025-12-12 18:35:37,11.0
R0006998,S011,2025-12-12 17:27:34,2025-12-12 17:06:34,17.0
R0006999,S011,2025-12-12 20:45:57,2025-12-12 21:16:57,20.0
R0007000,S008,2025-12-12 11:36:40,2025-12-12 12:02:40,6.0
R0007001,S030,2025-12-12 13:06:43,2025-12-12 13:08:43,25.0
R0007002,S007,2025-12-12 14:22:28,2025-12-12 14:44:28,18.0
R0007003,S005,2025-12-12 21:02:22,2025-12-12 21:18:22,14.0
R0007004,S027,2025-12-12 15:27:07,2025-12-12 15:13:07,18.0
R0007005,S005,2025-12-12 12:01:59,2025-12-12 13:16:59,58.0
R0007006,S010,2025-12-12 15:00:01,2025-12-12 15:06:01,35.0
R0007007,S018,2025-12-12 07:35:28,2025-12-12 08:11:28,27.0
R0007008,S027,2025-12-12 20:01:48,2025-12-12 20:33:48,17.0
R0007009,S027,2025-12-12 13:04:50,2025-12-12 13:49:50,23.0
R0007010,S007,2025-12-12 16:25:28,2025-12-12 16:43:28,53.0
R0007011,S017,2025-12-12 21:31:23,2025-12-12 22:40:23,49.0
R0007012,S008,2025-12-12 14:09:17,2025-12-12 14:44:17,45.0
R0007013,S002,2025-12-12 12:31:18,2025-12-12 12:01:18,8.0
R0007014,S003,2025-12-12 19:57:47,2025-12-12 19:48:47,12.0
R0007015,S017,2025-12-12 09:32:29,2025-12-12 09:55:29,36.0
R0007016,S018,2025-12-12 07:49:40,2025-12-12 08:17:40,36.0
R0007017,S002,2025-12-12 20:09:43,2025-12-12 20:34:43,11.0
R0007018,S028,2025-12-12 12:25:42,,
R0007019,S028,2025-12-12 13:22:17,2025-12-12 13:38:17,12.0
R0007020,S003,2025-12-12 19:18:52,2025-12-12 19:17:52,7.0
R0007021,S023,2025-12-12 18:32:13,2025-12-12 19:08:13,21.0
R0007022,S002,2025-12-12 17:14:11,2025-12-12 17:12:11,12.0
R0007023,S002,2025-12-12 17:29:49,2025-12-12 17:01:49,14.0
R0007024,S002,2025-12-12 20:54:17,2025-12-12 21:04:17,10.0
R0007025,S003,2025-12-12 15:23:01,2025-12-12 15:21:01,9.0
R0007026,S008,2025-12-12 22:10:13,2025-12-12 22:14:13,27.0
R0007027,S008,2025-12-12 18:06:35,2025-12-12 18:21:35,5.0
R0007028,S018,2025-12-12 14:49:07,2025-12-12 14:47:07,42.0
R0007029,S033,2025-12-12 12:42:30,2025-12-12 12:23:30,24.0
R0007030,S030,2025-12-12 20:56:25,2025-12-12 21:27:25,29.0
R0007031,S032,2025-12-12 20:09:18,2025-12-12 20:22:18,21.0
R0007032,S030,2025-12-12 15:11:02,2025-12-12 15:51:02,39.0
R0007033,S030,2025-12-12 18:22:56,2025-12-12 18:26:56,18.0
R0007034,S011,2025-12-12 21:56:19,2025-12-12 22:09:19,33.0
R0007035,S018,2025-12-12 09:08:49,2025-12-12 09:37:49,22.0
R0007036,S002,2025-12-12 07:02:43,2025-12-12 07:24:43,12.0
R0007037,S008,2025-12-12 14:59:56,2025-12-12 14:56:56,11.0
R0007038,S029,2025-12-12 11:48:24,,
R0007039,S019,2025-12-12 11:26:38,,
R0007040,S011,2025-12-12 20:33:30,2025-12-12 20:34:30,24.0
R0007041,S002,2025-12-12 09:26:29,2025-12-12 09:27:29,8.0
R0007042,S003,2025-12-12 21:18:53,2025-12-12 21:17:53,6.0
R0007043,S008,2025-12-12 08:39:14,2025-12-12 09:02:14,9.0
R0007044,S019,2025-12-12 19:36:13,2025-12-12 19:42:13,34.0
R0007045,S033,2025-12-12 07:32:30,2025-12-12 07:54:30,27.0
R0007046,S022,2025-12-12 09:10:45,2025-12-12 09:50:45,34.0
R0007047,S027,2025-12-12 14:17:47,,
R0007048,S005,2025-12-12 12:25:18,2025-12-12 12:04:18,12.0
R0007049,S015,2025-12-12 17:11:38,2025-12-12 17:16:38,24.0
R0007050,S008,2025-12-12 18:33:51,,
R0007051,S010,2025-12-12 14:39:09,,
R0007052,S003,2025-12-12 08:28:19,2025-12-12 08:37:19,13.0
R0007053,S015,2025-12-12 21:49:52,2025-12-12 22:09:52,40.0
R0007054,S022,2025-12-12 21:27:20,2025-12-12 22:33:20,46.0
R0007055,S005,2025-12-12 20:23:22,2025-12-12 20:29:22,14.0
R0007056,S015,2025-12-12 13:55:28,2025-12-12 13:57:28,31.0
R0007057,S032,2025-12-12 21:50:46,2025-12-12 22:21:46,23.0
R0007058,S023,2025-12-12 13:17:46,2025-12-12 12:55:46,16.0
R0007059,S028,2025-12-12 22:16:46,2025-12-12 22:34:46,8.0
R0007060,S029,2025-12-12 22:48:21,2025-12-12 23:18:21,13.0
R0007061,S002,2025-12-12 20:17:15,,
R0007062,S028,2025-12-12 14:38:25,2025-12-12 14:49:25,24.0
R0007063,S019,2025-12-12 14:04:54,,
R0007064,S010,2025-12-12 09:12:13,2025-12-12 09:32:13,29.0
R0007065,S003,2025-12-12 21:03:47,2025-12-12 21:44:47,17.0
R0007066,S008,2025-12-12 11:52:39,2025-12-12 12:13:39,15.0
R0007067,S027,2025-12-12 17:00:23,2025-12-12 17:20:23,11.0
R0007068,S032,2025-12-12 21:53:14,2025-12-12 22:31:14,27.0
R0007069,S010,2025-12-12 12:50:34,2025-12-12 13:29:34,30.0
R0007070,S005,2025-12-12 19:12:17,2025-12-12 20:23:17,60.0
R0007071,S030,2025-12-12 18:16:46,,
R0007072,S007,2025-12-12 11:45:10,2025-12-12 11:31:10,11.0
R0007073,S011,2025-12-12 20:11:09,2025-12-12 21:05:09,34.0
R0007074,S025,2025-12-12 12:17:52,2025-12-12 12:23:52,30.0
R0007075,S008,2025-12-12 13:28:02,2025-12-12 14:47:02,83.0
R0007076,S022,2025-12-12 14:26:12,2025-12-12 14:41:12,32.0
R0007077,S003,2025-12-12 11:51:45,2025-12-12 12:06:45,7.0
R0007078,S023,2025-12-12 12:15:15,2025-12-12 11:56:15,14.0
R0007079,S002,2025-12-12 14:56:32,2025-12-12 15:21:32,11.0
R0007080,S019,2025-12-12 12:36:30,2025-12-12 13:14:30,33.0
R0007081,S007,2025-12-12 17:04:51,2025-12-12 16:51:51,15.0
R0007082,S022,2025-12-12 16:43:04,2025-12-12 16:57:04,52.0
R0007083,S015,2025-12-12 12:46:47,2025-12-12 13:43:47,34.0
R0007084,S019,2025-12-12 19:21:22,2025-12-12 19:28:22,33.0
R0007085,S028,2025-12-12 09:57:26,,
R0007086,S022,2025-12-12 14:33:11,2025-12-12 14:54:11,28.0
R0007087,S011,2025-12-12 20:30:46,2025-12-12 20:43:46,27.0
R0007088,S018,2025-12-12 15:04:42,2025-12-12 15:48:42,31.0
R0007089,S003,2025-12-12 14:22:29,2025-12-12 14:51:29,9.0
R0007090,S011,2025-12-12 19:36:39,,27.0
R0007091,S010,2025-12-12 11:53:27,2025-12-12 12:27:27,21.0
R0007092,S010,2025-12-12 14:37:22,2025-12-12 15:16:22,36.0
R0007093,S002,2025-12-12 13:55:00,2025-12-12 13:48:00,13.0
R0007094,S005,2025-12-12 07:31:40,2025-12-12 07:44:40,12.0
R0007095,S007,2025-12-12 16:14:49,2025-12-12 15:52:49,9.0
R0007096,S008,2025-12-12 17:22:03,2025-12-12 17:43:03,15.0
R0007097,S023,2025-12-12 22:37:27,2025-12-12 23:28:27,29.0
R0007098,S007,2025-12-12 17:36:38,2025-12-12 17:42:38,9.0
R0007099,S007,2025-12-12 14:14:28,2025-12-12 14:51:28,55.0
R0007100,S017,2025-12-12 21:33:46,2025-12-12 21:36:46,28.0
R0007101,S033,2025-12-12 20:19:37,2025-12-12 20:33:37,18.0
R0007102,S015,2025-12-12 14:08:53,2025-12-12 14:13:53,21.0
R0007103,S028,2025-12-12 15:28:53,2025-12-12 16:07:53,20.0
R0007104,S028,2025-12-12 09:14:10,2025-12-12 09:34:10,30.0
R0007105,S019,2025-12-12 18:16:16,2025-12-12 19:13:16,43.0
R0007106,S013,2025-12-12 07:36:09,2025-12-12 07:46:09,9.0
R0007107,S017,2025-12-12 07:32:47,2025-12-12 07:35:47,26.0
R0007108,S005,2025-12-12 21:33:47,,
R0007109,S030,2025-12-12 20:38:37,,
R0007110,S011,2025-12-12 09:10:34,2025-12-12 09:58:34,40.0
R0007111,S008,2025-12-12 18:12:46,2025-12-12 18:19:46,10.0
R0007112,S019,2025-12-12 09:52:50,2025-12-12 10:13:50,19.0
R0007113,S023,2025-12-12 11:50:09,2025-12-12 11:49:09,25.0
R0007114,S030,2025-12-12 09:42:27,2025-12-12 09:39:27,35.0
R0007115,S019,2025-12-12 15:27:24,2025-12-12 15:53:24,35.0
R0007116,S008,2025-12-12 18:39:12,2025-12-12 18:51:12,39.0
R0007117,S010,2025-12-12 09:11:03,2025-12-12 09:57:03,46.0
R0007118,S005,2025-12-12 22:07:20,2025-12-12 22:19:20,14.0
R0007119,S015,2025-12-12 19:08:37,2025-12-12 19:35:37,15.0
R0007120,S011,2025-12-12 21:55:50,2025-12-12 22:39:50,37.0
R0007121,S008,2025-12-12 18:32:08,2025-12-12 18:56:08,13.0
R0007122,S019,2025-12-12 19:29:25,2025-12-12 20:11:25,53.0
R0007123,S002,2025-12-12 16:13:34,2025-12-12 16:24:34,11.0
R0007124,S015,2025-12-12 20:37:29,2025-12-12 21:09:29,23.0
R0007125,S010,2025-12-12 07:19:56,2025-12-12 08:09:56,40.0
R0007126,S007,2025-12-12 13:46:09,,
R0007127,S008,2025-12-12 14:53:30,2025-12-12 15:11:30,9.0
R0007128,S008,2025-12-12 18:36:31,2025-12-12 19:10:31,64.0
R0007129,S005,2025-12-12 13:08:36,2025-12-12 13:15:36,6.0
R0007130,S002,2025-12-12 12:05:56,2025-12-12 12:28:56,50.0
R0007131,S023,2025-12-12 17:56:42,2025-12-12 18:50:42,25.0
R0007132,S023,2025-12-12 11:45:55,2025-12-12 11:49:55,23.0
R0007133,S005,2025-12-12 13:06:02,2025-12-12 13:09:02,34.0
R0007134,S005,2025-12-12 21:13:04,,6.0
R0007135,S008,2025-12-12 18:41:34,2025-12-12 19:40:34,62.0
R0007136,S008,2025-12-12 14:29:59,2025-12-12 14:40:59,9.0
R0007137,S007,2025-12-12 16:47:41,2025-12-12 17:31:41,77.0
R0007138,S011,2025-12-12 13:31:19,2025-12-12 14:10:19,40.0
R0007139,S022,2025-12-12 20:40:23,2025-12-12 21:08:23,28.0
R0007140,S003,2025-12-12 22:26:56,,
R0007141,S008,2025-12-12 20:21:46,2025-12-12 21:29:46,58.0
R0007142,S017,2025-12-12 12:28:35,,
R0007143,S032,2025-12-12 15:01:43,2025-12-12 14:56:43,19.0
R0007144,S019,2025-12-12 10:37:29,,
R0007145,S002,2025-12-12 16:39:30,2025-12-12 17:06:30,13.0
R0007146,S032,2025-12-12 09:39:43,2025-12-12 09:43:43,19.0
R0007147,S033,2025-12-12 17:32:01,2025-12-12 17:20:01,8.0
R0007148,S013,2025-12-12 18:29:25,2025-12-12 19:25:25,44.0
R0007149,S030,2025-12-12 13:34:59,2025-12-12 13:44:59,29.0
R0007150,S022,2025-12-12 11:54:15,,
R0007151,S022,2025-12-12 20:17:31,2025-12-12 20:53:31,45.0
R0007152,S030,2025-12-12 18:48:06,2025-12-12 19:13:06,24.0
R0007153,S003,2025-12-13 18:00:44,2025-12-13 17:38:44,10.0
R0007154,S007,2025-12-13 11:30:47,2025-12-13 11:41:47,12.0
R0007155,S001,2025-12-13 20:19:17,2025-12-13 20:28:17,7.0
R0007156,S024,2025-12-13 17:18:37,2025-12-13 17:21:37,18.0
R0007157,S024,2025-12-13 19:26:08,2025-12-13 19:49:08,27.0
R0007158,S015,2025-12-13 23:09:15,2025-12-13 23:08:15,24.0
R0007159,S033,2025-12-13 09:01:58,2025-12-13 08:56:58,15.0
R0007160,S004,2025-12-13 20:14:01,2025-12-13 20:19:01,27.0
R0007161,S005,2025-12-13 15:10:51,,
R0007162,S023,2025-12-13 20:27:23,2025-12-13 21:05:23,24.0
R0007163,S024,2025-12-13 21:26:06,2025-12-13 21:48:06,33.0
R0007164,S009,2025-12-13 08:11:26,2025-12-13 09:09:26,43.0
R0007165,S022,2025-12-13 19:51:44,2025-12-13 20:00:44,29.0
R0007166,S019,2025-12-13 11:46:17,2025-12-13 11:50:17,35.0
R0007167,S015,2025-12-13 18:38:49,2025-12-13 19:11:49,35.0
R0007168,S004,2025-12-13 11:40:48,2025-12-13 12:28:48,56.0
R0007169,S032,2025-12-13 19:49:46,2025-12-13 20:08:46,29.0
R0007170,S018,2025-12-13 17:57:58,2025-12-13 17:47:58,15.0
R0007171,S007,2025-12-13 18:56:19,,
R0007172,S007,2025-12-13 20:57:10,2025-12-13 21:09:10,15.0
R0007173,S002,2025-12-13 12:11:45,2025-12-13 12:11:45,10.0
R0007174,S026,2025-12-13 14:25:12,2025-12-13 14:55:12,25.0
R0007175,S026,2025-12-13 08:10:55,2025-12-13 08:42:55,15.0
R0007176,S031,2025-12-13 12:24:11,2025-12-13 12:59:11,-23.0
R0007177,S012,2025-12-13 13:34:58,2025-12-13 13:43:58,42.0
R0007178,S027,2025-12-13 16:15:28,2025-12-13 16:08:28,27.0
R0007179,S001,2025-12-13 22:42:35,2025-12-13 22:54:35,8.0
R0007180,S023,2025-12-13 11:53:10,2025-12-13 12:07:10,32.0
R0007181,S026,2025-12-13 17:48:32,2025-12-13 18:14:32,15.0
R0007182,S029,2025-12-13 10:29:14,2025-12-13 10:46:14,11.0
R0007183,S029,2025-12-13 14:16:40,2025-12-13 14:40:40,14.0
R0007184,S014,2025-12-13 09:16:37,2025-12-13 09:17:37,20.0
R0007185,S020,2025-12-13 15:43:13,2025-12-13 16:04:13,36.0
R0007186,S009,2025-12-13 16:16:29,2025-12-13 17:14:29,35.0
R0007187,S023,2025-12-13 13:35:12,,
R0007188,S015,2025-12-13 18:32:21,2025-12-13 19:13:21,32.0
R0007189,S007,2025-12-13 22:03:24,2025-12-13 22:25:24,6.0
R0007190,S017,2025-12-13 16:04:10,2025-12-13 16:47:10,36.0
R0007191,S004,2025-12-13 17:16:31,2025-12-13 17:13:31,12.0
R0007192,S021,2025-12-13 14:47:15,2025-12-13 15:11:15,26.0
R0007193,S003,2025-12-13 20:27:36,2025-12-13 21:05:36,17.0
R0007194,S005,2025-12-13 18:10:26,2025-12-13 18:30:26,10.0
R0007195,S003,2025-12-13 21:41:34,2025-12-13 21:31:34,10.0
R0007196,S023,2025-12-13 13:14:05,2025-12-13 13:17:05,7.0
R0007197,S021,2025-12-13 16:20:18,2025-12-13 16:54:18,41.0
R0007198,S002,2025-12-13 18:21:21,2025-12-13 18:53:21,24.0
R0007199,S022,2025-12-13 12:54:25,2025-12-13 12:57:25,29.0
R0007200,S021,2025-12-13 13:11:13,,
R0007201,S003,2025-12-13 14:58:10,2025-12-13 16:08:10,65.0
R0007202,S021,2025-12-13 17:04:15,2025-12-13 17:50:15,28.0
R0007203,S003,2025-12-13 20:38:14,2025-12-13 21:07:14,70.0
R0007204,S024,2025-12-13 12:49:20,2025-12-13 12:49:20,22.0
R0007205,S009,2025-12-13 07:24:07,2025-12-13 08:10:07,43.0
R0007206,S004,2025-12-13 12:21:36,2025-12-13 12:18:36,8.0
R0007207,S014,2025-12-13 08:03:13,2025-12-13 08:32:13,44.0
R0007208,S015,2025-12-13 12:43:33,,
R0007209,S004,2025-12-13 08:24:35,2025-12-13 08:50:35,10.0
R0007210,S012,2025-12-13 18:34:58,2025-12-13 18:54:58,25.0
R0007211,S004,2025-12-13 16:01:25,2025-12-13 16:03:25,9.0
R0007212,S005,2025-12-13 20:05:22,2025-12-13 19:47:22,8.0
R0007213,S033,2025-12-13 22:18:44,2025-12-13 22:54:44,28.0
R0007214,S015,2025-12-13 16:09:10,2025-12-13 16:19:10,34.0
R0007215,S014,2025-12-13 07:05:42,2025-12-13 07:38:42,23.0
R0007216,S002,2025-12-13 14:57:40,2025-12-13 15:08:40,11.0
R0007217,S019,2025-12-13 14:14:05,2025-12-13 14:16:05,44.0
R0007218,S024,2025-12-13 19:29:50,2025-12-13 19:46:50,26.0
R0007219,S022,2025-12-13 19:30:23,2025-12-13 20:05:23,43.0
R0007220,S004,2025-12-13 14:09:50,2025-12-13 14:05:50,10.0
R0007221,S034,2025-12-13 19:24:59,2025-12-13 19:27:59,15.0
R0007222,S017,2025-12-13 18:51:17,2025-12-13 19:17:17,32.0
R0007223,S033,2025-12-13 12:24:33,2025-12-13 12:32:33,7.0
R0007224,S014,2025-12-13 21:54:38,2025-12-13 22:37:38,34.0
R0007225,S024,2025-12-13 17:38:45,2025-12-13 17:38:45,28.0
R0007226,S032,2025-12-13 19:17:30,,
R0007227,S024,2025-12-13 23:03:31,2025-12-13 23:11:31,11.0
R0007228,S026,2025-12-13 22:53:07,2025-12-13 23:24:07,21.0
R0007229,S031,2025-12-13 14:35:44,2025-12-13 15:12:44,30.0
R0007230,S004,2025-12-13 08:06:08,2025-12-13 07:44:08,9.0
R0007231,S029,2025-12-13 09:36:07,2025-12-13 09:57:07,24.0
R0007232,S001,2025-12-13 13:17:07,2025-12-13 14:00:07,77.0
R0007233,S032,2025-12-13 15:18:34,2025-12-13 15:02:34,24.0
R0007234,S032,2025-12-13 19:11:31,,27.0
R0007235,S007,2025-12-13 14:52:22,2025-12-13 15:51:22,61.0
R0007236,S009,2025-12-13 13:42:29,2025-12-13 14:18:29,33.0
R0007237,S005,2025-12-13 19:31:12,,13.0
R0007238,S002,2025-12-13 20:45:26,2025-12-13 21:28:26,17.0
R0007239,S022,2025-12-13 10:35:23,2025-12-13 11:06:23,46.0
R0007240,S004,2025-12-13 08:45:05,,
R0007241,S034,2025-12-13 14:26:26,2025-12-13 14:25:26,25.0
R0007242,S014,2025-12-13 21:02:08,2025-12-13 21:03:08,15.0
R0007243,S003,2025-12-13 18:39:28,2025-12-13 18:37:28,17.0
R0007244,S032,2025-12-13 18:12:41,2025-12-13 18:32:41,20.0
R0007245,S027,2025-12-13 19:04:40,2025-12-13 18:51:40,18.0
R0007246,S012,2025-12-13 22:36:57,,
R0007247,S014,2025-12-13 19:12:07,2025-12-13 19:44:07,48.0
R0007248,S024,2025-12-13 13:18:02,2025-12-13 14:07:02,37.0
R0007249,S005,2025-12-13 18:59:05,,
R0007250,S009,2025-12-13 14:44:54,2025-12-13 15:46:54,66.0
R0007251,S012,2025-12-13 18:38:28,2025-12-13 19:08:28,31.0
R0007252,S029,2025-12-13 13:03:06,2025-12-13 13:02:06,22.0
R0007253,S002,2025-12-13 13:03:30,2025-12-13 13:14:30,11.0
R0007254,S003,2025-12-13 22:05:15,2025-12-13 22:19:15,20.0
R0007255,S004,2025-12-13 11:30:18,2025-12-13 11:24:18,7.0
R0007256,S007,2025-12-13 08:12:30,,
R0007257,S005,2025-12-13 22:26:29,2025-12-13 22:16:29,15.0
R0007258,S019,2025-12-13 17:12:36,2025-12-13 18:06:36,49.0
R0007259,S021,2025-12-13 10:54:23,2025-12-13 10:57:23,27.0
R0007260,S003,2025-12-13 11:51:48,2025-12-13 12:15:48,13.0
R0007261,S003,2025-12-13 15:28:11,2025-12-13 16:11:11,54.0
R0007262,S004,2025-12-13 10:18:21,2025-12-13 10:18:21,11.0
R0007263,S001,2025-12-13 19:08:36,2025-12-13 19:20:36,13.0
R0007264,S029,2025-12-13 22:05:00,2025-12-13 22:33:00,13.0
R0007265,S009,2025-12-13 12:20:52,2025-12-13 12:55:52,50.0
R0007266,S024,2025-12-13 13:15:03,2025-12-13 13:34:03,31.0
R0007267,S007,2025-12-13 20:49:28,2025-12-13 21:08:28,7.0
R0007268,S034,2025-12-13 21:46:54,2025-12-13 22:14:54,15.0
R0007269,S005,2025-12-13 12:09:51,2025-12-13 12:18:51,7.0
R0007270,S003,2025-12-13 07:42:53,2025-12-13 08:06:53,8.0
R0007271,S029,2025-12-13 19:12:24,2025-12-13 19:28:24,24.0
R0007272,S001,2025-12-13 18:16:26,2025-12-13 18:47:26,13.0
R0007273,S032,2025-12-13 14:16:02,,
R0007274,S001,2025-12-13 12:30:33,,
R0007275,S015,2025-12-13 23:15:12,2025-12-14 00:00:12,44.0
R0007276,S005,2025-12-13 13:24:51,2025-12-13 14:04:51,14.0
R0007277,S001,2025-12-13 13:40:24,2025-12-13 14:52:24,59.0
R0007278,S002,2025-12-13 12:56:02,2025-12-13 13:06:02,7.0
R0007279,S001,2025-12-13 22:33:17,2025-12-13 22:49:17,12.0
R0007280,S026,2025-12-13 20:21:25,2025-12-13 20:13:25,10.0
R0007281,S024,2025-12-13 09:26:26,2025-12-13 09:32:26,22.0
R0007282,S002,2025-12-13 20:49:28,2025-12-13 21:16:28,56.0
R0007283,S001,2025-12-13 12:14:30,,12.0
R0007284,S021,2025-12-13 23:07:10,2025-12-13 23:32:10,41.0
R0007285,S018,2025-12-13 18:46:44,2025-12-13 19:19:44,33.0
R0007286,S015,2025-12-13 16:39:24,2025-12-13 16:56:24,18.0
R0007287,S024,2025-12-13 14:50:15,2025-12-13 14:51:15,12.0
R0007288,S018,2025-12-13 13:14:11,2025-12-13 13:22:11,17.0
R0007289,S009,2025-12-13 16:33:58,2025-12-13 16:28:58,35.0
R0007290,S031,2025-12-13 22:14:54,,
R0007291,S014,2025-12-13 14:26:31,2025-12-13 14:58:31,43.0
R0007292,S033,2025-12-13 20:14:34,,
R0007293,S009,2025-12-13 13:31:43,,44.0
R0007294,S001,2025-12-13 18:42:01,2025-12-13 18:51:01,11.0
R0007295,S003,2025-12-13 15:35:30,2025-12-13 15:45:30,9.0
R0007296,S002,2025-12-13 21:49:16,2025-12-13 21:53:16,14.0
R0007297,S024,2025-12-13 19:02:04,2025-12-13 19:22:04,26.0
R0007298,S023,2025-12-13 22:32:16,2025-12-13 22:25:16,18.0
R0007299,S026,2025-12-13 21:54:20,2025-12-13 22:04:20,19.0
R0007300,S001,2025-12-13 20:55:47,2025-12-13 21:39:47,54.0
R0007301,S012,2025-12-13 20:55:03,2025-12-13 21:35:03,29.0
R0007302,S001,2025-12-13 19:12:17,2025-12-13 19:39:17,60.0
R0007303,S003,2025-12-13 18:40:46,2025-12-13 19:13:46,15.0
R0007304,S007,2025-12-13 22:42:03,2025-12-13 22:48:03,9.0
R0007305,S024,2025-12-13 08:59:32,2025-12-13 09:23:32,24.0
R0007306,S024,2025-12-13 19:30:21,2025-12-13 19:30:21,10.0
R0007307,S021,2025-12-13 18:04:36,2025-12-13 18:13:36,17.0
R0007308,S018,2025-12-13 22:57:11,2025-12-13 23:02:11,31.0
R0007309,S032,2025-12-13 12:55:20,2025-12-13 13:09:20,20.0
R0007310,S004,2025-12-13 22:16:45,2025-12-13 22:22:45,13.0
R0007311,S003,2025-12-13 21:40:46,,
R0007312,S015,2025-12-13 14:27:24,2025-12-13 14:27:24,34.0
R0007313,S034,2025-12-13 12:49:15,2025-12-13 13:38:15,32.0
R0007314,S007,2025-12-13 18:56:51,2025-12-13 18:33:51,4.0
R0007315,S020,2025-12-13 10:36:03,2025-12-13 10:42:03,35.0
R0007316,S033,2025-12-13 18:27:01,2025-12-13 18:45:01,23.0
R0007317,S029,2025-12-13 12:06:53,2025-12-13 12:18:53,21.0
R0007318,S019,2025-12-13 12:07:00,2025-12-13 12:33:00,21.0
R0007319,S005,2025-12-13 18:49:41,2025-12-13 19:22:41,49.0
R0007320,S034,2025-12-13 12:06:47,2025-12-13 11:50:47,24.0
R0007321,S005,2025-12-13 19:49:42,2025-12-13 20:03:42,12.0
R0007322,S021,2025-12-13 13:13:17,2025-12-13 13:00:17,23.0
R0007323,S029,2025-12-13 14:41:11,2025-12-13 14:36:11,24.0
R0007324,S021,2025-12-13 16:25:48,2025-12-13 17:32:48,43.0
R0007325,S029,2025-12-13 19:59:45,2025-12-13 19:53:45,24.0
R0007326,S033,2025-12-13 22:40:48,2025-12-13 22:26:48,20.0
R0007327,S026,2025-12-13 17:46:38,2025-12-13 18:06:38,28.0
R0007328,S005,2025-12-13 18:11:57,2025-12-13 18:38:57,8.0
R0007329,S023,2025-12-13 11:44:26,2025-12-13 12:19:26,24.0
R0007330,S007,2025-12-13 11:12:23,2025-12-13 11:19:23,5.0
R0007331,S027,2025-12-13 19:42:05,2025-12-13 19:34:05,18.0
R0007332,S023,2025-12-13 20:43:16,,
R0007333,S003,2025-12-13 19:01:34,,14.0
R0007334,S018,2025-12-13 14:17:00,2025-12-13 14:55:00,23.0
R0007335,S007,2025-12-13 22:06:13,2025-12-13 22:25:13,12.0
R0007336,S004,2025-12-13 17:34:52,2025-12-13 17:03:52,5.0
R0007337,S004,2025-12-13 21:50:26,2025-12-13 22:38:26,56.0
R0007338,S007,2025-12-13 08:36:14,2025-12-13 08:21:14,9.0
R0007339,S014,2025-12-13 14:37:32,2025-12-13 15:46:32,48.0
R0007340,S024,2025-12-13 07:42:46,2025-12-13 07:54:46,24.0
R0007341,S031,2025-12-13 21:26:37,2025-12-13 21:50:37,12.0
R0007342,S019,2025-12-13 21:49:48,,
R0007343,S032,2025-12-13 12:14:59,2025-12-13 12:28:59,-23.0
R0007344,S003,2025-12-13 22:58:18,2025-12-13 22:45:18,11.0
R0007345,S034,2025-12-13 12:06:12,2025-12-13 12:13:12,21.0
R0007346,S020,2025-12-13 15:38:54,2025-12-13 16:24:54,27.0
R0007347,S009,2025-12-13 19:07:48,2025-12-13 19:54:48,35.0
R0007348,S005,2025-12-13 13:06:55,2025-12-13 12:35:55,12.0
R0007349,S004,2025-12-13 19:41:19,,
R0007350,S005,2025-12-13 18:14:35,2025-12-13 19:34:35,69.0
R0007351,S015,2025-12-13 13:12:01,,
R0007352,S015,2025-12-13 08:19:17,,
R0007353,S020,2025-12-13 19:27:39,2025-12-13 19:21:39,15.0
R0007354,S017,2025-12-13 18:28:38,2025-12-13 19:33:38,52.0
R0007355,S019,2025-12-13 19:57:51,2025-12-13 20:24:51,31.0
R0007356,S026,2025-12-13 22:33:55,2025-12-13 22:55:55,20.0
R0007357,S001,2025-12-13 18:28:51,2025-12-13 19:34:51,59.0
R0007358,S014,2025-12-13 18:12:18,2025-12-13 19:17:18,54.0
R0007359,S026,2025-12-13 22:08:30,2025-12-13 22:50:30,28.0
R0007360,S023,2025-12-13 10:23:21,2025-12-13 10:52:21,11.0
R0007361,S024,2025-12-13 08:12:01,,
R0007362,S019,2025-12-13 16:37:17,2025-12-13 16:50:17,21.0
R0007363,S031,2025-12-13 19:53:24,,
R0007364,S005,2025-12-13 13:29:50,2025-12-13 13:43:50,7.0
R0007365,S023,2025-12-13 10:55:40,,
R0007366,S007,2025-12-13 07:09:08,2025-12-13 07:42:08,15.0
R0007367,S018,2025-12-13 20:23:53,,
R0007368,S004,2025-12-13 13:30:29,,13.0
R0007369,S014,2025-12-13 08:00:54,2025-12-13 08:47:54,40.0
R0007370,S012,2025-12-13 09:04:27,2025-12-13 09:16:27,32.0
R0007371,S020,2025-12-13 13:36:11,,-31.0
R0007372,S005,2025-12-13 11:36:23,2025-12-13 11:26:23,10.0
R0007373,S004,2025-12-13 20:18:14,2025-12-13 20:45:14,61.0
R0007374,S012,2025-12-13 17:26:47,2025-12-13 17:56:47,39.0
R0007375,S034,2025-12-13 14:18:11,2025-12-13 14:27:11,36.0
R0007376,S019,2025-12-13 12:14:51,,
R0007377,S007,2025-12-13 12:29:44,2025-12-13 12:38:44,7.0
R0007378,S019,2025-12-13 10:11:52,2025-12-13 11:32:52,59.0
R0007379,S024,2025-12-13 18:34:54,2025-12-13 18:30:54,22.0
R0007380,S014,2025-12-13 22:52:05,2025-12-13 23:02:05,37.0
R0007381,S032,2025-12-13 19:27:16,2025-12-13 20:12:16,24.0
R0007382,S031,2025-12-13 20:39:19,2025-12-13 20:50:19,9.0
R0007383,S034,2025-12-13 19:40:41,2025-12-13 20:01:41,24.0
R0007384,S009,2025-12-13 21:58:46,2025-12-13 22:16:46,32.0
R0007385,S007,2025-12-13 18:39:54,2025-12-13 18:49:54,9.0
R0007386,S019,2025-12-13 22:28:38,2025-12-13 22:52:38,31.0
R0007387,S034,2025-12-13 21:27:42,2025-12-13 21:25:42,15.0
R0007388,S021,2025-12-13 23:01:10,2025-12-13 23:27:10,42.0
R0007389,S005,2025-12-13 16:47:58,2025-12-13 16:42:58,13.0
R0007390,S007,2025-12-13 16:20:30,2025-12-13 16:01:30,10.0
R0007391,S020,2025-12-13 14:43:35,2025-12-13 14:44:35,7.0
R0007392,S004,2025-12-13 12:54:22,2025-12-13 13:23:22,12.0
R0007393,S032,2025-12-13 18:16:36,2025-12-13 19:01:36,29.0
R0007394,S026,2025-12-13 15:50:03,,33.0
R0007395,S033,2025-12-13 16:01:00,2025-12-13 16:16:00,25.0
R0007396,S004,2025-12-13 12:25:18,2025-12-13 12:14:18,9.0
R0007397,S023,2025-12-13 11:43:04,2025-12-13 11:32:04,20.0
R0007398,S005,2025-12-13 11:20:58,2025-12-13 11:44:58,10.0
R0007399,S033,2025-12-13 16:54:46,,
R0007400,S005,2025-12-13 20:31:28,2025-12-13 20:28:28,11.0
R0007401,S017,2025-12-13 11:17:34,2025-12-13 11:53:34,41.0
R0007402,S029,2025-12-13 14:20:49,2025-12-13 14:48:49,25.0
R0007403,S026,2025-12-13 14:06:54,2025-12-13 14:00:54,23.0
R0007404,S003,2025-12-13 17:28:20,2025-12-13 17:47:20,10.0
R0007405,S029,2025-12-13 13:42:57,2025-12-13 13:41:57,12.0
R0007406,S032,2025-12-13 12:57:56,2025-12-13 13:18:56,15.0
R0007407,S022,2025-12-13 19:37:08,2025-12-13 20:04:08,29.0
R0007408,S022,2025-12-13 16:19:26,2025-12-13 16:25:26,16.0
R0007409,S031,2025-12-13 19:53:04,2025-12-13 20:23:04,30.0
R0007410,S021,2025-12-13 14:42:19,2025-12-13 14:48:19,42.0
R0007411,S027,2025-12-13 18:50:23,2025-12-13 19:29:23,26.0
R0007412,S033,2025-12-13 17:12:14,2025-12-13 16:59:14,12.0
R0007413,S004,2025-12-13 21:01:36,2025-12-13 21:01:36,10.0
R0007414,S002,2025-12-13 11:12:47,2025-12-13 11:13:47,12.0
R0007415,S012,2025-12-13 08:09:52,2025-12-13 08:25:52,48.0
R0007416,S009,2025-12-13 13:26:56,2025-12-13 13:46:56,31.0
R0007417,S004,2025-12-13 22:43:23,2025-12-13 22:22:23,11.0
R0007418,S020,2025-12-13 16:28:41,2025-12-13 16:41:41,24.0
R0007419,S021,2025-12-13 08:21:28,2025-12-13 08:29:28,33.0
R0007420,S007,2025-12-13 09:42:31,2025-12-13 09:29:31,13.0
R0007421,S027,2025-12-13 19:27:26,,
R0007422,S007,2025-12-13 08:44:31,2025-12-13 08:10:31,8.0
R0007423,S015,2025-12-13 08:31:20,2025-12-13 08:45:20,36.0
R0007424,S014,2025-12-13 12:21:42,2025-12-13 12:38:42,38.0
R0007425,S003,2025-12-13 19:34:43,2025-12-13 20:27:43,53.0
R0007426,S024,2025-12-13 20:02:32,2025-12-13 20:23:32,26.0
R0007427,S014,2025-12-13 20:23:28,2025-12-13 20:56:28,31.0
R0007428,S003,2025-12-13 12:56:04,,
R0007429,S032,2025-12-13 18:39:33,2025-12-13 18:32:33,12.0
R0007430,S023,2025-12-13 10:28:16,2025-12-13 10:59:16,32.0
R0007431,S031,2025-12-13 16:45:27,2025-12-13 17:11:27,39.0
R0007432,S012,2025-12-13 10:34:51,2025-12-13 11:14:51,45.0
R0007433,S005,2025-12-13 21:57:41,,
R0007434,S027,2025-12-13 20:19:50,2025-12-13 20:15:50,22.0
R0007435,S003,2025-12-13 13:06:49,,
R0007436,S007,2025-12-13 20:06:32,2025-12-13 19:55:32,7.0
R0007437,S015,2025-12-13 20:12:27,2025-12-13 20:41:27,37.0
R0007438,S007,2025-12-13 17:14:23,2025-12-13 18:00:23,60.0
R0007439,S002,2025-12-13 14:27:04,2025-12-13 14:44:04,12.0
R0007440,S004,2025-12-13 20:35:52,2025-12-13 20:42:52,13.0
R0007441,S003,2025-12-13 20:13:17,,
R0007442,S017,2025-12-13 08:21:09,2025-12-13 08:32:09,16.0
R0007443,S014,2025-12-13 15:08:24,2025-12-13 15:12:24,30.0
R0007444,S014,2025-12-13 09:03:15,2025-12-13 09:12:15,23.0
R0007445,S029,2025-12-13 08:52:42,2025-12-13 08:53:42,8.0
R0007446,S027,2025-12-13 21:55:36,2025-12-13 21:45:36,25.0
R0007447,S024,2025-12-13 23:01:32,2025-12-13 23:02:32,31.0
R0007448,S019,2025-12-13 08:27:05,2025-12-13 08:47:05,41.0
R0007449,S004,2025-12-13 08:01:43,2025-12-13 08:37:43,36.0
R0007450,S003,2025-12-13 19:03:12,2025-12-13 18:55:12,13.0
R0007451,S003,2025-12-13 21:36:11,2025-12-13 21:42:11,7.0
R0007452,S021,2025-12-13 21:06:02,2025-12-13 21:13:02,17.0
R0007453,S003,2025-12-13 16:34:05,2025-12-13 16:53:05,10.0
R0007454,S003,2025-12-13 12:42:00,2025-12-13 12:37:00,13.0
R0007455,S014,2025-12-13 13:55:25,2025-12-13 14:05:25,34.0
R0007456,S031,2025-12-13 22:30:19,2025-12-13 22:53:19,24.0
R0007457,S018,2025-12-13 18:48:51,2025-12-13 19:42:51,39.0
R0007458,S002,2025-12-13 18:49:30,2025-12-13 18:55:30,9.0
R0007459,S018,2025-12-13 18:27:36,2025-12-13 18:31:36,24.0
R0007460,S012,2025-12-13 13:06:51,2025-12-13 13:02:51,18.0
R0007461,S022,2025-12-13 18:00:51,2025-12-13 18:40:51,29.0
R0007462,S027,2025-12-13 20:37:49,2025-12-13 21:15:49,22.0
R0007463,S034,2025-12-13 19:20:41,2025-12-13 19:40:41,13.0
R0007464,S021,2025-12-13 13:47:41,2025-12-13 14:51:41,52.0
R0007465,S023,2025-12-13 21:32:37,2025-12-13 21:44:37,19.0
R0007466,S023,2025-12-13 15:56:05,2025-12-13 16:25:05,22.0
R0007467,S002,2025-12-13 21:04:32,2025-12-13 20:45:32,10.0
R0007468,S027,2025-12-13 11:42:26,2025-12-13 11:58:26,21.0
R0007469,S003,2025-12-14 07:31:24,2025-12-14 08:22:24,50.0
R0007470,S024,2025-12-14 16:12:46,2025-12-14 15:56:46,25.0
R0007471,S029,2025-12-14 18:09:06,,
R0007472,S004,2025-12-14 22:38:33,2025-12-14 22:35:33,11.0
R0007473,S022,2025-12-14 11:40:27,2025-12-14 11:40:27,29.0
R0007474,S027,2025-12-14 20:18:58,2025-12-14 20:16:58,29.0
R0007475,S004,2025-12-14 14:47:34,2025-12-14 15:25:34,17.0
R0007476,S024,2025-12-14 14:01:45,2025-12-14 14:01:45,8.0
R0007477,S003,2025-12-14 15:58:46,2025-12-14 16:21:46,13.0
R0007478,S003,2025-12-14 10:21:58,2025-12-14 09:56:58,12.0
R0007479,S001,2025-12-14 21:36:50,2025-12-14 22:23:50,48.0
R0007480,S014,2025-12-14 12:27:46,2025-12-14 12:59:46,31.0
R0007481,S007,2025-12-14 20:32:15,2025-12-14 20:50:15,5.0
R0007482,S002,2025-12-14 11:13:43,2025-12-14 11:26:43,13.0
R0007483,S031,2025-12-14 15:41:14,2025-12-14 15:36:14,12.0
R0007484,S020,2025-12-14 18:18:49,2025-12-14 18:52:49,32.0
R0007485,S024,2025-12-14 13:37:32,2025-12-14 13:56:32,33.0
R0007486,S002,2025-12-14 08:32:44,2025-12-14 09:28:44,88.0
R0007487,S003,2025-12-14 11:08:53,2025-12-14 11:44:53,39.0
R0007488,S007,2025-12-14 20:25:08,2025-12-14 20:58:08,12.0
R0007489,S020,2025-12-14 11:58:02,2025-12-14 12:47:02,24.0
R0007490,S033,2025-12-14 21:39:02,2025-12-14 21:40:02,23.0
R0007491,S013,2025-12-14 11:56:49,2025-12-14 12:23:49,36.0
R0007492,S007,2025-12-14 19:14:02,2025-12-14 19:19:02,5.0
R0007493,S015,2025-12-14 13:48:51,2025-12-14 14:26:51,40.0
R0007494,S024,2025-12-14 08:42:24,2025-12-14 08:55:24,13.0
R0007495,S033,2025-12-14 16:36:50,2025-12-14 17:05:50,9.0
R0007496,S015,2025-12-14 18:10:22,,
R0007497,S029,2025-12-14 21:55:07,2025-12-14 21:53:07,19.0
R0007498,S008,2025-12-14 21:15:55,2025-12-14 21:14:55,13.0
R0007499,S031,2025-12-14 09:00:37,,
R0007500,S008,2025-12-14 14:38:34,,
R0007501,S033,2025-12-14 18:56:47,2025-12-14 18:57:47,17.0
R0007502,S023,2025-12-14 16:25:03,,
R0007503,S023,2025-12-14 22:27:41,2025-12-14 22:13:41,14.0
R0007504,S003,2025-12-14 18:48:51,2025-12-14 19:54:51,60.0
R0007505,S003,2025-12-14 17:45:29,2025-12-14 17:33:29,11.0
R0007506,S023,2025-12-14 20:09:04,2025-12-14 20:13:04,17.0
R0007507,S020,2025-12-14 19:13:33,2025-12-14 19:44:33,28.0
R0007508,S001,2025-12-14 22:15:44,2025-12-14 21:54:44,8.0
R0007509,S021,2025-12-14 08:33:21,2025-12-14 08:35:21,37.0
R0007510,S002,2025-12-14 19:35:30,2025-12-14 19:27:30,11.0
R0007511,S033,2025-12-14 22:21:56,2025-12-14 22:19:56,21.0
R0007512,S020,2025-12-14 20:24:58,2025-12-14 20:45:58,38.0
R0007513,S014,2025-12-14 22:09:28,2025-12-14 22:28:28,30.0
R0007514,S029,2025-12-14 07:42:58,2025-12-14 08:32:58,22.0
R0007515,S013,2025-12-14 12:49:53,2025-12-14 12:59:53,29.0
R0007516,S019,2025-12-14 19:13:21,2025-12-14 19:41:21,19.0
R0007517,S004,2025-12-14 14:13:07,2025-12-14 13:49:07,5.0
R0007518,S001,2025-12-14 07:35:51,2025-12-14 08:06:51,-14.0
R0007519,S024,2025-12-14 21:17:05,2025-12-14 21:31:05,22.0
R0007520,S033,2025-12-14 19:04:12,,
R0007521,S024,2025-12-14 18:38:02,2025-12-14 19:09:02,30.0
R0007522,S004,2025-12-14 07:17:51,2025-12-14 07:21:51,13.0
R0007523,S029,2025-12-14 12:30:05,2025-12-14 12:37:05,16.0
R0007524,S027,2025-12-14 19:50:48,2025-12-14 20:22:48,35.0
R0007525,S026,2025-12-14 08:34:13,2025-12-14 09:19:13,26.0
R0007526,S021,2025-12-14 12:57:02,2025-12-14 13:35:02,19.0
R0007527,S033,2025-12-14 11:55:35,2025-12-14 12:34:35,25.0
R0007528,S015,2025-12-14 21:30:32,2025-12-14 22:03:32,30.0
R0007529,S022,2025-12-14 11:38:06,2025-12-14 12:20:06,16.0
R0007530,S033,2025-12-14 12:42:55,2025-12-14 12:52:55,27.0
R0007531,S014,2025-12-14 22:26:28,2025-12-14 22:22:28,23.0
R0007532,S034,2025-12-14 14:41:06,2025-12-14 14:41:06,-14.0
R0007533,S014,2025-12-14 08:54:19,2025-12-14 08:53:19,27.0
R0007534,S023,2025-12-14 17:24:53,2025-12-14 18:12:53,40.0
R0007535,S019,2025-12-14 12:23:58,,
R0007536,S019,2025-12-14 07:22:17,2025-12-14 07:45:17,38.0
R0007537,S004,2025-12-14 07:45:24,,
R0007538,S004,2025-12-14 18:37:24,2025-12-14 18:56:24,11.0
R0007539,S002,2025-12-14 12:33:31,2025-12-14 13:15:31,44.0
R0007540,S002,2025-12-14 07:53:24,2025-12-14 08:07:24,4.0
R0007541,S003,2025-12-14 12:49:41,,
R0007542,S023,2025-12-14 10:58:23,2025-12-14 10:53:23,9.0
R0007543,S008,2025-12-14 16:24:24,2025-12-14 16:42:24,9.0
R0007544,S024,2025-12-14 14:44:30,2025-12-14 15:03:30,30.0
R0007545,S002,2025-12-14 19:20:03,2025-12-14 19:05:03,9.0
R0007546,S007,2025-12-14 22:58:50,2025-12-14 23:30:50,51.0
R0007547,S017,2025-12-14 12:13:55,2025-12-14 12:16:55,20.0
R0007548,S029,2025-12-14 23:04:51,2025-12-14 23:32:51,18.0
R0007549,S020,2025-12-14 07:41:10,2025-12-14 08:12:10,32.0
R0007550,S005,2025-12-14 11:54:46,2025-12-14 13:11:46,76.0
R0007551,S007,2025-12-14 19:59:39,,
R0007552,S019,2025-12-14 10:05:12,2025-12-14 10:26:12,37.0
R0007553,S007,2025-12-14 22:19:54,2025-12-14 21:55:54,10.0
R0007554,S033,2025-12-14 19:04:07,2025-12-14 19:28:07,24.0
R0007555,S019,2025-12-14 09:19:02,2025-12-14 09:35:02,33.0
R0007556,S031,2025-12-14 19:43:53,2025-12-14 19:48:53,19.0
R0007557,S010,2025-12-14 16:55:19,2025-12-14 17:25:19,38.0
R0007558,S008,2025-12-14 20:19:29,2025-12-14 21:22:29,74.0
R0007559,S034,2025-12-14 22:42:02,2025-12-14 22:48:02,24.0
R0007560,S031,2025-12-14 12:40:40,2025-12-14 13:12:40,31.0
R0007561,S013,2025-12-14 21:23:51,2025-12-14 22:20:51,49.0
R0007562,S013,2025-12-14 19:08:39,2025-12-14 19:52:39,30.0
R0007563,S008,2025-12-14 18:03:02,2025-12-14 18:21:02,10.0
R0007564,S004,2025-12-14 20:29:46,2025-12-14 20:32:46,12.0
R0007565,S023,2025-12-14 14:46:21,2025-12-14 15:10:21,25.0
R0007566,S015,2025-12-14 09:34:36,2025-12-14 10:15:36,36.0
R0007567,S034,2025-12-14 21:59:15,,
R0007568,S031,2025-12-14 21:04:31,2025-12-14 21:38:31,32.0
R0007569,S003,2025-12-14 22:03:10,2025-12-14 21:59:10,14.0
R0007570,S005,2025-12-14 12:46:04,2025-12-14 13:02:04,49.0
R0007571,S034,2025-12-14 21:19:54,2025-12-14 21:42:54,32.0
R0007572,S004,2025-12-14 15:15:18,2025-12-14 15:05:18,15.0
R0007573,S014,2025-12-14 20:43:27,2025-12-14 20:26:27,14.0
R0007574,S022,2025-12-14 18:25:36,2025-12-14 19:13:36,26.0
R0007575,S007,2025-12-14 08:21:13,2025-12-14 08:19:13,5.0
R0007576,S022,2025-12-14 09:16:10,2025-12-14 09:43:10,37.0
R0007577,S019,2025-12-14 10:04:40,2025-12-14 11:15:40,51.0
R0007578,S003,2025-12-14 21:37:08,2025-12-14 21:28:08,9.0
R0007579,S027,2025-12-14 12:35:05,2025-12-14 12:57:05,10.0
R0007580,S027,2025-12-14 17:27:53,2025-12-14 18:10:53,36.0
R0007581,S020,2025-12-14 18:56:07,2025-12-14 20:02:07,40.0
R0007582,S009,2025-12-14 20:56:38,2025-12-14 20:55:38,17.0
R0007583,S029,2025-12-14 21:50:23,2025-12-14 21:54:23,21.0
R0007584,S005,2025-12-14 21:05:03,2025-12-14 21:15:03,7.0
R0007585,S024,2025-12-14 08:31:50,2025-12-14 08:47:50,11.0
R0007586,S010,2025-12-14 17:39:11,2025-12-14 17:21:11,14.0
R0007587,S024,2025-12-14 17:56:44,,
R0007588,S007,2025-12-14 15:50:57,2025-12-14 15:43:57,12.0
R0007589,S033,2025-12-14 14:24:51,2025-12-14 14:21:51,24.0
R0007590,S004,2025-12-14 18:13:10,2025-12-14 18:22:10,6.0
R0007591,S014,2025-12-14 16:07:03,2025-12-14 16:38:03,13.0
R0007592,S014,2025-12-14 12:18:27,2025-12-14 13:10:27,34.0
R0007593,S008,2025-12-14 13:21:04,2025-12-14 13:59:04,64.0
R0007594,S029,2025-12-14 15:46:38,2025-12-14 16:07:38,24.0
R0007595,S020,2025-12-14 15:22:21,,
R0007596,S021,2025-12-14 09:05:43,2025-12-14 09:27:43,18.0
R0007597,S023,2025-12-14 22:28:54,2025-12-14 22:43:54,28.0
R0007598,S026,2025-12-14 08:35:25,2025-12-14 08:36:25,20.0
R0007599,S024,2025-12-14 20:21:42,2025-12-14 20:38:42,27.0
R0007600,S008,2025-12-14 21:59:02,,
R0007601,S005,2025-12-14 10:47:31,2025-12-14 11:21:31,16.0
R0007602,S001,2025-12-14 14:55:43,,
R0007603,S034,2025-12-14 14:07:36,2025-12-14 14:10:36,10.0
R0007604,S014,2025-12-14 21:03:16,2025-12-14 20:57:16,29.0
R0007605,S010,2025-12-14 17:35:02,2025-12-14 17:52:02,30.0
R0007606,S024,2025-12-14 18:18:36,2025-12-14 18:47:36,30.0
R0007607,S008,2025-12-14 12:32:40,2025-12-14 13:14:40,66.0
R0007608,S013,2025-12-14 22:15:50,2025-12-14 22:29:50,27.0
R0007609,S021,2025-12-14 11:28:34,2025-12-14 11:19:34,20.0
R0007610,S001,2025-12-14 12:53:37,2025-12-14 13:13:37,16.0
R0007611,S015,2025-12-14 21:29:11,2025-12-14 22:08:11,35.0
R0007612,S014,2025-12-14 11:11:27,,
R0007613,S023,2025-12-14 19:23:01,2025-12-14 19:23:01,30.0
R0007614,S008,2025-12-14 19:56:39,2025-12-14 20:25:39,44.0
R0007615,S021,2025-12-14 13:19:46,2025-12-14 13:57:46,40.0
R0007616,S004,2025-12-14 21:08:39,,
R0007617,S027,2025-12-14 17:24:06,2025-12-14 18:01:06,23.0
R0007618,S003,2025-12-14 13:48:52,2025-12-14 14:00:52,15.0
R0007619,S022,2025-12-14 08:59:59,2025-12-14 09:45:59,30.0
R0007620,S007,2025-12-14 14:09:44,2025-12-14 14:41:44,12.0
R0007621,S021,2025-12-14 21:47:18,2025-12-14 22:20:18,44.0
R0007622,S026,2025-12-14 12:16:13,2025-12-14 12:21:13,30.0
R0007623,S007,2025-12-14 14:28:28,2025-12-14 14:37:28,9.0
R0007624,S029,2025-12-14 15:40:54,2025-12-14 16:17:54,20.0
R0007625,S033,2025-12-14 12:38:32,2025-12-14 12:42:32,28.0
R0007626,S024,2025-12-14 12:38:13,,
R0007627,S004,2025-12-14 09:41:41,2025-12-14 09:07:41,7.0
R0007628,S026,2025-12-14 19:57:10,2025-12-14 20:32:10,10.0
R0007629,S033,2025-12-14 19:28:33,2025-12-14 19:55:33,9.0
R0007630,S001,2025-12-14 08:42:03,2025-12-14 08:36:03,6.0
R0007631,S001,2025-12-14 08:51:14,2025-12-14 08:27:14,6.0
R0007632,S024,2025-12-14 08:28:27,2025-12-14 08:21:27,25.0
R0007633,S009,2025-12-14 13:49:49,2025-12-14 14:07:49,22.0
R0007634,S020,2025-12-14 16:23:18,2025-12-14 16:19:18,28.0
R0007635,S027,2025-12-14 14:08:34,2025-12-14 14:34:34,26.0
R0007636,S029,2025-12-14 21:53:35,2025-12-14 21:56:35,19.0
R0007637,S014,2025-12-14 19:14:23,2025-12-14 19:49:23,45.0
R0007638,S034,2025-12-14 22:15:17,2025-12-14 22:23:17,13.0
R0007639,S024,2025-12-14 09:21:27,2025-12-14 09:37:27,21.0
R0007640,S029,2025-12-14 11:44:05,2025-12-14 12:03:05,28.0
R0007641,S007,2025-12-14 12:53:30,2025-12-14 12:50:30,7.0
R0007642,S004,2025-12-14 08:29:22,2025-12-14 08:16:22,14.0
R0007643,S002,2025-12-14 13:57:40,2025-12-14 13:35:40,6.0
R0007644,S029,2025-12-14 22:21:40,2025-12-14 22:24:40,21.0
R0007645,S034,2025-12-14 09:29:56,2025-12-14 09:54:56,21.0
R0007646,S002,2025-12-14 19:46:44,2025-12-14 19:36:44,5.0
R0007647,S033,2025-12-14 18:50:23,2025-12-14 19:19:23,28.0
R0007648,S022,2025-12-14 18:39:23,2025-12-14 19:08:23,32.0
R0007649,S004,2025-12-14 10:38:25,2025-12-14 11:24:25,67.0
R0007650,S008,2025-12-14 18:37:25,2025-12-14 18:34:25,13.0
R0007651,S033,2025-12-14 11:20:31,,
R0007652,S002,2025-12-14 18:22:10,,
R0007653,S022,2025-12-14 13:31:30,2025-12-14 13:35:30,11.0
R0007654,S023,2025-12-14 14:51:06,,
R0007655,S023,2025-12-14 11:53:24,2025-12-14 11:57:24,28.0
R0007656,S022,2025-12-14 16:41:07,2025-12-14 16:22:07,16.0
R0007657,S007,2025-12-14 17:48:49,2025-12-14 17:47:49,14.0
R0007658,S002,2025-12-14 15:10:07,2025-12-14 15:23:07,14.0
R0007659,S034,2025-12-14 09:00:58,2025-12-14 09:02:58,27.0
R0007660,S034,2025-12-14 10:29:13,2025-12-14 10:41:13,21.0
R0007661,S002,2025-12-14 15:25:35,2025-12-14 15:50:35,53.0
R0007662,S003,2025-12-14 11:59:58,2025-12-14 11:38:58,5.0
R0007663,S014,2025-12-14 19:48:59,2025-12-14 19:54:59,32.0
R0007664,S008,2025-12-14 10:32:13,2025-12-14 10:32:13,8.0
R0007665,S003,2025-12-14 22:41:36,2025-12-14 23:00:36,11.0
R0007666,S015,2025-12-14 10:09:10,2025-12-14 10:18:10,31.0
R0007667,S004,2025-12-14 18:22:10,2025-12-14 18:28:10,10.0
R0007668,S023,2025-12-14 09:04:59,2025-12-14 09:06:59,27.0
R0007669,S031,2025-12-14 22:13:11,2025-12-14 22:05:11,20.0
R0007670,S019,2025-12-14 12:45:28,2025-12-14 12:26:28,20.0
R0007671,S033,2025-12-14 19:32:52,2025-12-14 20:15:52,30.0
R0007672,S023,2025-12-14 07:28:39,2025-12-14 07:43:39,25.0
R0007673,S029,2025-12-14 18:34:37,2025-12-14 18:36:37,24.0
R0007674,S010,2025-12-14 12:51:24,2025-12-14 13:05:24,27.0
R0007675,S027,2025-12-14 12:48:54,2025-12-14 13:00:54,36.0
R0007676,S020,2025-12-14 12:59:21,2025-12-14 13:20:21,26.0
R0007677,S009,2025-12-14 13:00:29,2025-12-14 13:38:29,34.0
R0007678,S007,2025-12-14 11:05:29,2025-12-14 10:41:29,5.0
R0007679,S007,2025-12-14 07:29:32,,
R0007680,S010,2025-12-14 21:23:39,2025-12-14 21:58:39,25.0
R0007681,S024,2025-12-14 14:42:06,2025-12-14 15:07:06,27.0
R0007682,S022,2025-12-14 21:07:44,2025-12-14 21:35:44,31.0
R0007683,S020,2025-12-14 22:49:47,,
R0007684,S020,2025-12-14 16:34:21,2025-12-14 17:01:21,45.0
R0007685,S024,2025-12-14 09:00:47,2025-12-14 09:25:47,27.0
R0007686,S002,2025-12-14 12:26:00,2025-12-14 12:36:00,12.0
R0007687,S017,2025-12-14 20:13:12,2025-12-14 20:12:12,36.0
R0007688,S017,2025-12-14 09:08:53,,
R0007689,S013,2025-12-14 12:54:46,2025-12-14 13:42:46,29.0
R0007690,S023,2025-12-14 16:45:39,,34.0
R0007691,S015,2025-12-14 12:28:22,2025-12-14 12:54:22,35.0
R0007692,S008,2025-12-14 13:21:30,2025-12-14 13:11:30,12.0
R0007693,S005,2025-12-14 12:58:50,2025-12-14 13:46:50,60.0
R0007694,S019,2025-12-14 16:46:16,2025-12-14 17:11:16,39.0
R0007695,S003,2025-12-14 13:54:09,2025-12-14 14:02:09,35.0
R0007696,S013,2025-12-14 12:02:26,2025-12-14 13:10:26,43.0
R0007697,S003,2025-12-14 15:53:14,2025-12-14 15:53:14,9.0
R0007698,S023,2025-12-14 14:31:32,2025-12-14 15:12:32,23.0
R0007699,S020,2025-12-14 13:35:21,2025-12-14 14:08:21,16.0
R0007700,S021,2025-12-14 16:43:57,2025-12-14 17:25:57,33.0
R0007701,S023,2025-12-14 19:59:29,2025-12-14 20:18:29,27.0
R0007702,S019,2025-12-14 11:52:13,2025-12-14 12:09:13,46.0
R0007703,S003,2025-12-14 21:55:45,2025-12-14 22:50:45,84.0
R0007704,S002,2025-12-14 14:59:38,2025-12-14 14:57:38,5.0
R0007705,S004,2025-12-14 16:42:11,2025-12-14 16:24:11,5.0
R0007706,S031,2025-12-14 19:09:25,2025-12-14 19:47:25,30.0
R0007707,S033,2025-12-14 17:58:50,2025-12-14 17:56:50,17.0
R0007708,S009,2025-12-14 12:50:51,2025-12-14 13:07:51,22.0
R0007709,S026,2025-12-14 12:36:57,2025-12-14 13:06:57,-19.0
R0007710,S010,2025-12-14 20:53:52,2025-12-14 21:20:52,27.0
R0007711,S001,2025-12-14 09:03:21,2025-12-14 09:13:21,13.0
R0007712,S001,2025-12-14 19:13:12,2025-12-14 19:34:12,27.0
R0007713,S001,2025-12-14 19:48:12,2025-12-14 21:30:12,104.0
R0007714,S026,2025-12-14 11:59:36,2025-12-14 12:04:36,24.0
R0007715,S007,2025-12-14 14:01:45,2025-12-14 13:50:45,15.0
R0007716,S002,2025-12-14 18:10:56,2025-12-14 18:29:56,8.0
R0007717,S023,2025-12-14 12:01:07,2025-12-14 11:42:07,16.0
R0007718,S004,2025-12-14 19:11:24,2025-12-14 18:47:24,12.0
R0007719,S033,2025-12-14 19:22:14,2025-12-14 19:13:14,28.0
R0007720,S031,2025-12-14 07:44:44,2025-12-14 08:26:44,36.0
R0007721,S031,2025-12-14 21:45:48,2025-12-14 22:11:48,31.0
R0007722,S029,2025-12-14 22:14:08,2025-12-14 22:26:08,12.0
R0007723,S015,2025-12-14 17:18:08,2025-12-14 17:31:08,21.0
R0007724,S022,2025-12-14 11:35:26,2025-12-14 12:33:26,47.0
R0007725,S023,2025-12-14 10:35:51,2025-12-14 10:38:51,24.0
R0007726,S009,2025-12-14 12:24:50,2025-12-14 12:21:50,32.0
R0007727,S031,2025-12-14 11:10:56,2025-12-14 11:41:56,23.0
R0007728,S005,2025-12-14 21:47:06,2025-12-14 21:49:06,11.0
R0007729,S029,2025-12-14 21:24:37,2025-12-14 21:47:37,27.0
R0007730,S031,2025-12-14 10:43:10,2025-12-14 11:42:10,33.0
R0007731,S027,2025-12-14 20:24:31,2025-12-14 20:42:31,28.0
R0007732,S027,2025-12-14 07:52:49,2025-12-14 08:10:49,34.0
R0007733,S015,2025-12-14 12:22:38,2025-12-14 12:51:38,30.0
R0007734,S024,2025-12-14 15:59:34,2025-12-14 16:14:34,9.0
R0007735,S001,2025-12-14 13:40:06,2025-12-14 13:56:06,11.0
R0007736,S008,2025-12-14 20:37:45,2025-12-14 20:43:45,7.0
R0007737,S022,2025-12-14 21:32:47,2025-12-14 21:57:47,35.0
R0007738,S019,2025-12-14 19:58:59,,
R0007739,S013,2025-12-14 23:05:27,,
R0007740,S009,2025-12-14 17:36:50,2025-12-14 17:52:50,31.0
R0007741,S008,2025-12-14 09:50:27,2025-12-14 09:54:27,14.0
R0007742,S003,2025-12-14 17:50:54,2025-12-14 17:46:54,29.0
R0007743,S026,2025-12-14 11:24:32,,
R0007744,S027,2025-12-14 19:03:02,2025-12-14 19:51:02,31.0
R0007745,S003,2025-12-14 17:00:59,2025-12-14 17:12:59,12.0
R0007746,S001,2025-12-14 21:13:29,2025-12-14 21:16:29,11.0
R0007747,S009,2025-12-14 14:30:02,2025-12-14 14:39:02,28.0
R0007748,S022,2025-12-14 11:10:19,2025-12-14 12:02:19,53.0
R0007749,S010,2025-12-14 08:16:32,2025-12-14 08:45:32,37.0
R0007750,S005,2025-12-14 07:43:20,2025-12-14 07:15:20,13.0
R0007751,S004,2025-12-14 09:05:15,2025-12-14 09:36:15,12.0
R0007752,S031,2025-12-14 14:06:25,2025-12-14 14:35:25,29.0
R0007753,S031,2025-12-14 18:57:49,2025-12-14 19:16:49,20.0
R0007754,S027,2025-12-14 14:29:31,2025-12-14 14:46:31,32.0
R0007755,S002,2025-12-14 19:18:20,2025-12-14 19:12:20,4.0
R0007756,S001,2025-12-14 19:02:00,2025-12-14 18:54:00,10.0
R0007757,S026,2025-12-14 14:09:57,2025-12-14 14:09:57,23.0
R0007758,S029,2025-12-14 10:42:18,2025-12-14 11:04:18,21.0
