request_id,request_dt,service_type,priority,expected_minutes,due_dt,status,completed_dt
R0000001,2025-11-15 11:15:57,F&B,Standard,25,2025-11-15 12:48:57,Open,
R0000002,2025-11-15 19:34:22,Housekeeping,Standard,35,2025-11-15 22:03:22,Completed,2025-11-15 20:34:22
R0000003,2025-11-15 08:08:23,Housekeeping,Standard,35,2025-11-15 09:48:23,Completed,2025-11-15 09:13:23
R0000004,2025-11-15 22:09:24,F&B,Standard,25,2025-11-16 00:27:24,Open,
R0000005,2025-11-15 11:43:10,FrontDesk,Standard,12,2025-11-15 13:05:10,Completed,2025-11-15 12:01:10
R0000006,2025-11-15 21:54:30,Housekeeping,Standard,35,2025-11-15 23:42:30,Completed,2025-11-15 22:31:30
R0000007,2025-11-15 20:02:14,FrontDesk,Standard,12,2025-11-15 22:44:14,Completed,2025-11-15 20:40:14
R0000008,2025-11-15 16:43:59,Housekeeping,Standard,35,2025-11-15 19:13:59,Completed,2025-11-15 17:08:59
R0000009,2025-11-15 21:14:47,Housekeeping,Standard,35,2025-11-15 22:43:47,Completed,2025-11-15 21:52:47
R0000010,2025-11-15 13:11:21,F&B,Standard,25,2025-11-15 15:28:21,Completed,2025-11-15 13:49:21
R0000011,2025-11-15 21:24:46,Housekeeping,Standard,35,2025-11-15 23:00:46,Completed,2025-11-15 21:51:46
R0000012,2025-11-15 15:39:28,F&B,Standard,25,2025-11-15 16:45:28,Completed,2025-11-15 16:22:28
R0000013,2025-11-15 19:23:44,Housekeeping,Standard,35,2025-11-15 22:10:44,Completed,2025-11-15 20:13:44
R0000014,2025-11-15 19:14:55,F&B,Standard,25,2025-11-15 21:18:55,Completed,2025-11-15 19:37:55
R0000015,2025-11-15 22:12:10,F&B,Standard,25,2025-11-16 01:01:10,Open,
R0000016,2025-11-15 08:03:59,FrontDesk,Standard,12,2025-11-15 09:13:59,Completed,2025-11-15 08:14:59
R0000017,2025-11-15 19:24:26,F&B,Standard,25,2025-11-15 21:49:26,Completed,2025-11-15 19:57:26
R0000018,2025-11-15 19:38:51,F&B,Standard,25,2025-11-15 22:24:51,Completed,2025-11-15 20:01:51
R0000019,2025-11-15 17:17:37,F&B,Standard,25,2025-11-15 19:10:37,Completed,2025-11-15 18:00:37
R0000020,2025-11-15 19:46:14,Housekeeping,Standard,35,2025-11-15 22:28:14,Completed,2025-11-15 20:45:14
R0000021,2025-11-15 18:59:44,Housekeeping,Standard,35,2025-11-15 20:13:44,Completed,2025-11-15 19:14:44
R0000022,2025-11-15 11:08:05,Housekeeping,Standard,35,2025-11-15 13:19:05,Completed,2025-11-15 11:40:05
R0000023,2025-11-15 14:17:45,Housekeeping,Standard,35,2025-11-15 15:35:45,Open,
R0000024,2025-11-15 12:45:20,Maintenance,Standard,55,2025-11-15 14:15:20,Completed,2025-11-15 13:55:20
R0000025,2025-11-15 16:59:40,Maintenance,Standard,55,2025-11-15 19:39:40,Completed,2025-11-15 18:12:40
R0000026,2025-11-15 17:59:10,Housekeeping,Standard,35,2025-11-15 20:00:10,Completed,2025-11-15 18:51:10
R0000027,2025-11-15 11:20:06,F&B,Standard,25,2025-11-15 13:51:06,Completed,2025-11-15 12:11:06
R0000028,2025-11-15 18:01:13,F&B,Standard,25,2025-11-15 19:54:13,Completed,2025-11-15 18:47:13
R0000029,2025-11-15 11:53:48,Housekeeping,Standard,35,2025-11-15 14:12:48,Completed,2025-11-15 12:45:48
R0000030,2025-11-15 13:29:28,Housekeeping,Urgent,18,2025-11-15 14:16:28,Completed,2025-11-15 13:53:28
R0000031,2025-11-15 18:36:41,FrontDesk,Standard,12,2025-11-15 20:05:41,Completed,2025-11-15 19:03:41
R0000032,2025-11-15 07:24:18,FrontDesk,Standard,12,2025-11-15 10:15:18,Open,
R0000033,2025-11-15 17:47:04,F&B,Standard,25,2025-11-15 18:55:04,Completed,2025-11-15 18:17:04
R0000034,2025-11-15 20:31:28,FrontDesk,Standard,12,2025-11-15 22:58:28,Completed,2025-11-15 20:56:28
R0000035,2025-11-15 19:05:12,Housekeeping,Standard,35,2025-11-15 21:59:12,Completed,2025-11-15 19:54:12
R0000036,2025-11-15 10:27:05,F&B,Standard,25,2025-11-15 12:48:05,Completed,2025-11-15 11:06:05
R0000037,2025-11-15 20:02:26,F&B,Standard,25,2025-11-15 22:38:26,Completed,2025-11-15 20:51:26
R0000038,2025-11-15 14:32:31,FrontDesk,Standard,12,2025-11-15 16:04:31,Completed,2025-11-15 14:57:31
R0000039,2025-11-15 16:12:35,F&B,Standard,25,2025-11-15 17:29:35,Completed,2025-11-15 16:32:35
R0000040,2025-11-15 19:54:17,FrontDesk,Standard,12,2025-11-15 22:27:17,Completed,2025-11-15 20:27:17
R0000041,2025-11-15 22:11:00,FrontDesk,Standard,12,2025-11-15 23:20:00,Completed,2025-11-15 22:37:00
R0000042,2025-11-15 14:00:55,Housekeeping,Urgent,18,2025-11-15 14:48:55,Open,
R0000043,2025-11-15 20:30:51,Housekeeping,Standard,35,2025-11-15 22:17:51,Completed,2025-11-15 21:22:51
R0000044,2025-11-15 18:18:22,F&B,Standard,25,2025-11-15 19:49:22,Completed,2025-11-15 18:56:22
R0000045,2025-11-15 13:27:44,FrontDesk,Standard,12,2025-11-15 14:31:44,Completed,2025-11-15 14:10:44
R0000046,2025-11-15 19:44:41,F&B,Standard,25,2025-11-15 22:44:41,Completed,2025-11-15 20:13:41
R0000047,2025-11-15 12:02:49,FrontDesk,Standard,12,2025-11-15 13:05:49,Completed,2025-11-15 12:37:49
R0000048,2025-11-15 15:45:47,Maintenance,Standard,55,2025-11-15 17:49:47,Completed,2025-11-15 16:48:47
R0000049,2025-11-15 21:50:29,F&B,Standard,25,2025-11-15 23:01:29,In_Progress,
R0000050,2025-11-15 20:48:36,FrontDesk,Standard,12,2025-11-15 22:50:36,Completed,2025-11-15 21:25:36
R0000051,2025-11-15 21:11:16,Housekeeping,Standard,35,2025-11-15 23:55:16,Completed,2025-11-15 22:16:16
R0000052,2025-11-15 17:33:24,FrontDesk,Standard,12,2025-11-15 19:31:24,Completed,2025-11-15 18:16:24
R0000053,2025-11-15 21:56:06,F&B,Standard,25,2025-11-15 23:38:06,Completed,2025-11-15 22:32:06
R0000054,2025-11-15 09:23:56,Housekeeping,Standard,35,2025-11-15 10:54:56,Completed,2025-11-15 10:26:56
R0000055,2025-11-15 21:55:05,F&B,Standard,25,2025-11-16 00:43:05,In_Progress,
R0000056,2025-11-15 11:18:33,Housekeeping,Standard,35,2025-11-15 14:06:33,Completed,2025-11-15 12:15:33
R0000057,2025-11-15 19:02:24,FrontDesk,Standard,12,2025-11-15 21:48:24,Completed,2025-11-15 19:40:24
R0000058,2025-11-15 11:32:41,Housekeeping,Standard,35,2025-11-15 13:03:41,Completed,2025-11-15 12:12:41
R0000059,2025-11-15 21:32:54,Maintenance,Standard,55,2025-11-16 00:08:54,Completed,2025-11-15 22:50:54
R0000060,2025-11-15 15:59:04,FrontDesk,Standard,12,2025-11-15 18:26:04,Completed,2025-11-15 16:38:04
R0000061,2025-11-15 18:50:29,FrontDesk,Standard,12,2025-11-15 20:40:29,Completed,2025-11-15 19:19:29
R0000062,2025-11-15 22:12:09,FrontDesk,Standard,12,2025-11-16 00:37:09,Completed,2025-11-15 22:44:09
R0000063,2025-11-15 14:05:19,Housekeeping,Standard,35,2025-11-15 16:40:19,Completed,2025-11-15 15:04:19
R0000064,2025-11-15 12:16:10,FrontDesk,Standard,12,2025-11-15 13:28:10,Completed,2025-11-15 12:48:10
R0000065,2025-11-15 11:07:34,Maintenance,Standard,55,2025-11-15 12:57:34,Completed,2025-11-15 12:16:34
R0000066,2025-11-15 17:39:04,F&B,Standard,25,2025-11-15 19:18:04,Completed,2025-11-15 18:16:04
R0000067,2025-11-15 07:53:03,F&B,Urgent,12,2025-11-15 08:33:03,Completed,2025-11-15 08:28:03
R0000068,2025-11-15 20:56:03,Maintenance,Standard,55,2025-11-15 22:31:03,Completed,2025-11-15 22:11:03
R0000069,2025-11-15 13:41:18,Housekeeping,Standard,35,2025-11-15 16:13:18,Completed,2025-11-15 14:27:18
R0000070,2025-11-15 10:34:00,F&B,Standard,25,2025-11-15 11:47:00,Completed,2025-11-15 11:17:00
R0000071,2025-11-15 18:44:11,Housekeeping,Urgent,18,2025-11-15 19:44:11,Completed,2025-11-15 19:13:11
R0000072,2025-11-15 11:33:31,F&B,Standard,25,2025-11-15 13:40:31,Completed,2025-11-15 12:21:31
R0000073,2025-11-15 11:40:58,Housekeeping,Urgent,18,2025-11-15 12:19:58,Completed,2025-11-15 12:23:58
R0000074,2025-11-15 19:11:50,F&B,Urgent,12,2025-11-15 19:55:50,Completed,2025-11-15 19:48:50
R0000075,2025-11-15 14:35:40,F&B,Standard,25,2025-11-15 17:06:40,Open,
R0000076,2025-11-15 08:28:24,Housekeeping,Standard,35,2025-11-15 11:10:24,Completed,2025-11-15 09:16:24
R0000077,2025-11-15 09:06:16,Housekeeping,Standard,35,2025-11-15 11:48:16,Completed,2025-11-15 09:51:16
R0000078,2025-11-15 18:17:20,F&B,Standard,25,2025-11-15 20:44:20,Completed,2025-11-15 18:43:20
R0000079,2025-11-15 09:13:20,Housekeeping,Standard,35,2025-11-15 10:17:20,Completed,2025-11-15 10:09:20
R0000080,2025-11-15 21:55:53,Housekeeping,Urgent,18,2025-11-15 22:39:53,Completed,2025-11-15 22:31:53
R0000081,2025-11-15 12:50:03,Maintenance,Standard,55,2025-11-15 15:02:03,Open,
R0000082,2025-11-15 09:38:42,Housekeeping,Urgent,18,2025-11-15 10:03:42,Completed,2025-11-15 09:55:42
R0000083,2025-11-15 21:32:26,Housekeeping,Standard,35,2025-11-15 22:50:26,In_Progress,
R0000084,2025-11-15 19:31:00,F&B,Standard,25,2025-11-15 20:35:00,Completed,2025-11-15 20:25:00
R0000085,2025-11-15 12:08:31,Housekeeping,Standard,35,2025-11-15 14:55:31,Open,
R0000086,2025-11-15 18:19:45,Housekeeping,Standard,35,2025-11-15 21:13:45,Completed,2025-11-15 19:33:45
R0000087,2025-11-15 16:15:40,F&B,Standard,25,2025-11-15 18:28:40,Completed,2025-11-15 16:57:40
R0000088,2025-11-15 16:39:09,F&B,Standard,25,2025-11-15 18:54:09,Completed,2025-11-15 17:42:09
R0000089,2025-11-15 14:26:05,Housekeeping,Standard,35,2025-11-15 16:14:05,Completed,2025-11-15 15:25:05
R0000090,2025-11-15 14:57:42,Housekeeping,Standard,35,2025-11-15 17:28:42,Completed,2025-11-15 15:42:42
R0000091,2025-11-15 19:13:05,F&B,Standard,25,2025-11-15 20:45:05,Completed,2025-11-15 19:54:05
R0000092,2025-11-15 17:49:08,Housekeeping,Standard,35,2025-11-15 19:40:08,Completed,2025-11-15 18:09:08
R0000093,2025-11-15 14:14:14,F&B,Standard,25,2025-11-15 16:10:14,Completed,2025-11-15 14:58:14
R0000094,2025-11-15 19:42:55,Housekeeping,Standard,35,2025-11-15 22:18:55,Completed,2025-11-15 20:11:55
R0000095,2025-11-15 17:25:32,Maintenance,Standard,55,2025-11-15 18:37:32,Completed,2025-11-15 18:59:32
R0000096,2025-11-15 17:23:23,F&B,Urgent,12,2025-11-15 17:59:23,Completed,2025-11-15 17:41:23
R0000097,2025-11-15 13:28:39,F&B,Standard,25,2025-11-15 16:04:39,Completed,2025-11-15 13:56:39
R0000098,2025-11-15 21:17:23,Housekeeping,Standard,35,2025-11-15 23:03:23,Completed,2025-11-15 22:15:23
R0000099,2025-11-15 16:09:01,F&B,Standard,25,2025-11-15 17:55:01,Completed,2025-11-15 16:28:01
R0000100,2025-11-15 12:53:49,Maintenance,Standard,55,2025-11-15 14:09:49,Completed,2025-11-15 13:45:49
R0000101,2025-11-15 14:59:25,F&B,Standard,25,2025-11-15 16:19:25,Completed,2025-11-15 15:30:25
R0000102,2025-11-15 12:23:35,Housekeeping,Standard,35,2025-11-15 14:18:35,Completed,2025-11-15 13:08:35
R0000103,2025-11-15 20:34:10,F&B,Standard,25,2025-11-15 21:58:10,Completed,2025-11-15 21:17:10
R0000104,2025-11-15 16:52:26,F&B,Standard,25,2025-11-15 19:10:26,Open,
R0000105,2025-11-15 10:17:47,F&B,Standard,25,2025-11-15 11:43:47,Completed,2025-11-15 11:07:47
R0000106,2025-11-15 09:05:38,FrontDesk,Urgent,6,2025-11-15 09:30:38,Completed,2025-11-15 09:21:38
R0000107,2025-11-15 19:13:59,F&B,Urgent,12,2025-11-15 20:05:59,Completed,2025-11-15 19:49:59
R0000108,2025-11-15 18:36:07,Housekeeping,Urgent,18,2025-11-15 19:03:07,Completed,2025-11-15 19:06:07
R0000109,2025-11-15 07:28:33,F&B,Urgent,12,2025-11-15 08:06:33,Completed,2025-11-15 07:44:33
R0000110,2025-11-15 20:31:44,Housekeeping,Standard,35,2025-11-15 21:46:44,Completed,2025-11-15 21:18:44
R0000111,2025-11-15 08:11:47,Housekeeping,Standard,35,2025-11-15 09:57:47,Completed,2025-11-15 09:11:47
R0000112,2025-11-15 12:32:45,Housekeeping,Standard,35,2025-11-15 14:05:45,Completed,2025-11-15 13:44:45
R0000113,2025-11-15 14:50:07,Housekeeping,Urgent,18,2025-11-15 15:43:07,Completed,2025-11-15 15:16:07
R0000114,2025-11-15 16:32:00,Housekeeping,Standard,35,2025-11-15 17:47:00,Completed,2025-11-15 17:17:00
R0000115,2025-11-15 18:38:36,FrontDesk,Standard,12,2025-11-15 20:43:36,Completed,2025-11-15 19:21:36
R0000116,2025-11-15 13:37:40,FrontDesk,Standard,12,2025-11-15 15:55:40,Open,
R0000117,2025-11-15 18:34:07,FrontDesk,Standard,12,2025-11-15 20:29:07,Completed,2025-11-15 18:57:07
R0000118,2025-11-15 18:03:28,F&B,Standard,25,2025-11-15 19:47:28,Completed,2025-11-15 18:37:28
R0000119,2025-11-15 11:33:39,Housekeeping,Urgent,18,2025-11-15 11:48:39,Open,
R0000120,2025-11-15 21:55:09,F&B,Standard,25,2025-11-15 23:06:09,Completed,2025-11-15 22:40:09
R0000121,2025-11-15 18:06:15,Maintenance,Urgent,30,2025-11-15 19:03:15,Completed,2025-11-15 18:47:15
R0000122,2025-11-15 15:24:49,FrontDesk,Standard,12,2025-11-15 16:47:49,Completed,2025-11-15 16:00:49
R0000123,2025-11-15 10:12:36,FrontDesk,Standard,12,2025-11-15 12:25:36,Completed,2025-11-15 10:49:36
R0000124,2025-11-15 09:37:49,FrontDesk,Standard,12,2025-11-15 11:54:49,Completed,2025-11-15 10:00:49
R0000125,2025-11-15 19:31:16,F&B,Standard,25,2025-11-15 22:17:16,Open,
R0000126,2025-11-15 15:19:06,Housekeeping,Standard,35,2025-11-15 17:28:06,Completed,2025-11-15 16:05:06
R0000127,2025-11-15 11:51:08,FrontDesk,Standard,12,2025-11-15 14:50:08,Completed,2025-11-15 12:36:08
R0000128,2025-11-15 19:11:12,F&B,Standard,25,2025-11-15 22:09:12,Completed,2025-11-15 19:55:12
R0000129,2025-11-15 15:14:27,F&B,Standard,25,2025-11-15 17:28:27,Completed,2025-11-15 16:03:27
R0000130,2025-11-15 14:35:39,Housekeeping,Standard,35,2025-11-15 15:57:39,Completed,2025-11-15 15:26:39
R0000131,2025-11-15 18:57:05,F&B,Standard,25,2025-11-15 21:10:05,Completed,2025-11-15 19:32:05
R0000132,2025-11-15 16:39:47,FrontDesk,Standard,12,2025-11-15 19:30:47,Completed,2025-11-15 16:54:47
R0000133,2025-11-15 21:10:42,Maintenance,Standard,55,2025-11-15 23:42:42,Completed,2025-11-15 22:29:42
R0000134,2025-11-15 18:38:00,Housekeeping,Standard,35,2025-11-15 20:32:00,Completed,2025-11-15 19:27:00
R0000135,2025-11-15 11:16:41,Housekeeping,Standard,35,2025-11-15 12:39:41,Completed,2025-11-15 12:08:41
R0000136,2025-11-15 20:45:02,F&B,Urgent,12,2025-11-15 21:17:02,Completed,2025-11-15 21:11:02
R0000137,2025-11-15 11:03:20,F&B,Standard,25,2025-11-15 12:03:20,Completed,2025-11-15 11:44:20
R0000138,2025-11-15 19:58:04,Maintenance,Standard,55,2025-11-15 22:10:04,Completed,2025-11-15 21:06:04
R0000139,2025-11-15 18:04:20,F&B,Standard,25,2025-11-15 19:08:20,Completed,2025-11-15 18:55:20
R0000140,2025-11-15 08:30:56,FrontDesk,Urgent,6,2025-11-15 09:18:56,Completed,2025-11-15 08:53:56
R0000141,2025-11-15 17:11:34,F&B,Standard,25,2025-11-15 18:22:34,Completed,2025-11-15 17:55:34
R0000142,2025-11-15 08:55:12,Housekeeping,Urgent,18,2025-11-15 09:15:12,Completed,2025-11-15 09:23:12
R0000143,2025-11-15 12:47:04,Housekeeping,Urgent,18,2025-11-15 13:17:04,Completed,2025-11-15 13:09:04
R0000144,2025-11-15 15:41:10,FrontDesk,Standard,12,2025-11-15 17:34:10,Completed,2025-11-15 16:02:10
R0000145,2025-11-15 21:09:56,Housekeeping,Standard,35,2025-11-15 23:17:56,Open,
R0000146,2025-11-15 21:18:28,Housekeeping,Standard,35,2025-11-15 22:32:28,Completed,2025-11-15 22:23:28
R0000147,2025-11-15 08:00:28,FrontDesk,Standard,12,2025-11-15 10:41:28,Completed,2025-11-15 08:19:28
R0000148,2025-11-15 19:34:42,F&B,Standard,25,2025-11-15 21:41:42,Completed,2025-11-15 20:21:42
R0000149,2025-11-15 14:02:05,F&B,Standard,25,2025-11-15 15:18:05,Completed,2025-11-15 14:31:05
R0000150,2025-11-15 07:08:56,Housekeeping,Standard,35,2025-11-15 09:05:56,Completed,2025-11-15 07:57:56
R0000151,2025-11-15 08:11:44,F&B,Standard,25,2025-11-15 10:56:44,Completed,2025-11-15 08:40:44
R0000152,2025-11-15 14:05:50,F&B,Standard,25,2025-11-15 16:52:50,Completed,2025-11-15 14:51:50
R0000153,2025-11-15 21:48:17,Housekeeping,Standard,35,2025-11-16 00:37:17,Completed,2025-11-15 22:33:17
R0000154,2025-11-15 19:19:23,F&B,Standard,25,2025-11-15 22:06:23,Completed,2025-11-15 19:36:23
R0000155,2025-11-15 18:51:19,Housekeeping,Standard,35,2025-11-15 20:12:19,Completed,2025-11-15 19:24:19
R0000156,2025-11-15 21:31:02,FrontDesk,Standard,12,2025-11-16 00:16:02,Completed,2025-11-15 22:07:02
R0000157,2025-11-15 20:28:55,Maintenance,Standard,55,2025-11-15 22:48:55,Completed,2025-11-15 21:25:55
R0000158,2025-11-15 22:38:01,FrontDesk,Standard,12,2025-11-16 00:07:01,Open,
R0000159,2025-11-15 20:06:26,F&B,Urgent,12,2025-11-15 20:45:26,In_Progress,
R0000160,2025-11-15 09:47:39,Housekeeping,Standard,35,2025-11-15 12:47:39,Completed,2025-11-15 10:23:39
R0000161,2025-11-15 20:29:20,FrontDesk,Standard,12,2025-11-15 22:02:20,Completed,2025-11-15 21:00:20
R0000162,2025-11-15 17:54:59,F&B,Standard,25,2025-11-15 19:48:59,Completed,2025-11-15 18:22:59
R0000163,2025-11-15 07:52:21,Housekeeping,Standard,35,2025-11-15 09:04:21,Completed,2025-11-15 08:55:21
R0000164,2025-11-15 07:09:59,Housekeeping,Urgent,18,2025-11-15 07:53:59,In_Progress,
R0000165,2025-11-15 07:01:23,Housekeeping,Standard,35,2025-11-15 08:35:23,Completed,2025-11-15 07:33:23
R0000166,2025-11-15 14:18:22,Housekeeping,Standard,35,2025-11-15 16:24:22,Completed,2025-11-15 14:48:22
R0000167,2025-11-15 19:55:11,F&B,Standard,25,2025-11-15 22:25:11,Completed,2025-11-15 20:53:11
R0000168,2025-11-15 20:29:13,F&B,Standard,25,2025-11-15 22:55:13,Completed,2025-11-15 21:06:13
R0000169,2025-11-15 15:24:25,F&B,Standard,25,2025-11-15 18:02:25,Completed,2025-11-15 16:07:25
R0000170,2025-11-15 10:42:04,F&B,Standard,25,2025-11-15 12:47:04,Completed,2025-11-15 11:23:04
R0000171,2025-11-15 20:06:58,FrontDesk,Standard,12,2025-11-15 22:04:58,Completed,2025-11-15 20:17:58
R0000172,2025-11-15 12:09:20,F&B,Standard,25,2025-11-15 14:56:20,Completed,2025-11-15 12:47:20
R0000173,2025-11-15 20:19:38,FrontDesk,Standard,12,2025-11-15 22:25:38,Completed,2025-11-15 20:38:38
R0000174,2025-11-15 15:47:04,Housekeeping,Standard,35,2025-11-15 18:36:04,Completed,2025-11-15 16:39:04
R0000175,2025-11-15 12:51:53,F&B,Standard,25,2025-11-15 14:44:53,Completed,2025-11-15 13:21:53
R0000176,2025-11-15 19:15:23,F&B,Standard,25,2025-11-15 22:05:23,Completed,2025-11-15 19:44:23
R0000177,2025-11-15 07:46:28,F&B,Urgent,12,2025-11-15 08:46:28,Completed,2025-11-15 08:06:28
R0000178,2025-11-15 07:26:30,Housekeeping,Standard,35,2025-11-15 08:43:30,Completed,2025-11-15 07:59:30
R0000179,2025-11-15 13:39:21,F&B,Standard,25,2025-11-15 14:58:21,Completed,2025-11-15 14:10:21
R0000180,2025-11-15 18:16:54,F&B,Standard,25,2025-11-15 20:33:54,Completed,2025-11-15 19:13:54
R0000181,2025-11-15 07:48:06,Housekeeping,Standard,35,2025-11-15 10:26:06,Completed,2025-11-15 08:49:06
R0000182,2025-11-15 12:21:32,Housekeeping,Standard,35,2025-11-15 13:45:32,Completed,2025-11-15 13:17:32
R0000183,2025-11-15 11:52:15,F&B,Standard,25,2025-11-15 13:42:15,Completed,2025-11-15 12:46:15
R0000184,2025-11-15 21:34:22,Housekeeping,Standard,35,2025-11-15 23:12:22,Completed,2025-11-15 22:38:22
R0000185,2025-11-15 13:44:22,FrontDesk,Urgent,6,2025-11-15 14:42:22,Completed,2025-11-15 14:10:22
R0000186,2025-11-15 08:36:29,Housekeeping,Standard,35,2025-11-15 09:38:29,Completed,2025-11-15 09:14:29
R0000187,2025-11-15 19:26:57,F&B,Standard,25,2025-11-15 22:26:57,Completed,2025-11-15 20:11:57
R0000188,2025-11-15 20:43:08,F&B,Standard,25,2025-11-15 22:35:08,Completed,2025-11-15 21:34:08
R0000189,2025-11-15 17:14:54,F&B,Standard,25,2025-11-15 18:34:54,Open,
R0000190,2025-11-15 11:01:51,Housekeeping,Standard,35,2025-11-15 13:38:51,Completed,2025-11-15 11:43:51
R0000191,2025-11-15 12:45:16,Housekeeping,Standard,35,2025-11-15 14:18:16,Open,
R0000192,2025-11-15 08:25:47,FrontDesk,Standard,12,2025-11-15 11:05:47,Completed,2025-11-15 08:53:47
R0000193,2025-11-15 15:29:42,F&B,Standard,25,2025-11-15 17:43:42,Completed,2025-11-15 15:43:42
R0000194,2025-11-15 21:31:07,Housekeeping,Standard,35,2025-11-16 00:23:07,Completed,2025-11-15 22:09:07
R0000195,2025-11-15 20:38:24,F&B,Standard,25,2025-11-15 21:39:24,Completed,2025-11-15 21:06:24
R0000196,2025-11-15 10:52:33,F&B,Standard,25,2025-11-15 12:18:33,Completed,2025-11-15 11:19:33
R0000197,2025-11-15 16:33:01,F&B,Standard,25,2025-11-15 18:39:01,Completed,2025-11-15 17:16:01
R0000198,2025-11-15 14:17:17,F&B,Standard,25,2025-11-15 15:26:17,Completed,2025-11-15 14:53:17
R0000199,2025-11-15 21:53:30,F&B,Standard,25,2025-11-15 23:38:30,Completed,2025-11-15 22:27:30
R0000200,2025-11-15 11:22:48,Housekeeping,Standard,35,2025-11-15 12:39:48,Completed,2025-11-15 12:06:48
R0000201,2025-11-15 12:01:09,Housekeeping,Standard,35,2025-11-15 14:16:09,Completed,2025-11-15 12:44:09
R0000202,2025-11-15 07:06:48,FrontDesk,Standard,12,2025-11-15 08:56:48,Completed,2025-11-15 07:30:48
R0000203,2025-11-15 12:27:30,F&B,Standard,25,2025-11-15 13:44:30,Completed,2025-11-15 13:11:30
R0000204,2025-11-15 10:55:44,FrontDesk,Standard,12,2025-11-15 13:33:44,Completed,2025-11-15 11:09:44
R0000205,2025-11-15 15:40:48,F&B,Standard,25,2025-11-15 18:24:48,Completed,2025-11-15 16:08:48
R0000206,2025-11-15 13:31:16,FrontDesk,Standard,12,2025-11-15 16:22:16,Completed,2025-11-15 13:54:16
R0000207,2025-11-15 07:49:36,F&B,Standard,25,2025-11-15 09:49:36,Completed,2025-11-15 08:07:36
R0000208,2025-11-15 11:29:12,FrontDesk,Standard,12,2025-11-15 14:15:12,Completed,2025-11-15 12:03:12
R0000209,2025-11-15 18:17:12,F&B,Urgent,12,2025-11-15 19:17:12,Open,
R0000210,2025-11-15 12:55:20,FrontDesk,Standard,12,2025-11-15 14:35:20,Completed,2025-11-15 13:07:20
R0000211,2025-11-15 10:41:29,FrontDesk,Urgent,6,2025-11-15 11:40:29,Completed,2025-11-15 11:04:29
R0000212,2025-11-15 14:43:04,Maintenance,Standard,55,2025-11-15 17:24:04,Completed,2025-11-15 15:43:04
R0000213,2025-11-15 20:24:14,F&B,Standard,25,2025-11-15 22:00:14,Completed,2025-11-15 20:51:14
R0000214,2025-11-15 07:25:33,FrontDesk,Standard,12,2025-11-15 08:55:33,Completed,2025-11-15 07:55:33
R0000215,2025-11-15 20:15:56,Housekeeping,Standard,35,2025-11-15 22:07:56,Completed,2025-11-15 21:19:56
R0000216,2025-11-15 13:39:18,Housekeeping,Standard,35,2025-11-15 16:18:18,Completed,2025-11-15 14:50:18
R0000217,2025-11-15 11:20:15,Housekeeping,Standard,35,2025-11-15 13:00:15,Completed,2025-11-15 11:59:15
R0000218,2025-11-15 21:07:23,F&B,Standard,25,2025-11-15 22:58:23,In_Progress,
R0000219,2025-11-15 12:09:44,FrontDesk,Standard,12,2025-11-15 14:33:44,Open,
R0000220,2025-11-15 07:48:24,Housekeeping,Standard,35,2025-11-15 09:40:24,Completed,2025-11-15 08:34:24
R0000221,2025-11-15 21:17:32,Housekeeping,Standard,35,2025-11-15 22:19:32,Completed,2025-11-15 22:04:32
R0000222,2025-11-15 18:08:37,FrontDesk,Standard,12,2025-11-15 19:48:37,Open,
R0000223,2025-11-15 09:39:57,Housekeeping,Standard,35,2025-11-15 12:05:57,Completed,2025-11-15 10:29:57
R0000224,2025-11-15 18:19:21,F&B,Standard,25,2025-11-15 21:03:21,Completed,2025-11-15 18:58:21
R0000225,2025-11-15 15:33:47,FrontDesk,Standard,12,2025-11-15 17:35:47,Completed,2025-11-15 16:11:47
R0000226,2025-11-15 16:47:02,F&B,Standard,25,2025-11-15 17:53:02,Completed,2025-11-15 17:22:02
R0000227,2025-11-15 14:28:28,Housekeeping,Standard,35,2025-11-15 16:54:28,Completed,2025-11-15 15:22:28
R0000228,2025-11-15 13:09:38,Housekeeping,Standard,35,2025-11-15 14:12:38,Completed,2025-11-15 13:49:38
R0000229,2025-11-15 20:07:33,Maintenance,Standard,55,2025-11-15 21:48:33,In_Progress,
R0000230,2025-11-15 15:53:29,FrontDesk,Standard,12,2025-11-15 18:44:29,Completed,2025-11-15 16:38:29
R0000231,2025-11-15 12:04:59,Housekeeping,Standard,35,2025-11-15 14:06:59,Completed,2025-11-15 13:00:59
R0000232,2025-11-15 14:45:44,FrontDesk,Urgent,6,2025-11-15 15:09:44,Completed,2025-11-15 14:51:44
R0000233,2025-11-15 19:28:10,FrontDesk,Standard,12,2025-11-15 21:05:10,Completed,2025-11-15 19:39:10
R0000234,2025-11-15 22:41:01,Housekeeping,Standard,35,2025-11-16 00:37:01,Completed,2025-11-15 23:28:01
R0000235,2025-11-15 20:08:28,F&B,Standard,25,2025-11-15 22:03:28,Completed,2025-11-15 20:47:28
R0000236,2025-11-15 11:27:31,Housekeeping,Standard,35,2025-11-15 12:28:31,Completed,2025-11-15 12:30:31
R0000237,2025-11-15 20:55:41,F&B,Standard,25,2025-11-15 23:20:41,Completed,2025-11-15 21:41:41
R0000238,2025-11-15 11:52:02,F&B,Standard,25,2025-11-15 13:53:02,Completed,2025-11-15 12:24:02
R0000239,2025-11-15 10:54:54,FrontDesk,Standard,12,2025-11-15 13:54:54,In_Progress,
R0000240,2025-11-15 18:48:59,Housekeeping,Standard,35,2025-11-15 20:52:59,Completed,2025-11-15 19:12:59
R0000241,2025-11-15 20:13:15,F&B,Standard,25,2025-11-15 22:47:15,Completed,2025-11-15 21:10:15
R0000242,2025-11-15 18:40:03,F&B,Standard,25,2025-11-15 21:18:03,Completed,2025-11-15 19:13:03
R0000243,2025-11-15 07:57:01,F&B,Urgent,12,2025-11-15 08:48:01,Completed,2025-11-15 08:24:01
R0000244,2025-11-15 21:43:31,Maintenance,Standard,55,2025-11-15 23:36:31,Completed,2025-11-15 23:22:31
R0000245,2025-11-15 15:37:44,Maintenance,Standard,55,2025-11-15 18:02:44,Completed,2025-11-15 16:43:44
R0000246,2025-11-15 14:02:17,F&B,Standard,25,2025-11-15 16:48:17,Completed,2025-11-15 14:22:17
R0000247,2025-11-15 16:46:19,F&B,Urgent,12,2025-11-15 17:14:19,Completed,2025-11-15 16:56:19
R0000248,2025-11-15 19:15:31,F&B,Standard,25,2025-11-15 20:44:31,Completed,2025-11-15 19:53:31
R0000249,2025-11-15 07:35:16,F&B,Standard,25,2025-11-15 10:08:16,Completed,2025-11-15 08:10:16
R0000250,2025-11-15 10:37:15,FrontDesk,Standard,12,2025-11-15 13:30:15,Completed,2025-11-15 11:12:15
R0000251,2025-11-15 18:15:22,F&B,Standard,25,2025-11-15 20:20:22,Completed,2025-11-15 18:39:22
R0000252,2025-11-15 17:48:49,Housekeeping,Standard,35,2025-11-15 19:34:49,Completed,2025-11-15 18:22:49
R0000253,2025-11-15 13:29:29,FrontDesk,Standard,12,2025-11-15 15:03:29,Completed,2025-11-15 13:54:29
R0000254,2025-11-15 17:18:02,Housekeeping,Standard,35,2025-11-15 19:43:02,Completed,2025-11-15 18:13:02
R0000255,2025-11-15 12:01:38,Housekeeping,Standard,35,2025-11-15 13:10:38,Completed,2025-11-15 12:31:38
R0000256,2025-11-15 20:42:14,Housekeeping,Standard,35,2025-11-15 22:30:14,Completed,2025-11-15 21:46:14
R0000257,2025-11-15 09:00:16,F&B,Standard,25,2025-11-15 10:01:16,Completed,2025-11-15 09:29:16
R0000258,2025-11-15 09:27:23,F&B,Standard,25,2025-11-15 12:03:23,Completed,2025-11-15 10:03:23
R0000259,2025-11-15 12:38:25,FrontDesk,Urgent,6,2025-11-15 13:32:25,Completed,2025-11-15 12:50:25
R0000260,2025-11-15 19:58:40,F&B,Standard,25,2025-11-15 22:39:40,Completed,2025-11-15 20:31:40
R0000261,2025-11-15 20:42:08,FrontDesk,Standard,12,2025-11-15 21:54:08,Completed,2025-11-15 21:02:08
R0000262,2025-11-15 19:27:17,Maintenance,Standard,55,2025-11-15 20:53:17,Completed,2025-11-15 20:24:17
R0000263,2025-11-15 19:38:59,F&B,Urgent,12,2025-11-15 20:38:59,Completed,2025-11-15 19:55:59
R0000264,2025-11-15 13:26:50,F&B,Standard,25,2025-11-15 16:07:50,Completed,2025-11-15 14:07:50
R0000265,2025-11-15 18:32:46,F&B,Standard,25,2025-11-15 19:40:46,In_Progress,
R0000266,2025-11-15 11:53:24,Housekeeping,Standard,35,2025-11-15 13:18:24,Open,
R0000267,2025-11-15 21:38:59,Housekeeping,Standard,35,2025-11-15 23:22:59,Completed,2025-11-15 22:18:59
R0000268,2025-11-15 18:43:28,F&B,Standard,25,2025-11-15 21:21:28,Completed,2025-11-15 19:15:28
R0000269,2025-11-15 21:30:06,Maintenance,Standard,55,2025-11-15 23:46:06,Completed,2025-11-15 22:28:06
R0000270,2025-11-15 18:57:03,Housekeeping,Standard,35,2025-11-15 21:40:03,Completed,2025-11-15 19:44:03
R0000271,2025-11-15 22:41:55,FrontDesk,Standard,12,2025-11-16 00:04:55,Completed,2025-11-15 22:53:55
R0000272,2025-11-15 10:17:41,FrontDesk,Standard,12,2025-11-15 12:56:41,Completed,2025-11-15 11:00:41
R0000273,2025-11-15 10:26:18,F&B,Standard,25,2025-11-15 13:26:18,Completed,2025-11-15 10:55:18
R0000274,2025-11-15 22:19:20,F&B,Standard,25,2025-11-15 23:21:20,Completed,2025-11-15 22:58:20
R0000275,2025-11-15 18:25:24,F&B,Standard,25,2025-11-15 19:45:24,Completed,2025-11-15 19:06:24
R0000276,2025-11-15 08:30:25,FrontDesk,Standard,12,2025-11-15 10:23:25,Completed,2025-11-15 08:48:25
R0000277,2025-11-15 18:03:30,FrontDesk,Standard,12,2025-11-15 19:44:30,Completed,2025-11-15 18:18:30
R0000278,2025-11-15 18:46:24,F&B,Standard,25,2025-11-15 20:05:24,Open,
R0000279,2025-11-15 08:14:20,F&B,Standard,25,2025-11-15 09:29:20,Completed,2025-11-15 08:44:20
R0000280,2025-11-15 16:52:01,FrontDesk,Standard,12,2025-11-15 18:36:01,Completed,2025-11-15 17:06:01
R0000281,2025-11-15 21:24:49,Housekeeping,Standard,35,2025-11-15 23:25:49,Completed,2025-11-15 22:16:49
R0000282,2025-11-15 14:34:56,Housekeeping,Urgent,18,2025-11-15 14:49:56,Completed,2025-11-15 15:01:56
R0000283,2025-11-15 22:16:57,F&B,Standard,25,2025-11-16 01:01:57,Completed,2025-11-15 22:28:57
R0000284,2025-11-15 11:29:26,Housekeeping,Standard,35,2025-11-15 13:26:26,Completed,2025-11-15 12:21:26
R0000285,2025-11-15 18:12:27,F&B,Standard,25,2025-11-15 20:04:27,Completed,2025-11-15 18:44:27
R0000286,2025-11-15 12:32:28,Housekeeping,Standard,35,2025-11-15 14:52:28,Completed,2025-11-15 13:18:28
R0000287,2025-11-15 19:10:36,F&B,Standard,25,2025-11-15 21:39:36,Completed,2025-11-15 19:58:36
R0000288,2025-11-15 14:00:16,Housekeeping,Standard,35,2025-11-15 15:47:16,Completed,2025-11-15 14:40:16
R0000289,2025-11-15 08:08:07,F&B,Standard,25,2025-11-15 11:02:07,Completed,2025-11-15 08:50:07
R0000290,2025-11-15 09:16:35,F&B,Standard,25,2025-11-15 10:51:35,Completed,2025-11-15 10:13:35
R0000291,2025-11-15 11:26:34,Housekeeping,Standard,35,2025-11-15 13:48:34,Completed,2025-11-15 12:43:34
R0000292,2025-11-15 19:35:50,F&B,Urgent,12,2025-11-15 20:08:50,Open,
R0000293,2025-11-15 15:03:13,Housekeeping,Standard,35,2025-11-15 18:02:13,Completed,2025-11-15 15:49:13
R0000294,2025-11-15 21:30:07,F&B,Standard,25,2025-11-15 23:00:07,Completed,2025-11-15 21:55:07
R0000295,2025-11-15 18:35:55,F&B,Standard,25,2025-11-15 19:47:55,Completed,2025-11-15 19:14:55
R0000296,2025-11-15 19:21:17,FrontDesk,Standard,12,2025-11-15 21:25:17,Completed,2025-11-15 19:53:17
R0000297,2025-11-15 11:23:51,F&B,Standard,25,2025-11-15 13:09:51,Completed,2025-11-15 11:58:51
R0000298,2025-11-15 11:17:44,F&B,Standard,25,2025-11-15 13:31:44,Open,
R0000299,2025-11-15 19:14:13,Housekeeping,Standard,35,2025-11-15 20:33:13,Completed,2025-11-15 19:57:13
R0000300,2025-11-15 18:14:48,FrontDesk,Standard,12,2025-11-15 19:22:48,Completed,2025-11-15 18:59:48
R0000301,2025-11-15 12:27:47,F&B,Standard,25,2025-11-15 13:46:47,Completed,2025-11-15 13:04:47
R0000302,2025-11-15 10:21:57,F&B,Standard,25,2025-11-15 12:18:57,Completed,2025-11-15 10:59:57
R0000303,2025-11-15 11:39:36,F&B,Standard,25,2025-11-15 13:43:36,Completed,2025-11-15 12:19:36
R0000304,2025-11-15 20:17:32,Housekeeping,Standard,35,2025-11-15 23:03:32,Completed,2025-11-15 21:02:32
R0000305,2025-11-15 11:02:22,Housekeeping,Standard,35,2025-11-15 13:50:22,Completed,2025-11-15 12:04:22
R0000306,2025-11-15 11:14:48,Housekeeping,Standard,35,2025-11-15 13:54:48,Completed,2025-11-15 12:26:48
R0000307,2025-11-15 17:25:58,Housekeeping,Standard,35,2025-11-15 19:37:58,Completed,2025-11-15 18:12:58
R0000308,2025-11-15 12:18:14,F&B,Standard,25,2025-11-15 14:18:14,Completed,2025-11-15 12:56:14
R0000309,2025-11-15 19:30:50,FrontDesk,Standard,12,2025-11-15 20:51:50,Completed,2025-11-15 19:53:50
R0000310,2025-11-15 14:55:01,Maintenance,Standard,55,2025-11-15 17:26:01,Completed,2025-11-15 16:06:01
R0000311,2025-11-15 12:33:40,F&B,Standard,25,2025-11-15 13:35:40,Completed,2025-11-15 13:15:40
R0000312,2025-11-15 19:09:20,FrontDesk,Standard,12,2025-11-15 22:02:20,Completed,2025-11-15 19:27:20
R0000313,2025-11-15 17:46:47,Housekeeping,Standard,35,2025-11-15 19:52:47,Completed,2025-11-15 18:10:47
R0000314,2025-11-15 21:55:58,FrontDesk,Standard,12,2025-11-15 23:55:58,Completed,2025-11-15 22:30:58
R0000315,2025-11-15 20:50:04,Maintenance,Standard,55,2025-11-15 23:38:04,Completed,2025-11-15 22:06:04
R0000316,2025-11-15 13:39:31,FrontDesk,Urgent,6,2025-11-15 14:21:31,Completed,2025-11-15 14:12:31
R0000317,2025-11-15 19:56:14,F&B,Standard,25,2025-11-15 21:11:14,Completed,2025-11-15 20:39:14
R0000318,2025-11-15 13:35:00,Housekeeping,Standard,35,2025-11-15 15:04:00,Completed,2025-11-15 14:21:00
R0000319,2025-11-15 09:09:40,F&B,Standard,25,2025-11-15 10:23:40,Open,
R0000320,2025-11-15 10:20:50,Housekeeping,Standard,35,2025-11-15 11:40:50,Completed,2025-11-15 11:08:50
R0000321,2025-11-15 14:57:14,F&B,Standard,25,2025-11-15 16:42:14,Completed,2025-11-15 15:22:14
R0000322,2025-11-15 11:08:58,FrontDesk,Standard,12,2025-11-15 13:44:58,Open,
R0000323,2025-11-15 14:42:38,FrontDesk,Urgent,6,2025-11-15 15:22:38,Completed,2025-11-15 14:49:38
R0000324,2025-11-15 20:15:05,FrontDesk,Urgent,6,2025-11-15 20:52:05,Completed,2025-11-15 20:22:05
R0000325,2025-11-15 18:45:19,Housekeeping,Standard,35,2025-11-15 20:55:19,Completed,2025-11-15 19:43:19
R0000326,2025-11-15 21:02:35,Housekeeping,Standard,35,2025-11-15 23:41:35,Completed,2025-11-15 22:05:35
R0000327,2025-11-15 22:34:10,Maintenance,Standard,55,2025-11-16 00:19:10,Completed,2025-11-15 23:56:10
R0000328,2025-11-15 18:33:56,Housekeeping,Standard,35,2025-11-15 21:05:56,Completed,2025-11-15 19:18:56
R0000329,2025-11-15 07:15:21,F&B,Standard,25,2025-11-15 09:31:21,Open,
R0000330,2025-11-15 13:17:38,Housekeeping,Standard,35,2025-11-15 15:40:38,Completed,2025-11-15 14:06:38
R0000331,2025-11-15 18:15:55,FrontDesk,Standard,12,2025-11-15 20:48:55,Completed,2025-11-15 18:39:55
R0000332,2025-11-15 18:16:49,F&B,Standard,25,2025-11-15 19:44:49,Completed,2025-11-15 18:44:49
R0000333,2025-11-15 19:31:39,FrontDesk,Standard,12,2025-11-15 21:46:39,In_Progress,
R0000334,2025-11-15 18:35:01,Housekeeping,Standard,35,2025-11-15 19:44:01,Completed,2025-11-15 19:17:01
R0000335,2025-11-15 22:57:49,Housekeeping,Standard,35,2025-11-16 00:00:49,Completed,2025-11-15 23:49:49
R0000336,2025-11-15 20:15:57,FrontDesk,Standard,12,2025-11-15 21:37:57,Completed,2025-11-15 20:46:57
R0000337,2025-11-15 14:11:07,Housekeeping,Standard,35,2025-11-15 16:03:07,Completed,2025-11-15 15:01:07
R0000338,2025-11-15 17:41:23,Housekeeping,Standard,35,2025-11-15 20:09:23,Completed,2025-11-15 18:41:23
R0000339,2025-11-15 14:49:20,FrontDesk,Standard,12,2025-11-15 15:52:20,Open,
R0000340,2025-11-15 07:55:55,Housekeeping,Standard,35,2025-11-15 09:11:55,In_Progress,
R0000341,2025-11-15 18:55:19,Housekeeping,Standard,35,2025-11-15 20:46:19,Completed,2025-11-15 19:51:19
R0000342,2025-11-15 20:44:24,Maintenance,Standard,55,2025-11-15 22:26:24,Completed,2025-11-15 21:28:24
R0000343,2025-11-15 18:34:25,Housekeeping,Standard,35,2025-11-15 19:57:25,Completed,2025-11-15 19:36:25
R0000344,2025-11-15 16:06:40,F&B,Standard,25,2025-11-15 17:17:40,Completed,2025-11-15 16:44:40
R0000345,2025-11-15 22:12:45,Housekeeping,Standard,35,2025-11-15 23:15:45,Completed,2025-11-15 23:22:45
R0000346,2025-11-15 13:18:27,F&B,Standard,25,2025-11-15 16:02:27,Completed,2025-11-15 14:03:27
R0000347,2025-11-15 21:01:31,FrontDesk,Standard,12,2025-11-15 22:44:31,Completed,2025-11-15 21:38:31
R0000348,2025-11-15 22:35:37,Housekeeping,Urgent,18,2025-11-15 22:58:37,Completed,2025-11-15 23:09:37
R0000349,2025-11-15 12:26:08,Housekeeping,Standard,35,2025-11-15 13:49:08,In_Progress,
R0000350,2025-11-16 12:13:36,F&B,Standard,25,2025-11-16 14:11:36,Completed,2025-11-16 12:42:36
R0000351,2025-11-16 18:46:40,Housekeeping,Standard,35,2025-11-16 20:02:40,Completed,2025-11-16 19:23:40
R0000352,2025-11-16 18:17:08,Housekeeping,Standard,35,2025-11-16 19:48:08,Completed,2025-11-16 19:05:08
R0000353,2025-11-16 21:03:08,FrontDesk,Standard,12,2025-11-16 23:41:08,Completed,2025-11-16 21:11:08
R0000354,2025-11-16 19:32:23,F&B,Standard,25,2025-11-16 21:43:23,Completed,2025-11-16 20:16:23
R0000355,2025-11-16 17:34:34,Housekeeping,Standard,35,2025-11-16 18:35:34,Completed,2025-11-16 18:27:34
R0000356,2025-11-16 21:24:31,FrontDesk,Standard,12,2025-11-16 23:30:31,Completed,2025-11-16 21:50:31
R0000357,2025-11-16 11:42:09,F&B,Standard,25,2025-11-16 13:35:09,Completed,2025-11-16 12:47:09
R0000358,2025-11-16 19:26:37,FrontDesk,Standard,12,2025-11-16 21:59:37,Completed,2025-11-16 19:46:37
R0000359,2025-11-16 13:42:07,FrontDesk,Standard,12,2025-11-16 16:18:07,Completed,2025-11-16 14:02:07
R0000360,2025-11-16 14:44:35,FrontDesk,Standard,12,2025-11-16 16:06:35,Completed,2025-11-16 15:07:35
R0000361,2025-11-16 16:07:07,Housekeeping,Urgent,18,2025-11-16 16:24:07,Completed,2025-11-16 16:30:07
R0000362,2025-11-16 17:13:30,F&B,Standard,25,2025-11-16 19:28:30,Completed,2025-11-16 17:57:30
R0000363,2025-11-16 14:49:00,FrontDesk,Standard,12,2025-11-16 17:20:00,Completed,2025-11-16 15:02:00
R0000364,2025-11-16 12:10:07,F&B,Standard,25,2025-11-16 14:20:07,Completed,2025-11-16 12:57:07
R0000365,2025-11-16 20:05:46,Housekeeping,Standard,35,2025-11-16 21:11:46,Completed,2025-11-16 21:05:46
R0000366,2025-11-16 09:58:58,F&B,Standard,25,2025-11-16 11:10:58,Completed,2025-11-16 10:28:58
R0000367,2025-11-16 12:53:09,Housekeeping,Standard,35,2025-11-16 14:26:09,Completed,2025-11-16 13:43:09
R0000368,2025-11-16 19:09:01,F&B,Standard,25,2025-11-16 21:26:01,Completed,2025-11-16 19:45:01
R0000369,2025-11-16 13:04:17,Maintenance,Urgent,30,2025-11-16 13:53:17,Completed,2025-11-16 13:46:17
R0000370,2025-11-16 14:56:21,Maintenance,Standard,55,2025-11-16 17:37:21,Completed,2025-11-16 15:30:21
R0000371,2025-11-16 19:40:32,Housekeeping,Urgent,18,2025-11-16 20:11:32,Completed,2025-11-16 20:26:32
R0000372,2025-11-16 20:27:59,F&B,Standard,25,2025-11-16 22:23:59,Completed,2025-11-16 20:58:59
R0000373,2025-11-16 13:53:24,F&B,Standard,25,2025-11-16 16:29:24,Completed,2025-11-16 14:37:24
R0000374,2025-11-16 16:46:04,FrontDesk,Standard,12,2025-11-16 19:03:04,Completed,2025-11-16 17:19:04
R0000375,2025-11-16 20:28:43,Housekeeping,Standard,35,2025-11-16 21:41:43,Completed,2025-11-16 21:13:43
R0000376,2025-11-16 13:20:39,F&B,Standard,25,2025-11-16 15:35:39,Completed,2025-11-16 13:49:39
R0000377,2025-11-16 17:09:27,Housekeeping,Standard,35,2025-11-16 18:21:27,Open,
R0000378,2025-11-16 07:06:57,Maintenance,Standard,55,2025-11-16 08:36:57,Completed,2025-11-16 08:40:57
R0000379,2025-11-16 19:30:59,FrontDesk,Standard,12,2025-11-16 21:51:59,Completed,2025-11-16 19:51:59
R0000380,2025-11-16 10:06:28,FrontDesk,Standard,12,2025-11-16 12:12:28,Completed,2025-11-16 10:39:28
R0000381,2025-11-16 07:23:15,Maintenance,Standard,55,2025-11-16 09:20:15,Completed,2025-11-16 08:37:15
R0000382,2025-11-16 09:08:50,FrontDesk,Standard,12,2025-11-16 11:02:50,Completed,2025-11-16 09:40:50
R0000383,2025-11-16 18:34:17,F&B,Standard,25,2025-11-16 21:06:17,Open,
R0000384,2025-11-16 20:31:52,Housekeeping,Standard,35,2025-11-16 23:05:52,Completed,2025-11-16 21:10:52
R0000385,2025-11-16 20:00:38,FrontDesk,Standard,12,2025-11-16 22:46:38,Completed,2025-11-16 20:34:38
R0000386,2025-11-16 18:18:57,Housekeeping,Standard,35,2025-11-16 20:59:57,Completed,2025-11-16 19:25:57
R0000387,2025-11-16 14:39:49,Housekeeping,Standard,35,2025-11-16 15:44:49,Completed,2025-11-16 15:35:49
R0000388,2025-11-16 19:18:08,F&B,Standard,25,2025-11-16 20:52:08,Completed,2025-11-16 19:52:08
R0000389,2025-11-16 13:02:50,Housekeeping,Standard,35,2025-11-16 14:21:50,Completed,2025-11-16 13:40:50
R0000390,2025-11-16 21:49:57,FrontDesk,Standard,12,2025-11-16 23:47:57,Completed,2025-11-16 22:16:57
R0000391,2025-11-16 20:54:30,F&B,Standard,25,2025-11-16 22:49:30,Completed,2025-11-16 21:32:30
R0000392,2025-11-16 19:03:58,F&B,Standard,25,2025-11-16 21:28:58,Completed,2025-11-16 19:44:58
R0000393,2025-11-16 21:43:07,Maintenance,Standard,55,2025-11-17 00:00:07,Completed,2025-11-16 23:25:07
R0000394,2025-11-16 09:16:01,Housekeeping,Standard,35,2025-11-16 12:06:01,Completed,2025-11-16 10:18:01
R0000395,2025-11-16 09:31:19,Housekeeping,Standard,35,2025-11-16 11:03:19,Completed,2025-11-16 10:02:19
R0000396,2025-11-16 14:48:16,F&B,Standard,25,2025-11-16 16:06:16,Completed,2025-11-16 15:51:16
R0000397,2025-11-16 16:00:42,FrontDesk,Standard,12,2025-11-16 18:15:42,Completed,2025-11-16 16:11:42
R0000398,2025-11-16 19:29:41,Housekeeping,Standard,35,2025-11-16 20:37:41,Completed,2025-11-16 20:35:41
R0000399,2025-11-16 17:58:44,F&B,Standard,25,2025-11-16 19:21:44,Completed,2025-11-16 18:51:44
R0000400,2025-11-16 13:58:28,F&B,Urgent,12,2025-11-16 14:25:28,Open,
R0000401,2025-11-16 07:13:03,FrontDesk,Standard,12,2025-11-16 09:13:03,Completed,2025-11-16 07:30:03
R0000402,2025-11-16 12:16:19,F&B,Standard,25,2025-11-16 14:57:19,Open,
R0000403,2025-11-16 09:10:27,FrontDesk,Standard,12,2025-11-16 11:27:27,Completed,2025-11-16 09:33:27
R0000404,2025-11-16 12:19:50,F&B,Standard,25,2025-11-16 14:10:50,Completed,2025-11-16 13:03:50
R0000405,2025-11-16 21:00:50,Housekeeping,Standard,35,2025-11-16 23:18:50,Completed,2025-11-16 21:33:50
R0000406,2025-11-16 19:58:35,Housekeeping,Standard,35,2025-11-16 21:41:35,Completed,2025-11-16 20:36:35
R0000407,2025-11-16 12:31:42,F&B,Standard,25,2025-11-16 14:46:42,Completed,2025-11-16 13:06:42
R0000408,2025-11-16 14:11:57,F&B,Standard,25,2025-11-16 17:10:57,Completed,2025-11-16 14:48:57
R0000409,2025-11-16 11:44:16,Housekeeping,Standard,35,2025-11-16 13:02:16,Completed,2025-11-16 12:36:16
R0000410,2025-11-16 09:26:51,FrontDesk,Standard,12,2025-11-16 11:24:51,Completed,2025-11-16 09:58:51
R0000411,2025-11-16 14:54:49,Housekeeping,Urgent,18,2025-11-16 15:39:49,Completed,2025-11-16 15:36:49
R0000412,2025-11-16 20:57:11,F&B,Standard,25,2025-11-16 22:21:11,Completed,2025-11-16 21:40:11
R0000413,2025-11-16 10:55:39,Housekeeping,Standard,35,2025-11-16 12:01:39,Completed,2025-11-16 11:44:39
R0000414,2025-11-16 19:35:39,FrontDesk,Urgent,6,2025-11-16 19:59:39,Completed,2025-11-16 19:53:39
R0000415,2025-11-16 22:16:16,F&B,Standard,25,2025-11-16 23:56:16,Completed,2025-11-16 23:17:16
R0000416,2025-11-16 12:54:26,F&B,Standard,25,2025-11-16 15:50:26,Completed,2025-11-16 13:24:26
R0000417,2025-11-16 20:05:02,F&B,Standard,25,2025-11-16 23:00:02,Completed,2025-11-16 20:26:02
R0000418,2025-11-16 20:31:16,Housekeeping,Standard,35,2025-11-16 21:44:16,Completed,2025-11-16 21:28:16
R0000419,2025-11-16 14:34:50,Maintenance,Standard,55,2025-11-16 17:04:50,Completed,2025-11-16 15:56:50
R0000420,2025-11-16 12:09:52,F&B,Standard,25,2025-11-16 14:26:52,In_Progress,
R0000421,2025-11-16 19:23:25,F&B,Standard,25,2025-11-16 21:57:25,Completed,2025-11-16 19:49:25
R0000422,2025-11-16 09:56:52,F&B,Standard,25,2025-11-16 12:45:52,Completed,2025-11-16 10:37:52
R0000423,2025-11-16 21:15:17,FrontDesk,Standard,12,2025-11-16 23:54:17,Completed,2025-11-16 21:44:17
R0000424,2025-11-16 22:23:12,Housekeeping,Standard,35,2025-11-17 00:13:12,Completed,2025-11-16 23:09:12
R0000425,2025-11-16 20:52:09,FrontDesk,Standard,12,2025-11-16 22:30:09,Completed,2025-11-16 21:08:09
R0000426,2025-11-16 07:23:45,F&B,Standard,25,2025-11-16 09:26:45,Open,
R0000427,2025-11-16 19:09:07,FrontDesk,Standard,12,2025-11-16 20:50:07,Completed,2025-11-16 19:34:07
R0000428,2025-11-16 14:04:35,Housekeeping,Standard,35,2025-11-16 15:57:35,Completed,2025-11-16 14:58:35
R0000429,2025-11-16 21:23:37,F&B,Standard,25,2025-11-17 00:04:37,Completed,2025-11-16 21:40:37
R0000430,2025-11-16 15:41:26,Housekeeping,Standard,35,2025-11-16 17:14:26,Completed,2025-11-16 16:27:26
R0000431,2025-11-16 12:43:02,F&B,Standard,25,2025-11-16 14:50:02,Completed,2025-11-16 13:44:02
R0000432,2025-11-16 20:24:15,FrontDesk,Urgent,6,2025-11-16 20:58:15,Completed,2025-11-16 20:52:15
R0000433,2025-11-16 18:27:27,F&B,Standard,25,2025-11-16 19:29:27,Open,
R0000434,2025-11-16 14:50:15,F&B,Urgent,12,2025-11-16 15:26:15,Completed,2025-11-16 15:16:15
R0000435,2025-11-16 08:19:40,FrontDesk,Standard,12,2025-11-16 10:30:40,Completed,2025-11-16 08:32:40
R0000436,2025-11-16 11:10:20,F&B,Standard,25,2025-11-16 12:46:20,Open,
R0000437,2025-11-16 12:16:01,Housekeeping,Standard,35,2025-11-16 13:17:01,Completed,2025-11-16 13:02:01
R0000438,2025-11-16 18:02:30,FrontDesk,Standard,12,2025-11-16 20:54:30,Completed,2025-11-16 18:30:30
R0000439,2025-11-16 19:56:16,FrontDesk,Standard,12,2025-11-16 21:31:16,Completed,2025-11-16 20:28:16
R0000440,2025-11-16 11:07:27,FrontDesk,Standard,12,2025-11-16 13:04:27,Completed,2025-11-16 11:25:27
R0000441,2025-11-16 19:01:31,F&B,Standard,25,2025-11-16 21:49:31,Completed,2025-11-16 19:40:31
R0000442,2025-11-16 18:36:44,Maintenance,Standard,55,2025-11-16 20:05:44,Completed,2025-11-16 19:34:44
R0000443,2025-11-16 14:18:48,Housekeeping,Standard,35,2025-11-16 17:17:48,Completed,2025-11-16 15:32:48
R0000444,2025-11-16 20:06:13,F&B,Urgent,12,2025-11-16 20:46:13,Completed,2025-11-16 20:24:13
R0000445,2025-11-16 20:56:14,FrontDesk,Standard,12,2025-11-16 21:58:14,Completed,2025-11-16 21:16:14
R0000446,2025-11-16 11:22:41,F&B,Standard,25,2025-11-16 13:42:41,Completed,2025-11-16 12:07:41
R0000447,2025-11-16 11:44:20,FrontDesk,Standard,12,2025-11-16 14:13:20,Completed,2025-11-16 12:12:20
R0000448,2025-11-16 16:17:31,Maintenance,Standard,55,2025-11-16 19:08:31,Completed,2025-11-16 17:12:31
R0000449,2025-11-16 12:43:42,FrontDesk,Standard,12,2025-11-16 15:18:42,Completed,2025-11-16 13:22:42
R0000450,2025-11-16 10:20:26,Housekeeping,Standard,35,2025-11-16 13:20:26,Completed,2025-11-16 11:14:26
R0000451,2025-11-16 21:48:53,Housekeeping,Standard,35,2025-11-16 23:30:53,Completed,2025-11-16 22:48:53
R0000452,2025-11-16 09:29:43,Housekeeping,Standard,35,2025-11-16 11:38:43,Completed,2025-11-16 10:33:43
R0000453,2025-11-16 18:25:09,FrontDesk,Standard,12,2025-11-16 19:43:09,Completed,2025-11-16 18:39:09
R0000454,2025-11-16 14:50:23,F&B,Standard,25,2025-11-16 15:52:23,Completed,2025-11-16 15:26:23
R0000455,2025-11-16 20:32:32,F&B,Standard,25,2025-11-16 23:04:32,Completed,2025-11-16 21:29:32
R0000456,2025-11-16 13:18:03,Housekeeping,Standard,35,2025-11-16 15:50:03,Completed,2025-11-16 13:37:03
R0000457,2025-11-16 20:35:54,FrontDesk,Standard,12,2025-11-16 22:33:54,Completed,2025-11-16 20:58:54
R0000458,2025-11-16 20:21:28,Housekeeping,Standard,35,2025-11-16 22:19:28,Completed,2025-11-16 21:25:28
R0000459,2025-11-16 16:12:21,Housekeeping,Standard,35,2025-11-16 18:12:21,Completed,2025-11-16 17:08:21
R0000460,2025-11-16 19:14:50,Housekeeping,Standard,35,2025-11-16 20:56:50,Completed,2025-11-16 20:03:50
R0000461,2025-11-16 10:29:24,FrontDesk,Standard,12,2025-11-16 12:07:24,Completed,2025-11-16 11:00:24
R0000462,2025-11-16 10:37:17,Housekeeping,Standard,35,2025-11-16 11:46:17,Completed,2025-11-16 11:22:17
R0000463,2025-11-16 17:22:33,Housekeeping,Urgent,18,2025-11-16 18:10:33,Completed,2025-11-16 17:31:33
R0000464,2025-11-16 22:53:53,FrontDesk,Standard,12,2025-11-17 01:20:53,In_Progress,
R0000465,2025-11-16 14:20:34,FrontDesk,Standard,12,2025-11-16 15:44:34,In_Progress,
R0000466,2025-11-16 11:42:10,FrontDesk,Standard,12,2025-11-16 13:21:10,Completed,2025-11-16 12:08:10
R0000467,2025-11-16 07:54:28,Housekeeping,Standard,35,2025-11-16 10:12:28,Completed,2025-11-16 08:33:28
R0000468,2025-11-16 18:26:58,FrontDesk,Standard,12,2025-11-16 19:39:58,Completed,2025-11-16 18:50:58
R0000469,2025-11-16 18:16:37,Housekeeping,Standard,35,2025-11-16 20:13:37,Completed,2025-11-16 18:47:37
R0000470,2025-11-16 12:04:28,Housekeeping,Standard,35,2025-11-16 14:22:28,Completed,2025-11-16 13:11:28
R0000471,2025-11-16 19:48:53,F&B,Standard,25,2025-11-16 22:39:53,Completed,2025-11-16 20:21:53
R0000472,2025-11-16 10:20:15,Housekeeping,Standard,35,2025-11-16 12:22:15,Completed,2025-11-16 11:11:15
R0000473,2025-11-16 21:52:33,F&B,Standard,25,2025-11-17 00:10:33,Completed,2025-11-16 22:30:33
R0000474,2025-11-16 19:58:42,F&B,Standard,25,2025-11-16 22:39:42,Completed,2025-11-16 20:58:42
R0000475,2025-11-16 13:14:54,Housekeeping,Standard,35,2025-11-16 14:49:54,Completed,2025-11-16 14:05:54
R0000476,2025-11-16 17:44:46,FrontDesk,Standard,12,2025-11-16 20:31:46,Completed,2025-11-16 18:04:46
R0000477,2025-11-16 22:02:57,F&B,Standard,25,2025-11-17 00:11:57,Completed,2025-11-16 22:32:57
R0000478,2025-11-16 20:09:50,F&B,Standard,25,2025-11-16 22:53:50,Completed,2025-11-16 21:03:50
R0000479,2025-11-16 14:50:48,Housekeeping,Standard,35,2025-11-16 16:04:48,Completed,2025-11-16 15:29:48
R0000480,2025-11-16 13:31:01,Housekeeping,Standard,35,2025-11-16 15:34:01,Completed,2025-11-16 13:42:01
R0000481,2025-11-16 07:36:13,F&B,Standard,25,2025-11-16 09:08:13,Completed,2025-11-16 08:09:13
R0000482,2025-11-16 11:24:05,Maintenance,Standard,55,2025-11-16 13:19:05,In_Progress,
R0000483,2025-11-16 22:22:19,Housekeeping,Standard,35,2025-11-16 23:48:19,Completed,2025-11-16 22:53:19
R0000484,2025-11-16 07:22:04,Housekeeping,Standard,35,2025-11-16 08:55:04,Completed,2025-11-16 07:59:04
R0000485,2025-11-16 12:43:23,F&B,Standard,25,2025-11-16 14:47:23,Completed,2025-11-16 13:25:23
R0000486,2025-11-16 11:59:56,F&B,Standard,25,2025-11-16 14:15:56,Completed,2025-11-16 12:44:56
R0000487,2025-11-16 18:10:02,F&B,Standard,25,2025-11-16 19:41:02,Completed,2025-11-16 18:45:02
R0000488,2025-11-16 07:00:57,FrontDesk,Standard,12,2025-11-16 09:17:57,Completed,2025-11-16 07:27:57
R0000489,2025-11-16 13:57:26,F&B,Standard,25,2025-11-16 16:20:26,Completed,2025-11-16 14:40:26
R0000490,2025-11-16 14:00:50,Maintenance,Standard,55,2025-11-16 16:43:50,Completed,2025-11-16 15:16:50
R0000491,2025-11-16 19:48:09,FrontDesk,Standard,12,2025-11-16 22:00:09,Completed,2025-11-16 20:12:09
R0000492,2025-11-16 18:12:33,F&B,Standard,25,2025-11-16 19:21:33,Open,
R0000493,2025-11-16 11:48:07,F&B,Standard,25,2025-11-16 13:08:07,Completed,2025-11-16 12:11:07
R0000494,2025-11-16 07:47:10,FrontDesk,Standard,12,2025-11-16 09:47:10,Completed,2025-11-16 08:07:10
R0000495,2025-11-16 12:21:50,Maintenance,Standard,55,2025-11-16 14:13:50,Completed,2025-11-16 12:59:50
R0000496,2025-11-16 12:24:41,F&B,Standard,25,2025-11-16 14:31:41,Completed,2025-11-16 13:01:41
R0000497,2025-11-16 07:07:32,Housekeeping,Standard,35,2025-11-16 10:05:32,Completed,2025-11-16 08:01:32
R0000498,2025-11-16 18:02:32,F&B,Standard,25,2025-11-16 20:40:32,Completed,2025-11-16 18:59:32
R0000499,2025-11-16 18:16:42,Housekeeping,Standard,35,2025-11-16 19:28:42,Completed,2025-11-16 19:24:42
R0000500,2025-11-16 20:59:57,Housekeeping,Standard,35,2025-11-16 22:43:57,Completed,2025-11-16 21:54:57
R0000501,2025-11-16 21:34:00,Housekeeping,Standard,35,2025-11-16 22:57:00,Completed,2025-11-16 22:35:00
R0000502,2025-11-16 21:30:53,FrontDesk,Standard,12,2025-11-16 23:56:53,Completed,2025-11-16 21:55:53
R0000503,2025-11-16 21:54:20,Housekeeping,Standard,35,2025-11-16 22:56:20,Completed,2025-11-16 22:23:20
R0000504,2025-11-16 10:46:07,F&B,Urgent,12,2025-11-16 11:07:07,In_Progress,
R0000505,2025-11-16 12:07:07,FrontDesk,Standard,12,2025-11-16 14:47:07,Completed,2025-11-16 12:37:07
R0000506,2025-11-16 21:41:55,Housekeeping,Standard,35,2025-11-16 23:38:55,Completed,2025-11-16 22:08:55
R0000507,2025-11-16 18:47:19,Housekeeping,Standard,35,2025-11-16 20:24:19,Completed,2025-11-16 19:50:19
R0000508,2025-11-16 14:43:08,Housekeeping,Standard,35,2025-11-16 16:16:08,Completed,2025-11-16 15:30:08
R0000509,2025-11-16 09:21:40,F&B,Standard,25,2025-11-16 12:10:40,Completed,2025-11-16 10:06:40
R0000510,2025-11-16 09:03:04,Housekeeping,Standard,35,2025-11-16 10:07:04,Completed,2025-11-16 10:11:04
R0000511,2025-11-16 20:28:25,F&B,Standard,25,2025-11-16 21:50:25,Completed,2025-11-16 21:12:25
R0000512,2025-11-16 16:54:39,Housekeeping,Standard,35,2025-11-16 18:11:39,Completed,2025-11-16 17:48:39
R0000513,2025-11-16 20:21:25,FrontDesk,Urgent,6,2025-11-16 21:01:25,Completed,2025-11-16 20:40:25
R0000514,2025-11-16 13:15:38,F&B,Standard,25,2025-11-16 14:53:38,In_Progress,
R0000515,2025-11-16 16:48:00,Housekeeping,Standard,35,2025-11-16 17:50:00,Completed,2025-11-16 17:42:00
R0000516,2025-11-16 14:12:05,FrontDesk,Standard,12,2025-11-16 15:30:05,Completed,2025-11-16 14:28:05
R0000517,2025-11-16 21:55:49,FrontDesk,Standard,12,2025-11-17 00:04:49,Completed,2025-11-16 22:25:49
R0000518,2025-11-16 21:44:49,Housekeeping,Standard,35,2025-11-17 00:27:49,Completed,2025-11-16 22:44:49
R0000519,2025-11-16 12:16:25,Housekeeping,Standard,35,2025-11-16 13:28:25,Open,
R0000520,2025-11-16 15:43:10,FrontDesk,Standard,12,2025-11-16 17:52:10,Completed,2025-11-16 16:10:10
R0000521,2025-11-16 20:00:21,F&B,Standard,25,2025-11-16 21:42:21,Completed,2025-11-16 20:36:21
R0000522,2025-11-16 17:28:10,Housekeeping,Standard,35,2025-11-16 20:01:10,Completed,2025-11-16 18:09:10
R0000523,2025-11-16 09:01:00,Maintenance,Standard,55,2025-11-16 11:49:00,Completed,2025-11-16 10:39:00
R0000524,2025-11-16 16:39:38,FrontDesk,Standard,12,2025-11-16 19:08:38,In_Progress,
R0000525,2025-11-16 08:40:41,F&B,Standard,25,2025-11-16 10:37:41,Completed,2025-11-16 09:41:41
R0000526,2025-11-16 20:41:46,FrontDesk,Standard,12,2025-11-16 23:07:46,Completed,2025-11-16 20:58:46
R0000527,2025-11-16 20:06:07,Maintenance,Standard,55,2025-11-16 21:30:07,Open,
R0000528,2025-11-16 16:38:16,Housekeeping,Standard,35,2025-11-16 17:44:16,Completed,2025-11-16 17:21:16
R0000529,2025-11-16 12:40:37,F&B,Standard,25,2025-11-16 15:23:37,Completed,2025-11-16 13:02:37
R0000530,2025-11-16 21:07:24,FrontDesk,Standard,12,2025-11-17 00:05:24,Completed,2025-11-16 21:39:24
R0000531,2025-11-16 13:21:08,FrontDesk,Urgent,6,2025-11-16 13:47:08,Completed,2025-11-16 13:54:08
R0000532,2025-11-16 13:33:37,F&B,Standard,25,2025-11-16 16:22:37,Completed,2025-11-16 14:00:37
R0000533,2025-11-16 22:53:02,F&B,Standard,25,2025-11-17 00:55:02,Completed,2025-11-16 23:16:02
R0000534,2025-11-16 18:46:22,F&B,Standard,25,2025-11-16 20:36:22,Completed,2025-11-16 19:27:22
R0000535,2025-11-16 10:41:59,F&B,Urgent,12,2025-11-16 11:15:59,Completed,2025-11-16 11:06:59
R0000536,2025-11-16 09:02:42,F&B,Standard,25,2025-11-16 10:02:42,Completed,2025-11-16 09:36:42
R0000537,2025-11-16 12:22:28,F&B,Standard,25,2025-11-16 13:29:28,Completed,2025-11-16 13:22:28
R0000538,2025-11-16 17:47:46,F&B,Standard,25,2025-11-16 19:38:46,In_Progress,
R0000539,2025-11-16 22:15:10,F&B,Standard,25,2025-11-17 00:51:10,Completed,2025-11-16 23:14:10
R0000540,2025-11-16 18:33:27,Maintenance,Standard,55,2025-11-16 20:36:27,Completed,2025-11-16 19:45:27
R0000541,2025-11-16 14:57:13,FrontDesk,Standard,12,2025-11-16 16:44:13,Completed,2025-11-16 15:13:13
R0000542,2025-11-16 18:01:25,Housekeeping,Standard,35,2025-11-16 20:34:25,Completed,2025-11-16 18:37:25
R0000543,2025-11-16 12:45:02,Housekeeping,Standard,35,2025-11-16 13:48:02,Completed,2025-11-16 13:33:02
R0000544,2025-11-16 18:21:09,FrontDesk,Standard,12,2025-11-16 20:55:09,Completed,2025-11-16 18:47:09
R0000545,2025-11-16 14:32:30,Housekeeping,Urgent,18,2025-11-16 15:23:30,Completed,2025-11-16 15:03:30
R0000546,2025-11-16 20:47:16,Housekeeping,Standard,35,2025-11-16 22:10:16,Completed,2025-11-16 21:43:16
R0000547,2025-11-16 12:07:40,Housekeeping,Standard,35,2025-11-16 13:41:40,Completed,2025-11-16 13:06:40
R0000548,2025-11-16 11:57:25,F&B,Standard,25,2025-11-16 14:42:25,Completed,2025-11-16 12:31:25
R0000549,2025-11-16 20:17:40,Maintenance,Standard,55,2025-11-16 22:22:40,Completed,2025-11-16 21:23:40
R0000550,2025-11-16 13:10:05,Housekeeping,Standard,35,2025-11-16 14:42:05,Completed,2025-11-16 14:06:05
R0000551,2025-11-16 07:29:47,Housekeeping,Standard,35,2025-11-16 08:45:47,Completed,2025-11-16 08:14:47
R0000552,2025-11-16 18:33:37,Maintenance,Standard,55,2025-11-16 20:42:37,Completed,2025-11-16 19:44:37
R0000553,2025-11-16 19:12:21,FrontDesk,Standard,12,2025-11-16 20:22:21,Completed,2025-11-16 19:30:21
R0000554,2025-11-16 08:15:27,F&B,Standard,25,2025-11-16 10:27:27,Completed,2025-11-16 08:40:27
R0000555,2025-11-16 15:02:15,F&B,Standard,25,2025-11-16 17:38:15,Completed,2025-11-16 16:03:15
R0000556,2025-11-16 11:50:35,Housekeeping,Urgent,18,2025-11-16 12:36:35,Completed,2025-11-16 12:30:35
R0000557,2025-11-16 07:06:19,Maintenance,Standard,55,2025-11-16 09:35:19,Completed,2025-11-16 08:35:19
R0000558,2025-11-16 09:41:08,Housekeeping,Standard,35,2025-11-16 12:30:08,Completed,2025-11-16 10:42:08
R0000559,2025-11-16 18:30:57,F&B,Standard,25,2025-11-16 20:12:57,Completed,2025-11-16 19:07:57
R0000560,2025-11-16 08:48:55,Maintenance,Standard,55,2025-11-16 10:25:55,Completed,2025-11-16 09:53:55
R0000561,2025-11-16 07:12:41,FrontDesk,Standard,12,2025-11-16 09:48:41,Completed,2025-11-16 07:25:41
R0000562,2025-11-16 18:58:10,Housekeeping,Standard,35,2025-11-16 21:26:10,Completed,2025-11-16 19:44:10
R0000563,2025-11-16 18:41:36,Housekeeping,Standard,35,2025-11-16 20:15:36,Completed,2025-11-16 19:36:36
R0000564,2025-11-16 10:08:48,F&B,Standard,25,2025-11-16 12:29:48,Completed,2025-11-16 11:03:48
R0000565,2025-11-16 21:48:50,FrontDesk,Standard,12,2025-11-16 23:49:50,Open,
R0000566,2025-11-16 19:45:12,Maintenance,Standard,55,2025-11-16 22:23:12,In_Progress,
R0000567,2025-11-16 20:51:31,Maintenance,Urgent,30,2025-11-16 21:08:31,Completed,2025-11-16 21:33:31
R0000568,2025-11-16 20:13:01,Housekeeping,Urgent,18,2025-11-16 21:00:01,Completed,2025-11-16 20:46:01
R0000569,2025-11-16 11:35:30,Housekeeping,Urgent,18,2025-11-16 12:25:30,Completed,2025-11-16 12:05:30
R0000570,2025-11-16 13:11:53,Housekeeping,Standard,35,2025-11-16 15:39:53,Open,
R0000571,2025-11-16 07:42:51,F&B,Standard,25,2025-11-16 10:15:51,Completed,2025-11-16 08:24:51
R0000572,2025-11-16 11:40:42,Housekeeping,Standard,35,2025-11-16 13:08:42,Completed,2025-11-16 12:37:42
R0000573,2025-11-16 17:23:18,Maintenance,Standard,55,2025-11-16 20:10:18,Completed,2025-11-16 18:36:18
R0000574,2025-11-16 14:51:07,FrontDesk,Standard,12,2025-11-16 16:22:07,Completed,2025-11-16 15:33:07
R0000575,2025-11-16 22:38:59,FrontDesk,Standard,12,2025-11-17 00:51:59,Completed,2025-11-16 22:51:59
R0000576,2025-11-16 09:08:20,FrontDesk,Standard,12,2025-11-16 11:37:20,Completed,2025-11-16 09:27:20
R0000577,2025-11-16 11:44:10,Housekeeping,Standard,35,2025-11-16 13:38:10,Completed,2025-11-16 12:46:10
R0000578,2025-11-16 12:54:56,F&B,Standard,25,2025-11-16 14:14:56,Completed,2025-11-16 13:46:56
R0000579,2025-11-16 19:53:11,Housekeeping,Standard,35,2025-11-16 22:46:11,Completed,2025-11-16 21:03:11
R0000580,2025-11-16 20:48:15,F&B,Standard,25,2025-11-16 21:56:15,Completed,2025-11-16 21:26:15
R0000581,2025-11-16 18:38:35,Housekeeping,Standard,35,2025-11-16 21:29:35,Completed,2025-11-16 19:16:35
R0000582,2025-11-16 21:30:37,F&B,Standard,25,2025-11-16 22:55:37,Completed,2025-11-16 22:09:37
R0000583,2025-11-16 22:33:53,F&B,Standard,25,2025-11-16 23:57:53,Completed,2025-11-16 23:29:53
R0000584,2025-11-16 16:35:16,F&B,Standard,25,2025-11-16 18:22:16,Completed,2025-11-16 17:25:16
R0000585,2025-11-16 20:02:11,Housekeeping,Standard,35,2025-11-16 22:22:11,Completed,2025-11-16 20:43:11
R0000586,2025-11-16 07:54:09,Housekeeping,Standard,35,2025-11-16 10:52:09,Completed,2025-11-16 08:49:09
R0000587,2025-11-16 22:22:45,Maintenance,Standard,55,2025-11-17 00:42:45,Completed,2025-11-16 23:40:45
R0000588,2025-11-16 13:51:06,Housekeeping,Standard,35,2025-11-16 16:42:06,Completed,2025-11-16 14:51:06
R0000589,2025-11-16 18:09:54,FrontDesk,Standard,12,2025-11-16 20:57:54,Completed,2025-11-16 18:28:54
R0000590,2025-11-16 21:40:21,Maintenance,Standard,55,2025-11-16 23:00:21,Completed,2025-11-16 23:01:21
R0000591,2025-11-16 11:03:32,F&B,Standard,25,2025-11-16 13:35:32,Completed,2025-11-16 11:29:32
R0000592,2025-11-16 21:22:58,F&B,Standard,25,2025-11-16 22:45:58,Completed,2025-11-16 22:16:58
R0000593,2025-11-16 19:09:46,Housekeeping,Standard,35,2025-11-16 22:01:46,Completed,2025-11-16 19:55:46
R0000594,2025-11-16 13:23:44,Housekeeping,Standard,35,2025-11-16 14:53:44,Completed,2025-11-16 14:06:44
R0000595,2025-11-16 13:59:42,Housekeeping,Urgent,18,2025-11-16 14:20:42,Completed,2025-11-16 14:34:42
R0000596,2025-11-16 21:17:18,Housekeeping,Standard,35,2025-11-16 22:56:18,Completed,2025-11-16 21:58:18
R0000597,2025-11-16 16:55:03,Housekeeping,Urgent,18,2025-11-16 17:45:03,Completed,2025-11-16 17:34:03
R0000598,2025-11-16 08:42:35,FrontDesk,Standard,12,2025-11-16 10:02:35,Completed,2025-11-16 08:56:35
R0000599,2025-11-16 13:33:49,F&B,Standard,25,2025-11-16 14:58:49,Completed,2025-11-16 14:11:49
R0000600,2025-11-16 16:38:47,F&B,Standard,25,2025-11-16 17:51:47,Completed,2025-11-16 17:23:47
R0000601,2025-11-16 19:54:32,Maintenance,Urgent,30,2025-11-16 20:24:32,Completed,2025-11-16 20:32:32
R0000602,2025-11-16 14:12:23,F&B,Standard,25,2025-11-16 16:03:23,Completed,2025-11-16 14:46:23
R0000603,2025-11-16 17:18:04,F&B,Standard,25,2025-11-16 19:38:04,Completed,2025-11-16 17:55:04
R0000604,2025-11-16 15:03:36,Maintenance,Standard,55,2025-11-16 16:23:36,Completed,2025-11-16 16:24:36
R0000605,2025-11-16 15:49:21,F&B,Standard,25,2025-11-16 18:06:21,Completed,2025-11-16 16:15:21
R0000606,2025-11-16 17:39:31,Maintenance,Standard,55,2025-11-16 20:14:31,Completed,2025-11-16 18:32:31
R0000607,2025-11-16 14:00:23,F&B,Standard,25,2025-11-16 16:36:23,Open,
R0000608,2025-11-16 07:18:07,Housekeeping,Standard,35,2025-11-16 09:10:07,Completed,2025-11-16 08:00:07
R0000609,2025-11-16 18:39:33,Housekeeping,Standard,35,2025-11-16 20:58:33,Completed,2025-11-16 19:33:33
R0000610,2025-11-16 14:23:47,Housekeeping,Standard,35,2025-11-16 15:26:47,Completed,2025-11-16 15:37:47
R0000611,2025-11-16 21:33:46,F&B,Standard,25,2025-11-16 22:40:46,Completed,2025-11-16 22:01:46
R0000612,2025-11-16 21:55:02,Housekeeping,Standard,35,2025-11-17 00:02:02,Completed,2025-11-16 22:52:02
R0000613,2025-11-16 21:09:30,F&B,Standard,25,2025-11-16 23:53:30,Completed,2025-11-16 21:53:30
R0000614,2025-11-16 09:57:28,FrontDesk,Standard,12,2025-11-16 12:11:28,Completed,2025-11-16 10:24:28
R0000615,2025-11-16 18:25:02,F&B,Standard,25,2025-11-16 21:15:02,In_Progress,
R0000616,2025-11-16 12:15:58,FrontDesk,Urgent,6,2025-11-16 13:14:58,Completed,2025-11-16 12:45:58
R0000617,2025-11-16 19:33:13,F&B,Standard,25,2025-11-16 22:08:13,Completed,2025-11-16 20:29:13
R0000618,2025-11-16 14:17:27,F&B,Standard,25,2025-11-16 16:01:27,Completed,2025-11-16 15:11:27
R0000619,2025-11-16 16:47:40,Housekeeping,Standard,35,2025-11-16 17:49:40,Completed,2025-11-16 17:34:40
R0000620,2025-11-16 18:08:01,Housekeeping,Standard,35,2025-11-16 20:11:01,Completed,2025-11-16 19:06:01
R0000621,2025-11-16 16:04:45,Housekeeping,Standard,35,2025-11-16 17:10:45,Completed,2025-11-16 16:41:45
R0000622,2025-11-16 19:42:38,FrontDesk,Standard,12,2025-11-16 22:26:38,Completed,2025-11-16 19:55:38
R0000623,2025-11-16 11:38:40,Maintenance,Standard,55,2025-11-16 14:01:40,Completed,2025-11-16 12:46:40
R0000624,2025-11-16 18:27:06,Housekeeping,Urgent,18,2025-11-16 18:45:06,Completed,2025-11-16 18:59:06
R0000625,2025-11-16 12:58:22,FrontDesk,Standard,12,2025-11-16 15:14:22,Completed,2025-11-16 13:34:22
R0000626,2025-11-16 11:09:11,FrontDesk,Standard,12,2025-11-16 13:28:11,Completed,2025-11-16 11:36:11
R0000627,2025-11-16 14:29:41,FrontDesk,Standard,12,2025-11-16 16:04:41,Completed,2025-11-16 15:00:41
R0000628,2025-11-16 10:22:36,F&B,Standard,25,2025-11-16 12:36:36,Completed,2025-11-16 11:01:36
R0000629,2025-11-16 20:34:29,FrontDesk,Urgent,6,2025-11-16 20:59:29,Completed,2025-11-16 20:44:29
R0000630,2025-11-16 07:10:21,FrontDesk,Urgent,6,2025-11-16 07:53:21,Completed,2025-11-16 07:36:21
R0000631,2025-11-16 19:17:45,F&B,Standard,25,2025-11-16 21:38:45,In_Progress,
R0000632,2025-11-16 19:31:04,Housekeeping,Standard,35,2025-11-16 21:04:04,Completed,2025-11-16 20:13:04
R0000633,2025-11-16 14:38:41,F&B,Standard,25,2025-11-16 17:01:41,Completed,2025-11-16 15:24:41
R0000634,2025-11-16 12:43:29,FrontDesk,Standard,12,2025-11-16 14:03:29,Completed,2025-11-16 13:24:29
R0000635,2025-11-16 22:06:06,Housekeeping,Standard,35,2025-11-17 00:14:06,Completed,2025-11-16 22:38:06
R0000636,2025-11-16 20:40:00,Housekeeping,Standard,35,2025-11-16 22:08:00,Completed,2025-11-16 21:35:00
R0000637,2025-11-16 20:15:48,F&B,Standard,25,2025-11-16 23:02:48,Completed,2025-11-16 20:59:48
R0000638,2025-11-16 11:33:57,FrontDesk,Standard,12,2025-11-16 13:06:57,Completed,2025-11-16 11:57:57
R0000639,2025-11-16 22:32:20,F&B,Standard,25,2025-11-17 00:42:20,In_Progress,
R0000640,2025-11-16 21:03:23,F&B,Standard,25,2025-11-16 22:13:23,Completed,2025-11-16 21:17:23
R0000641,2025-11-16 08:39:33,FrontDesk,Standard,12,2025-11-16 10:45:33,Completed,2025-11-16 08:52:33
R0000642,2025-11-16 10:21:08,F&B,Standard,25,2025-11-16 13:09:08,Completed,2025-11-16 10:58:08
R0000643,2025-11-16 10:43:35,Housekeeping,Standard,35,2025-11-16 12:30:35,Completed,2025-11-16 11:33:35
R0000644,2025-11-16 18:01:04,Housekeeping,Standard,35,2025-11-16 20:02:04,Completed,2025-11-16 18:52:04
R0000645,2025-11-16 07:48:18,FrontDesk,Standard,12,2025-11-16 10:46:18,Completed,2025-11-16 08:26:18
R0000646,2025-11-16 07:17:47,F&B,Standard,25,2025-11-16 08:26:47,Completed,2025-11-16 08:17:47
R0000647,2025-11-16 11:25:54,Housekeeping,Standard,35,2025-11-16 12:46:54,Completed,2025-11-16 12:28:54
R0000648,2025-11-16 15:16:37,Housekeeping,Standard,35,2025-11-16 17:46:37,Completed,2025-11-16 16:01:37
R0000649,2025-11-16 07:04:20,Housekeeping,Standard,35,2025-11-16 09:26:20,Completed,2025-11-16 08:04:20
R0000650,2025-11-16 20:22:28,FrontDesk,Standard,12,2025-11-16 23:17:28,Completed,2025-11-16 20:51:28
R0000651,2025-11-16 14:41:26,FrontDesk,Standard,12,2025-11-16 16:00:26,Completed,2025-11-16 15:07:26
R0000652,2025-11-16 18:58:24,F&B,Urgent,12,2025-11-16 19:24:24,Completed,2025-11-16 19:29:24
R0000653,2025-11-16 20:22:51,F&B,Standard,25,2025-11-16 22:09:51,Completed,2025-11-16 20:45:51
R0000654,2025-11-16 17:04:19,F&B,Standard,25,2025-11-16 19:21:19,Completed,2025-11-16 17:47:19
R0000655,2025-11-16 10:16:47,F&B,Standard,25,2025-11-16 12:00:47,Completed,2025-11-16 10:46:47
R0000656,2025-11-16 07:27:39,Housekeeping,Standard,35,2025-11-16 08:28:39,Completed,2025-11-16 08:38:39
R0000657,2025-11-16 22:41:09,F&B,Standard,25,2025-11-17 01:23:09,Completed,2025-11-16 23:22:09
R0000658,2025-11-16 16:12:45,Housekeeping,Standard,35,2025-11-16 17:15:45,Completed,2025-11-16 16:57:45
R0000659,2025-11-16 21:19:33,Housekeeping,Standard,35,2025-11-17 00:04:33,Completed,2025-11-16 21:49:33
R0000660,2025-11-16 14:27:59,FrontDesk,Standard,12,2025-11-16 16:47:59,Completed,2025-11-16 14:46:59
R0000661,2025-11-16 07:26:50,F&B,Standard,25,2025-11-16 10:17:50,Open,
R0000662,2025-11-16 18:47:42,F&B,Standard,25,2025-11-16 21:08:42,Completed,2025-11-16 19:23:42
R0000663,2025-11-16 13:01:51,Housekeeping,Standard,35,2025-11-16 14:15:51,Completed,2025-11-16 13:34:51
R0000664,2025-11-16 09:15:57,F&B,Standard,25,2025-11-16 10:41:57,Completed,2025-11-16 10:07:57
R0000665,2025-11-16 19:23:34,Housekeeping,Standard,35,2025-11-16 21:51:34,Completed,2025-11-16 20:24:34
R0000666,2025-11-16 14:48:24,Housekeeping,Standard,35,2025-11-16 17:30:24,Completed,2025-11-16 16:00:24
R0000667,2025-11-16 21:51:41,Housekeeping,Standard,35,2025-11-16 23:22:41,Completed,2025-11-16 22:36:41
R0000668,2025-11-16 15:48:37,FrontDesk,Standard,12,2025-11-16 18:18:37,Completed,2025-11-16 16:06:37
R0000669,2025-11-16 13:22:21,Housekeeping,Urgent,18,2025-11-16 14:08:21,Open,
R0000670,2025-11-16 14:54:02,FrontDesk,Standard,12,2025-11-16 16:33:02,Completed,2025-11-16 15:37:02
R0000671,2025-11-17 22:10:06,FrontDesk,Standard,12,2025-11-18 00:08:06,Completed,2025-11-17 22:30:06
R0000672,2025-11-17 19:25:46,F&B,Standard,25,2025-11-17 21:38:46,Completed,2025-11-17 20:09:46
R0000673,2025-11-17 11:17:16,FrontDesk,Standard,12,2025-11-17 12:52:16,Completed,2025-11-17 11:42:16
R0000674,2025-11-17 11:26:14,Housekeeping,Standard,35,2025-11-17 13:56:14,Open,
R0000675,2025-11-17 10:08:58,Maintenance,Standard,55,2025-11-17 12:54:58,Completed,2025-11-17 10:57:58
R0000676,2025-11-17 08:38:47,F&B,Standard,25,2025-11-17 11:14:47,Open,
R0000677,2025-11-17 21:18:00,F&B,Standard,25,2025-11-17 22:53:00,Completed,2025-11-17 22:11:00
R0000678,2025-11-17 13:35:34,F&B,Standard,25,2025-11-17 16:00:34,Completed,2025-11-17 14:12:34
R0000679,2025-11-17 19:32:13,Maintenance,Standard,55,2025-11-17 22:14:13,Completed,2025-11-17 20:20:13
R0000680,2025-11-17 20:37:10,Housekeeping,Urgent,18,2025-11-17 20:54:10,Completed,2025-11-17 21:15:10
R0000681,2025-11-17 17:59:57,FrontDesk,Standard,12,2025-11-17 19:47:57,Completed,2025-11-17 18:12:57
R0000682,2025-11-17 18:42:30,FrontDesk,Standard,12,2025-11-17 19:53:30,Completed,2025-11-17 18:51:30
R0000683,2025-11-17 18:34:45,Maintenance,Standard,55,2025-11-17 20:01:45,Completed,2025-11-17 19:55:45
R0000684,2025-11-17 19:10:08,F&B,Standard,25,2025-11-17 20:44:08,Completed,2025-11-17 20:07:08
R0000685,2025-11-17 18:02:09,Housekeeping,Standard,35,2025-11-17 20:42:09,Completed,2025-11-17 18:41:09
R0000686,2025-11-17 17:18:00,FrontDesk,Standard,12,2025-11-17 19:06:00,Completed,2025-11-17 17:48:00
R0000687,2025-11-17 22:46:03,F&B,Standard,25,2025-11-18 01:04:03,Completed,2025-11-17 23:36:03
R0000688,2025-11-17 20:26:56,Housekeeping,Standard,35,2025-11-17 22:58:56,Completed,2025-11-17 21:30:56
R0000689,2025-11-17 13:41:07,Maintenance,Standard,55,2025-11-17 15:01:07,Completed,2025-11-17 14:59:07
R0000690,2025-11-17 07:55:21,F&B,Standard,25,2025-11-17 10:11:21,Completed,2025-11-17 08:20:21
R0000691,2025-11-17 18:44:38,F&B,Standard,25,2025-11-17 21:04:38,Completed,2025-11-17 19:37:38
R0000692,2025-11-17 13:36:03,F&B,Standard,25,2025-11-17 15:05:03,In_Progress,
R0000693,2025-11-17 22:03:03,F&B,Standard,25,2025-11-18 00:00:03,Completed,2025-11-17 22:36:03
R0000694,2025-11-17 15:42:12,F&B,Standard,25,2025-11-17 18:14:12,Completed,2025-11-17 16:24:12
R0000695,2025-11-17 21:31:42,FrontDesk,Standard,12,2025-11-17 23:19:42,Completed,2025-11-17 21:49:42
R0000696,2025-11-17 20:27:40,Maintenance,Standard,55,2025-11-17 21:38:40,Completed,2025-11-17 21:26:40
R0000697,2025-11-17 10:23:58,FrontDesk,Standard,12,2025-11-17 11:47:58,Completed,2025-11-17 10:40:58
R0000698,2025-11-17 19:38:19,Maintenance,Standard,55,2025-11-17 22:37:19,Open,
R0000699,2025-11-17 18:59:04,F&B,Standard,25,2025-11-17 21:00:04,In_Progress,
R0000700,2025-11-17 10:56:46,Housekeeping,Urgent,18,2025-11-17 11:14:46,Completed,2025-11-17 11:28:46
R0000701,2025-11-17 08:34:09,FrontDesk,Standard,12,2025-11-17 10:45:09,Completed,2025-11-17 08:45:09
R0000702,2025-11-17 21:50:37,Housekeeping,Standard,35,2025-11-18 00:33:37,Completed,2025-11-17 22:21:37
R0000703,2025-11-17 18:29:57,Housekeeping,Standard,35,2025-11-17 20:05:57,Open,
R0000704,2025-11-17 22:51:52,F&B,Urgent,12,2025-11-17 23:49:52,Completed,2025-11-17 23:04:52
R0000705,2025-11-17 09:16:09,FrontDesk,Standard,12,2025-11-17 11:32:09,Completed,2025-11-17 09:28:09
R0000706,2025-11-17 08:27:37,F&B,Standard,25,2025-11-17 11:06:37,Completed,2025-11-17 09:20:37
R0000707,2025-11-17 10:09:40,FrontDesk,Standard,12,2025-11-17 12:04:40,Completed,2025-11-17 10:17:40
R0000708,2025-11-17 16:53:46,F&B,Standard,25,2025-11-17 19:53:46,Completed,2025-11-17 17:24:46
R0000709,2025-11-17 19:32:32,FrontDesk,Standard,12,2025-11-17 20:53:32,Completed,2025-11-17 20:01:32
R0000710,2025-11-17 13:38:56,Housekeeping,Standard,35,2025-11-17 15:06:56,Completed,2025-11-17 14:55:56
R0000711,2025-11-17 19:26:23,F&B,Standard,25,2025-11-17 22:20:23,Completed,2025-11-17 19:53:23
R0000712,2025-11-17 11:13:43,F&B,Standard,25,2025-11-17 12:51:43,Completed,2025-11-17 12:05:43
R0000713,2025-11-17 09:48:53,FrontDesk,Standard,12,2025-11-17 12:32:53,Completed,2025-11-17 09:57:53
R0000714,2025-11-17 20:12:26,FrontDesk,Standard,12,2025-11-17 22:51:26,Completed,2025-11-17 20:42:26
R0000715,2025-11-17 19:23:16,F&B,Urgent,12,2025-11-17 20:22:16,In_Progress,
R0000716,2025-11-17 16:04:24,Maintenance,Standard,55,2025-11-17 18:11:24,Completed,2025-11-17 17:20:24
R0000717,2025-11-17 20:29:05,FrontDesk,Standard,12,2025-11-17 21:29:05,Completed,2025-11-17 20:42:05
R0000718,2025-11-17 10:18:13,Housekeeping,Standard,35,2025-11-17 12:00:13,Completed,2025-11-17 11:00:13
R0000719,2025-11-17 18:34:48,Maintenance,Standard,55,2025-11-17 20:34:48,Completed,2025-11-17 19:51:48
R0000720,2025-11-17 13:18:36,Maintenance,Standard,55,2025-11-17 16:07:36,Completed,2025-11-17 14:36:36
R0000721,2025-11-17 08:38:35,Maintenance,Standard,55,2025-11-17 10:55:35,Completed,2025-11-17 08:54:35
R0000722,2025-11-17 18:30:59,F&B,Standard,25,2025-11-17 21:18:59,Completed,2025-11-17 19:01:59
R0000723,2025-11-17 16:53:51,Housekeeping,Standard,35,2025-11-17 18:02:51,Completed,2025-11-17 17:40:51
R0000724,2025-11-17 19:44:24,FrontDesk,Standard,12,2025-11-17 20:54:24,Completed,2025-11-17 19:53:24
R0000725,2025-11-17 18:48:43,FrontDesk,Standard,12,2025-11-17 20:15:43,Completed,2025-11-17 19:12:43
R0000726,2025-11-17 07:22:32,FrontDesk,Urgent,6,2025-11-17 07:45:32,Completed,2025-11-17 07:31:32
R0000727,2025-11-17 11:03:11,F&B,Standard,25,2025-11-17 13:48:11,Completed,2025-11-17 11:19:11
R0000728,2025-11-17 11:46:11,FrontDesk,Standard,12,2025-11-17 12:49:11,Completed,2025-11-17 11:58:11
R0000729,2025-11-17 21:49:25,Housekeeping,Urgent,18,2025-11-17 22:26:25,Completed,2025-11-17 22:15:25
R0000730,2025-11-17 14:04:51,FrontDesk,Standard,12,2025-11-17 16:05:51,Completed,2025-11-17 14:49:51
R0000731,2025-11-17 13:00:02,F&B,Standard,25,2025-11-17 15:30:02,Completed,2025-11-17 13:14:02
R0000732,2025-11-17 15:06:09,Housekeeping,Standard,35,2025-11-17 17:16:09,Completed,2025-11-17 15:51:09
R0000733,2025-11-17 07:55:49,FrontDesk,Standard,12,2025-11-17 09:38:49,Completed,2025-11-17 08:21:49
R0000734,2025-11-17 09:57:38,Housekeeping,Standard,35,2025-11-17 11:49:38,Completed,2025-11-17 11:01:38
R0000735,2025-11-17 07:40:53,Housekeeping,Standard,35,2025-11-17 09:21:53,Completed,2025-11-17 08:33:53
R0000736,2025-11-17 15:37:35,FrontDesk,Standard,12,2025-11-17 16:37:35,Completed,2025-11-17 16:11:35
R0000737,2025-11-17 13:27:18,F&B,Standard,25,2025-11-17 15:14:18,Completed,2025-11-17 13:55:18
R0000738,2025-11-17 22:43:39,FrontDesk,Standard,12,2025-11-18 01:07:39,Completed,2025-11-17 22:55:39
R0000739,2025-11-17 12:00:16,F&B,Standard,25,2025-11-17 14:27:16,Completed,2025-11-17 12:45:16
R0000740,2025-11-17 11:01:37,FrontDesk,Standard,12,2025-11-17 12:25:37,Completed,2025-11-17 11:33:37
R0000741,2025-11-17 14:07:20,F&B,Standard,25,2025-11-17 15:36:20,Completed,2025-11-17 14:45:20
R0000742,2025-11-17 16:52:43,Housekeeping,Standard,35,2025-11-17 19:12:43,Open,
R0000743,2025-11-17 07:06:21,FrontDesk,Standard,12,2025-11-17 10:05:21,Completed,2025-11-17 07:41:21
R0000744,2025-11-17 13:49:29,Housekeeping,Standard,35,2025-11-17 15:05:29,Completed,2025-11-17 14:32:29
R0000745,2025-11-17 07:09:42,F&B,Standard,25,2025-11-17 08:45:42,Completed,2025-11-17 07:41:42
R0000746,2025-11-17 21:10:54,FrontDesk,Standard,12,2025-11-17 22:22:54,Completed,2025-11-17 21:36:54
R0000747,2025-11-17 09:43:10,Maintenance,Standard,55,2025-11-17 12:35:10,Completed,2025-11-17 10:44:10
R0000748,2025-11-17 16:53:57,Housekeeping,Standard,35,2025-11-17 17:54:57,Completed,2025-11-17 17:34:57
R0000749,2025-11-17 19:38:48,FrontDesk,Urgent,6,2025-11-17 20:11:48,Completed,2025-11-17 20:01:48
R0000750,2025-11-17 08:23:16,Housekeeping,Standard,35,2025-11-17 10:32:16,Open,
R0000751,2025-11-17 21:25:18,FrontDesk,Standard,12,2025-11-17 23:10:18,Completed,2025-11-17 21:55:18
R0000752,2025-11-17 09:03:57,Housekeeping,Standard,35,2025-11-17 10:18:57,Completed,2025-11-17 10:01:57
R0000753,2025-11-17 22:52:57,F&B,Urgent,12,2025-11-17 23:13:57,Completed,2025-11-17 23:29:57
R0000754,2025-11-17 20:56:17,Housekeeping,Standard,35,2025-11-17 22:39:17,Completed,2025-11-17 21:47:17
R0000755,2025-11-17 12:51:01,Housekeeping,Standard,35,2025-11-17 13:59:01,Completed,2025-11-17 13:20:01
R0000756,2025-11-17 21:09:46,FrontDesk,Standard,12,2025-11-17 22:21:46,Completed,2025-11-17 21:26:46
R0000757,2025-11-17 20:12:41,FrontDesk,Urgent,6,2025-11-17 20:41:41,Completed,2025-11-17 20:23:41
R0000758,2025-11-17 07:00:09,Housekeeping,Standard,35,2025-11-17 08:41:09,Completed,2025-11-17 08:00:09
R0000759,2025-11-17 21:27:49,FrontDesk,Standard,12,2025-11-18 00:13:49,Completed,2025-11-17 22:04:49
R0000760,2025-11-17 19:28:16,F&B,Urgent,12,2025-11-17 20:10:16,Completed,2025-11-17 19:57:16
R0000761,2025-11-17 11:02:06,Housekeeping,Standard,35,2025-11-17 13:56:06,Completed,2025-11-17 11:35:06
R0000762,2025-11-17 18:00:53,Housekeeping,Standard,35,2025-11-17 20:33:53,Completed,2025-11-17 19:03:53
R0000763,2025-11-17 14:51:00,Housekeeping,Urgent,18,2025-11-17 15:06:00,Completed,2025-11-17 15:30:00
R0000764,2025-11-17 18:49:42,F&B,Standard,25,2025-11-17 21:19:42,Completed,2025-11-17 19:32:42
R0000765,2025-11-17 12:53:46,F&B,Standard,25,2025-11-17 15:15:46,Completed,2025-11-17 13:30:46
R0000766,2025-11-17 13:48:02,F&B,Urgent,12,2025-11-17 14:31:02,Completed,2025-11-17 14:24:02
R0000767,2025-11-17 13:46:54,F&B,Standard,25,2025-11-17 15:55:54,Open,
R0000768,2025-11-17 12:14:31,Housekeeping,Standard,35,2025-11-17 14:49:31,Completed,2025-11-17 12:49:31
R0000769,2025-11-17 20:02:47,Maintenance,Standard,55,2025-11-17 21:55:47,Open,
R0000770,2025-11-17 09:11:18,F&B,Standard,25,2025-11-17 10:18:18,Completed,2025-11-17 09:50:18
R0000771,2025-11-17 11:12:34,Housekeeping,Standard,35,2025-11-17 13:00:34,Completed,2025-11-17 11:58:34
R0000772,2025-11-17 15:37:34,FrontDesk,Urgent,6,2025-11-17 16:16:34,Completed,2025-11-17 16:14:34
R0000773,2025-11-17 11:48:34,F&B,Standard,25,2025-11-17 13:30:34,Completed,2025-11-17 12:08:34
R0000774,2025-11-17 07:28:11,F&B,Standard,25,2025-11-17 09:46:11,Completed,2025-11-17 08:16:11
R0000775,2025-11-17 13:58:50,FrontDesk,Standard,12,2025-11-17 15:54:50,Completed,2025-11-17 14:32:50
R0000776,2025-11-17 18:45:29,F&B,Standard,25,2025-11-17 20:23:29,Completed,2025-11-17 19:26:29
R0000777,2025-11-17 15:03:59,F&B,Standard,25,2025-11-17 17:20:59,Completed,2025-11-17 15:39:59
R0000778,2025-11-17 07:27:40,FrontDesk,Standard,12,2025-11-17 09:26:40,Completed,2025-11-17 07:55:40
R0000779,2025-11-17 19:51:56,FrontDesk,Standard,12,2025-11-17 22:03:56,Completed,2025-11-17 20:20:56
R0000780,2025-11-17 10:38:30,F&B,Standard,25,2025-11-17 13:35:30,Completed,2025-11-17 11:13:30
R0000781,2025-11-17 08:56:01,Maintenance,Standard,55,2025-11-17 10:37:01,Completed,2025-11-17 09:52:01
R0000782,2025-11-17 14:54:36,FrontDesk,Standard,12,2025-11-17 16:30:36,Completed,2025-11-17 15:04:36
R0000783,2025-11-17 14:03:18,F&B,Standard,25,2025-11-17 16:08:18,In_Progress,
R0000784,2025-11-17 21:02:19,Housekeeping,Standard,35,2025-11-17 23:37:19,Completed,2025-11-17 21:38:19
R0000785,2025-11-17 07:31:32,Maintenance,Standard,55,2025-11-17 09:56:32,Completed,2025-11-17 08:15:32
R0000786,2025-11-17 20:11:16,Housekeeping,Standard,35,2025-11-17 21:59:16,Completed,2025-11-17 21:07:16
R0000787,2025-11-17 08:15:16,Housekeeping,Standard,35,2025-11-17 11:15:16,Completed,2025-11-17 09:09:16
R0000788,2025-11-17 18:57:35,Housekeeping,Standard,35,2025-11-17 21:30:35,Completed,2025-11-17 20:06:35
R0000789,2025-11-17 20:36:02,FrontDesk,Urgent,6,2025-11-17 21:16:02,Completed,2025-11-17 20:44:02
R0000790,2025-11-17 21:55:37,Housekeeping,Standard,35,2025-11-18 00:25:37,Completed,2025-11-17 22:48:37
R0000791,2025-11-17 10:03:57,Housekeeping,Standard,35,2025-11-17 11:45:57,Completed,2025-11-17 10:37:57
R0000792,2025-11-17 20:57:17,F&B,Standard,25,2025-11-17 23:08:17,Completed,2025-11-17 21:35:17
R0000793,2025-11-17 20:23:26,FrontDesk,Standard,12,2025-11-17 22:03:26,Completed,2025-11-17 20:58:26
R0000794,2025-11-17 17:37:30,Housekeeping,Standard,35,2025-11-17 19:39:30,Completed,2025-11-17 18:29:30
R0000795,2025-11-17 14:40:24,FrontDesk,Standard,12,2025-11-17 16:41:24,Completed,2025-11-17 15:01:24
R0000796,2025-11-17 11:25:18,F&B,Standard,25,2025-11-17 13:22:18,Completed,2025-11-17 11:54:18
R0000797,2025-11-17 21:45:47,FrontDesk,Standard,12,2025-11-18 00:39:47,Completed,2025-11-17 22:17:47
R0000798,2025-11-17 21:52:00,Housekeeping,Standard,35,2025-11-18 00:26:00,Completed,2025-11-17 22:49:00
R0000799,2025-11-17 18:34:37,FrontDesk,Standard,12,2025-11-17 19:53:37,Completed,2025-11-17 18:48:37
R0000800,2025-11-17 19:38:34,Housekeeping,Standard,35,2025-11-17 22:18:34,Completed,2025-11-17 20:32:34
R0000801,2025-11-17 14:19:13,FrontDesk,Standard,12,2025-11-17 16:57:13,Completed,2025-11-17 14:59:13
R0000802,2025-11-17 22:41:13,FrontDesk,Standard,12,2025-11-18 01:15:13,Completed,2025-11-17 23:14:13
R0000803,2025-11-17 19:01:26,F&B,Standard,25,2025-11-17 21:55:26,Completed,2025-11-17 19:32:26
R0000804,2025-11-17 19:05:33,F&B,Standard,25,2025-11-17 21:09:33,Completed,2025-11-17 20:01:33
R0000805,2025-11-17 21:06:06,Housekeeping,Standard,35,2025-11-17 23:48:06,Completed,2025-11-17 21:46:06
R0000806,2025-11-17 18:40:11,Housekeeping,Standard,35,2025-11-17 21:20:11,Completed,2025-11-17 20:01:11
R0000807,2025-11-17 11:36:25,FrontDesk,Standard,12,2025-11-17 13:09:25,Completed,2025-11-17 12:00:25
R0000808,2025-11-17 07:59:18,F&B,Standard,25,2025-11-17 10:24:18,Open,
R0000809,2025-11-17 13:37:56,Housekeeping,Standard,35,2025-11-17 16:28:56,Completed,2025-11-17 14:30:56
R0000810,2025-11-17 12:14:15,Housekeeping,Standard,35,2025-11-17 15:14:15,Completed,2025-11-17 13:10:15
R0000811,2025-11-17 11:50:54,FrontDesk,Standard,12,2025-11-17 14:29:54,Completed,2025-11-17 12:19:54
R0000812,2025-11-17 21:35:06,FrontDesk,Standard,12,2025-11-17 23:32:06,Completed,2025-11-17 22:10:06
R0000813,2025-11-17 10:37:04,F&B,Standard,25,2025-11-17 11:40:04,Completed,2025-11-17 11:11:04
R0000814,2025-11-17 21:31:23,FrontDesk,Standard,12,2025-11-18 00:16:23,Completed,2025-11-17 21:56:23
R0000815,2025-11-17 17:35:43,Maintenance,Standard,55,2025-11-17 19:11:43,Completed,2025-11-17 18:38:43
R0000816,2025-11-17 11:44:35,Maintenance,Standard,55,2025-11-17 13:36:35,Completed,2025-11-17 12:58:35
R0000817,2025-11-17 19:31:36,FrontDesk,Standard,12,2025-11-17 21:10:36,Completed,2025-11-17 19:49:36
R0000818,2025-11-17 11:07:36,FrontDesk,Standard,12,2025-11-17 13:56:36,Completed,2025-11-17 11:38:36
R0000819,2025-11-17 12:30:14,F&B,Standard,25,2025-11-17 14:46:14,Completed,2025-11-17 13:05:14
R0000820,2025-11-17 07:23:05,Housekeeping,Standard,35,2025-11-17 08:29:05,Completed,2025-11-17 08:05:05
R0000821,2025-11-17 15:08:11,Housekeeping,Standard,35,2025-11-17 16:48:11,Completed,2025-11-17 15:39:11
R0000822,2025-11-17 13:46:46,Housekeeping,Standard,35,2025-11-17 14:53:46,Completed,2025-11-17 14:58:46
R0000823,2025-11-17 09:27:55,F&B,Urgent,12,2025-11-17 09:49:55,Completed,2025-11-17 09:50:55
R0000824,2025-11-17 18:42:55,Housekeeping,Standard,35,2025-11-17 21:34:55,Open,
R0000825,2025-11-17 18:08:43,FrontDesk,Standard,12,2025-11-17 20:04:43,Completed,2025-11-17 18:29:43
R0000826,2025-11-17 15:55:52,F&B,Standard,25,2025-11-17 17:42:52,Completed,2025-11-17 16:35:52
R0000827,2025-11-17 21:22:17,Housekeeping,Standard,35,2025-11-18 00:18:17,In_Progress,
R0000828,2025-11-17 13:31:45,Housekeeping,Standard,35,2025-11-17 14:31:45,In_Progress,
R0000829,2025-11-17 11:33:54,Maintenance,Standard,55,2025-11-17 14:29:54,Completed,2025-11-17 12:55:54
R0000830,2025-11-17 21:30:59,Housekeeping,Standard,35,2025-11-17 23:18:59,Completed,2025-11-17 22:29:59
R0000831,2025-11-17 10:13:22,Housekeeping,Standard,35,2025-11-17 12:39:22,Completed,2025-11-17 10:42:22
R0000832,2025-11-17 20:15:02,Housekeeping,Standard,35,2025-11-17 22:55:02,Completed,2025-11-17 20:48:02
R0000833,2025-11-17 09:54:25,Maintenance,Standard,55,2025-11-17 12:31:25,Completed,2025-11-17 10:24:25
R0000834,2025-11-17 16:33:58,Maintenance,Standard,55,2025-11-17 18:21:58,Completed,2025-11-17 17:49:58
R0000835,2025-11-17 20:56:21,F&B,Urgent,12,2025-11-17 21:33:21,Open,
R0000836,2025-11-17 21:23:31,Housekeeping,Standard,35,2025-11-17 23:15:31,Completed,2025-11-17 22:23:31
R0000837,2025-11-17 21:39:26,Housekeeping,Standard,35,2025-11-17 22:54:26,Completed,2025-11-17 22:25:26
R0000838,2025-11-17 12:39:56,F&B,Standard,25,2025-11-17 14:37:56,Completed,2025-11-17 13:03:56
R0000839,2025-11-17 14:36:23,F&B,Standard,25,2025-11-17 17:07:23,Completed,2025-11-17 15:22:23
R0000840,2025-11-17 11:38:42,F&B,Standard,25,2025-11-17 12:51:42,In_Progress,
R0000841,2025-11-17 11:35:56,Housekeeping,Standard,35,2025-11-17 13:57:56,Completed,2025-11-17 12:42:56
R0000842,2025-11-17 18:03:53,F&B,Standard,25,2025-11-17 20:17:53,Completed,2025-11-17 18:33:53
R0000843,2025-11-17 14:27:17,Housekeeping,Standard,35,2025-11-17 16:45:17,Completed,2025-11-17 15:32:17
R0000844,2025-11-17 21:26:29,F&B,Urgent,12,2025-11-17 21:55:29,Completed,2025-11-17 21:45:29
R0000845,2025-11-17 15:55:03,F&B,Standard,25,2025-11-17 17:15:03,Completed,2025-11-17 16:34:03
R0000846,2025-11-17 11:41:44,FrontDesk,Standard,12,2025-11-17 14:11:44,Completed,2025-11-17 12:16:44
R0000847,2025-11-17 21:52:33,F&B,Standard,25,2025-11-18 00:32:33,Completed,2025-11-17 22:18:33
R0000848,2025-11-17 17:43:20,F&B,Standard,25,2025-11-17 19:44:20,Completed,2025-11-17 18:08:20
R0000849,2025-11-17 13:35:13,F&B,Urgent,12,2025-11-17 14:33:13,Completed,2025-11-17 13:47:13
R0000850,2025-11-17 11:07:29,Housekeeping,Urgent,18,2025-11-17 11:29:29,Completed,2025-11-17 11:22:29
R0000851,2025-11-17 19:48:43,FrontDesk,Standard,12,2025-11-17 21:25:43,Completed,2025-11-17 20:26:43
R0000852,2025-11-17 08:53:46,Housekeeping,Standard,35,2025-11-17 10:51:46,Completed,2025-11-17 09:38:46
R0000853,2025-11-17 14:49:02,F&B,Standard,25,2025-11-17 17:20:02,Completed,2025-11-17 15:17:02
R0000854,2025-11-17 15:04:31,Housekeeping,Standard,35,2025-11-17 16:34:31,Completed,2025-11-17 15:32:31
R0000855,2025-11-17 21:29:28,Housekeeping,Standard,35,2025-11-17 23:34:28,Completed,2025-11-17 22:19:28
R0000856,2025-11-17 21:33:02,Housekeeping,Standard,35,2025-11-17 22:57:02,Completed,2025-11-17 22:44:02
R0000857,2025-11-17 21:04:47,F&B,Standard,25,2025-11-17 23:56:47,Completed,2025-11-17 21:45:47
R0000858,2025-11-17 21:21:58,F&B,Standard,25,2025-11-17 23:49:58,Completed,2025-11-17 21:59:58
R0000859,2025-11-17 07:57:10,FrontDesk,Standard,12,2025-11-17 09:24:10,Completed,2025-11-17 08:32:10
R0000860,2025-11-17 11:10:38,FrontDesk,Standard,12,2025-11-17 12:52:38,Completed,2025-11-17 11:36:38
R0000861,2025-11-17 14:36:09,Maintenance,Standard,55,2025-11-17 15:48:09,Completed,2025-11-17 15:03:09
R0000862,2025-11-17 19:30:49,Housekeeping,Standard,35,2025-11-17 21:32:49,Completed,2025-11-17 20:16:49
R0000863,2025-11-17 11:09:47,Housekeeping,Standard,35,2025-11-17 12:21:47,Completed,2025-11-17 12:10:47
R0000864,2025-11-17 20:18:13,F&B,Standard,25,2025-11-17 21:38:13,Completed,2025-11-17 20:50:13
R0000865,2025-11-17 18:03:29,Housekeeping,Standard,35,2025-11-17 19:26:29,Completed,2025-11-17 18:44:29
R0000866,2025-11-17 14:15:45,Housekeeping,Standard,35,2025-11-17 16:40:45,Completed,2025-11-17 14:53:45
R0000867,2025-11-17 10:50:17,F&B,Standard,25,2025-11-17 12:10:17,Completed,2025-11-17 11:23:17
R0000868,2025-11-17 19:33:37,Maintenance,Standard,55,2025-11-17 21:34:37,Completed,2025-11-17 20:51:37
R0000869,2025-11-17 09:09:10,FrontDesk,Standard,12,2025-11-17 10:13:10,Completed,2025-11-17 09:26:10
R0000870,2025-11-17 12:32:35,F&B,Standard,25,2025-11-17 14:04:35,Completed,2025-11-17 13:13:35
R0000871,2025-11-17 13:47:19,F&B,Standard,25,2025-11-17 14:57:19,Completed,2025-11-17 14:34:19
R0000872,2025-11-17 12:03:40,Housekeeping,Standard,35,2025-11-17 14:48:40,Completed,2025-11-17 12:56:40
R0000873,2025-11-17 08:48:22,FrontDesk,Urgent,6,2025-11-17 09:04:22,Completed,2025-11-17 09:17:22
R0000874,2025-11-17 11:31:00,Maintenance,Standard,55,2025-11-17 14:00:00,Completed,2025-11-17 12:55:00
R0000875,2025-11-17 14:23:47,Housekeeping,Standard,35,2025-11-17 16:37:47,Completed,2025-11-17 15:04:47
R0000876,2025-11-17 09:00:57,Maintenance,Standard,55,2025-11-17 10:32:57,Completed,2025-11-17 10:06:57
R0000877,2025-11-17 19:53:54,F&B,Urgent,12,2025-11-17 20:43:54,Completed,2025-11-17 20:10:54
R0000878,2025-11-17 20:43:54,FrontDesk,Standard,12,2025-11-17 23:24:54,Completed,2025-11-17 21:15:54
R0000879,2025-11-17 09:21:02,Housekeeping,Standard,35,2025-11-17 12:05:02,Completed,2025-11-17 10:14:02
R0000880,2025-11-17 16:25:06,Housekeeping,Standard,35,2025-11-17 18:18:06,Completed,2025-11-17 17:17:06
R0000881,2025-11-17 12:27:11,F&B,Standard,25,2025-11-17 15:16:11,Completed,2025-11-17 13:08:11
R0000882,2025-11-17 13:13:56,F&B,Standard,25,2025-11-17 15:57:56,In_Progress,
R0000883,2025-11-17 21:06:46,Housekeeping,Standard,35,2025-11-17 23:27:46,Completed,2025-11-17 22:04:46
R0000884,2025-11-17 22:28:38,FrontDesk,Standard,12,2025-11-17 23:51:38,Completed,2025-11-17 22:41:38
R0000885,2025-11-17 20:05:28,FrontDesk,Standard,12,2025-11-17 21:22:28,Completed,2025-11-17 20:42:28
R0000886,2025-11-17 12:14:26,F&B,Standard,25,2025-11-17 13:39:26,Open,
R0000887,2025-11-17 10:01:29,Housekeeping,Standard,35,2025-11-17 12:30:29,Completed,2025-11-17 10:40:29
R0000888,2025-11-17 13:20:20,FrontDesk,Standard,12,2025-11-17 15:08:20,Completed,2025-11-17 13:58:20
R0000889,2025-11-17 10:23:59,Housekeeping,Standard,35,2025-11-17 13:10:59,Completed,2025-11-17 11:22:59
R0000890,2025-11-17 14:43:09,Housekeeping,Standard,35,2025-11-17 17:00:09,Completed,2025-11-17 15:36:09
R0000891,2025-11-17 14:12:00,Housekeeping,Standard,35,2025-11-17 16:57:00,In_Progress,
R0000892,2025-11-17 18:40:12,Housekeeping,Standard,35,2025-11-17 19:45:12,Completed,2025-11-17 19:39:12
R0000893,2025-11-17 13:38:46,F&B,Standard,25,2025-11-17 16:12:46,Completed,2025-11-17 14:16:46
R0000894,2025-11-17 08:59:05,F&B,Standard,25,2025-11-17 11:14:05,Completed,2025-11-17 09:38:05
R0000895,2025-11-17 18:14:18,FrontDesk,Standard,12,2025-11-17 20:04:18,Completed,2025-11-17 18:31:18
R0000896,2025-11-17 09:13:50,Housekeeping,Standard,35,2025-11-17 12:01:50,Completed,2025-11-17 10:04:50
R0000897,2025-11-17 21:42:59,Housekeeping,Standard,35,2025-11-17 23:16:59,Completed,2025-11-17 22:37:59
R0000898,2025-11-17 21:51:18,F&B,Standard,25,2025-11-17 23:32:18,Completed,2025-11-17 22:43:18
R0000899,2025-11-18 11:28:44,F&B,Urgent,12,2025-11-18 12:00:44,Completed,2025-11-18 12:07:44
R0000900,2025-11-18 07:13:01,Housekeeping,Standard,35,2025-11-18 09:17:01,Completed,2025-11-18 07:55:01
R0000901,2025-11-18 18:57:39,FrontDesk,Standard,12,2025-11-18 21:39:39,Completed,2025-11-18 19:17:39
R0000902,2025-11-18 19:55:44,F&B,Standard,25,2025-11-18 22:01:44,Completed,2025-11-18 20:51:44
R0000903,2025-11-18 15:11:56,Maintenance,Standard,55,2025-11-18 17:38:56,Completed,2025-11-18 16:40:56
R0000904,2025-11-18 12:27:52,F&B,Standard,25,2025-11-18 14:23:52,Completed,2025-11-18 12:50:52
R0000905,2025-11-18 21:12:05,F&B,Standard,25,2025-11-18 23:28:05,Completed,2025-11-18 21:46:05
R0000906,2025-11-18 11:38:22,F&B,Standard,25,2025-11-18 12:45:22,Completed,2025-11-18 12:08:22
R0000907,2025-11-18 16:53:27,Housekeeping,Standard,35,2025-11-18 19:48:27,In_Progress,
R0000908,2025-11-18 20:50:10,Housekeeping,Standard,35,2025-11-18 23:34:10,Completed,2025-11-18 21:19:10
R0000909,2025-11-18 08:42:37,F&B,Urgent,12,2025-11-18 09:18:37,Completed,2025-11-18 09:12:37
R0000910,2025-11-18 07:15:29,FrontDesk,Standard,12,2025-11-18 08:30:29,Completed,2025-11-18 07:32:29
R0000911,2025-11-18 09:42:25,Housekeeping,Standard,35,2025-11-18 11:22:25,Completed,2025-11-18 10:28:25
R0000912,2025-11-18 20:20:55,Housekeeping,Standard,35,2025-11-18 21:44:55,In_Progress,
R0000913,2025-11-18 19:47:59,Maintenance,Standard,55,2025-11-18 22:11:59,Completed,2025-11-18 21:08:59
R0000914,2025-11-18 18:20:35,F&B,Standard,25,2025-11-18 19:36:35,Completed,2025-11-18 18:57:35
R0000915,2025-11-18 11:53:24,Housekeeping,Standard,35,2025-11-18 13:22:24,Completed,2025-11-18 12:39:24
R0000916,2025-11-18 22:25:15,Housekeeping,Urgent,18,2025-11-18 23:18:15,Completed,2025-11-18 22:44:15
R0000917,2025-11-18 12:15:52,FrontDesk,Standard,12,2025-11-18 14:17:52,Completed,2025-11-18 12:49:52
R0000918,2025-11-18 12:56:38,FrontDesk,Standard,12,2025-11-18 15:43:38,Completed,2025-11-18 13:23:38
R0000919,2025-11-18 20:40:40,Maintenance,Standard,55,2025-11-18 22:23:40,Completed,2025-11-18 21:57:40
R0000920,2025-11-18 22:24:29,Housekeeping,Urgent,18,2025-11-18 22:47:29,Completed,2025-11-18 22:41:29
R0000921,2025-11-18 21:23:31,FrontDesk,Standard,12,2025-11-18 23:33:31,Completed,2025-11-18 21:45:31
R0000922,2025-11-18 13:19:58,F&B,Standard,25,2025-11-18 15:20:58,Completed,2025-11-18 13:55:58
R0000923,2025-11-18 17:09:20,Housekeeping,Standard,35,2025-11-18 18:17:20,Completed,2025-11-18 17:46:20
R0000924,2025-11-18 15:07:35,Housekeeping,Standard,35,2025-11-18 16:23:35,Completed,2025-11-18 16:04:35
R0000925,2025-11-18 19:33:13,Housekeeping,Standard,35,2025-11-18 21:57:13,Completed,2025-11-18 20:15:13
R0000926,2025-11-18 13:50:02,F&B,Standard,25,2025-11-18 14:52:02,Open,
R0000927,2025-11-18 21:52:10,Housekeeping,Standard,35,2025-11-19 00:24:10,Completed,2025-11-18 22:31:10
R0000928,2025-11-18 13:36:37,Housekeeping,Standard,35,2025-11-18 15:22:37,Completed,2025-11-18 14:37:37
R0000929,2025-11-18 19:08:02,Housekeeping,Standard,35,2025-11-18 20:20:02,Completed,2025-11-18 20:08:02
R0000930,2025-11-18 19:25:42,Housekeeping,Standard,35,2025-11-18 20:33:42,Completed,2025-11-18 20:13:42
R0000931,2025-11-18 08:11:38,Housekeeping,Standard,35,2025-11-18 10:56:38,Completed,2025-11-18 08:53:38
R0000932,2025-11-18 19:48:25,F&B,Standard,25,2025-11-18 21:34:25,Completed,2025-11-18 20:03:25
R0000933,2025-11-18 07:26:53,FrontDesk,Standard,12,2025-11-18 08:45:53,Completed,2025-11-18 08:06:53
R0000934,2025-11-18 08:29:04,FrontDesk,Standard,12,2025-11-18 09:42:04,Open,
R0000935,2025-11-18 17:36:11,F&B,Standard,25,2025-11-18 20:31:11,Completed,2025-11-18 17:56:11
R0000936,2025-11-18 18:19:59,Maintenance,Standard,55,2025-11-18 20:06:59,Completed,2025-11-18 19:25:59
R0000937,2025-11-18 16:08:38,FrontDesk,Standard,12,2025-11-18 18:39:38,Completed,2025-11-18 16:30:38
R0000938,2025-11-18 10:54:42,Housekeeping,Standard,35,2025-11-18 13:30:42,Completed,2025-11-18 11:47:42
R0000939,2025-11-18 19:29:20,Maintenance,Standard,55,2025-11-18 21:31:20,Completed,2025-11-18 20:52:20
R0000940,2025-11-18 21:13:36,Housekeeping,Standard,35,2025-11-18 22:33:36,Completed,2025-11-18 22:16:36
R0000941,2025-11-18 16:40:50,F&B,Standard,25,2025-11-18 19:19:50,Completed,2025-11-18 17:22:50
R0000942,2025-11-18 19:01:50,FrontDesk,Standard,12,2025-11-18 20:01:50,Completed,2025-11-18 19:32:50
R0000943,2025-11-18 10:28:19,FrontDesk,Standard,12,2025-11-18 11:33:19,Completed,2025-11-18 10:50:19
R0000944,2025-11-18 16:16:53,Maintenance,Standard,55,2025-11-18 18:35:53,Completed,2025-11-18 17:18:53
R0000945,2025-11-18 13:16:22,F&B,Standard,25,2025-11-18 15:39:22,Completed,2025-11-18 14:14:22
R0000946,2025-11-18 14:09:42,Housekeeping,Standard,35,2025-11-18 16:29:42,Completed,2025-11-18 14:50:42
R0000947,2025-11-18 18:39:48,FrontDesk,Standard,12,2025-11-18 20:23:48,Completed,2025-11-18 18:53:48
R0000948,2025-11-18 11:10:44,Housekeeping,Standard,35,2025-11-18 13:17:44,Completed,2025-11-18 11:53:44
R0000949,2025-11-18 09:37:37,Housekeeping,Standard,35,2025-11-18 12:23:37,Completed,2025-11-18 10:38:37
R0000950,2025-11-18 18:09:23,Housekeeping,Standard,35,2025-11-18 19:35:23,Completed,2025-11-18 18:38:23
R0000951,2025-11-18 22:55:13,FrontDesk,Standard,12,2025-11-19 01:43:13,Open,
R0000952,2025-11-18 10:26:00,F&B,Standard,25,2025-11-18 12:44:00,Completed,2025-11-18 10:48:00
R0000953,2025-11-18 12:18:33,Housekeeping,Standard,35,2025-11-18 14:18:33,Completed,2025-11-18 12:57:33
R0000954,2025-11-18 08:11:22,F&B,Urgent,12,2025-11-18 08:26:22,Completed,2025-11-18 08:30:22
R0000955,2025-11-18 19:32:31,Housekeeping,Standard,35,2025-11-18 22:28:31,Completed,2025-11-18 20:16:31
R0000956,2025-11-18 21:52:00,Housekeeping,Standard,35,2025-11-19 00:39:00,Completed,2025-11-18 22:42:00
R0000957,2025-11-18 21:17:59,FrontDesk,Standard,12,2025-11-18 23:29:59,Completed,2025-11-18 21:39:59
R0000958,2025-11-18 16:53:24,FrontDesk,Urgent,6,2025-11-18 17:44:24,Completed,2025-11-18 17:23:24
R0000959,2025-11-18 14:25:16,Housekeeping,Standard,35,2025-11-18 16:18:16,Completed,2025-11-18 15:15:16
R0000960,2025-11-18 20:45:21,F&B,Standard,25,2025-11-18 23:29:21,Completed,2025-11-18 21:06:21
R0000961,2025-11-18 11:42:12,FrontDesk,Standard,12,2025-11-18 14:17:12,Completed,2025-11-18 11:55:12
R0000962,2025-11-18 08:45:48,F&B,Standard,25,2025-11-18 11:11:48,Completed,2025-11-18 09:30:48
R0000963,2025-11-18 14:22:23,F&B,Standard,25,2025-11-18 17:20:23,Completed,2025-11-18 14:41:23
R0000964,2025-11-18 15:19:51,FrontDesk,Standard,12,2025-11-18 16:48:51,Completed,2025-11-18 15:54:51
R0000965,2025-11-18 09:13:12,Housekeeping,Standard,35,2025-11-18 12:10:12,Completed,2025-11-18 10:09:12
R0000966,2025-11-18 10:52:10,FrontDesk,Standard,12,2025-11-18 13:01:10,Completed,2025-11-18 11:17:10
R0000967,2025-11-18 17:57:01,F&B,Standard,25,2025-11-18 19:07:01,Completed,2025-11-18 18:28:01
R0000968,2025-11-18 18:50:34,Housekeeping,Standard,35,2025-11-18 20:51:34,Open,
R0000969,2025-11-18 12:29:20,Housekeeping,Standard,35,2025-11-18 15:16:20,Open,
R0000970,2025-11-18 14:11:02,Housekeeping,Standard,35,2025-11-18 16:33:02,In_Progress,
R0000971,2025-11-18 22:20:16,Housekeeping,Standard,35,2025-11-18 23:28:16,Completed,2025-11-18 23:15:16
R0000972,2025-11-18 15:47:46,FrontDesk,Standard,12,2025-11-18 16:48:46,Completed,2025-11-18 16:16:46
R0000973,2025-11-18 13:18:44,Housekeeping,Standard,35,2025-11-18 16:13:44,Open,
R0000974,2025-11-18 12:12:12,Housekeeping,Standard,35,2025-11-18 14:54:12,Completed,2025-11-18 13:27:12
R0000975,2025-11-18 22:42:36,Housekeeping,Standard,35,2025-11-19 01:09:36,Completed,2025-11-18 23:27:36
R0000976,2025-11-18 13:56:38,Housekeeping,Standard,35,2025-11-18 16:24:38,Open,
R0000977,2025-11-18 16:00:29,FrontDesk,Standard,12,2025-11-18 18:18:29,Completed,2025-11-18 16:25:29
R0000978,2025-11-18 09:21:39,FrontDesk,Standard,12,2025-11-18 10:34:39,Completed,2025-11-18 09:37:39
R0000979,2025-11-18 19:07:11,Housekeeping,Standard,35,2025-11-18 21:33:11,Completed,2025-11-18 20:01:11
R0000980,2025-11-18 11:10:31,FrontDesk,Standard,12,2025-11-18 13:19:31,Open,
R0000981,2025-11-18 18:12:18,Housekeeping,Standard,35,2025-11-18 21:03:18,Open,
R0000982,2025-11-18 19:30:55,F&B,Standard,25,2025-11-18 21:35:55,Completed,2025-11-18 20:09:55
R0000983,2025-11-18 12:11:39,FrontDesk,Standard,12,2025-11-18 14:09:39,Completed,2025-11-18 12:29:39
R0000984,2025-11-18 12:13:05,Housekeeping,Standard,35,2025-11-18 14:36:05,Open,
R0000985,2025-11-18 18:07:19,F&B,Standard,25,2025-11-18 21:00:19,Completed,2025-11-18 19:00:19
R0000986,2025-11-18 21:46:52,Housekeeping,Standard,35,2025-11-18 23:06:52,Completed,2025-11-18 22:38:52
R0000987,2025-11-18 09:04:34,Housekeeping,Standard,35,2025-11-18 11:13:34,Completed,2025-11-18 09:34:34
R0000988,2025-11-18 14:14:49,F&B,Standard,25,2025-11-18 16:41:49,Completed,2025-11-18 14:42:49
R0000989,2025-11-18 07:19:16,Housekeeping,Standard,35,2025-11-18 09:15:16,Completed,2025-11-18 08:10:16
R0000990,2025-11-18 18:28:35,Housekeeping,Standard,35,2025-11-18 20:08:35,Completed,2025-11-18 19:24:35
R0000991,2025-11-18 18:16:43,FrontDesk,Standard,12,2025-11-18 21:01:43,Completed,2025-11-18 18:36:43
R0000992,2025-11-18 12:33:43,Maintenance,Standard,55,2025-11-18 13:42:43,Completed,2025-11-18 13:44:43
R0000993,2025-11-18 11:42:16,Housekeeping,Standard,35,2025-11-18 14:00:16,Completed,2025-11-18 12:22:16
R0000994,2025-11-18 16:08:02,FrontDesk,Standard,12,2025-11-18 17:42:02,Completed,2025-11-18 16:23:02
R0000995,2025-11-18 21:43:13,Housekeeping,Standard,35,2025-11-18 23:44:13,Completed,2025-11-18 22:16:13
R0000996,2025-11-18 11:57:55,Maintenance,Standard,55,2025-11-18 13:29:55,Completed,2025-11-18 13:00:55
R0000997,2025-11-18 18:39:52,FrontDesk,Standard,12,2025-11-18 19:49:52,Completed,2025-11-18 18:58:52
R0000998,2025-11-18 18:43:18,F&B,Standard,25,2025-11-18 20:41:18,Completed,2025-11-18 19:13:18
R0000999,2025-11-18 19:55:28,F&B,Standard,25,2025-11-18 22:35:28,Completed,2025-11-18 20:11:28
R0001000,2025-11-18 19:35:29,Housekeeping,Standard,35,2025-11-18 22:10:29,Open,
R0001001,2025-11-18 07:18:30,F&B,Standard,25,2025-11-18 08:42:30,Completed,2025-11-18 07:50:30
R0001002,2025-11-18 21:30:10,Housekeeping,Standard,35,2025-11-18 22:53:10,Open,
R0001003,2025-11-18 19:33:09,Housekeeping,Standard,35,2025-11-18 22:33:09,Completed,2025-11-18 20:14:09
R0001004,2025-11-18 16:45:34,Housekeeping,Standard,35,2025-11-18 18:42:34,Completed,2025-11-18 17:29:34
R0001005,2025-11-18 12:50:07,Housekeeping,Standard,35,2025-11-18 14:21:07,Completed,2025-11-18 13:38:07
R0001006,2025-11-18 17:08:17,Housekeeping,Standard,35,2025-11-18 18:32:17,Completed,2025-11-18 17:55:17
R0001007,2025-11-18 11:29:07,FrontDesk,Standard,12,2025-11-18 12:38:07,Completed,2025-11-18 12:06:07
R0001008,2025-11-18 14:41:27,FrontDesk,Standard,12,2025-11-18 16:28:27,Completed,2025-11-18 15:02:27
R0001009,2025-11-18 20:53:18,Housekeeping,Standard,35,2025-11-18 22:51:18,Completed,2025-11-18 21:50:18
R0001010,2025-11-18 12:25:50,Housekeeping,Standard,35,2025-11-18 13:53:50,Completed,2025-11-18 13:04:50
R0001011,2025-11-18 09:23:41,Housekeeping,Standard,35,2025-11-18 10:31:41,Completed,2025-11-18 09:54:41
R0001012,2025-11-18 09:41:38,Maintenance,Standard,55,2025-11-18 12:40:38,Open,
R0001013,2025-11-18 18:02:36,Maintenance,Standard,55,2025-11-18 20:24:36,Completed,2025-11-18 19:21:36
R0001014,2025-11-18 17:50:24,FrontDesk,Urgent,6,2025-11-18 18:08:24,Completed,2025-11-18 18:11:24
R0001015,2025-11-18 10:44:33,Housekeeping,Standard,35,2025-11-18 13:38:33,Completed,2025-11-18 11:09:33
R0001016,2025-11-18 12:45:37,Housekeeping,Standard,35,2025-11-18 13:52:37,Completed,2025-11-18 13:41:37
R0001017,2025-11-18 19:31:23,F&B,Standard,25,2025-11-18 21:26:23,Completed,2025-11-18 20:07:23
R0001018,2025-11-18 13:30:44,Housekeeping,Standard,35,2025-11-18 15:20:44,Completed,2025-11-18 14:24:44
R0001019,2025-11-18 16:53:37,Housekeeping,Standard,35,2025-11-18 19:21:37,Completed,2025-11-18 17:35:37
R0001020,2025-11-18 09:30:39,Housekeeping,Standard,35,2025-11-18 11:26:39,Completed,2025-11-18 10:25:39
R0001021,2025-11-18 19:49:00,Housekeeping,Standard,35,2025-11-18 22:32:00,Completed,2025-11-18 20:24:00
R0001022,2025-11-18 20:26:23,FrontDesk,Standard,12,2025-11-18 21:53:23,In_Progress,
R0001023,2025-11-18 07:24:41,F&B,Urgent,12,2025-11-18 07:48:41,Completed,2025-11-18 07:36:41
R0001024,2025-11-18 10:37:17,FrontDesk,Standard,12,2025-11-18 13:19:17,Completed,2025-11-18 10:49:17
R0001025,2025-11-18 10:30:40,Housekeeping,Standard,35,2025-11-18 11:52:40,Completed,2025-11-18 11:25:40
R0001026,2025-11-18 13:05:39,Maintenance,Standard,55,2025-11-18 14:50:39,Completed,2025-11-18 14:33:39
R0001027,2025-11-18 21:24:01,Housekeeping,Standard,35,2025-11-18 23:28:01,In_Progress,
R0001028,2025-11-18 11:53:56,Housekeeping,Standard,35,2025-11-18 14:06:56,Completed,2025-11-18 12:42:56
R0001029,2025-11-18 18:52:32,Housekeeping,Standard,35,2025-11-18 19:57:32,Completed,2025-11-18 19:23:32
R0001030,2025-11-18 18:16:14,FrontDesk,Standard,12,2025-11-18 20:02:14,Completed,2025-11-18 18:27:14
R0001031,2025-11-18 21:33:08,Maintenance,Standard,55,2025-11-18 23:03:08,Completed,2025-11-18 22:40:08
R0001032,2025-11-18 21:10:21,F&B,Urgent,12,2025-11-18 21:53:21,Completed,2025-11-18 21:22:21
R0001033,2025-11-18 12:35:37,Housekeeping,Standard,35,2025-11-18 14:54:37,Completed,2025-11-18 13:43:37
R0001034,2025-11-18 07:26:59,Housekeeping,Standard,35,2025-11-18 09:01:59,In_Progress,
R0001035,2025-11-18 19:54:35,Housekeeping,Standard,35,2025-11-18 21:57:35,Completed,2025-11-18 20:50:35
R0001036,2025-11-18 21:15:53,F&B,Standard,25,2025-11-19 00:11:53,Completed,2025-11-18 22:06:53
R0001037,2025-11-18 07:56:35,Housekeeping,Standard,35,2025-11-18 10:30:35,Completed,2025-11-18 09:01:35
R0001038,2025-11-18 22:19:13,FrontDesk,Standard,12,2025-11-19 00:38:13,Completed,2025-11-18 22:41:13
R0001039,2025-11-18 15:03:28,Housekeeping,Standard,35,2025-11-18 16:48:28,Completed,2025-11-18 15:56:28
R0001040,2025-11-18 18:50:55,F&B,Standard,25,2025-11-18 21:17:55,Completed,2025-11-18 19:35:55
R0001041,2025-11-18 09:44:36,FrontDesk,Standard,12,2025-11-18 11:04:36,Completed,2025-11-18 10:10:36
R0001042,2025-11-18 07:22:52,F&B,Standard,25,2025-11-18 09:23:52,Completed,2025-11-18 07:52:52
R0001043,2025-11-18 14:54:37,F&B,Standard,25,2025-11-18 16:20:37,Completed,2025-11-18 15:27:37
R0001044,2025-11-18 19:14:49,F&B,Standard,25,2025-11-18 20:26:49,Completed,2025-11-18 19:41:49
R0001045,2025-11-18 18:28:04,Housekeeping,Standard,35,2025-11-18 19:33:04,Completed,2025-11-18 19:21:04
R0001046,2025-11-18 11:55:17,F&B,Standard,25,2025-11-18 13:06:17,Completed,2025-11-18 12:32:17
R0001047,2025-11-18 13:01:58,Housekeeping,Standard,35,2025-11-18 14:18:58,Completed,2025-11-18 14:02:58
R0001048,2025-11-18 13:52:18,F&B,Standard,25,2025-11-18 15:28:18,Completed,2025-11-18 14:24:18
R0001049,2025-11-18 09:11:53,Housekeeping,Standard,35,2025-11-18 11:01:53,Completed,2025-11-18 09:47:53
R0001050,2025-11-18 17:02:28,FrontDesk,Standard,12,2025-11-18 18:35:28,Completed,2025-11-18 17:17:28
R0001051,2025-11-18 11:40:39,F&B,Standard,25,2025-11-18 14:20:39,Completed,2025-11-18 12:26:39
R0001052,2025-11-18 13:32:09,F&B,Standard,25,2025-11-18 16:10:09,Completed,2025-11-18 14:04:09
R0001053,2025-11-18 20:31:49,Maintenance,Standard,55,2025-11-18 23:28:49,Completed,2025-11-18 21:24:49
R0001054,2025-11-18 17:55:13,F&B,Standard,25,2025-11-18 18:58:13,Completed,2025-11-18 18:23:13
R0001055,2025-11-18 15:39:12,Housekeeping,Standard,35,2025-11-18 16:54:12,Completed,2025-11-18 16:32:12
R0001056,2025-11-18 12:50:06,Housekeeping,Standard,35,2025-11-18 15:02:06,Completed,2025-11-18 13:32:06
R0001057,2025-11-18 14:09:44,F&B,Standard,25,2025-11-18 15:17:44,Completed,2025-11-18 14:59:44
R0001058,2025-11-18 22:59:17,FrontDesk,Standard,12,2025-11-19 00:12:17,Completed,2025-11-18 23:20:17
R0001059,2025-11-18 22:36:51,FrontDesk,Standard,12,2025-11-19 00:07:51,Completed,2025-11-18 23:05:51
R0001060,2025-11-18 13:59:52,Housekeeping,Standard,35,2025-11-18 15:12:52,Completed,2025-11-18 14:37:52
R0001061,2025-11-18 12:10:22,Maintenance,Standard,55,2025-11-18 13:50:22,Completed,2025-11-18 13:15:22
R0001062,2025-11-18 07:35:39,F&B,Standard,25,2025-11-18 09:39:39,Completed,2025-11-18 08:17:39
R0001063,2025-11-18 14:19:12,Housekeeping,Urgent,18,2025-11-18 14:44:12,Completed,2025-11-18 14:55:12
R0001064,2025-11-18 19:58:58,Housekeeping,Standard,35,2025-11-18 22:43:58,Completed,2025-11-18 20:54:58
R0001065,2025-11-18 08:00:17,F&B,Standard,25,2025-11-18 10:14:17,Completed,2025-11-18 08:20:17
R0001066,2025-11-18 11:27:02,FrontDesk,Standard,12,2025-11-18 12:27:02,Completed,2025-11-18 11:48:02
R0001067,2025-11-18 14:37:32,F&B,Standard,25,2025-11-18 17:13:32,Completed,2025-11-18 14:57:32
R0001068,2025-11-18 18:20:03,Housekeeping,Standard,35,2025-11-18 20:27:03,Open,
R0001069,2025-11-18 18:02:42,Housekeeping,Standard,35,2025-11-18 20:08:42,Open,
R0001070,2025-11-18 13:11:14,Maintenance,Standard,55,2025-11-18 15:16:14,Completed,2025-11-18 13:55:14
R0001071,2025-11-18 13:01:07,Housekeeping,Standard,35,2025-11-18 14:39:07,Completed,2025-11-18 13:52:07
R0001072,2025-11-18 08:13:03,Housekeeping,Standard,35,2025-11-18 10:58:03,Completed,2025-11-18 09:29:03
R0001073,2025-11-18 11:07:50,Maintenance,Standard,55,2025-11-18 13:19:50,Open,
R0001074,2025-11-18 11:11:40,FrontDesk,Standard,12,2025-11-18 13:31:40,Completed,2025-11-18 11:39:40
R0001075,2025-11-18 14:37:45,Housekeeping,Standard,35,2025-11-18 16:23:45,Completed,2025-11-18 15:34:45
R0001076,2025-11-18 19:50:33,Housekeeping,Standard,35,2025-11-18 22:23:33,Completed,2025-11-18 21:01:33
R0001077,2025-11-18 12:09:51,F&B,Standard,25,2025-11-18 14:52:51,Completed,2025-11-18 13:07:51
R0001078,2025-11-18 18:01:39,Housekeeping,Standard,35,2025-11-18 19:13:39,Completed,2025-11-18 19:06:39
R0001079,2025-11-18 14:34:50,F&B,Standard,25,2025-11-18 16:10:50,Completed,2025-11-18 15:01:50
R0001080,2025-11-18 11:14:08,F&B,Standard,25,2025-11-18 12:50:08,Completed,2025-11-18 11:53:08
R0001081,2025-11-18 09:36:01,Housekeeping,Standard,35,2025-11-18 11:43:01,Completed,2025-11-18 10:15:01
R0001082,2025-11-18 15:40:29,Housekeeping,Standard,35,2025-11-18 18:21:29,Completed,2025-11-18 16:19:29
R0001083,2025-11-18 11:39:55,Housekeeping,Urgent,18,2025-11-18 11:55:55,Completed,2025-11-18 12:01:55
R0001084,2025-11-18 18:47:02,Housekeeping,Standard,35,2025-11-18 21:14:02,Completed,2025-11-18 19:40:02
R0001085,2025-11-18 12:43:21,Housekeeping,Standard,35,2025-11-18 14:46:21,Completed,2025-11-18 13:25:21
R0001086,2025-11-18 14:11:09,F&B,Standard,25,2025-11-18 16:24:09,Completed,2025-11-18 14:45:09
R0001087,2025-11-18 16:06:16,F&B,Standard,25,2025-11-18 18:16:16,Completed,2025-11-18 16:33:16
R0001088,2025-11-18 17:34:59,Housekeeping,Standard,35,2025-11-18 19:35:59,Completed,2025-11-18 18:36:59
R0001089,2025-11-18 13:53:48,F&B,Standard,25,2025-11-18 15:40:48,Completed,2025-11-18 14:08:48
R0001090,2025-11-18 14:38:45,Housekeeping,Standard,35,2025-11-18 16:22:45,Completed,2025-11-18 15:20:45
R0001091,2025-11-19 18:57:00,Housekeeping,Standard,35,2025-11-19 20:59:00,Completed,2025-11-19 19:40:00
R0001092,2025-11-19 14:35:28,Housekeeping,Standard,35,2025-11-19 17:18:28,Completed,2025-11-19 15:50:28
R0001093,2025-11-19 20:46:42,FrontDesk,Standard,12,2025-11-19 21:48:42,Open,
R0001094,2025-11-19 22:21:37,F&B,Standard,25,2025-11-20 00:59:37,Completed,2025-11-19 22:51:37
R0001095,2025-11-19 21:45:25,Housekeeping,Standard,35,2025-11-19 23:43:25,Completed,2025-11-19 22:33:25
R0001096,2025-11-19 12:27:56,FrontDesk,Standard,12,2025-11-19 15:01:56,Open,
R0001097,2025-11-19 13:16:28,F&B,Standard,25,2025-11-19 14:23:28,In_Progress,
R0001098,2025-11-19 13:59:22,FrontDesk,Standard,12,2025-11-19 16:27:22,Completed,2025-11-19 14:16:22
R0001099,2025-11-19 20:27:24,FrontDesk,Urgent,6,2025-11-19 21:22:24,In_Progress,
R0001100,2025-11-19 21:42:47,Housekeeping,Standard,35,2025-11-19 23:51:47,Completed,2025-11-19 22:31:47
R0001101,2025-11-19 17:59:22,F&B,Standard,25,2025-11-19 19:32:22,Completed,2025-11-19 18:28:22
R0001102,2025-11-19 19:40:54,Housekeeping,Standard,35,2025-11-19 22:14:54,Completed,2025-11-19 20:17:54
R0001103,2025-11-19 22:43:56,F&B,Standard,25,2025-11-20 01:18:56,Completed,2025-11-19 23:23:56
R0001104,2025-11-19 13:14:07,FrontDesk,Standard,12,2025-11-19 16:04:07,Completed,2025-11-19 13:32:07
R0001105,2025-11-19 18:33:44,Maintenance,Standard,55,2025-11-19 20:28:44,Completed,2025-11-19 20:12:44
R0001106,2025-11-19 17:34:29,Housekeeping,Standard,35,2025-11-19 19:05:29,Completed,2025-11-19 18:11:29
R0001107,2025-11-19 18:33:01,Housekeeping,Standard,35,2025-11-19 20:48:01,Completed,2025-11-19 19:21:01
R0001108,2025-11-19 20:10:19,F&B,Standard,25,2025-11-19 21:43:19,Completed,2025-11-19 20:59:19
R0001109,2025-11-19 08:31:51,FrontDesk,Standard,12,2025-11-19 10:36:51,Completed,2025-11-19 08:42:51
R0001110,2025-11-19 13:02:35,F&B,Standard,25,2025-11-19 14:42:35,Completed,2025-11-19 13:58:35
R0001111,2025-11-19 22:02:15,Housekeeping,Standard,35,2025-11-20 00:44:15,Completed,2025-11-19 23:06:15
R0001112,2025-11-19 18:03:48,Housekeeping,Standard,35,2025-11-19 20:10:48,Completed,2025-11-19 18:37:48
R0001113,2025-11-19 21:08:29,F&B,Standard,25,2025-11-19 23:09:29,Completed,2025-11-19 21:57:29
R0001114,2025-11-19 20:09:15,Housekeeping,Standard,35,2025-11-19 22:52:15,Completed,2025-11-19 21:15:15
R0001115,2025-11-19 20:24:34,FrontDesk,Standard,12,2025-11-19 23:02:34,Open,
R0001116,2025-11-19 08:19:09,F&B,Standard,25,2025-11-19 10:54:09,Completed,2025-11-19 08:57:09
R0001117,2025-11-19 21:46:58,Housekeeping,Standard,35,2025-11-20 00:31:58,Completed,2025-11-19 22:25:58
R0001118,2025-11-19 08:45:55,F&B,Standard,25,2025-11-19 10:17:55,Completed,2025-11-19 09:29:55
R0001119,2025-11-19 21:39:02,Housekeeping,Standard,35,2025-11-19 23:30:02,Open,
R0001120,2025-11-19 11:23:47,Housekeeping,Standard,35,2025-11-19 13:35:47,Completed,2025-11-19 11:58:47
R0001121,2025-11-19 17:14:05,Housekeeping,Standard,35,2025-11-19 19:03:05,Completed,2025-11-19 17:47:05
R0001122,2025-11-19 14:14:41,Maintenance,Urgent,30,2025-11-19 14:48:41,Completed,2025-11-19 14:44:41
R0001123,2025-11-19 18:12:12,F&B,Standard,25,2025-11-19 20:17:12,In_Progress,
R0001124,2025-11-19 19:36:10,Housekeeping,Standard,35,2025-11-19 22:36:10,Completed,2025-11-19 20:37:10
R0001125,2025-11-19 09:27:20,FrontDesk,Standard,12,2025-11-19 10:51:20,Completed,2025-11-19 09:49:20
R0001126,2025-11-19 09:07:33,FrontDesk,Standard,12,2025-11-19 11:07:33,Completed,2025-11-19 09:47:33
R0001127,2025-11-19 13:40:02,Maintenance,Standard,55,2025-11-19 16:04:02,Completed,2025-11-19 14:25:02
R0001128,2025-11-19 17:55:41,Housekeeping,Standard,35,2025-11-19 20:26:41,Completed,2025-11-19 19:06:41
R0001129,2025-11-19 18:51:04,FrontDesk,Standard,12,2025-11-19 21:08:04,Completed,2025-11-19 19:00:04
R0001130,2025-11-19 14:08:23,Housekeeping,Standard,35,2025-11-19 15:59:23,Completed,2025-11-19 14:53:23
R0001131,2025-11-19 10:31:57,Maintenance,Standard,55,2025-11-19 11:45:57,Completed,2025-11-19 11:33:57
R0001132,2025-11-19 21:57:55,F&B,Standard,25,2025-11-20 00:15:55,Completed,2025-11-19 22:55:55
R0001133,2025-11-19 21:04:29,Housekeeping,Standard,35,2025-11-19 23:58:29,Completed,2025-11-19 21:39:29
R0001134,2025-11-19 08:39:40,Housekeeping,Standard,35,2025-11-19 11:00:40,Completed,2025-11-19 09:23:40
R0001135,2025-11-19 19:13:55,Housekeeping,Standard,35,2025-11-19 20:42:55,Completed,2025-11-19 20:14:55
R0001136,2025-11-19 19:38:24,Housekeeping,Standard,35,2025-11-19 21:37:24,Open,
R0001137,2025-11-19 09:24:28,FrontDesk,Standard,12,2025-11-19 10:39:28,Completed,2025-11-19 10:07:28
R0001138,2025-11-19 11:41:54,Housekeeping,Standard,35,2025-11-19 13:59:54,Completed,2025-11-19 12:26:54
R0001139,2025-11-19 21:20:26,F&B,Standard,25,2025-11-19 22:29:26,Completed,2025-11-19 21:50:26
R0001140,2025-11-19 18:15:24,F&B,Standard,25,2025-11-19 19:45:24,Completed,2025-11-19 18:50:24
R0001141,2025-11-19 07:12:08,FrontDesk,Standard,12,2025-11-19 09:00:08,Completed,2025-11-19 07:39:08
R0001142,2025-11-19 15:02:20,F&B,Standard,25,2025-11-19 17:23:20,Completed,2025-11-19 15:47:20
R0001143,2025-11-19 18:05:14,F&B,Standard,25,2025-11-19 21:05:14,Completed,2025-11-19 18:24:14
R0001144,2025-11-19 19:06:27,Housekeeping,Standard,35,2025-11-19 20:14:27,Completed,2025-11-19 19:49:27
R0001145,2025-11-19 07:58:38,Housekeeping,Standard,35,2025-11-19 09:08:38,Completed,2025-11-19 08:53:38
R0001146,2025-11-19 11:11:38,Maintenance,Standard,55,2025-11-19 12:29:38,Completed,2025-11-19 12:12:38
R0001147,2025-11-19 20:16:47,Maintenance,Standard,55,2025-11-19 22:51:47,In_Progress,
R0001148,2025-11-19 12:44:03,FrontDesk,Urgent,6,2025-11-19 13:00:03,Completed,2025-11-19 12:59:03
R0001149,2025-11-19 19:05:31,Maintenance,Standard,55,2025-11-19 20:08:31,Completed,2025-11-19 20:22:31
R0001150,2025-11-19 11:22:38,FrontDesk,Standard,12,2025-11-19 14:05:38,Completed,2025-11-19 11:34:38
R0001151,2025-11-19 19:08:17,F&B,Standard,25,2025-11-19 20:45:17,Completed,2025-11-19 19:48:17
R0001152,2025-11-19 19:54:52,Housekeeping,Standard,35,2025-11-19 21:37:52,In_Progress,
R0001153,2025-11-19 22:47:00,Housekeeping,Standard,35,2025-11-20 00:28:00,Completed,2025-11-19 23:33:00
R0001154,2025-11-19 18:51:31,Housekeeping,Standard,35,2025-11-19 19:58:31,Completed,2025-11-19 20:20:31
R0001155,2025-11-19 08:50:50,Housekeeping,Standard,35,2025-11-19 11:13:50,Completed,2025-11-19 09:46:50
R0001156,2025-11-19 18:25:43,F&B,Standard,25,2025-11-19 19:51:43,Open,
R0001157,2025-11-19 09:50:49,F&B,Standard,25,2025-11-19 11:42:49,Completed,2025-11-19 10:04:49
R0001158,2025-11-19 20:59:11,F&B,Standard,25,2025-11-19 23:01:11,Completed,2025-11-19 21:41:11
R0001159,2025-11-19 14:49:35,FrontDesk,Standard,12,2025-11-19 17:44:35,Completed,2025-11-19 15:12:35
R0001160,2025-11-19 13:07:22,Maintenance,Standard,55,2025-11-19 15:58:22,Completed,2025-11-19 13:56:22
R0001161,2025-11-19 19:52:14,FrontDesk,Standard,12,2025-11-19 21:13:14,Completed,2025-11-19 20:04:14
R0001162,2025-11-19 19:19:59,Housekeeping,Standard,35,2025-11-19 20:40:59,Completed,2025-11-19 20:24:59
R0001163,2025-11-19 21:39:52,FrontDesk,Standard,12,2025-11-19 23:06:52,Completed,2025-11-19 21:58:52
R0001164,2025-11-19 11:44:57,Housekeeping,Standard,35,2025-11-19 13:00:57,Completed,2025-11-19 12:20:57
R0001165,2025-11-19 19:44:18,Housekeeping,Standard,35,2025-11-19 21:49:18,In_Progress,
R0001166,2025-11-19 11:08:16,Maintenance,Standard,55,2025-11-19 13:26:16,Completed,2025-11-19 11:56:16
R0001167,2025-11-19 11:54:48,Housekeeping,Standard,35,2025-11-19 14:28:48,Completed,2025-11-19 12:22:48
R0001168,2025-11-19 08:15:45,Housekeeping,Standard,35,2025-11-19 09:58:45,Open,
R0001169,2025-11-19 09:33:05,Housekeeping,Standard,35,2025-11-19 11:23:05,Completed,2025-11-19 10:07:05
R0001170,2025-11-19 18:33:47,F&B,Standard,25,2025-11-19 20:31:47,Completed,2025-11-19 19:33:47
R0001171,2025-11-19 07:31:48,FrontDesk,Standard,12,2025-11-19 10:23:48,Completed,2025-11-19 08:05:48
R0001172,2025-11-19 07:05:28,Housekeeping,Standard,35,2025-11-19 09:15:28,Completed,2025-11-19 07:44:28
R0001173,2025-11-19 17:45:39,F&B,Standard,25,2025-11-19 20:30:39,Completed,2025-11-19 18:24:39
R0001174,2025-11-19 10:46:12,Housekeeping,Urgent,18,2025-11-19 11:46:12,Completed,2025-11-19 11:18:12
R0001175,2025-11-19 18:07:12,F&B,Standard,25,2025-11-19 20:41:12,Completed,2025-11-19 18:28:12
R0001176,2025-11-19 17:34:56,Housekeeping,Standard,35,2025-11-19 19:23:56,Completed,2025-11-19 18:26:56
R0001177,2025-11-19 20:24:41,FrontDesk,Standard,12,2025-11-19 21:26:41,Completed,2025-11-19 20:56:41
R0001178,2025-11-19 21:12:03,F&B,Standard,25,2025-11-19 22:20:03,Completed,2025-11-19 21:35:03
R0001179,2025-11-19 18:18:06,Housekeeping,Standard,35,2025-11-19 19:19:06,Completed,2025-11-19 19:05:06
R0001180,2025-11-19 14:53:46,F&B,Standard,25,2025-11-19 16:13:46,Completed,2025-11-19 15:32:46
R0001181,2025-11-19 11:39:49,Housekeeping,Standard,35,2025-11-19 13:30:49,Open,
R0001182,2025-11-19 11:33:15,F&B,Standard,25,2025-11-19 14:09:15,Completed,2025-11-19 12:09:15
R0001183,2025-11-19 19:04:22,Housekeeping,Standard,35,2025-11-19 21:49:22,Completed,2025-11-19 19:43:22
R0001184,2025-11-19 20:24:57,F&B,Standard,25,2025-11-19 21:48:57,Completed,2025-11-19 21:14:57
R0001185,2025-11-19 18:17:01,Housekeeping,Standard,35,2025-11-19 20:11:01,In_Progress,
R0001186,2025-11-19 15:51:00,F&B,Standard,25,2025-11-19 18:33:00,Open,
R0001187,2025-11-19 17:59:06,F&B,Standard,25,2025-11-19 20:51:06,Completed,2025-11-19 18:41:06
R0001188,2025-11-19 21:38:25,FrontDesk,Standard,12,2025-11-19 23:17:25,Completed,2025-11-19 22:04:25
R0001189,2025-11-19 07:43:20,Housekeeping,Standard,35,2025-11-19 10:36:20,In_Progress,
R0001190,2025-11-19 14:40:13,F&B,Standard,25,2025-11-19 16:59:13,Completed,2025-11-19 15:30:13
R0001191,2025-11-19 20:23:06,F&B,Standard,25,2025-11-19 21:35:06,Completed,2025-11-19 20:55:06
R0001192,2025-11-19 16:05:31,F&B,Standard,25,2025-11-19 18:13:31,Completed,2025-11-19 16:44:31
R0001193,2025-11-19 11:49:39,Maintenance,Standard,55,2025-11-19 13:49:39,Completed,2025-11-19 12:47:39
R0001194,2025-11-19 17:02:28,FrontDesk,Standard,12,2025-11-19 19:17:28,Completed,2025-11-19 17:41:28
R0001195,2025-11-19 20:05:50,F&B,Standard,25,2025-11-19 21:22:50,Completed,2025-11-19 20:31:50
R0001196,2025-11-19 19:19:54,Housekeeping,Standard,35,2025-11-19 21:32:54,Completed,2025-11-19 20:19:54
R0001197,2025-11-19 11:23:53,F&B,Standard,25,2025-11-19 13:19:53,Completed,2025-11-19 12:04:53
R0001198,2025-11-19 14:59:18,FrontDesk,Standard,12,2025-11-19 16:49:18,Completed,2025-11-19 15:20:18
R0001199,2025-11-19 14:47:23,FrontDesk,Standard,12,2025-11-19 17:22:23,Completed,2025-11-19 15:21:23
R0001200,2025-11-19 17:33:37,F&B,Standard,25,2025-11-19 20:27:37,Completed,2025-11-19 18:15:37
R0001201,2025-11-19 22:06:09,Maintenance,Urgent,30,2025-11-19 22:59:09,Completed,2025-11-19 23:10:09
R0001202,2025-11-19 11:44:14,Housekeeping,Standard,35,2025-11-19 13:07:14,Completed,2025-11-19 12:15:14
R0001203,2025-11-19 12:24:30,FrontDesk,Standard,12,2025-11-19 13:29:30,Completed,2025-11-19 12:39:30
R0001204,2025-11-19 20:48:41,Housekeeping,Urgent,18,2025-11-19 21:13:41,Completed,2025-11-19 21:20:41
R0001205,2025-11-19 10:19:29,Maintenance,Standard,55,2025-11-19 12:30:29,Completed,2025-11-19 12:00:29
R0001206,2025-11-19 19:46:22,F&B,Standard,25,2025-11-19 22:16:22,Completed,2025-11-19 20:26:22
R0001207,2025-11-19 11:16:28,FrontDesk,Standard,12,2025-11-19 13:34:28,Completed,2025-11-19 11:39:28
R0001208,2025-11-19 07:53:14,Housekeeping,Standard,35,2025-11-19 10:43:14,Completed,2025-11-19 08:54:14
R0001209,2025-11-19 17:57:43,F&B,Standard,25,2025-11-19 19:11:43,Completed,2025-11-19 18:45:43
R0001210,2025-11-19 10:14:16,FrontDesk,Standard,12,2025-11-19 11:51:16,Open,
R0001211,2025-11-19 09:59:01,FrontDesk,Standard,12,2025-11-19 11:16:01,Completed,2025-11-19 10:14:01
R0001212,2025-11-19 20:30:58,FrontDesk,Standard,12,2025-11-19 23:18:58,Completed,2025-11-19 21:06:58
R0001213,2025-11-19 14:57:43,FrontDesk,Standard,12,2025-11-19 17:46:43,Completed,2025-11-19 15:10:43
R0001214,2025-11-19 09:41:12,FrontDesk,Standard,12,2025-11-19 11:52:12,Completed,2025-11-19 10:21:12
R0001215,2025-11-19 20:31:21,Housekeeping,Standard,35,2025-11-19 22:20:21,Completed,2025-11-19 21:22:21
R0001216,2025-11-19 12:59:16,FrontDesk,Standard,12,2025-11-19 15:38:16,Completed,2025-11-19 13:13:16
R0001217,2025-11-19 18:33:12,FrontDesk,Urgent,6,2025-11-19 18:50:12,Completed,2025-11-19 19:02:12
R0001218,2025-11-19 14:16:27,Maintenance,Standard,55,2025-11-19 16:40:27,Completed,2025-11-19 15:08:27
R0001219,2025-11-19 18:46:17,FrontDesk,Standard,12,2025-11-19 21:34:17,Completed,2025-11-19 19:20:17
R0001220,2025-11-19 12:06:52,Housekeeping,Standard,35,2025-11-19 14:06:52,Open,
R0001221,2025-11-19 13:44:32,Maintenance,Urgent,30,2025-11-19 14:38:32,Completed,2025-11-19 14:23:32
R0001222,2025-11-19 20:50:33,Housekeeping,Standard,35,2025-11-19 22:32:33,In_Progress,
R0001223,2025-11-19 13:15:03,Housekeeping,Standard,35,2025-11-19 14:34:03,Completed,2025-11-19 14:08:03
R0001224,2025-11-19 10:47:49,F&B,Standard,25,2025-11-19 12:38:49,Completed,2025-11-19 11:05:49
R0001225,2025-11-19 20:52:14,F&B,Urgent,12,2025-11-19 21:43:14,Completed,2025-11-19 21:28:14
R0001226,2025-11-19 12:13:58,Maintenance,Standard,55,2025-11-19 15:06:58,Completed,2025-11-19 13:16:58
R0001227,2025-11-19 18:20:08,Housekeeping,Standard,35,2025-11-19 21:07:08,Completed,2025-11-19 19:30:08
R0001228,2025-11-19 20:46:13,F&B,Standard,25,2025-11-19 21:52:13,Completed,2025-11-19 21:23:13
R0001229,2025-11-19 21:02:11,Housekeeping,Standard,35,2025-11-19 23:05:11,Completed,2025-11-19 22:07:11
R0001230,2025-11-19 09:06:32,Housekeeping,Standard,35,2025-11-19 11:45:32,Completed,2025-11-19 09:28:32
R0001231,2025-11-19 18:53:04,Housekeeping,Standard,35,2025-11-19 21:19:04,Completed,2025-11-19 19:33:04
R0001232,2025-11-19 21:35:33,FrontDesk,Standard,12,2025-11-19 23:58:33,Completed,2025-11-19 22:19:33
R0001233,2025-11-19 17:36:24,Housekeeping,Standard,35,2025-11-19 19:03:24,Completed,2025-11-19 18:34:24
R0001234,2025-11-19 15:25:26,Housekeeping,Standard,35,2025-11-19 16:59:26,In_Progress,
R0001235,2025-11-19 16:44:02,F&B,Standard,25,2025-11-19 17:53:02,Open,
R0001236,2025-11-19 11:30:24,Housekeeping,Standard,35,2025-11-19 13:36:24,Completed,2025-11-19 12:09:24
R0001237,2025-11-19 20:41:15,F&B,Standard,25,2025-11-19 22:11:15,Completed,2025-11-19 21:31:15
R0001238,2025-11-19 16:54:42,F&B,Standard,25,2025-11-19 18:37:42,Completed,2025-11-19 17:43:42
R0001239,2025-11-19 17:16:16,Maintenance,Urgent,30,2025-11-19 17:52:16,Completed,2025-11-19 18:11:16
R0001240,2025-11-19 16:47:18,Housekeeping,Urgent,18,2025-11-19 17:24:18,Completed,2025-11-19 17:26:18
R0001241,2025-11-19 07:20:35,FrontDesk,Standard,12,2025-11-19 09:27:35,Completed,2025-11-19 08:02:35
R0001242,2025-11-19 18:13:15,Housekeeping,Urgent,18,2025-11-19 19:02:15,Open,
R0001243,2025-11-19 19:18:15,Housekeeping,Standard,35,2025-11-19 20:22:15,Completed,2025-11-19 20:28:15
R0001244,2025-11-19 19:43:44,FrontDesk,Standard,12,2025-11-19 22:34:44,Completed,2025-11-19 19:58:44
R0001245,2025-11-19 10:23:46,FrontDesk,Standard,12,2025-11-19 12:23:46,Completed,2025-11-19 10:55:46
R0001246,2025-11-19 11:37:11,FrontDesk,Standard,12,2025-11-19 14:11:11,Completed,2025-11-19 11:55:11
R0001247,2025-11-19 22:35:18,F&B,Standard,25,2025-11-20 00:04:18,Completed,2025-11-19 23:22:18
R0001248,2025-11-19 19:37:50,F&B,Urgent,12,2025-11-19 20:25:50,Completed,2025-11-19 20:07:50
R0001249,2025-11-19 22:48:40,Housekeeping,Standard,35,2025-11-19 23:58:40,Completed,2025-11-19 23:16:40
R0001250,2025-11-19 20:54:45,Maintenance,Standard,55,2025-11-19 23:10:45,Completed,2025-11-19 22:06:45
R0001251,2025-11-19 18:18:42,Housekeeping,Standard,35,2025-11-19 19:54:42,Completed,2025-11-19 18:50:42
R0001252,2025-11-19 11:40:45,F&B,Standard,25,2025-11-19 13:19:45,Completed,2025-11-19 12:01:45
R0001253,2025-11-19 13:25:54,F&B,Standard,25,2025-11-19 16:21:54,Completed,2025-11-19 14:01:54
R0001254,2025-11-19 08:11:47,Housekeeping,Standard,35,2025-11-19 09:25:47,Completed,2025-11-19 09:06:47
R0001255,2025-11-19 22:39:23,Housekeeping,Standard,35,2025-11-20 00:34:23,Completed,2025-11-19 23:31:23
R0001256,2025-11-19 18:48:07,Maintenance,Urgent,30,2025-11-19 19:24:07,Completed,2025-11-19 19:35:07
R0001257,2025-11-19 22:20:19,Housekeeping,Urgent,18,2025-11-19 23:08:19,Completed,2025-11-19 22:46:19
R0001258,2025-11-19 19:05:00,F&B,Urgent,12,2025-11-19 19:30:00,Completed,2025-11-19 19:40:00
R0001259,2025-11-19 08:20:11,F&B,Urgent,12,2025-11-19 09:19:11,Completed,2025-11-19 08:47:11
R0001260,2025-11-19 19:08:46,Housekeeping,Urgent,18,2025-11-19 19:46:46,Completed,2025-11-19 19:38:46
R0001261,2025-11-19 20:03:20,F&B,Standard,25,2025-11-19 22:39:20,Completed,2025-11-19 20:57:20
R0001262,2025-11-19 18:00:25,F&B,Standard,25,2025-11-19 19:31:25,Open,
R0001263,2025-11-19 13:18:56,Maintenance,Standard,55,2025-11-19 14:49:56,Completed,2025-11-19 14:26:56
R0001264,2025-11-19 21:54:07,Maintenance,Standard,55,2025-11-19 23:43:07,In_Progress,
R0001265,2025-11-19 21:21:13,FrontDesk,Standard,12,2025-11-19 23:20:13,Completed,2025-11-19 21:59:13
R0001266,2025-11-19 07:58:25,F&B,Standard,25,2025-11-19 10:43:25,Completed,2025-11-19 08:37:25
R0001267,2025-11-19 18:58:20,FrontDesk,Standard,12,2025-11-19 21:11:20,Completed,2025-11-19 19:31:20
R0001268,2025-11-19 20:01:56,FrontDesk,Standard,12,2025-11-19 22:23:56,Completed,2025-11-19 20:35:56
R0001269,2025-11-19 18:17:57,Housekeeping,Standard,35,2025-11-19 19:45:57,Completed,2025-11-19 18:36:57
R0001270,2025-11-19 18:20:51,FrontDesk,Standard,12,2025-11-19 19:29:51,Completed,2025-11-19 18:55:51
R0001271,2025-11-19 19:16:09,F&B,Standard,25,2025-11-19 21:42:09,Completed,2025-11-19 19:53:09
R0001272,2025-11-19 17:36:13,Housekeeping,Standard,35,2025-11-19 19:00:13,Completed,2025-11-19 18:30:13
R0001273,2025-11-19 22:37:20,Housekeeping,Standard,35,2025-11-20 00:11:20,Completed,2025-11-19 23:48:20
R0001274,2025-11-19 16:05:37,F&B,Standard,25,2025-11-19 17:49:37,Completed,2025-11-19 16:36:37
R0001275,2025-11-19 10:54:43,FrontDesk,Standard,12,2025-11-19 12:22:43,Completed,2025-11-19 11:26:43
R0001276,2025-11-19 21:56:20,Housekeeping,Standard,35,2025-11-19 23:30:20,Completed,2025-11-19 22:49:20
R0001277,2025-11-19 16:13:48,F&B,Standard,25,2025-11-19 18:39:48,Completed,2025-11-19 17:00:48
R0001278,2025-11-19 21:59:14,FrontDesk,Standard,12,2025-11-20 00:16:14,In_Progress,
R0001279,2025-11-19 21:22:49,Housekeeping,Standard,35,2025-11-20 00:11:49,Completed,2025-11-19 21:59:49
R0001280,2025-11-19 15:45:11,FrontDesk,Standard,12,2025-11-19 16:48:11,Completed,2025-11-19 16:05:11
R0001281,2025-11-19 22:33:42,F&B,Standard,25,2025-11-20 00:44:42,In_Progress,
R0001282,2025-11-19 11:44:43,Housekeeping,Standard,35,2025-11-19 13:56:43,Completed,2025-11-19 12:10:43
R0001283,2025-11-19 15:27:05,Housekeeping,Standard,35,2025-11-19 16:35:05,Completed,2025-11-19 16:02:05
R0001284,2025-11-19 12:12:41,F&B,Standard,25,2025-11-19 13:12:41,Completed,2025-11-19 12:58:41
R0001285,2025-11-19 08:58:31,Housekeeping,Standard,35,2025-11-19 10:46:31,In_Progress,
R0001286,2025-11-19 12:42:09,Housekeeping,Standard,35,2025-11-19 13:57:09,Completed,2025-11-19 13:39:09
R0001287,2025-11-19 11:04:59,FrontDesk,Standard,12,2025-11-19 13:46:59,Completed,2025-11-19 11:43:59
R0001288,2025-11-19 13:01:42,F&B,Standard,25,2025-11-19 14:56:42,Completed,2025-11-19 13:46:42
R0001289,2025-11-19 21:11:54,FrontDesk,Standard,12,2025-11-19 23:17:54,Completed,2025-11-19 21:43:54
R0001290,2025-11-19 11:31:07,FrontDesk,Standard,12,2025-11-19 14:28:07,Completed,2025-11-19 11:56:07
R0001291,2025-11-19 11:26:37,Maintenance,Standard,55,2025-11-19 14:14:37,Completed,2025-11-19 12:13:37
R0001292,2025-11-19 14:15:04,F&B,Urgent,12,2025-11-19 14:39:04,Completed,2025-11-19 14:55:04
R0001293,2025-11-19 08:56:01,F&B,Standard,25,2025-11-19 10:39:01,Completed,2025-11-19 09:19:01
R0001294,2025-11-19 12:58:11,Housekeeping,Standard,35,2025-11-19 15:10:11,Completed,2025-11-19 13:38:11
R0001295,2025-11-19 18:25:00,Maintenance,Standard,55,2025-11-19 20:50:00,Completed,2025-11-19 19:25:00
R0001296,2025-11-19 17:46:14,Housekeeping,Standard,35,2025-11-19 19:24:14,Completed,2025-11-19 18:24:14
R0001297,2025-11-19 10:59:51,FrontDesk,Standard,12,2025-11-19 13:17:51,Completed,2025-11-19 11:21:51
R0001298,2025-11-19 12:45:20,F&B,Urgent,12,2025-11-19 13:18:20,Completed,2025-11-19 13:12:20
R0001299,2025-11-19 10:41:37,FrontDesk,Standard,12,2025-11-19 12:22:37,Completed,2025-11-19 10:53:37
R0001300,2025-11-19 20:38:58,FrontDesk,Standard,12,2025-11-19 22:03:58,Completed,2025-11-19 21:20:58
R0001301,2025-11-19 22:28:48,F&B,Urgent,12,2025-11-19 23:00:48,Completed,2025-11-19 22:54:48
R0001302,2025-11-19 14:45:25,Housekeeping,Standard,35,2025-11-19 17:22:25,Open,
R0001303,2025-11-19 14:24:38,F&B,Standard,25,2025-11-19 17:09:38,Completed,2025-11-19 15:04:38
R0001304,2025-11-19 08:57:29,F&B,Standard,25,2025-11-19 11:57:29,Completed,2025-11-19 09:32:29
R0001305,2025-11-19 15:20:06,Housekeeping,Standard,35,2025-11-19 17:30:06,Completed,2025-11-19 15:56:06
R0001306,2025-11-19 09:15:18,F&B,Standard,25,2025-11-19 12:02:18,Completed,2025-11-19 09:31:18
R0001307,2025-11-19 20:35:59,FrontDesk,Standard,12,2025-11-19 21:56:59,Completed,2025-11-19 20:59:59
R0001308,2025-11-19 16:58:55,F&B,Standard,25,2025-11-19 19:03:55,Completed,2025-11-19 17:31:55
R0001309,2025-11-19 12:22:22,Housekeeping,Standard,35,2025-11-19 13:55:22,Completed,2025-11-19 13:19:22
R0001310,2025-11-19 22:15:19,FrontDesk,Standard,12,2025-11-20 01:05:19,Completed,2025-11-19 22:55:19
R0001311,2025-11-19 15:12:54,F&B,Standard,25,2025-11-19 18:10:54,Completed,2025-11-19 15:42:54
R0001312,2025-11-19 17:34:09,Housekeeping,Standard,35,2025-11-19 19:33:09,Completed,2025-11-19 18:14:09
R0001313,2025-11-19 16:45:38,F&B,Standard,25,2025-11-19 19:04:38,Completed,2025-11-19 17:36:38
R0001314,2025-11-19 09:48:19,Housekeeping,Standard,35,2025-11-19 11:31:19,Completed,2025-11-19 10:23:19
R0001315,2025-11-19 14:21:55,FrontDesk,Standard,12,2025-11-19 17:21:55,Completed,2025-11-19 14:45:55
R0001316,2025-11-19 09:01:07,F&B,Standard,25,2025-11-19 10:50:07,Completed,2025-11-19 09:21:07
R0001317,2025-11-19 21:45:20,F&B,Standard,25,2025-11-19 23:27:20,Completed,2025-11-19 22:15:20
R0001318,2025-11-19 13:18:56,Housekeeping,Standard,35,2025-11-19 15:52:56,Completed,2025-11-19 14:05:56
R0001319,2025-11-19 20:46:17,Housekeeping,Standard,35,2025-11-19 22:54:17,Completed,2025-11-19 21:27:17
R0001320,2025-11-19 17:37:45,Housekeeping,Urgent,18,2025-11-19 18:22:45,Completed,2025-11-19 18:01:45
R0001321,2025-11-19 19:47:31,FrontDesk,Standard,12,2025-11-19 21:40:31,Completed,2025-11-19 20:24:31
R0001322,2025-11-19 09:32:16,Housekeeping,Standard,35,2025-11-19 11:46:16,Completed,2025-11-19 10:13:16
R0001323,2025-11-20 08:39:43,Housekeeping,Standard,35,2025-11-20 09:48:43,Completed,2025-11-20 09:28:43
R0001324,2025-11-20 14:48:20,Housekeeping,Standard,35,2025-11-20 16:01:20,Open,
R0001325,2025-11-20 12:57:28,Maintenance,Standard,55,2025-11-20 15:43:28,Completed,2025-11-20 14:20:28
R0001326,2025-11-20 16:47:15,FrontDesk,Standard,12,2025-11-20 19:02:15,Completed,2025-11-20 16:55:15
R0001327,2025-11-20 21:34:03,FrontDesk,Standard,12,2025-11-20 23:49:03,Completed,2025-11-20 22:05:03
R0001328,2025-11-20 07:06:48,F&B,Standard,25,2025-11-20 08:55:48,Completed,2025-11-20 07:54:48
R0001329,2025-11-20 11:24:30,F&B,Standard,25,2025-11-20 13:11:30,Completed,2025-11-20 12:06:30
R0001330,2025-11-20 18:02:06,FrontDesk,Standard,12,2025-11-20 19:24:06,Completed,2025-11-20 18:40:06
R0001331,2025-11-20 18:22:44,Housekeeping,Standard,35,2025-11-20 21:08:44,Completed,2025-11-20 18:53:44
R0001332,2025-11-20 07:32:02,FrontDesk,Urgent,6,2025-11-20 07:54:02,Completed,2025-11-20 08:02:02
R0001333,2025-11-20 18:21:22,Housekeeping,Standard,35,2025-11-20 20:04:22,Completed,2025-11-20 19:28:22
R0001334,2025-11-20 20:02:24,Housekeeping,Urgent,18,2025-11-20 20:40:24,Completed,2025-11-20 20:21:24
R0001335,2025-11-20 19:31:38,F&B,Standard,25,2025-11-20 20:59:38,Completed,2025-11-20 20:02:38
R0001336,2025-11-20 13:02:53,F&B,Standard,25,2025-11-20 15:59:53,Completed,2025-11-20 13:31:53
R0001337,2025-11-20 15:47:43,Maintenance,Standard,55,2025-11-20 18:12:43,Completed,2025-11-20 16:52:43
R0001338,2025-11-20 21:47:22,FrontDesk,Standard,12,2025-11-20 23:41:22,Completed,2025-11-20 22:00:22
R0001339,2025-11-20 10:59:29,F&B,Standard,25,2025-11-20 13:56:29,Completed,2025-11-20 11:48:29
R0001340,2025-11-20 18:45:23,Housekeeping,Standard,35,2025-11-20 20:19:23,Completed,2025-11-20 19:20:23
R0001341,2025-11-20 18:06:29,FrontDesk,Standard,12,2025-11-20 19:56:29,In_Progress,
R0001342,2025-11-20 18:57:23,F&B,Standard,25,2025-11-20 21:44:23,Completed,2025-11-20 19:44:23
R0001343,2025-11-20 13:06:46,FrontDesk,Standard,12,2025-11-20 15:27:46,Completed,2025-11-20 13:19:46
R0001344,2025-11-20 21:27:06,Housekeeping,Urgent,18,2025-11-20 22:27:06,Completed,2025-11-20 22:14:06
R0001345,2025-11-20 21:08:14,FrontDesk,Standard,12,2025-11-20 23:29:14,Completed,2025-11-20 21:43:14
R0001346,2025-11-20 11:20:24,FrontDesk,Standard,12,2025-11-20 13:37:24,Completed,2025-11-20 11:55:24
R0001347,2025-11-20 14:41:44,Housekeeping,Standard,35,2025-11-20 16:34:44,Completed,2025-11-20 15:34:44
R0001348,2025-11-20 21:54:48,Housekeeping,Standard,35,2025-11-21 00:36:48,Completed,2025-11-20 23:00:48
R0001349,2025-11-20 19:52:21,Housekeeping,Standard,35,2025-11-20 22:41:21,Completed,2025-11-20 20:36:21
R0001350,2025-11-20 20:00:35,F&B,Standard,25,2025-11-20 22:44:35,Completed,2025-11-20 20:28:35
R0001351,2025-11-20 20:20:17,Housekeeping,Standard,35,2025-11-20 21:39:17,Completed,2025-11-20 21:11:17
R0001352,2025-11-20 07:23:46,FrontDesk,Standard,12,2025-11-20 10:01:46,Completed,2025-11-20 07:53:46
R0001353,2025-11-20 18:06:40,Housekeeping,Urgent,18,2025-11-20 19:04:40,Completed,2025-11-20 18:43:40
R0001354,2025-11-20 12:12:28,FrontDesk,Standard,12,2025-11-20 14:16:28,Completed,2025-11-20 12:21:28
R0001355,2025-11-20 08:05:08,Housekeeping,Standard,35,2025-11-20 10:37:08,Completed,2025-11-20 08:29:08
R0001356,2025-11-20 11:26:13,F&B,Standard,25,2025-11-20 13:19:13,Completed,2025-11-20 12:19:13
R0001357,2025-11-20 12:27:51,F&B,Standard,25,2025-11-20 13:43:51,Completed,2025-11-20 12:47:51
R0001358,2025-11-20 12:41:56,Maintenance,Standard,55,2025-11-20 13:58:56,Completed,2025-11-20 13:54:56
R0001359,2025-11-20 20:20:38,F&B,Standard,25,2025-11-20 21:30:38,Completed,2025-11-20 20:55:38
R0001360,2025-11-20 11:58:18,Housekeeping,Standard,35,2025-11-20 14:43:18,Completed,2025-11-20 13:03:18
R0001361,2025-11-20 21:37:44,F&B,Standard,25,2025-11-20 23:59:44,Completed,2025-11-20 22:23:44
R0001362,2025-11-20 22:38:08,F&B,Urgent,12,2025-11-20 23:38:08,Completed,2025-11-20 22:49:08
R0001363,2025-11-20 17:22:43,FrontDesk,Standard,12,2025-11-20 19:07:43,Completed,2025-11-20 17:43:43
R0001364,2025-11-20 17:05:35,F&B,Standard,25,2025-11-20 18:15:35,Completed,2025-11-20 17:43:35
R0001365,2025-11-20 08:52:09,Housekeeping,Standard,35,2025-11-20 11:30:09,Completed,2025-11-20 10:04:09
R0001366,2025-11-20 07:24:02,Housekeeping,Standard,35,2025-11-20 09:11:02,Completed,2025-11-20 08:20:02
R0001367,2025-11-20 17:13:32,F&B,Urgent,12,2025-11-20 17:46:32,Completed,2025-11-20 17:31:32
R0001368,2025-11-20 07:15:41,F&B,Standard,25,2025-11-20 09:04:41,Completed,2025-11-20 08:05:41
R0001369,2025-11-20 15:14:12,F&B,Standard,25,2025-11-20 17:21:12,Open,
R0001370,2025-11-20 17:26:14,FrontDesk,Standard,12,2025-11-20 20:12:14,Completed,2025-11-20 17:47:14
R0001371,2025-11-20 14:00:40,FrontDesk,Standard,12,2025-11-20 16:06:40,Completed,2025-11-20 14:34:40
R0001372,2025-11-20 13:55:29,Maintenance,Standard,55,2025-11-20 15:10:29,Completed,2025-11-20 15:04:29
R0001373,2025-11-20 22:14:16,Housekeeping,Standard,35,2025-11-20 23:43:16,Completed,2025-11-20 23:27:16
R0001374,2025-11-20 19:30:37,Housekeeping,Standard,35,2025-11-20 20:37:37,Completed,2025-11-20 20:17:37
R0001375,2025-11-20 18:25:38,Housekeeping,Standard,35,2025-11-20 21:24:38,Completed,2025-11-20 19:28:38
R0001376,2025-11-20 09:42:50,FrontDesk,Standard,12,2025-11-20 11:14:50,In_Progress,
R0001377,2025-11-20 08:06:31,FrontDesk,Standard,12,2025-11-20 09:20:31,Completed,2025-11-20 08:21:31
R0001378,2025-11-20 15:19:32,Housekeeping,Standard,35,2025-11-20 16:19:32,Open,
R0001379,2025-11-20 19:53:42,Housekeeping,Urgent,18,2025-11-20 20:35:42,Completed,2025-11-20 20:17:42
R0001380,2025-11-20 13:31:36,FrontDesk,Standard,12,2025-11-20 15:28:36,Completed,2025-11-20 14:06:36
R0001381,2025-11-20 10:21:38,Maintenance,Standard,55,2025-11-20 11:45:38,Completed,2025-11-20 11:54:38
R0001382,2025-11-20 21:15:04,Housekeeping,Standard,35,2025-11-20 22:41:04,Completed,2025-11-20 22:01:04
R0001383,2025-11-20 20:33:30,F&B,Standard,25,2025-11-20 23:29:30,Completed,2025-11-20 21:26:30
R0001384,2025-11-20 11:26:15,F&B,Standard,25,2025-11-20 12:33:15,Completed,2025-11-20 12:14:15
R0001385,2025-11-20 19:45:31,F&B,Standard,25,2025-11-20 21:57:31,Completed,2025-11-20 20:11:31
R0001386,2025-11-20 20:45:19,FrontDesk,Standard,12,2025-11-20 23:10:19,Completed,2025-11-20 21:00:19
R0001387,2025-11-20 14:03:29,FrontDesk,Standard,12,2025-11-20 16:01:29,Completed,2025-11-20 14:26:29
R0001388,2025-11-20 07:13:16,F&B,Standard,25,2025-11-20 08:21:16,Completed,2025-11-20 08:00:16
R0001389,2025-11-20 08:25:55,Housekeeping,Urgent,18,2025-11-20 08:43:55,Completed,2025-11-20 09:09:55
R0001390,2025-11-20 11:32:59,Housekeeping,Standard,35,2025-11-20 12:42:59,Completed,2025-11-20 12:22:59
R0001391,2025-11-20 21:57:19,Housekeeping,Standard,35,2025-11-20 23:48:19,Completed,2025-11-20 22:50:19
R0001392,2025-11-20 19:07:12,Housekeeping,Standard,35,2025-11-20 22:06:12,Open,
R0001393,2025-11-20 16:42:11,FrontDesk,Standard,12,2025-11-20 19:24:11,Completed,2025-11-20 17:04:11
R0001394,2025-11-20 21:22:17,FrontDesk,Standard,12,2025-11-20 23:38:17,Completed,2025-11-20 21:43:17
R0001395,2025-11-20 12:27:38,FrontDesk,Urgent,6,2025-11-20 13:07:38,Completed,2025-11-20 13:00:38
R0001396,2025-11-20 07:59:24,F&B,Standard,25,2025-11-20 09:23:24,Completed,2025-11-20 08:29:24
R0001397,2025-11-20 19:54:52,Housekeeping,Standard,35,2025-11-20 21:54:52,Completed,2025-11-20 20:59:52
R0001398,2025-11-20 20:47:50,Housekeeping,Standard,35,2025-11-20 22:05:50,Completed,2025-11-20 21:20:50
R0001399,2025-11-20 17:36:34,Housekeeping,Urgent,18,2025-11-20 18:32:34,Completed,2025-11-20 18:25:34
R0001400,2025-11-20 18:06:11,FrontDesk,Standard,12,2025-11-20 19:35:11,Completed,2025-11-20 18:40:11
R0001401,2025-11-20 09:44:12,F&B,Standard,25,2025-11-20 12:18:12,Completed,2025-11-20 10:15:12
R0001402,2025-11-20 07:38:20,Maintenance,Standard,55,2025-11-20 09:48:20,Completed,2025-11-20 08:49:20
R0001403,2025-11-20 10:10:19,Housekeeping,Standard,35,2025-11-20 12:55:19,Completed,2025-11-20 11:20:19
R0001404,2025-11-20 13:42:42,Housekeeping,Standard,35,2025-11-20 15:21:42,Completed,2025-11-20 14:32:42
R0001405,2025-11-20 20:16:21,F&B,Standard,25,2025-11-20 21:46:21,Open,
R0001406,2025-11-20 20:20:12,FrontDesk,Standard,12,2025-11-20 23:16:12,Completed,2025-11-20 20:59:12
R0001407,2025-11-20 18:33:24,Housekeeping,Standard,35,2025-11-20 21:33:24,Completed,2025-11-20 18:49:24
R0001408,2025-11-20 19:57:43,Housekeeping,Standard,35,2025-11-20 21:32:43,Completed,2025-11-20 20:56:43
R0001409,2025-11-20 13:49:38,FrontDesk,Standard,12,2025-11-20 15:20:38,Completed,2025-11-20 14:22:38
R0001410,2025-11-20 12:38:34,Housekeeping,Standard,35,2025-11-20 14:38:34,Completed,2025-11-20 13:16:34
R0001411,2025-11-20 21:29:15,Housekeeping,Standard,35,2025-11-20 23:19:15,Completed,2025-11-20 22:12:15
R0001412,2025-11-20 16:11:05,F&B,Standard,25,2025-11-20 18:43:05,Open,
R0001413,2025-11-20 11:11:46,Housekeeping,Standard,35,2025-11-20 13:14:46,Completed,2025-11-20 12:00:46
R0001414,2025-11-20 09:41:48,FrontDesk,Standard,12,2025-11-20 10:52:48,Completed,2025-11-20 10:23:48
R0001415,2025-11-20 18:01:31,Housekeeping,Standard,35,2025-11-20 20:40:31,Completed,2025-11-20 19:20:31
R0001416,2025-11-20 22:50:51,Housekeeping,Standard,35,2025-11-21 01:30:51,Completed,2025-11-20 23:30:51
R0001417,2025-11-20 21:29:05,Housekeeping,Urgent,18,2025-11-20 21:50:05,Completed,2025-11-20 22:04:05
R0001418,2025-11-20 19:37:24,F&B,Standard,25,2025-11-20 21:26:24,Completed,2025-11-20 20:02:24
R0001419,2025-11-20 11:08:04,FrontDesk,Standard,12,2025-11-20 13:37:04,Completed,2025-11-20 11:26:04
R0001420,2025-11-20 17:51:49,Maintenance,Standard,55,2025-11-20 19:54:49,In_Progress,
R0001421,2025-11-20 21:39:40,FrontDesk,Standard,12,2025-11-21 00:09:40,Open,
R0001422,2025-11-20 13:00:25,FrontDesk,Standard,12,2025-11-20 15:52:25,Completed,2025-11-20 13:34:25
R0001423,2025-11-20 12:12:03,Housekeeping,Standard,35,2025-11-20 14:42:03,Completed,2025-11-20 12:59:03
R0001424,2025-11-20 18:26:35,Housekeeping,Standard,35,2025-11-20 20:18:35,Completed,2025-11-20 19:12:35
R0001425,2025-11-20 21:21:25,Housekeeping,Standard,35,2025-11-21 00:04:25,Completed,2025-11-20 21:58:25
R0001426,2025-11-20 07:07:58,Housekeeping,Urgent,18,2025-11-20 08:01:58,Completed,2025-11-20 07:43:58
R0001427,2025-11-20 07:47:03,Maintenance,Standard,55,2025-11-20 10:26:03,Completed,2025-11-20 08:36:03
R0001428,2025-11-20 18:50:22,Maintenance,Standard,55,2025-11-20 21:11:22,Completed,2025-11-20 19:57:22
R0001429,2025-11-20 19:21:19,Housekeeping,Standard,35,2025-11-20 20:47:19,In_Progress,
R0001430,2025-11-20 10:20:55,FrontDesk,Standard,12,2025-11-20 12:16:55,Completed,2025-11-20 10:56:55
R0001431,2025-11-20 14:03:38,FrontDesk,Standard,12,2025-11-20 16:05:38,Completed,2025-11-20 14:43:38
R0001432,2025-11-20 20:29:21,FrontDesk,Standard,12,2025-11-20 22:26:21,Completed,2025-11-20 21:05:21
R0001433,2025-11-20 13:38:34,FrontDesk,Standard,12,2025-11-20 16:34:34,Completed,2025-11-20 13:59:34
R0001434,2025-11-20 12:11:04,Housekeeping,Standard,35,2025-11-20 14:06:04,Completed,2025-11-20 12:55:04
R0001435,2025-11-20 20:11:07,Housekeeping,Standard,35,2025-11-20 22:50:07,Completed,2025-11-20 21:22:07
R0001436,2025-11-20 19:22:34,Housekeeping,Urgent,18,2025-11-20 20:03:34,Completed,2025-11-20 19:54:34
R0001437,2025-11-20 20:30:52,FrontDesk,Standard,12,2025-11-20 22:42:52,Completed,2025-11-20 20:50:52
R0001438,2025-11-20 11:33:24,Housekeeping,Standard,35,2025-11-20 13:29:24,Completed,2025-11-20 12:36:24
R0001439,2025-11-20 10:26:04,FrontDesk,Standard,12,2025-11-20 12:42:04,Completed,2025-11-20 10:53:04
R0001440,2025-11-20 19:29:41,F&B,Standard,25,2025-11-20 21:13:41,Open,
R0001441,2025-11-20 11:42:13,Housekeeping,Standard,35,2025-11-20 14:05:13,Completed,2025-11-20 12:51:13
R0001442,2025-11-20 16:47:54,F&B,Urgent,12,2025-11-20 17:46:54,Completed,2025-11-20 17:19:54
R0001443,2025-11-20 09:39:05,Housekeeping,Standard,35,2025-11-20 10:51:05,Open,
R0001444,2025-11-20 07:28:40,Housekeeping,Standard,35,2025-11-20 09:13:40,Completed,2025-11-20 08:15:40
R0001445,2025-11-20 11:50:29,Maintenance,Standard,55,2025-11-20 14:44:29,Open,
R0001446,2025-11-20 22:32:11,Housekeeping,Standard,35,2025-11-21 00:48:11,Completed,2025-11-20 23:30:11
R0001447,2025-11-20 14:45:00,FrontDesk,Standard,12,2025-11-20 16:35:00,Completed,2025-11-20 14:58:00
R0001448,2025-11-20 14:20:13,Housekeeping,Standard,35,2025-11-20 16:06:13,In_Progress,
R0001449,2025-11-20 22:25:13,Housekeeping,Urgent,18,2025-11-20 23:16:13,Completed,2025-11-20 22:55:13
R0001450,2025-11-20 16:07:14,F&B,Standard,25,2025-11-20 18:35:14,In_Progress,
R0001451,2025-11-20 18:05:57,Maintenance,Standard,55,2025-11-20 20:58:57,Completed,2025-11-20 19:29:57
R0001452,2025-11-20 17:55:17,F&B,Standard,25,2025-11-20 19:32:17,Completed,2025-11-20 18:18:17
R0001453,2025-11-20 21:15:30,Housekeeping,Standard,35,2025-11-20 22:27:30,Open,
R0001454,2025-11-20 07:51:16,F&B,Standard,25,2025-11-20 10:12:16,Completed,2025-11-20 08:36:16
R0001455,2025-11-20 10:21:47,F&B,Standard,25,2025-11-20 12:34:47,Completed,2025-11-20 11:02:47
R0001456,2025-11-20 08:53:35,Housekeeping,Urgent,18,2025-11-20 09:30:35,Completed,2025-11-20 09:36:35
R0001457,2025-11-20 17:07:39,Housekeeping,Standard,35,2025-11-20 19:37:39,Open,
R0001458,2025-11-20 18:54:22,FrontDesk,Standard,12,2025-11-20 21:39:22,Completed,2025-11-20 19:29:22
R0001459,2025-11-20 12:37:14,Housekeeping,Standard,35,2025-11-20 15:36:14,Completed,2025-11-20 12:56:14
R0001460,2025-11-20 20:50:23,F&B,Urgent,12,2025-11-20 21:14:23,Completed,2025-11-20 21:24:23
R0001461,2025-11-20 13:26:27,Maintenance,Standard,55,2025-11-20 14:44:27,Completed,2025-11-20 14:28:27
R0001462,2025-11-20 21:46:09,Maintenance,Standard,55,2025-11-20 23:21:09,Completed,2025-11-20 22:52:09
R0001463,2025-11-20 09:44:13,Housekeeping,Standard,35,2025-11-20 10:55:13,Completed,2025-11-20 10:36:13
R0001464,2025-11-20 14:39:40,F&B,Standard,25,2025-11-20 16:51:40,Completed,2025-11-20 15:23:40
R0001465,2025-11-20 12:22:05,F&B,Standard,25,2025-11-20 14:23:05,Completed,2025-11-20 13:06:05
R0001466,2025-11-20 11:18:03,Housekeeping,Urgent,18,2025-11-20 11:49:03,Open,
R0001467,2025-11-20 18:55:29,Housekeeping,Standard,35,2025-11-20 20:17:29,Completed,2025-11-20 19:51:29
R0001468,2025-11-20 10:39:03,F&B,Standard,25,2025-11-20 12:57:03,Completed,2025-11-20 11:09:03
R0001469,2025-11-20 22:37:46,F&B,Standard,25,2025-11-21 00:18:46,Completed,2025-11-20 23:20:46
R0001470,2025-11-20 21:09:22,F&B,Standard,25,2025-11-20 23:01:22,Completed,2025-11-20 21:23:22
R0001471,2025-11-20 18:27:08,Housekeeping,Standard,35,2025-11-20 20:29:08,Completed,2025-11-20 19:14:08
R0001472,2025-11-20 14:09:02,Housekeeping,Standard,35,2025-11-20 16:03:02,Completed,2025-11-20 14:34:02
R0001473,2025-11-20 07:02:09,F&B,Urgent,12,2025-11-20 07:42:09,Completed,2025-11-20 07:30:09
R0001474,2025-11-20 21:05:27,F&B,Standard,25,2025-11-20 22:27:27,Completed,2025-11-20 21:39:27
R0001475,2025-11-20 18:34:41,F&B,Standard,25,2025-11-20 20:28:41,Completed,2025-11-20 19:11:41
R0001476,2025-11-20 20:02:42,Housekeeping,Standard,35,2025-11-20 21:17:42,Open,
R0001477,2025-11-20 21:15:04,Housekeeping,Standard,35,2025-11-20 22:51:04,Completed,2025-11-20 22:13:04
R0001478,2025-11-20 19:44:46,Housekeeping,Standard,35,2025-11-20 21:29:46,Completed,2025-11-20 20:30:46
R0001479,2025-11-20 12:04:15,FrontDesk,Standard,12,2025-11-20 14:30:15,Completed,2025-11-20 12:42:15
R0001480,2025-11-20 20:59:01,Housekeeping,Standard,35,2025-11-20 23:42:01,Completed,2025-11-20 21:43:01
R0001481,2025-11-20 20:05:11,Housekeeping,Standard,35,2025-11-20 22:59:11,Completed,2025-11-20 20:53:11
R0001482,2025-11-20 11:58:16,Housekeeping,Standard,35,2025-11-20 13:20:16,Completed,2025-11-20 12:30:16
R0001483,2025-11-20 21:40:35,Housekeeping,Urgent,18,2025-11-20 22:10:35,Completed,2025-11-20 22:13:35
R0001484,2025-11-20 20:02:20,Housekeeping,Urgent,18,2025-11-20 20:28:20,Completed,2025-11-20 20:54:20
R0001485,2025-11-20 11:40:35,Housekeeping,Standard,35,2025-11-20 13:30:35,Completed,2025-11-20 12:40:35
R0001486,2025-11-20 14:54:19,F&B,Standard,25,2025-11-20 16:43:19,Completed,2025-11-20 15:07:19
R0001487,2025-11-20 10:12:22,FrontDesk,Standard,12,2025-11-20 12:30:22,Completed,2025-11-20 10:54:22
R0001488,2025-11-20 16:29:40,Housekeeping,Urgent,18,2025-11-20 17:16:40,In_Progress,
R0001489,2025-11-20 12:36:30,Housekeeping,Standard,35,2025-11-20 15:13:30,Completed,2025-11-20 13:40:30
R0001490,2025-11-20 21:12:39,Housekeeping,Standard,35,2025-11-20 23:05:39,Completed,2025-11-20 21:42:39
R0001491,2025-11-20 18:03:42,Housekeeping,Standard,35,2025-11-20 20:40:42,Completed,2025-11-20 18:38:42
R0001492,2025-11-20 21:00:16,F&B,Standard,25,2025-11-20 22:03:16,Completed,2025-11-20 21:26:16
R0001493,2025-11-20 17:05:22,Housekeeping,Standard,35,2025-11-20 19:10:22,Completed,2025-11-20 18:17:22
R0001494,2025-11-20 09:11:47,Maintenance,Standard,55,2025-11-20 11:19:47,Completed,2025-11-20 10:24:47
R0001495,2025-11-20 19:50:29,F&B,Standard,25,2025-11-20 21:27:29,Completed,2025-11-20 20:15:29
R0001496,2025-11-20 08:23:34,Housekeeping,Standard,35,2025-11-20 11:06:34,Completed,2025-11-20 08:57:34
R0001497,2025-11-20 19:50:13,Maintenance,Standard,55,2025-11-20 21:03:13,Completed,2025-11-20 20:45:13
R0001498,2025-11-20 10:48:17,FrontDesk,Standard,12,2025-11-20 12:51:17,Completed,2025-11-20 11:25:17
R0001499,2025-11-20 13:09:47,F&B,Standard,25,2025-11-20 15:34:47,Completed,2025-11-20 13:49:47
R0001500,2025-11-20 22:45:32,Housekeeping,Standard,35,2025-11-21 00:12:32,Completed,2025-11-20 23:32:32
R0001501,2025-11-20 09:58:12,FrontDesk,Standard,12,2025-11-20 12:04:12,Completed,2025-11-20 10:18:12
R0001502,2025-11-20 13:38:45,FrontDesk,Standard,12,2025-11-20 14:46:45,Completed,2025-11-20 14:12:45
R0001503,2025-11-20 18:47:07,Housekeeping,Standard,35,2025-11-20 21:23:07,Completed,2025-11-20 19:52:07
R0001504,2025-11-20 18:23:13,F&B,Standard,25,2025-11-20 19:51:13,Completed,2025-11-20 18:52:13
R0001505,2025-11-20 12:19:48,Housekeeping,Standard,35,2025-11-20 14:38:48,Completed,2025-11-20 13:26:48
R0001506,2025-11-20 21:24:20,F&B,Urgent,12,2025-11-20 21:50:20,Completed,2025-11-20 21:38:20
R0001507,2025-11-20 14:48:13,Housekeeping,Standard,35,2025-11-20 16:46:13,Completed,2025-11-20 15:27:13
R0001508,2025-11-20 18:16:29,Housekeeping,Standard,35,2025-11-20 20:17:29,Completed,2025-11-20 18:58:29
R0001509,2025-11-20 17:46:19,Housekeeping,Standard,35,2025-11-20 19:27:19,Completed,2025-11-20 18:23:19
R0001510,2025-11-20 11:34:48,Housekeeping,Standard,35,2025-11-20 14:20:48,Completed,2025-11-20 12:02:48
R0001511,2025-11-20 22:21:10,F&B,Standard,25,2025-11-21 00:48:10,Completed,2025-11-20 22:51:10
R0001512,2025-11-20 18:38:46,FrontDesk,Standard,12,2025-11-20 20:18:46,Completed,2025-11-20 19:13:46
R0001513,2025-11-21 18:45:21,FrontDesk,Standard,12,2025-11-21 19:46:21,Completed,2025-11-21 19:09:21
R0001514,2025-11-21 21:45:01,Housekeeping,Standard,35,2025-11-21 22:54:01,Completed,2025-11-21 22:33:01
R0001515,2025-11-21 15:08:02,FrontDesk,Standard,12,2025-11-21 18:06:02,Completed,2025-11-21 15:26:02
R0001516,2025-11-21 14:20:33,F&B,Standard,25,2025-11-21 15:43:33,Open,
R0001517,2025-11-21 21:06:42,Housekeeping,Standard,35,2025-11-21 23:42:42,Completed,2025-11-21 21:50:42
R0001518,2025-11-21 10:32:13,FrontDesk,Standard,12,2025-11-21 13:25:13,Completed,2025-11-21 11:07:13
R0001519,2025-11-21 21:05:05,Housekeeping,Standard,35,2025-11-21 22:18:05,Completed,2025-11-21 22:06:05
R0001520,2025-11-21 07:00:47,FrontDesk,Standard,12,2025-11-21 08:53:47,Open,
R0001521,2025-11-21 13:50:20,Housekeeping,Standard,35,2025-11-21 15:09:20,Open,
R0001522,2025-11-21 12:05:13,Housekeeping,Standard,35,2025-11-21 13:32:13,Completed,2025-11-21 12:54:13
R0001523,2025-11-21 21:18:28,F&B,Standard,25,2025-11-21 23:15:28,Completed,2025-11-21 22:18:28
R0001524,2025-11-21 17:35:38,FrontDesk,Standard,12,2025-11-21 20:30:38,Completed,2025-11-21 18:13:38
R0001525,2025-11-21 21:09:42,F&B,Standard,25,2025-11-21 23:24:42,Open,
R0001526,2025-11-21 13:01:12,Housekeeping,Standard,35,2025-11-21 15:06:12,Completed,2025-11-21 13:42:12
R0001527,2025-11-21 09:39:34,F&B,Standard,25,2025-11-21 11:46:34,Completed,2025-11-21 10:26:34
R0001528,2025-11-21 11:41:32,F&B,Standard,25,2025-11-21 14:20:32,Completed,2025-11-21 12:16:32
R0001529,2025-11-21 19:01:04,Housekeeping,Standard,35,2025-11-21 20:01:04,Completed,2025-11-21 19:49:04
R0001530,2025-11-21 09:07:17,F&B,Standard,25,2025-11-21 12:00:17,Completed,2025-11-21 09:51:17
R0001531,2025-11-21 19:14:08,FrontDesk,Standard,12,2025-11-21 20:43:08,Completed,2025-11-21 19:53:08
R0001532,2025-11-21 08:18:32,F&B,Standard,25,2025-11-21 09:32:32,Completed,2025-11-21 08:40:32
R0001533,2025-11-21 19:30:34,Housekeeping,Standard,35,2025-11-21 21:45:34,Completed,2025-11-21 20:11:34
R0001534,2025-11-21 17:20:42,F&B,Standard,25,2025-11-21 19:50:42,Completed,2025-11-21 18:00:42
R0001535,2025-11-21 13:49:38,Housekeeping,Urgent,18,2025-11-21 14:49:38,Completed,2025-11-21 14:17:38
R0001536,2025-11-21 21:21:40,Maintenance,Urgent,30,2025-11-21 21:44:40,Completed,2025-11-21 22:16:40
R0001537,2025-11-21 19:36:02,Housekeeping,Standard,35,2025-11-21 22:09:02,Completed,2025-11-21 20:06:02
R0001538,2025-11-21 11:23:09,F&B,Standard,25,2025-11-21 13:28:09,Completed,2025-11-21 11:53:09
R0001539,2025-11-21 19:55:28,Housekeeping,Urgent,18,2025-11-21 20:25:28,Completed,2025-11-21 20:10:28
R0001540,2025-11-21 10:11:51,Housekeeping,Standard,35,2025-11-21 12:05:51,Completed,2025-11-21 11:06:51
R0001541,2025-11-21 14:36:28,FrontDesk,Standard,12,2025-11-21 16:46:28,Completed,2025-11-21 14:54:28
R0001542,2025-11-21 16:28:19,FrontDesk,Standard,12,2025-11-21 18:40:19,Completed,2025-11-21 17:01:19
R0001543,2025-11-21 21:28:50,FrontDesk,Standard,12,2025-11-21 23:02:50,Completed,2025-11-21 21:54:50
R0001544,2025-11-21 18:38:44,FrontDesk,Standard,12,2025-11-21 20:14:44,Completed,2025-11-21 19:02:44
R0001545,2025-11-21 11:19:00,Housekeeping,Standard,35,2025-11-21 13:28:00,Completed,2025-11-21 12:17:00
R0001546,2025-11-21 18:21:46,FrontDesk,Standard,12,2025-11-21 21:04:46,Completed,2025-11-21 18:45:46
R0001547,2025-11-21 17:54:25,Housekeeping,Standard,35,2025-11-21 20:27:25,Completed,2025-11-21 18:29:25
R0001548,2025-11-21 14:01:48,Housekeeping,Standard,35,2025-11-21 15:17:48,Open,
R0001549,2025-11-21 16:58:29,F&B,Standard,25,2025-11-21 19:23:29,In_Progress,
R0001550,2025-11-21 11:04:11,Housekeeping,Standard,35,2025-11-21 13:32:11,Completed,2025-11-21 12:03:11
R0001551,2025-11-21 08:35:29,F&B,Standard,25,2025-11-21 11:01:29,Completed,2025-11-21 09:11:29
R0001552,2025-11-21 18:39:52,FrontDesk,Standard,12,2025-11-21 20:43:52,Completed,2025-11-21 19:05:52
R0001553,2025-11-21 12:17:38,F&B,Standard,25,2025-11-21 13:42:38,Open,
R0001554,2025-11-21 12:34:41,FrontDesk,Standard,12,2025-11-21 15:05:41,Completed,2025-11-21 13:01:41
R0001555,2025-11-21 19:13:42,F&B,Urgent,12,2025-11-21 19:51:42,Completed,2025-11-21 19:51:42
R0001556,2025-11-21 13:08:48,Housekeeping,Standard,35,2025-11-21 15:26:48,Completed,2025-11-21 14:01:48
R0001557,2025-11-21 19:42:29,Housekeeping,Standard,35,2025-11-21 20:54:29,Completed,2025-11-21 20:47:29
R0001558,2025-11-21 11:04:41,Housekeeping,Standard,35,2025-11-21 13:55:41,Completed,2025-11-21 11:30:41
R0001559,2025-11-21 22:54:47,F&B,Standard,25,2025-11-22 01:26:47,Completed,2025-11-21 23:33:47
R0001560,2025-11-21 18:10:44,Housekeeping,Standard,35,2025-11-21 20:56:44,Completed,2025-11-21 18:59:44
R0001561,2025-11-21 12:31:57,FrontDesk,Standard,12,2025-11-21 14:57:57,Completed,2025-11-21 13:09:57
R0001562,2025-11-21 13:40:13,F&B,Standard,25,2025-11-21 16:17:13,Completed,2025-11-21 13:57:13
R0001563,2025-11-21 19:02:45,F&B,Standard,25,2025-11-21 21:48:45,Completed,2025-11-21 19:35:45
R0001564,2025-11-21 20:03:42,Housekeeping,Standard,35,2025-11-21 22:13:42,Completed,2025-11-21 20:42:42
R0001565,2025-11-21 07:30:19,Housekeeping,Standard,35,2025-11-21 09:24:19,Open,
R0001566,2025-11-21 09:30:32,F&B,Standard,25,2025-11-21 12:21:32,Open,
R0001567,2025-11-21 07:48:01,FrontDesk,Standard,12,2025-11-21 10:01:01,Completed,2025-11-21 08:10:01
R0001568,2025-11-21 19:22:28,FrontDesk,Standard,12,2025-11-21 22:02:28,Completed,2025-11-21 19:42:28
R0001569,2025-11-21 14:35:17,Housekeeping,Standard,35,2025-11-21 17:21:17,Completed,2025-11-21 15:26:17
R0001570,2025-11-21 19:59:05,FrontDesk,Standard,12,2025-11-21 22:16:05,Completed,2025-11-21 20:34:05
R0001571,2025-11-21 13:12:57,Housekeeping,Standard,35,2025-11-21 15:03:57,Open,
R0001572,2025-11-21 19:13:19,F&B,Standard,25,2025-11-21 21:02:19,Completed,2025-11-21 19:50:19
R0001573,2025-11-21 20:56:37,Housekeeping,Standard,35,2025-11-21 23:14:37,Completed,2025-11-21 21:42:37
R0001574,2025-11-21 07:59:47,FrontDesk,Standard,12,2025-11-21 10:33:47,Completed,2025-11-21 08:34:47
R0001575,2025-11-21 21:36:49,FrontDesk,Standard,12,2025-11-21 23:51:49,Completed,2025-11-21 21:58:49
R0001576,2025-11-21 20:40:35,Maintenance,Standard,55,2025-11-21 21:44:35,Completed,2025-11-21 22:03:35
R0001577,2025-11-21 12:02:28,Housekeeping,Standard,35,2025-11-21 13:17:28,Completed,2025-11-21 13:03:28
R0001578,2025-11-21 21:42:15,Housekeeping,Standard,35,2025-11-22 00:14:15,Completed,2025-11-21 22:18:15
R0001579,2025-11-21 14:00:31,F&B,Standard,25,2025-11-21 15:48:31,Completed,2025-11-21 14:25:31
R0001580,2025-11-21 21:03:29,F&B,Standard,25,2025-11-21 22:50:29,Completed,2025-11-21 21:30:29
R0001581,2025-11-21 20:20:45,Housekeeping,Urgent,18,2025-11-21 21:01:45,Completed,2025-11-21 21:03:45
R0001582,2025-11-21 12:01:04,FrontDesk,Standard,12,2025-11-21 13:31:04,In_Progress,
R0001583,2025-11-21 21:52:42,F&B,Standard,25,2025-11-21 23:01:42,Completed,2025-11-21 22:14:42
R0001584,2025-11-21 19:05:18,FrontDesk,Standard,12,2025-11-21 20:58:18,Completed,2025-11-21 19:25:18
R0001585,2025-11-21 20:13:56,FrontDesk,Standard,12,2025-11-21 21:22:56,In_Progress,
R0001586,2025-11-21 10:27:54,F&B,Standard,25,2025-11-21 13:03:54,Completed,2025-11-21 11:07:54
R0001587,2025-11-21 17:41:58,F&B,Urgent,12,2025-11-21 18:01:58,Completed,2025-11-21 18:17:58
R0001588,2025-11-21 20:47:14,Housekeeping,Standard,35,2025-11-21 23:21:14,Completed,2025-11-21 21:32:14
R0001589,2025-11-21 20:20:46,FrontDesk,Standard,12,2025-11-21 21:37:46,Completed,2025-11-21 20:30:46
R0001590,2025-11-21 20:20:46,F&B,Standard,25,2025-11-21 21:36:46,Completed,2025-11-21 20:47:46
R0001591,2025-11-21 18:32:30,FrontDesk,Standard,12,2025-11-21 20:58:30,Completed,2025-11-21 19:05:30
R0001592,2025-11-21 21:20:48,FrontDesk,Urgent,6,2025-11-21 21:59:48,Completed,2025-11-21 21:25:48
R0001593,2025-11-21 21:35:51,Maintenance,Standard,55,2025-11-22 00:08:51,Completed,2025-11-21 23:31:51
R0001594,2025-11-21 12:02:12,Housekeeping,Urgent,18,2025-11-21 12:31:12,Completed,2025-11-21 12:30:12
R0001595,2025-11-21 12:55:33,Maintenance,Standard,55,2025-11-21 15:46:33,Completed,2025-11-21 14:28:33
R0001596,2025-11-21 08:42:34,Maintenance,Standard,55,2025-11-21 11:01:34,Open,
R0001597,2025-11-21 21:20:10,Housekeeping,Standard,35,2025-11-21 23:09:10,Completed,2025-11-21 22:31:10
R0001598,2025-11-21 19:56:30,Housekeeping,Standard,35,2025-11-21 22:54:30,Completed,2025-11-21 20:36:30
R0001599,2025-11-21 14:49:03,F&B,Standard,25,2025-11-21 16:18:03,Completed,2025-11-21 15:31:03
R0001600,2025-11-21 18:51:42,F&B,Standard,25,2025-11-21 21:10:42,Completed,2025-11-21 19:14:42
R0001601,2025-11-21 21:32:18,FrontDesk,Standard,12,2025-11-21 23:53:18,Completed,2025-11-21 22:05:18
R0001602,2025-11-21 18:12:37,FrontDesk,Standard,12,2025-11-21 19:30:37,Completed,2025-11-21 18:32:37
R0001603,2025-11-21 21:05:42,Housekeeping,Standard,35,2025-11-21 22:43:42,Completed,2025-11-21 21:56:42
R0001604,2025-11-21 18:32:03,FrontDesk,Standard,12,2025-11-21 21:10:03,Completed,2025-11-21 18:57:03
R0001605,2025-11-21 11:17:07,FrontDesk,Standard,12,2025-11-21 13:34:07,Completed,2025-11-21 11:37:07
R0001606,2025-11-21 11:54:34,Housekeeping,Standard,35,2025-11-21 14:30:34,Completed,2025-11-21 12:43:34
R0001607,2025-11-21 18:57:38,Maintenance,Standard,55,2025-11-21 21:31:38,Completed,2025-11-21 20:27:38
R0001608,2025-11-21 18:29:22,FrontDesk,Standard,12,2025-11-21 19:30:22,Completed,2025-11-21 18:50:22
R0001609,2025-11-21 12:03:42,F&B,Standard,25,2025-11-21 13:45:42,Completed,2025-11-21 12:48:42
R0001610,2025-11-21 20:13:00,Housekeeping,Standard,35,2025-11-21 21:53:00,Completed,2025-11-21 20:50:00
R0001611,2025-11-21 10:23:50,Housekeeping,Standard,35,2025-11-21 12:14:50,Completed,2025-11-21 11:19:50
R0001612,2025-11-21 09:22:39,F&B,Standard,25,2025-11-21 10:22:39,Completed,2025-11-21 10:05:39
R0001613,2025-11-21 18:14:37,FrontDesk,Standard,12,2025-11-21 21:05:37,Completed,2025-11-21 18:49:37
R0001614,2025-11-21 18:43:05,Housekeeping,Standard,35,2025-11-21 19:53:05,Completed,2025-11-21 19:36:05
R0001615,2025-11-21 12:46:10,FrontDesk,Standard,12,2025-11-21 14:56:10,Open,
R0001616,2025-11-21 18:46:18,F&B,Standard,25,2025-11-21 20:40:18,Completed,2025-11-21 19:39:18
R0001617,2025-11-21 16:08:57,Maintenance,Standard,55,2025-11-21 18:40:57,Completed,2025-11-21 17:11:57
R0001618,2025-11-21 11:17:11,Housekeeping,Standard,35,2025-11-21 13:28:11,Completed,2025-11-21 12:08:11
R0001619,2025-11-21 15:52:51,Maintenance,Standard,55,2025-11-21 17:29:51,Open,
R0001620,2025-11-21 09:23:16,F&B,Standard,25,2025-11-21 11:51:16,In_Progress,
R0001621,2025-11-21 07:12:29,FrontDesk,Standard,12,2025-11-21 08:34:29,Completed,2025-11-21 07:35:29
R0001622,2025-11-21 14:57:42,F&B,Standard,25,2025-11-21 16:47:42,Completed,2025-11-21 15:48:42
R0001623,2025-11-21 16:27:59,Maintenance,Standard,55,2025-11-21 18:26:59,Completed,2025-11-21 18:05:59
R0001624,2025-11-21 20:04:02,F&B,Standard,25,2025-11-21 21:40:02,Completed,2025-11-21 21:04:02
R0001625,2025-11-21 18:26:33,FrontDesk,Standard,12,2025-11-21 21:21:33,In_Progress,
R0001626,2025-11-21 13:58:51,Housekeeping,Standard,35,2025-11-21 15:44:51,In_Progress,
R0001627,2025-11-21 18:43:03,FrontDesk,Standard,12,2025-11-21 19:47:03,In_Progress,
R0001628,2025-11-21 21:34:31,Maintenance,Standard,55,2025-11-21 22:42:31,Completed,2025-11-21 22:58:31
R0001629,2025-11-21 18:41:27,FrontDesk,Standard,12,2025-11-21 19:41:27,Completed,2025-11-21 18:52:27
R0001630,2025-11-21 13:50:58,Housekeeping,Standard,35,2025-11-21 16:15:58,Completed,2025-11-21 14:46:58
R0001631,2025-11-21 17:41:34,F&B,Standard,25,2025-11-21 19:33:34,Completed,2025-11-21 18:38:34
R0001632,2025-11-21 10:12:54,F&B,Standard,25,2025-11-21 12:41:54,Open,
R0001633,2025-11-21 17:13:47,Housekeeping,Standard,35,2025-11-21 18:36:47,Completed,2025-11-21 18:01:47
R0001634,2025-11-21 19:00:36,Housekeeping,Standard,35,2025-11-21 21:53:36,Completed,2025-11-21 20:09:36
R0001635,2025-11-21 12:51:10,FrontDesk,Standard,12,2025-11-21 15:48:10,Completed,2025-11-21 13:18:10
R0001636,2025-11-21 21:20:06,FrontDesk,Standard,12,2025-11-21 23:34:06,Completed,2025-11-21 22:04:06
R0001637,2025-11-21 20:21:02,F&B,Urgent,12,2025-11-21 21:03:02,In_Progress,
R0001638,2025-11-21 07:59:41,FrontDesk,Urgent,6,2025-11-21 08:34:41,Completed,2025-11-21 08:17:41
R0001639,2025-11-21 10:26:57,Housekeeping,Standard,35,2025-11-21 13:25:57,Completed,2025-11-21 11:17:57
R0001640,2025-11-21 17:47:58,FrontDesk,Standard,12,2025-11-21 20:47:58,Completed,2025-11-21 18:06:58
R0001641,2025-11-21 13:15:04,Housekeeping,Standard,35,2025-11-21 15:57:04,Completed,2025-11-21 14:26:04
R0001642,2025-11-21 21:54:22,F&B,Urgent,12,2025-11-21 22:35:22,Completed,2025-11-21 22:18:22
R0001643,2025-11-21 13:28:57,FrontDesk,Standard,12,2025-11-21 14:54:57,Completed,2025-11-21 14:04:57
R0001644,2025-11-21 11:13:00,FrontDesk,Standard,12,2025-11-21 13:33:00,Completed,2025-11-21 11:32:00
R0001645,2025-11-21 15:28:14,FrontDesk,Standard,12,2025-11-21 17:16:14,Completed,2025-11-21 16:09:14
R0001646,2025-11-21 08:49:02,F&B,Standard,25,2025-11-21 10:39:02,Completed,2025-11-21 09:24:02
R0001647,2025-11-21 18:02:05,F&B,Standard,25,2025-11-21 19:52:05,Completed,2025-11-21 18:58:05
R0001648,2025-11-21 09:54:51,FrontDesk,Standard,12,2025-11-21 11:51:51,Completed,2025-11-21 10:13:51
R0001649,2025-11-21 08:41:21,F&B,Standard,25,2025-11-21 10:46:21,Completed,2025-11-21 09:16:21
R0001650,2025-11-21 11:54:37,Maintenance,Standard,55,2025-11-21 14:11:37,In_Progress,
R0001651,2025-11-21 22:43:43,F&B,Standard,25,2025-11-22 00:14:43,Open,
R0001652,2025-11-21 20:46:24,F&B,Standard,25,2025-11-21 23:20:24,Completed,2025-11-21 21:12:24
R0001653,2025-11-21 14:06:21,FrontDesk,Standard,12,2025-11-21 17:06:21,Completed,2025-11-21 14:43:21
R0001654,2025-11-21 16:09:52,FrontDesk,Standard,12,2025-11-21 17:16:52,Completed,2025-11-21 16:43:52
R0001655,2025-11-21 09:11:17,Maintenance,Standard,55,2025-11-21 10:43:17,Completed,2025-11-21 10:16:17
R0001656,2025-11-21 07:04:15,F&B,Standard,25,2025-11-21 08:28:15,Completed,2025-11-21 07:35:15
R0001657,2025-11-21 20:03:45,Housekeeping,Standard,35,2025-11-21 22:39:45,Completed,2025-11-21 20:54:45
R0001658,2025-11-21 21:55:30,Maintenance,Standard,55,2025-11-22 00:20:30,Completed,2025-11-21 23:29:30
R0001659,2025-11-21 12:35:38,FrontDesk,Urgent,6,2025-11-21 13:12:38,Completed,2025-11-21 13:03:38
R0001660,2025-11-21 20:46:10,Housekeeping,Standard,35,2025-11-21 21:59:10,Completed,2025-11-21 21:35:10
R0001661,2025-11-21 15:05:55,FrontDesk,Standard,12,2025-11-21 16:23:55,Completed,2025-11-21 15:33:55
R0001662,2025-11-21 22:47:14,F&B,Standard,25,2025-11-22 00:16:14,Completed,2025-11-21 23:49:14
R0001663,2025-11-21 12:16:33,F&B,Urgent,12,2025-11-21 13:12:33,Completed,2025-11-21 12:47:33
R0001664,2025-11-21 11:07:05,F&B,Standard,25,2025-11-21 13:02:05,Completed,2025-11-21 11:53:05
R0001665,2025-11-21 20:46:22,F&B,Standard,25,2025-11-21 22:45:22,In_Progress,
R0001666,2025-11-21 20:20:08,Housekeeping,Standard,35,2025-11-21 22:28:08,In_Progress,
R0001667,2025-11-21 11:00:11,FrontDesk,Standard,12,2025-11-21 13:13:11,Completed,2025-11-21 11:22:11
R0001668,2025-11-21 09:38:27,Housekeeping,Urgent,18,2025-11-21 09:59:27,Completed,2025-11-21 10:28:27
R0001669,2025-11-21 20:31:14,Housekeeping,Standard,35,2025-11-21 23:13:14,Completed,2025-11-21 21:23:14
R0001670,2025-11-21 21:40:23,F&B,Standard,25,2025-11-21 22:50:23,Completed,2025-11-21 22:21:23
R0001671,2025-11-21 11:29:24,Housekeeping,Standard,35,2025-11-21 14:14:24,Completed,2025-11-21 11:50:24
R0001672,2025-11-21 20:33:51,F&B,Standard,25,2025-11-21 21:41:51,Completed,2025-11-21 21:12:51
R0001673,2025-11-21 19:04:02,Maintenance,Urgent,30,2025-11-21 20:03:02,Completed,2025-11-21 19:56:02
R0001674,2025-11-21 13:44:04,F&B,Standard,25,2025-11-21 16:30:04,Completed,2025-11-21 14:15:04
R0001675,2025-11-21 13:00:56,FrontDesk,Standard,12,2025-11-21 15:41:56,Completed,2025-11-21 13:18:56
R0001676,2025-11-21 22:34:46,FrontDesk,Standard,12,2025-11-22 00:42:46,Completed,2025-11-21 23:10:46
R0001677,2025-11-21 21:33:57,Housekeeping,Standard,35,2025-11-22 00:04:57,Open,
R0001678,2025-11-21 20:27:11,Housekeeping,Standard,35,2025-11-21 21:27:11,Completed,2025-11-21 21:12:11
R0001679,2025-11-21 14:17:54,Housekeeping,Standard,35,2025-11-21 16:19:54,Completed,2025-11-21 15:01:54
R0001680,2025-11-21 19:53:30,Housekeeping,Standard,35,2025-11-21 22:53:30,Completed,2025-11-21 20:50:30
R0001681,2025-11-21 16:19:01,Maintenance,Standard,55,2025-11-21 19:18:01,Completed,2025-11-21 17:43:01
R0001682,2025-11-21 20:34:47,FrontDesk,Standard,12,2025-11-21 22:17:47,Completed,2025-11-21 20:57:47
R0001683,2025-11-21 19:05:54,FrontDesk,Standard,12,2025-11-21 20:24:54,Completed,2025-11-21 19:42:54
R0001684,2025-11-21 17:01:29,Maintenance,Standard,55,2025-11-21 19:52:29,Completed,2025-11-21 18:24:29
R0001685,2025-11-21 14:38:59,Housekeeping,Standard,35,2025-11-21 16:09:59,Completed,2025-11-21 15:43:59
R0001686,2025-11-21 21:52:53,FrontDesk,Standard,12,2025-11-22 00:38:53,Completed,2025-11-21 22:13:53
R0001687,2025-11-21 16:44:21,Maintenance,Standard,55,2025-11-21 18:22:21,Open,
R0001688,2025-11-21 16:07:50,FrontDesk,Standard,12,2025-11-21 17:27:50,Completed,2025-11-21 16:46:50
R0001689,2025-11-21 11:21:22,Housekeeping,Urgent,18,2025-11-21 12:05:22,Completed,2025-11-21 12:06:22
R0001690,2025-11-21 21:54:50,Housekeeping,Standard,35,2025-11-22 00:52:50,Open,
R0001691,2025-11-21 07:22:35,FrontDesk,Standard,12,2025-11-21 09:26:35,Completed,2025-11-21 08:01:35
R0001692,2025-11-21 08:35:51,Housekeeping,Standard,35,2025-11-21 10:15:51,Open,
R0001693,2025-11-21 12:38:51,Maintenance,Standard,55,2025-11-21 14:15:51,Completed,2025-11-21 13:55:51
R0001694,2025-11-21 18:36:39,Maintenance,Standard,55,2025-11-21 19:58:39,Completed,2025-11-21 19:34:39
R0001695,2025-11-21 20:27:04,Housekeeping,Standard,35,2025-11-21 21:57:04,Completed,2025-11-21 21:35:04
R0001696,2025-11-21 18:05:24,FrontDesk,Standard,12,2025-11-21 20:38:24,Open,
R0001697,2025-11-21 12:47:22,F&B,Standard,25,2025-11-21 15:06:22,Completed,2025-11-21 13:29:22
R0001698,2025-11-21 22:18:09,FrontDesk,Standard,12,2025-11-21 23:37:09,Completed,2025-11-21 23:01:09
R0001699,2025-11-21 21:31:16,Housekeeping,Standard,35,2025-11-21 23:37:16,Completed,2025-11-21 22:24:16
R0001700,2025-11-21 08:06:06,FrontDesk,Standard,12,2025-11-21 09:37:06,Completed,2025-11-21 08:43:06
R0001701,2025-11-21 17:06:59,F&B,Standard,25,2025-11-21 19:26:59,Completed,2025-11-21 17:43:59
R0001702,2025-11-21 21:47:45,F&B,Standard,25,2025-11-21 23:04:45,Completed,2025-11-21 22:05:45
R0001703,2025-11-21 18:06:57,FrontDesk,Standard,12,2025-11-21 19:44:57,Completed,2025-11-21 18:17:57
R0001704,2025-11-21 21:29:40,Maintenance,Standard,55,2025-11-22 00:25:40,Completed,2025-11-21 22:19:40
R0001705,2025-11-21 13:46:55,F&B,Standard,25,2025-11-21 15:19:55,Completed,2025-11-21 14:23:55
R0001706,2025-11-21 21:01:26,Housekeeping,Standard,35,2025-11-21 23:26:26,Completed,2025-11-21 21:33:26
R0001707,2025-11-21 18:49:06,F&B,Standard,25,2025-11-21 20:49:06,Completed,2025-11-21 19:28:06
R0001708,2025-11-21 12:16:53,FrontDesk,Urgent,6,2025-11-21 13:16:53,Completed,2025-11-21 12:30:53
R0001709,2025-11-21 11:13:44,Maintenance,Standard,55,2025-11-21 13:10:44,Completed,2025-11-21 12:22:44
R0001710,2025-11-21 18:39:33,Housekeeping,Standard,35,2025-11-21 20:08:33,Completed,2025-11-21 19:31:33
R0001711,2025-11-21 15:37:50,FrontDesk,Standard,12,2025-11-21 16:48:50,Completed,2025-11-21 16:03:50
R0001712,2025-11-21 14:48:54,FrontDesk,Standard,12,2025-11-21 17:23:54,Completed,2025-11-21 15:17:54
R0001713,2025-11-21 13:02:06,FrontDesk,Standard,12,2025-11-21 15:18:06,Open,
R0001714,2025-11-21 21:24:48,FrontDesk,Standard,12,2025-11-21 23:41:48,Completed,2025-11-21 22:03:48
R0001715,2025-11-21 21:40:46,F&B,Standard,25,2025-11-21 23:55:46,Completed,2025-11-21 22:29:46
R0001716,2025-11-21 08:55:16,F&B,Standard,25,2025-11-21 11:07:16,Completed,2025-11-21 09:54:16
R0001717,2025-11-21 19:17:37,Housekeeping,Standard,35,2025-11-21 20:26:37,Completed,2025-11-21 20:13:37
R0001718,2025-11-21 20:41:05,Housekeeping,Standard,35,2025-11-21 22:00:05,Completed,2025-11-21 21:37:05
R0001719,2025-11-21 19:50:13,Housekeeping,Standard,35,2025-11-21 21:15:13,Completed,2025-11-21 20:53:13
R0001720,2025-11-21 20:57:49,F&B,Standard,25,2025-11-21 22:54:49,Completed,2025-11-21 21:39:49
R0001721,2025-11-21 19:47:36,Maintenance,Standard,55,2025-11-21 21:59:36,In_Progress,
R0001722,2025-11-21 20:51:19,Housekeeping,Standard,35,2025-11-21 22:16:19,Completed,2025-11-21 21:14:19
R0001723,2025-11-21 19:40:59,Housekeeping,Standard,35,2025-11-21 22:26:59,Completed,2025-11-21 20:36:59
R0001724,2025-11-21 16:37:24,FrontDesk,Standard,12,2025-11-21 19:15:24,Completed,2025-11-21 17:15:24
R0001725,2025-11-21 08:30:21,F&B,Standard,25,2025-11-21 10:02:21,Completed,2025-11-21 09:14:21
R0001726,2025-11-21 19:46:00,Housekeeping,Standard,35,2025-11-21 22:23:00,Completed,2025-11-21 20:26:00
R0001727,2025-11-21 13:30:06,FrontDesk,Standard,12,2025-11-21 15:02:06,Completed,2025-11-21 14:05:06
R0001728,2025-11-21 12:45:59,Housekeeping,Standard,35,2025-11-21 15:36:59,Completed,2025-11-21 13:29:59
R0001729,2025-11-21 14:24:11,F&B,Standard,25,2025-11-21 17:10:11,Completed,2025-11-21 14:51:11
R0001730,2025-11-21 13:14:37,FrontDesk,Standard,12,2025-11-21 15:31:37,Completed,2025-11-21 13:37:37
R0001731,2025-11-21 21:14:01,Housekeeping,Standard,35,2025-11-21 23:56:01,Completed,2025-11-21 22:05:01
R0001732,2025-11-21 16:02:41,Housekeeping,Standard,35,2025-11-21 17:20:41,Open,
R0001733,2025-11-21 14:46:48,Maintenance,Standard,55,2025-11-21 16:19:48,Completed,2025-11-21 16:12:48
R0001734,2025-11-21 10:00:15,FrontDesk,Standard,12,2025-11-21 11:31:15,In_Progress,
R0001735,2025-11-21 08:56:08,Housekeeping,Standard,35,2025-11-21 10:00:08,Completed,2025-11-21 09:47:08
R0001736,2025-11-21 08:41:55,FrontDesk,Standard,12,2025-11-21 10:12:55,Completed,2025-11-21 08:56:55
R0001737,2025-11-21 13:26:45,FrontDesk,Standard,12,2025-11-21 15:35:45,Completed,2025-11-21 14:02:45
R0001738,2025-11-21 11:58:48,FrontDesk,Standard,12,2025-11-21 13:41:48,Completed,2025-11-21 12:26:48
R0001739,2025-11-21 19:29:42,Housekeeping,Standard,35,2025-11-21 21:52:42,Completed,2025-11-21 20:13:42
R0001740,2025-11-21 19:05:24,FrontDesk,Standard,12,2025-11-21 20:57:24,Completed,2025-11-21 19:18:24
R0001741,2025-11-21 12:22:07,Housekeeping,Urgent,18,2025-11-21 13:17:07,Completed,2025-11-21 12:43:07
R0001742,2025-11-21 08:16:35,Housekeeping,Standard,35,2025-11-21 09:21:35,Completed,2025-11-21 09:01:35
R0001743,2025-11-21 15:33:50,F&B,Standard,25,2025-11-21 16:52:50,Completed,2025-11-21 16:18:50
R0001744,2025-11-21 09:15:11,Housekeeping,Standard,35,2025-11-21 12:07:11,Completed,2025-11-21 09:57:11
R0001745,2025-11-21 12:53:23,Maintenance,Standard,55,2025-11-21 14:19:23,Completed,2025-11-21 14:05:23
R0001746,2025-11-21 20:31:07,Maintenance,Standard,55,2025-11-21 21:47:07,Completed,2025-11-21 21:44:07
R0001747,2025-11-21 19:21:18,Housekeeping,Standard,35,2025-11-21 21:45:18,Completed,2025-11-21 19:52:18
R0001748,2025-11-21 13:48:54,Housekeeping,Standard,35,2025-11-21 14:48:54,Completed,2025-11-21 14:46:54
R0001749,2025-11-21 20:28:25,Housekeeping,Standard,35,2025-11-21 22:04:25,Completed,2025-11-21 21:16:25
R0001750,2025-11-21 09:39:58,Housekeeping,Standard,35,2025-11-21 12:07:58,Completed,2025-11-21 10:41:58
R0001751,2025-11-21 21:19:32,F&B,Standard,25,2025-11-21 23:09:32,Completed,2025-11-21 22:06:32
R0001752,2025-11-21 07:39:01,Housekeeping,Standard,35,2025-11-21 09:28:01,Completed,2025-11-21 08:31:01
R0001753,2025-11-21 20:50:20,Housekeeping,Standard,35,2025-11-21 21:54:20,Completed,2025-11-21 21:38:20
R0001754,2025-11-21 22:02:09,Housekeeping,Standard,35,2025-11-22 01:01:09,In_Progress,
R0001755,2025-11-21 12:36:12,FrontDesk,Standard,12,2025-11-21 15:13:12,Completed,2025-11-21 12:57:12
R0001756,2025-11-21 08:04:36,Housekeeping,Standard,35,2025-11-21 10:12:36,Completed,2025-11-21 08:41:36
R0001757,2025-11-21 22:01:13,Housekeeping,Standard,35,2025-11-22 00:35:13,Completed,2025-11-21 22:40:13
R0001758,2025-11-21 18:34:10,Maintenance,Standard,55,2025-11-21 20:00:10,Completed,2025-11-21 20:07:10
R0001759,2025-11-21 20:06:09,FrontDesk,Standard,12,2025-11-21 22:05:09,Completed,2025-11-21 20:30:09
R0001760,2025-11-21 10:02:06,F&B,Standard,25,2025-11-21 12:14:06,Completed,2025-11-21 10:48:06
R0001761,2025-11-21 22:05:11,F&B,Standard,25,2025-11-22 00:29:11,Completed,2025-11-21 22:56:11
R0001762,2025-11-21 20:21:00,F&B,Standard,25,2025-11-21 21:32:00,Completed,2025-11-21 20:53:00
R0001763,2025-11-21 09:14:55,FrontDesk,Standard,12,2025-11-21 11:36:55,Completed,2025-11-21 09:49:55
R0001764,2025-11-21 10:35:50,FrontDesk,Standard,12,2025-11-21 12:43:50,In_Progress,
R0001765,2025-11-21 19:42:31,Housekeeping,Standard,35,2025-11-21 20:50:31,Completed,2025-11-21 20:18:31
R0001766,2025-11-21 21:57:57,Housekeeping,Standard,35,2025-11-21 23:12:57,Completed,2025-11-21 22:45:57
R0001767,2025-11-21 21:49:56,Housekeeping,Standard,35,2025-11-22 00:21:56,In_Progress,
R0001768,2025-11-21 17:39:02,F&B,Standard,25,2025-11-21 20:39:02,Completed,2025-11-21 18:30:02
R0001769,2025-11-21 19:27:01,FrontDesk,Urgent,6,2025-11-21 19:56:01,Completed,2025-11-21 19:31:01
R0001770,2025-11-21 19:02:14,Housekeeping,Standard,35,2025-11-21 21:59:14,Completed,2025-11-21 19:33:14
R0001771,2025-11-21 09:09:45,FrontDesk,Standard,12,2025-11-21 10:49:45,Completed,2025-11-21 09:20:45
R0001772,2025-11-21 12:41:51,Housekeeping,Standard,35,2025-11-21 15:12:51,Completed,2025-11-21 13:32:51
R0001773,2025-11-21 08:37:24,Maintenance,Standard,55,2025-11-21 10:21:24,Completed,2025-11-21 09:27:24
R0001774,2025-11-21 17:20:02,F&B,Standard,25,2025-11-21 20:07:02,Completed,2025-11-21 17:47:02
R0001775,2025-11-21 15:21:17,Maintenance,Standard,55,2025-11-21 16:26:17,Completed,2025-11-21 16:21:17
R0001776,2025-11-21 20:27:12,F&B,Standard,25,2025-11-21 21:44:12,Completed,2025-11-21 20:58:12
R0001777,2025-11-21 09:24:28,FrontDesk,Standard,12,2025-11-21 11:58:28,Completed,2025-11-21 09:37:28
R0001778,2025-11-21 17:07:52,F&B,Standard,25,2025-11-21 19:00:52,Completed,2025-11-21 18:00:52
R0001779,2025-11-21 20:03:05,Housekeeping,Standard,35,2025-11-21 21:21:05,Completed,2025-11-21 20:55:05
R0001780,2025-11-21 17:27:29,FrontDesk,Standard,12,2025-11-21 19:54:29,Completed,2025-11-21 17:40:29
R0001781,2025-11-21 09:26:33,F&B,Standard,25,2025-11-21 10:36:33,Completed,2025-11-21 10:00:33
R0001782,2025-11-21 21:29:29,F&B,Standard,25,2025-11-21 23:25:29,Completed,2025-11-21 21:52:29
R0001783,2025-11-21 14:51:24,FrontDesk,Standard,12,2025-11-21 16:10:24,Completed,2025-11-21 15:17:24
R0001784,2025-11-21 20:11:54,FrontDesk,Standard,12,2025-11-21 22:49:54,Completed,2025-11-21 20:44:54
R0001785,2025-11-21 14:28:44,Housekeeping,Standard,35,2025-11-21 16:02:44,Open,
R0001786,2025-11-21 14:57:32,Maintenance,Standard,55,2025-11-21 16:06:32,Completed,2025-11-21 16:35:32
R0001787,2025-11-21 20:01:28,F&B,Urgent,12,2025-11-21 20:21:28,Completed,2025-11-21 20:41:28
R0001788,2025-11-21 18:49:54,F&B,Urgent,12,2025-11-21 19:15:54,Completed,2025-11-21 19:28:54
R0001789,2025-11-21 22:50:34,Housekeeping,Standard,35,2025-11-22 00:37:34,Completed,2025-11-21 23:50:34
R0001790,2025-11-21 16:43:46,Housekeeping,Standard,35,2025-11-21 18:04:46,Completed,2025-11-21 17:39:46
R0001791,2025-11-21 22:13:25,Housekeeping,Standard,35,2025-11-22 00:25:25,Completed,2025-11-21 22:45:25
R0001792,2025-11-21 11:40:44,F&B,Standard,25,2025-11-21 14:07:44,Completed,2025-11-21 12:06:44
R0001793,2025-11-21 21:05:12,F&B,Standard,25,2025-11-21 22:46:12,Completed,2025-11-21 21:38:12
R0001794,2025-11-22 19:10:27,FrontDesk,Urgent,6,2025-11-22 19:38:27,In_Progress,
R0001795,2025-11-22 20:15:14,Housekeeping,Standard,35,2025-11-22 22:26:14,In_Progress,
R0001796,2025-11-22 19:45:01,F&B,Standard,25,2025-11-22 22:02:01,Completed,2025-11-22 20:11:01
R0001797,2025-11-22 21:40:09,Housekeeping,Standard,35,2025-11-22 22:47:09,In_Progress,
R0001798,2025-11-22 10:52:17,FrontDesk,Standard,12,2025-11-22 13:33:17,Completed,2025-11-22 11:10:17
R0001799,2025-11-22 19:47:30,FrontDesk,Standard,12,2025-11-22 21:05:30,Completed,2025-11-22 20:11:30
R0001800,2025-11-22 18:20:32,FrontDesk,Standard,12,2025-11-22 20:15:32,Completed,2025-11-22 18:55:32
R0001801,2025-11-22 21:29:59,FrontDesk,Standard,12,2025-11-23 00:05:59,Completed,2025-11-22 21:52:59
R0001802,2025-11-22 14:01:36,F&B,Standard,25,2025-11-22 16:49:36,Completed,2025-11-22 14:33:36
R0001803,2025-11-22 21:31:10,Housekeeping,Standard,35,2025-11-22 23:35:10,Completed,2025-11-22 22:05:10
R0001804,2025-11-22 11:30:08,F&B,Standard,25,2025-11-22 14:07:08,Completed,2025-11-22 12:13:08
R0001805,2025-11-22 20:33:43,Housekeeping,Standard,35,2025-11-22 23:31:43,Completed,2025-11-22 20:58:43
R0001806,2025-11-22 18:11:31,FrontDesk,Standard,12,2025-11-22 20:23:31,Completed,2025-11-22 18:43:31
R0001807,2025-11-22 11:56:07,FrontDesk,Standard,12,2025-11-22 13:47:07,Completed,2025-11-22 12:10:07
R0001808,2025-11-22 07:20:19,FrontDesk,Urgent,6,2025-11-22 07:45:19,Completed,2025-11-22 07:41:19
R0001809,2025-11-22 18:04:23,FrontDesk,Urgent,6,2025-11-22 18:19:23,Open,
R0001810,2025-11-22 15:03:20,Housekeeping,Standard,35,2025-11-22 16:12:20,Completed,2025-11-22 15:54:20
R0001811,2025-11-22 15:30:37,F&B,Standard,25,2025-11-22 17:33:37,Completed,2025-11-22 16:02:37
R0001812,2025-11-22 21:06:57,FrontDesk,Urgent,6,2025-11-22 21:57:57,Completed,2025-11-22 21:34:57
R0001813,2025-11-22 14:53:25,Housekeeping,Standard,35,2025-11-22 17:33:25,Completed,2025-11-22 15:43:25
R0001814,2025-11-22 20:25:04,Housekeeping,Urgent,18,2025-11-22 20:57:04,Completed,2025-11-22 20:40:04
R0001815,2025-11-22 09:16:57,Housekeeping,Standard,35,2025-11-22 12:07:57,Completed,2025-11-22 10:18:57
R0001816,2025-11-22 21:45:52,F&B,Standard,25,2025-11-22 23:41:52,Completed,2025-11-22 22:15:52
R0001817,2025-11-22 18:38:59,Housekeeping,Standard,35,2025-11-22 21:01:59,Completed,2025-11-22 20:01:59
R0001818,2025-11-22 11:13:48,Housekeeping,Urgent,18,2025-11-22 11:32:48,In_Progress,
R0001819,2025-11-22 22:24:05,F&B,Standard,25,2025-11-23 01:16:05,Completed,2025-11-22 23:14:05
R0001820,2025-11-22 20:55:53,Housekeeping,Urgent,18,2025-11-22 21:46:53,Completed,2025-11-22 21:20:53
R0001821,2025-11-22 17:19:07,Maintenance,Standard,55,2025-11-22 19:28:07,Completed,2025-11-22 18:56:07
R0001822,2025-11-22 21:27:33,F&B,Standard,25,2025-11-22 23:18:33,Completed,2025-11-22 22:16:33
R0001823,2025-11-22 21:06:39,Housekeeping,Standard,35,2025-11-22 23:59:39,Completed,2025-11-22 21:52:39
R0001824,2025-11-22 12:48:18,F&B,Standard,25,2025-11-22 15:31:18,Completed,2025-11-22 13:29:18
R0001825,2025-11-22 18:42:04,Housekeeping,Standard,35,2025-11-22 21:35:04,Open,
R0001826,2025-11-22 07:22:04,F&B,Urgent,12,2025-11-22 07:57:04,Completed,2025-11-22 07:57:04
R0001827,2025-11-22 18:16:22,Housekeeping,Standard,35,2025-11-22 20:38:22,Completed,2025-11-22 19:11:22
R0001828,2025-11-22 16:48:47,Maintenance,Standard,55,2025-11-22 18:02:47,Completed,2025-11-22 18:00:47
R0001829,2025-11-22 09:01:10,FrontDesk,Standard,12,2025-11-22 11:21:10,Completed,2025-11-22 09:13:10
R0001830,2025-11-22 07:16:21,FrontDesk,Standard,12,2025-11-22 10:07:21,Completed,2025-11-22 07:28:21
R0001831,2025-11-22 09:37:35,FrontDesk,Standard,12,2025-11-22 11:30:35,Completed,2025-11-22 10:07:35
R0001832,2025-11-22 17:48:14,Maintenance,Standard,55,2025-11-22 20:29:14,Completed,2025-11-22 18:51:14
R0001833,2025-11-22 18:00:54,F&B,Standard,25,2025-11-22 20:57:54,Completed,2025-11-22 18:51:54
R0001834,2025-11-22 20:04:03,F&B,Standard,25,2025-11-22 21:29:03,Completed,2025-11-22 20:56:03
R0001835,2025-11-22 07:34:52,F&B,Urgent,12,2025-11-22 08:03:52,Completed,2025-11-22 07:45:52
R0001836,2025-11-22 13:41:50,F&B,Standard,25,2025-11-22 16:28:50,Completed,2025-11-22 14:04:50
R0001837,2025-11-22 19:29:56,Maintenance,Standard,55,2025-11-22 21:14:56,Completed,2025-11-22 21:07:56
R0001838,2025-11-22 12:18:46,F&B,Standard,25,2025-11-22 14:55:46,Completed,2025-11-22 12:53:46
R0001839,2025-11-22 17:41:32,F&B,Standard,25,2025-11-22 18:48:32,Completed,2025-11-22 18:31:32
R0001840,2025-11-22 19:15:55,Housekeeping,Standard,35,2025-11-22 21:57:55,Completed,2025-11-22 20:18:55
R0001841,2025-11-22 13:09:40,Housekeeping,Standard,35,2025-11-22 15:25:40,Completed,2025-11-22 14:01:40
R0001842,2025-11-22 18:22:53,Housekeeping,Urgent,18,2025-11-22 18:53:53,Completed,2025-11-22 18:39:53
R0001843,2025-11-22 18:35:23,F&B,Standard,25,2025-11-22 20:17:23,Completed,2025-11-22 18:58:23
R0001844,2025-11-22 12:46:52,FrontDesk,Standard,12,2025-11-22 14:17:52,Completed,2025-11-22 13:10:52
R0001845,2025-11-22 16:36:39,Housekeeping,Standard,35,2025-11-22 19:31:39,Completed,2025-11-22 17:30:39
R0001846,2025-11-22 20:03:51,Housekeeping,Standard,35,2025-11-22 22:18:51,Completed,2025-11-22 20:33:51
R0001847,2025-11-22 16:04:47,Housekeeping,Standard,35,2025-11-22 18:56:47,Completed,2025-11-22 17:02:47
R0001848,2025-11-22 14:18:16,F&B,Standard,25,2025-11-22 16:35:16,Completed,2025-11-22 14:45:16
R0001849,2025-11-22 11:59:17,F&B,Standard,25,2025-11-22 14:46:17,Completed,2025-11-22 12:42:17
R0001850,2025-11-22 09:53:15,FrontDesk,Standard,12,2025-11-22 11:30:15,In_Progress,
R0001851,2025-11-22 20:38:02,F&B,Standard,25,2025-11-22 23:15:02,Completed,2025-11-22 21:10:02
R0001852,2025-11-22 15:38:58,Housekeeping,Standard,35,2025-11-22 18:26:58,Completed,2025-11-22 16:20:58
R0001853,2025-11-22 19:37:47,F&B,Standard,25,2025-11-22 20:37:47,Completed,2025-11-22 19:53:47
R0001854,2025-11-22 11:45:16,Housekeeping,Standard,35,2025-11-22 12:55:16,Completed,2025-11-22 12:36:16
R0001855,2025-11-22 14:29:43,Housekeeping,Standard,35,2025-11-22 17:04:43,Completed,2025-11-22 15:19:43
R0001856,2025-11-22 19:10:46,F&B,Standard,25,2025-11-22 21:20:46,Completed,2025-11-22 19:53:46
R0001857,2025-11-22 12:45:28,Housekeeping,Standard,35,2025-11-22 15:18:28,Open,
R0001858,2025-11-22 19:49:17,Housekeeping,Standard,35,2025-11-22 20:52:17,Completed,2025-11-22 20:19:17
R0001859,2025-11-22 18:29:56,FrontDesk,Standard,12,2025-11-22 21:10:56,In_Progress,
R0001860,2025-11-22 08:29:13,FrontDesk,Standard,12,2025-11-22 10:20:13,Completed,2025-11-22 08:40:13
R0001861,2025-11-22 14:29:27,F&B,Standard,25,2025-11-22 17:08:27,Completed,2025-11-22 14:55:27
R0001862,2025-11-22 08:32:10,Housekeeping,Standard,35,2025-11-22 10:32:10,Completed,2025-11-22 09:22:10
R0001863,2025-11-22 18:11:47,F&B,Standard,25,2025-11-22 20:00:47,Completed,2025-11-22 19:03:47
R0001864,2025-11-22 14:12:51,F&B,Urgent,12,2025-11-22 15:06:51,Completed,2025-11-22 14:28:51
R0001865,2025-11-22 07:26:55,FrontDesk,Standard,12,2025-11-22 08:56:55,Completed,2025-11-22 07:43:55
R0001866,2025-11-22 16:26:58,Housekeeping,Standard,35,2025-11-22 17:54:58,Completed,2025-11-22 16:56:58
R0001867,2025-11-22 22:49:59,Maintenance,Standard,55,2025-11-23 01:21:59,Completed,2025-11-22 23:38:59
R0001868,2025-11-22 08:48:27,F&B,Standard,25,2025-11-22 10:28:27,Completed,2025-11-22 09:40:27
R0001869,2025-11-22 13:48:30,Housekeeping,Standard,35,2025-11-22 15:37:30,Completed,2025-11-22 14:52:30
R0001870,2025-11-22 14:18:30,F&B,Standard,25,2025-11-22 16:16:30,Completed,2025-11-22 15:00:30
R0001871,2025-11-22 18:26:01,F&B,Standard,25,2025-11-22 19:49:01,Completed,2025-11-22 19:11:01
R0001872,2025-11-22 18:42:44,Housekeeping,Standard,35,2025-11-22 19:48:44,Completed,2025-11-22 19:40:44
R0001873,2025-11-22 18:35:34,FrontDesk,Standard,12,2025-11-22 21:09:34,Completed,2025-11-22 19:06:34
R0001874,2025-11-22 16:30:14,Housekeeping,Standard,35,2025-11-22 18:20:14,Completed,2025-11-22 17:32:14
R0001875,2025-11-22 12:10:00,Maintenance,Standard,55,2025-11-22 13:56:00,Completed,2025-11-22 13:00:00
R0001876,2025-11-22 17:02:22,Housekeeping,Standard,35,2025-11-22 19:52:22,Completed,2025-11-22 17:39:22
R0001877,2025-11-22 16:41:24,Housekeeping,Standard,35,2025-11-22 18:13:24,In_Progress,
R0001878,2025-11-22 22:29:29,F&B,Standard,25,2025-11-23 00:24:29,Completed,2025-11-22 23:24:29
R0001879,2025-11-22 10:15:38,F&B,Standard,25,2025-11-22 12:36:38,Completed,2025-11-22 10:46:38
R0001880,2025-11-22 18:01:44,Housekeeping,Standard,35,2025-11-22 20:03:44,Completed,2025-11-22 18:53:44
R0001881,2025-11-22 11:14:47,FrontDesk,Standard,12,2025-11-22 13:36:47,Completed,2025-11-22 11:35:47
R0001882,2025-11-22 18:43:38,Housekeeping,Standard,35,2025-11-22 21:00:38,Open,
R0001883,2025-11-22 12:10:11,F&B,Standard,25,2025-11-22 14:30:11,Completed,2025-11-22 12:56:11
R0001884,2025-11-22 19:43:00,FrontDesk,Standard,12,2025-11-22 20:49:00,Completed,2025-11-22 20:00:00
R0001885,2025-11-22 18:54:32,Housekeeping,Standard,35,2025-11-22 21:17:32,Completed,2025-11-22 19:59:32
R0001886,2025-11-22 13:40:40,Housekeeping,Standard,35,2025-11-22 15:30:40,Completed,2025-11-22 14:31:40
R0001887,2025-11-22 13:45:33,F&B,Urgent,12,2025-11-22 14:21:33,Completed,2025-11-22 14:17:33
R0001888,2025-11-22 20:46:27,F&B,Standard,25,2025-11-22 22:00:27,Completed,2025-11-22 21:14:27
R0001889,2025-11-22 11:27:41,FrontDesk,Standard,12,2025-11-22 12:34:41,Completed,2025-11-22 11:48:41
R0001890,2025-11-22 09:06:13,Housekeeping,Standard,35,2025-11-22 10:19:13,Completed,2025-11-22 09:55:13
R0001891,2025-11-22 12:09:41,F&B,Standard,25,2025-11-22 13:55:41,Completed,2025-11-22 12:47:41
R0001892,2025-11-22 11:54:52,FrontDesk,Urgent,6,2025-11-22 12:51:52,Completed,2025-11-22 12:11:52
R0001893,2025-11-22 08:31:55,Housekeeping,Standard,35,2025-11-22 11:04:55,Completed,2025-11-22 09:26:55
R0001894,2025-11-22 07:20:41,FrontDesk,Urgent,6,2025-11-22 07:44:41,Completed,2025-11-22 07:42:41
R0001895,2025-11-22 20:24:46,F&B,Standard,25,2025-11-22 23:10:46,Completed,2025-11-22 21:07:46
R0001896,2025-11-22 10:43:21,FrontDesk,Standard,12,2025-11-22 12:52:21,Completed,2025-11-22 11:09:21
R0001897,2025-11-22 21:07:37,F&B,Standard,25,2025-11-22 23:09:37,Completed,2025-11-22 21:32:37
R0001898,2025-11-22 21:00:03,F&B,Standard,25,2025-11-22 22:05:03,Completed,2025-11-22 21:20:03
R0001899,2025-11-22 20:15:31,Housekeeping,Urgent,18,2025-11-22 20:50:31,Completed,2025-11-22 20:48:31
R0001900,2025-11-22 19:15:22,F&B,Standard,25,2025-11-22 22:06:22,Completed,2025-11-22 20:07:22
R0001901,2025-11-22 12:36:46,F&B,Standard,25,2025-11-22 13:52:46,Completed,2025-11-22 13:16:46
R0001902,2025-11-22 20:17:41,Housekeeping,Standard,35,2025-11-22 21:32:41,Completed,2025-11-22 21:01:41
R0001903,2025-11-22 11:57:41,Housekeeping,Standard,35,2025-11-22 14:37:41,Completed,2025-11-22 12:37:41
R0001904,2025-11-22 20:23:27,Maintenance,Standard,55,2025-11-22 22:12:27,Completed,2025-11-22 21:17:27
R0001905,2025-11-22 11:07:29,F&B,Standard,25,2025-11-22 13:21:29,Completed,2025-11-22 11:40:29
R0001906,2025-11-22 22:37:14,Housekeeping,Standard,35,2025-11-23 01:19:14,Open,
R0001907,2025-11-22 08:52:04,Housekeeping,Standard,35,2025-11-22 11:34:04,In_Progress,
R0001908,2025-11-22 08:45:30,F&B,Standard,25,2025-11-22 10:32:30,Completed,2025-11-22 09:40:30
R0001909,2025-11-22 07:46:24,FrontDesk,Standard,12,2025-11-22 08:56:24,Completed,2025-11-22 08:18:24
R0001910,2025-11-22 21:07:11,Housekeeping,Standard,35,2025-11-22 22:50:11,Completed,2025-11-22 22:00:11
R0001911,2025-11-22 19:14:40,Housekeeping,Standard,35,2025-11-22 21:37:40,Completed,2025-11-22 19:59:40
R0001912,2025-11-22 09:27:27,Housekeeping,Standard,35,2025-11-22 11:13:27,Completed,2025-11-22 10:21:27
R0001913,2025-11-22 07:13:33,F&B,Standard,25,2025-11-22 09:10:33,Completed,2025-11-22 07:49:33
R0001914,2025-11-22 19:23:42,Housekeeping,Standard,35,2025-11-22 20:23:42,Completed,2025-11-22 20:32:42
R0001915,2025-11-22 21:45:16,FrontDesk,Standard,12,2025-11-23 00:26:16,Completed,2025-11-22 22:03:16
R0001916,2025-11-22 12:57:50,Housekeeping,Standard,35,2025-11-22 14:55:50,Completed,2025-11-22 14:02:50
R0001917,2025-11-22 16:13:53,F&B,Standard,25,2025-11-22 18:55:53,Completed,2025-11-22 16:36:53
R0001918,2025-11-22 14:56:22,Housekeeping,Standard,35,2025-11-22 17:36:22,Completed,2025-11-22 15:37:22
R0001919,2025-11-22 11:18:45,F&B,Urgent,12,2025-11-22 11:44:45,Completed,2025-11-22 11:52:45
R0001920,2025-11-22 20:20:43,F&B,Urgent,12,2025-11-22 21:11:43,Completed,2025-11-22 21:00:43
R0001921,2025-11-22 13:43:43,F&B,Standard,25,2025-11-22 16:24:43,Completed,2025-11-22 14:31:43
R0001922,2025-11-22 13:37:24,F&B,Standard,25,2025-11-22 16:15:24,Completed,2025-11-22 14:21:24
R0001923,2025-11-22 07:12:43,Housekeeping,Standard,35,2025-11-22 09:54:43,Completed,2025-11-22 08:13:43
R0001924,2025-11-22 14:11:32,Housekeeping,Standard,35,2025-11-22 16:28:32,Completed,2025-11-22 14:49:32
R0001925,2025-11-22 19:47:16,Housekeeping,Urgent,18,2025-11-22 20:19:16,Completed,2025-11-22 20:19:16
R0001926,2025-11-22 15:57:07,F&B,Standard,25,2025-11-22 17:27:07,Completed,2025-11-22 16:47:07
R0001927,2025-11-22 15:59:15,FrontDesk,Standard,12,2025-11-22 17:03:15,Completed,2025-11-22 16:11:15
R0001928,2025-11-22 12:16:21,F&B,Standard,25,2025-11-22 14:47:21,Completed,2025-11-22 13:04:21
R0001929,2025-11-22 21:26:07,F&B,Urgent,12,2025-11-22 22:00:07,Completed,2025-11-22 22:10:07
R0001930,2025-11-22 13:26:17,F&B,Standard,25,2025-11-22 16:07:17,Completed,2025-11-22 14:21:17
R0001931,2025-11-22 15:49:16,FrontDesk,Urgent,6,2025-11-22 16:24:16,Completed,2025-11-22 16:03:16
R0001932,2025-11-22 12:52:41,F&B,Standard,25,2025-11-22 13:52:41,Open,
R0001933,2025-11-22 14:40:08,Housekeeping,Standard,35,2025-11-22 17:11:08,Completed,2025-11-22 15:39:08
R0001934,2025-11-22 21:29:01,Housekeeping,Standard,35,2025-11-22 23:51:01,Completed,2025-11-22 22:24:01
R0001935,2025-11-22 19:02:23,F&B,Standard,25,2025-11-22 21:43:23,Completed,2025-11-22 19:47:23
R0001936,2025-11-22 09:14:01,Maintenance,Standard,55,2025-11-22 10:20:01,Completed,2025-11-22 10:27:01
R0001937,2025-11-22 13:52:31,FrontDesk,Urgent,6,2025-11-22 14:41:31,Completed,2025-11-22 14:14:31
R0001938,2025-11-22 18:57:36,Housekeeping,Standard,35,2025-11-22 21:56:36,Completed,2025-11-22 19:49:36
R0001939,2025-11-22 21:07:19,F&B,Standard,25,2025-11-22 23:36:19,Completed,2025-11-22 21:51:19
R0001940,2025-11-22 12:39:15,F&B,Standard,25,2025-11-22 14:59:15,Open,
R0001941,2025-11-22 22:50:48,FrontDesk,Standard,12,2025-11-23 00:24:48,Completed,2025-11-22 23:25:48
R0001942,2025-11-22 22:43:37,Housekeeping,Standard,35,2025-11-22 23:55:37,Completed,2025-11-22 23:51:37
R0001943,2025-11-22 21:26:14,FrontDesk,Standard,12,2025-11-22 23:59:14,Completed,2025-11-22 21:53:14
R0001944,2025-11-22 18:21:15,FrontDesk,Standard,12,2025-11-22 20:33:15,Completed,2025-11-22 18:42:15
R0001945,2025-11-22 19:58:16,F&B,Standard,25,2025-11-22 22:46:16,Completed,2025-11-22 20:40:16
R0001946,2025-11-22 12:47:41,F&B,Standard,25,2025-11-22 15:22:41,Completed,2025-11-22 13:13:41
R0001947,2025-11-22 10:08:44,FrontDesk,Standard,12,2025-11-22 11:59:44,Completed,2025-11-22 10:54:44
R0001948,2025-11-22 09:18:31,F&B,Standard,25,2025-11-22 12:03:31,Completed,2025-11-22 09:54:31
R0001949,2025-11-22 08:04:44,F&B,Standard,25,2025-11-22 10:45:44,Completed,2025-11-22 08:24:44
R0001950,2025-11-22 17:30:46,Housekeeping,Urgent,18,2025-11-22 17:54:46,Completed,2025-11-22 17:43:46
R0001951,2025-11-22 16:37:15,F&B,Standard,25,2025-11-22 18:31:15,Completed,2025-11-22 17:09:15
R0001952,2025-11-22 12:39:41,FrontDesk,Standard,12,2025-11-22 15:00:41,Completed,2025-11-22 13:21:41
R0001953,2025-11-22 18:53:02,Housekeeping,Standard,35,2025-11-22 21:22:02,Completed,2025-11-22 19:43:02
R0001954,2025-11-22 22:10:40,Housekeeping,Standard,35,2025-11-22 23:34:40,Completed,2025-11-22 23:07:40
R0001955,2025-11-22 12:01:36,Housekeeping,Standard,35,2025-11-22 14:59:36,Completed,2025-11-22 12:57:36
R0001956,2025-11-22 14:34:44,FrontDesk,Standard,12,2025-11-22 16:31:44,Completed,2025-11-22 15:09:44
R0001957,2025-11-22 18:41:36,F&B,Standard,25,2025-11-22 20:17:36,Completed,2025-11-22 19:02:36
R0001958,2025-11-22 11:58:38,FrontDesk,Standard,12,2025-11-22 14:50:38,Completed,2025-11-22 12:31:38
R0001959,2025-11-22 14:39:26,Maintenance,Standard,55,2025-11-22 17:07:26,Completed,2025-11-22 16:00:26
R0001960,2025-11-22 12:34:12,Housekeeping,Standard,35,2025-11-22 14:43:12,Completed,2025-11-22 13:38:12
R0001961,2025-11-22 18:12:55,F&B,Standard,25,2025-11-22 20:56:55,Completed,2025-11-22 18:41:55
R0001962,2025-11-22 16:40:57,Maintenance,Standard,55,2025-11-22 18:27:57,Completed,2025-11-22 17:36:57
R0001963,2025-11-22 14:49:41,F&B,Standard,25,2025-11-22 17:25:41,Completed,2025-11-22 15:38:41
R0001964,2025-11-22 18:38:19,FrontDesk,Standard,12,2025-11-22 19:52:19,Completed,2025-11-22 18:55:19
R0001965,2025-11-22 17:22:03,F&B,Standard,25,2025-11-22 19:50:03,Completed,2025-11-22 17:56:03
R0001966,2025-11-22 12:01:24,F&B,Standard,25,2025-11-22 14:01:24,Completed,2025-11-22 12:48:24
R0001967,2025-11-22 07:20:12,Housekeeping,Standard,35,2025-11-22 09:09:12,Completed,2025-11-22 08:17:12
R0001968,2025-11-22 18:48:32,FrontDesk,Standard,12,2025-11-22 20:36:32,Completed,2025-11-22 19:17:32
R0001969,2025-11-22 20:42:22,Housekeeping,Standard,35,2025-11-22 22:16:22,Open,
R0001970,2025-11-22 16:01:47,F&B,Standard,25,2025-11-22 18:36:47,Completed,2025-11-22 16:52:47
R0001971,2025-11-22 08:02:05,Housekeeping,Standard,35,2025-11-22 09:22:05,Completed,2025-11-22 09:04:05
R0001972,2025-11-22 19:32:16,F&B,Urgent,12,2025-11-22 20:09:16,Completed,2025-11-22 19:53:16
R0001973,2025-11-22 15:30:18,Housekeeping,Urgent,18,2025-11-22 16:03:18,Completed,2025-11-22 16:02:18
R0001974,2025-11-22 20:37:37,FrontDesk,Standard,12,2025-11-22 22:54:37,Completed,2025-11-22 21:15:37
R0001975,2025-11-22 11:36:25,F&B,Standard,25,2025-11-22 13:21:25,Completed,2025-11-22 12:29:25
R0001976,2025-11-22 13:06:42,Housekeeping,Standard,35,2025-11-22 15:21:42,Completed,2025-11-22 13:57:42
R0001977,2025-11-22 12:29:07,Maintenance,Standard,55,2025-11-22 14:43:07,Completed,2025-11-22 13:04:07
R0001978,2025-11-22 21:15:59,F&B,Standard,25,2025-11-22 22:51:59,Completed,2025-11-22 22:18:59
R0001979,2025-11-22 09:37:48,Housekeeping,Standard,35,2025-11-22 11:20:48,Completed,2025-11-22 10:11:48
R0001980,2025-11-22 16:15:38,Housekeeping,Standard,35,2025-11-22 19:11:38,Completed,2025-11-22 16:55:38
R0001981,2025-11-22 07:59:14,F&B,Standard,25,2025-11-22 09:00:14,Completed,2025-11-22 08:48:14
R0001982,2025-11-22 14:23:34,Housekeeping,Standard,35,2025-11-22 16:32:34,Completed,2025-11-22 15:25:34
R0001983,2025-11-22 17:12:38,F&B,Standard,25,2025-11-22 19:02:38,Open,
R0001984,2025-11-22 21:36:57,F&B,Urgent,12,2025-11-22 21:57:57,Completed,2025-11-22 22:06:57
R0001985,2025-11-22 11:36:09,Housekeeping,Standard,35,2025-11-22 13:50:09,Completed,2025-11-22 12:03:09
R0001986,2025-11-22 16:54:11,Housekeeping,Standard,35,2025-11-22 18:45:11,Completed,2025-11-22 17:38:11
R0001987,2025-11-22 22:49:11,Maintenance,Standard,55,2025-11-23 00:15:11,In_Progress,
R0001988,2025-11-22 11:13:36,Housekeeping,Standard,35,2025-11-22 13:14:36,Completed,2025-11-22 12:35:36
R0001989,2025-11-22 19:20:15,Housekeeping,Standard,35,2025-11-22 21:20:15,Completed,2025-11-22 19:56:15
R0001990,2025-11-22 11:48:22,Housekeeping,Standard,35,2025-11-22 14:46:22,Completed,2025-11-22 12:45:22
R0001991,2025-11-22 22:19:16,Housekeeping,Urgent,18,2025-11-22 22:45:16,Completed,2025-11-22 22:49:16
R0001992,2025-11-22 19:55:02,FrontDesk,Standard,12,2025-11-22 22:02:02,Completed,2025-11-22 20:33:02
R0001993,2025-11-22 19:35:38,FrontDesk,Standard,12,2025-11-22 21:02:38,Completed,2025-11-22 20:03:38
R0001994,2025-11-22 19:54:30,F&B,Standard,25,2025-11-22 21:16:30,Completed,2025-11-22 20:24:30
R0001995,2025-11-22 19:40:08,F&B,Standard,25,2025-11-22 22:30:08,Completed,2025-11-22 20:11:08
R0001996,2025-11-22 08:24:00,Housekeeping,Standard,35,2025-11-22 10:05:00,Completed,2025-11-22 08:58:00
R0001997,2025-11-22 11:04:09,Housekeeping,Standard,35,2025-11-22 12:14:09,Completed,2025-11-22 11:42:09
R0001998,2025-11-22 07:17:15,FrontDesk,Standard,12,2025-11-22 10:03:15,Completed,2025-11-22 07:50:15
R0001999,2025-11-22 20:04:24,F&B,Standard,25,2025-11-22 21:33:24,Completed,2025-11-22 20:51:24
R0002000,2025-11-22 20:32:36,FrontDesk,Standard,12,2025-11-22 22:08:36,Completed,2025-11-22 21:02:36
R0002001,2025-11-22 18:36:48,FrontDesk,Standard,12,2025-11-22 19:54:48,In_Progress,
R0002002,2025-11-22 17:23:06,Housekeeping,Standard,35,2025-11-22 19:13:06,Completed,2025-11-22 18:00:06
R0002003,2025-11-22 21:23:04,F&B,Standard,25,2025-11-22 23:45:04,In_Progress,
R0002004,2025-11-22 18:20:29,F&B,Standard,25,2025-11-22 21:07:29,Completed,2025-11-22 19:07:29
R0002005,2025-11-22 11:28:30,F&B,Standard,25,2025-11-22 13:35:30,Completed,2025-11-22 11:54:30
R0002006,2025-11-22 08:33:42,FrontDesk,Standard,12,2025-11-22 11:00:42,Completed,2025-11-22 08:50:42
R0002007,2025-11-22 13:24:19,Housekeeping,Standard,35,2025-11-22 15:17:19,Completed,2025-11-22 14:11:19
R0002008,2025-11-22 18:15:11,FrontDesk,Standard,12,2025-11-22 20:19:11,Completed,2025-11-22 18:23:11
R0002009,2025-11-22 12:32:10,Housekeeping,Standard,35,2025-11-22 15:15:10,Completed,2025-11-22 13:19:10
R0002010,2025-11-22 18:50:32,Housekeeping,Standard,35,2025-11-22 20:42:32,Completed,2025-11-22 19:32:32
R0002011,2025-11-22 22:08:39,Maintenance,Standard,55,2025-11-22 23:37:39,Completed,2025-11-22 23:20:39
R0002012,2025-11-22 10:11:10,F&B,Standard,25,2025-11-22 12:17:10,Completed,2025-11-22 11:16:10
R0002013,2025-11-22 18:34:08,FrontDesk,Standard,12,2025-11-22 19:43:08,Completed,2025-11-22 18:52:08
R0002014,2025-11-22 22:17:05,F&B,Standard,25,2025-11-23 00:06:05,Completed,2025-11-22 22:51:05
R0002015,2025-11-22 19:47:17,Housekeeping,Standard,35,2025-11-22 21:06:17,Completed,2025-11-22 20:38:17
R0002016,2025-11-22 09:37:34,F&B,Standard,25,2025-11-22 12:01:34,Completed,2025-11-22 10:32:34
R0002017,2025-11-22 20:03:24,FrontDesk,Standard,12,2025-11-22 21:13:24,Completed,2025-11-22 20:36:24
R0002018,2025-11-22 20:23:47,FrontDesk,Standard,12,2025-11-22 21:54:47,Completed,2025-11-22 20:39:47
R0002019,2025-11-22 13:36:07,FrontDesk,Standard,12,2025-11-22 16:07:07,Completed,2025-11-22 14:12:07
R0002020,2025-11-22 15:14:40,FrontDesk,Standard,12,2025-11-22 16:48:40,Completed,2025-11-22 15:32:40
R0002021,2025-11-22 07:38:45,Housekeeping,Standard,35,2025-11-22 08:44:45,Open,
R0002022,2025-11-22 12:08:18,Housekeeping,Urgent,18,2025-11-22 12:27:18,Completed,2025-11-22 12:28:18
R0002023,2025-11-22 12:23:08,Housekeeping,Standard,35,2025-11-22 14:36:08,Completed,2025-11-22 13:18:08
R0002024,2025-11-22 21:23:16,FrontDesk,Standard,12,2025-11-23 00:01:16,Completed,2025-11-22 21:55:16
R0002025,2025-11-22 08:08:26,FrontDesk,Standard,12,2025-11-22 09:55:26,Completed,2025-11-22 08:26:26
R0002026,2025-11-22 21:43:01,F&B,Standard,25,2025-11-23 00:23:01,Completed,2025-11-22 22:41:01
R0002027,2025-11-22 08:50:09,F&B,Standard,25,2025-11-22 10:45:09,Completed,2025-11-22 09:10:09
R0002028,2025-11-22 15:02:31,FrontDesk,Standard,12,2025-11-22 17:09:31,Completed,2025-11-22 15:30:31
R0002029,2025-11-22 12:44:06,Housekeeping,Standard,35,2025-11-22 14:27:06,Completed,2025-11-22 13:35:06
R0002030,2025-11-22 11:40:02,F&B,Standard,25,2025-11-22 13:30:02,Completed,2025-11-22 12:38:02
R0002031,2025-11-22 20:49:07,F&B,Standard,25,2025-11-22 22:47:07,Completed,2025-11-22 21:23:07
R0002032,2025-11-22 20:45:09,F&B,Standard,25,2025-11-22 21:59:09,Completed,2025-11-22 21:28:09
R0002033,2025-11-22 17:04:23,Housekeeping,Standard,35,2025-11-22 18:38:23,In_Progress,
R0002034,2025-11-22 19:13:50,Housekeeping,Standard,35,2025-11-22 20:45:50,Completed,2025-11-22 20:13:50
R0002035,2025-11-22 07:34:42,F&B,Standard,25,2025-11-22 08:42:42,Open,
R0002036,2025-11-22 22:54:15,FrontDesk,Urgent,6,2025-11-22 23:33:15,Completed,2025-11-22 23:13:15
R0002037,2025-11-22 19:38:37,F&B,Standard,25,2025-11-22 20:53:37,Open,
R0002038,2025-11-22 09:30:42,F&B,Standard,25,2025-11-22 11:29:42,Completed,2025-11-22 09:53:42
R0002039,2025-11-22 21:42:47,FrontDesk,Standard,12,2025-11-23 00:00:47,Completed,2025-11-22 22:09:47
R0002040,2025-11-22 12:32:47,Housekeeping,Urgent,18,2025-11-22 13:29:47,Completed,2025-11-22 12:55:47
R0002041,2025-11-22 18:54:38,Maintenance,Standard,55,2025-11-22 20:06:38,Completed,2025-11-22 19:49:38
R0002042,2025-11-22 19:53:50,F&B,Urgent,12,2025-11-22 20:34:50,Completed,2025-11-22 20:21:50
R0002043,2025-11-22 21:26:15,Housekeeping,Standard,35,2025-11-23 00:06:15,Completed,2025-11-22 22:31:15
R0002044,2025-11-22 09:28:28,Maintenance,Standard,55,2025-11-22 11:28:28,Completed,2025-11-22 10:47:28
R0002045,2025-11-22 07:14:44,F&B,Standard,25,2025-11-22 09:34:44,Completed,2025-11-22 07:46:44
R0002046,2025-11-22 12:43:09,F&B,Standard,25,2025-11-22 14:43:09,Completed,2025-11-22 13:07:09
R0002047,2025-11-22 16:05:46,F&B,Standard,25,2025-11-22 18:03:46,Completed,2025-11-22 16:27:46
R0002048,2025-11-22 19:25:15,Maintenance,Urgent,30,2025-11-22 19:58:15,Completed,2025-11-22 20:12:15
R0002049,2025-11-22 20:42:56,Housekeeping,Urgent,18,2025-11-22 20:58:56,Completed,2025-11-22 21:14:56
R0002050,2025-11-22 10:09:14,Housekeeping,Standard,35,2025-11-22 11:10:14,Completed,2025-11-22 11:11:14
R0002051,2025-11-22 09:56:34,F&B,Standard,25,2025-11-22 12:08:34,Completed,2025-11-22 10:21:34
R0002052,2025-11-22 16:00:12,FrontDesk,Standard,12,2025-11-22 17:08:12,Completed,2025-11-22 16:30:12
R0002053,2025-11-22 11:56:18,FrontDesk,Standard,12,2025-11-22 13:41:18,Completed,2025-11-22 12:31:18
R0002054,2025-11-22 10:09:03,FrontDesk,Standard,12,2025-11-22 12:56:03,Completed,2025-11-22 10:22:03
R0002055,2025-11-22 15:47:20,F&B,Standard,25,2025-11-22 17:38:20,Completed,2025-11-22 16:36:20
R0002056,2025-11-22 20:10:58,F&B,Standard,25,2025-11-22 21:46:58,Completed,2025-11-22 21:11:58
R0002057,2025-11-22 07:43:55,F&B,Standard,25,2025-11-22 08:47:55,Completed,2025-11-22 08:24:55
R0002058,2025-11-22 07:28:28,Housekeeping,Standard,35,2025-11-22 09:24:28,Completed,2025-11-22 08:28:28
R0002059,2025-11-22 21:52:18,Housekeeping,Standard,35,2025-11-23 00:06:18,Completed,2025-11-22 22:23:18
R0002060,2025-11-22 14:41:15,F&B,Standard,25,2025-11-22 16:01:15,Completed,2025-11-22 15:21:15
R0002061,2025-11-22 09:36:21,F&B,Standard,25,2025-11-22 11:04:21,Completed,2025-11-22 10:41:21
R0002062,2025-11-22 19:31:23,Housekeeping,Standard,35,2025-11-22 21:01:23,Completed,2025-11-22 20:22:23
R0002063,2025-11-22 22:44:53,F&B,Standard,25,2025-11-23 01:13:53,Completed,2025-11-22 23:13:53
R0002064,2025-11-22 10:18:41,F&B,Standard,25,2025-11-22 11:46:41,Completed,2025-11-22 11:09:41
R0002065,2025-11-22 07:58:56,Housekeeping,Standard,35,2025-11-22 09:56:56,Completed,2025-11-22 08:50:56
R0002066,2025-11-22 16:22:22,Housekeeping,Urgent,18,2025-11-22 16:54:22,Completed,2025-11-22 16:48:22
R0002067,2025-11-22 08:49:35,FrontDesk,Urgent,6,2025-11-22 09:48:35,Completed,2025-11-22 08:56:35
R0002068,2025-11-22 16:56:42,F&B,Standard,25,2025-11-22 19:28:42,Completed,2025-11-22 17:53:42
R0002069,2025-11-22 09:15:16,Housekeeping,Standard,35,2025-11-22 11:28:16,Completed,2025-11-22 10:14:16
R0002070,2025-11-22 11:33:23,F&B,Urgent,12,2025-11-22 12:27:23,Completed,2025-11-22 12:07:23
R0002071,2025-11-22 12:40:54,Housekeeping,Standard,35,2025-11-22 15:34:54,Completed,2025-11-22 13:18:54
R0002072,2025-11-22 18:30:30,Housekeeping,Standard,35,2025-11-22 21:07:30,Completed,2025-11-22 19:33:30
R0002073,2025-11-22 07:40:09,F&B,Standard,25,2025-11-22 10:14:09,Completed,2025-11-22 08:00:09
R0002074,2025-11-22 16:13:30,F&B,Standard,25,2025-11-22 18:54:30,Completed,2025-11-22 16:35:30
R0002075,2025-11-22 19:13:09,FrontDesk,Standard,12,2025-11-22 20:27:09,Completed,2025-11-22 19:46:09
R0002076,2025-11-22 20:28:53,Housekeeping,Standard,35,2025-11-22 22:02:53,Completed,2025-11-22 21:37:53
R0002077,2025-11-22 11:40:49,Housekeeping,Standard,35,2025-11-22 12:40:49,Completed,2025-11-22 12:22:49
R0002078,2025-11-22 15:39:32,Housekeeping,Standard,35,2025-11-22 16:39:32,Completed,2025-11-22 16:06:32
R0002079,2025-11-22 10:48:53,Maintenance,Urgent,30,2025-11-22 11:36:53,Completed,2025-11-22 11:41:53
R0002080,2025-11-22 13:56:45,FrontDesk,Standard,12,2025-11-22 16:09:45,Completed,2025-11-22 14:10:45
R0002081,2025-11-22 20:12:09,F&B,Standard,25,2025-11-22 22:22:09,Completed,2025-11-22 21:05:09
R0002082,2025-11-22 18:12:25,F&B,Standard,25,2025-11-22 20:50:25,Completed,2025-11-22 18:46:25
R0002083,2025-11-22 22:59:25,F&B,Standard,25,2025-11-23 01:31:25,Completed,2025-11-22 23:45:25
R0002084,2025-11-22 12:57:12,Housekeeping,Standard,35,2025-11-22 14:24:12,Completed,2025-11-22 13:33:12
R0002085,2025-11-22 12:30:34,Housekeeping,Standard,35,2025-11-22 14:46:34,Completed,2025-11-22 13:30:34
R0002086,2025-11-22 17:24:36,Housekeeping,Standard,35,2025-11-22 20:03:36,Completed,2025-11-22 18:12:36
R0002087,2025-11-22 08:14:02,FrontDesk,Standard,12,2025-11-22 10:32:02,In_Progress,
R0002088,2025-11-22 12:46:43,F&B,Standard,25,2025-11-22 14:00:43,Completed,2025-11-22 13:49:43
R0002089,2025-11-22 12:52:50,Housekeeping,Urgent,18,2025-11-22 13:28:50,Completed,2025-11-22 13:32:50
R0002090,2025-11-22 20:51:11,Housekeeping,Standard,35,2025-11-22 23:14:11,Completed,2025-11-22 21:13:11
R0002091,2025-11-22 22:15:23,Housekeeping,Standard,35,2025-11-23 00:58:23,Completed,2025-11-22 22:57:23
R0002092,2025-11-23 20:14:59,Housekeeping,Standard,35,2025-11-23 22:31:59,Completed,2025-11-23 21:18:59
R0002093,2025-11-23 20:38:43,Housekeeping,Standard,35,2025-11-23 22:07:43,Completed,2025-11-23 21:04:43
R0002094,2025-11-23 20:38:54,FrontDesk,Standard,12,2025-11-23 21:50:54,In_Progress,
R0002095,2025-11-23 10:40:30,Housekeeping,Standard,35,2025-11-23 11:43:30,Completed,2025-11-23 11:09:30
R0002096,2025-11-23 22:03:31,Housekeeping,Standard,35,2025-11-24 00:28:31,Completed,2025-11-23 23:02:31
R0002097,2025-11-23 16:51:17,Maintenance,Standard,55,2025-11-23 19:44:17,Completed,2025-11-23 17:59:17
R0002098,2025-11-23 19:57:56,Housekeeping,Standard,35,2025-11-23 21:59:56,Completed,2025-11-23 20:44:56
R0002099,2025-11-23 19:29:49,FrontDesk,Standard,12,2025-11-23 22:03:49,Completed,2025-11-23 19:41:49
R0002100,2025-11-23 08:08:48,FrontDesk,Standard,12,2025-11-23 10:43:48,In_Progress,
R0002101,2025-11-23 18:56:08,F&B,Standard,25,2025-11-23 20:04:08,Open,
R0002102,2025-11-23 08:57:49,F&B,Standard,25,2025-11-23 11:47:49,Open,
R0002103,2025-11-23 15:14:03,FrontDesk,Standard,12,2025-11-23 17:29:03,Open,
R0002104,2025-11-23 13:49:24,FrontDesk,Standard,12,2025-11-23 15:44:24,Open,
R0002105,2025-11-23 14:20:10,FrontDesk,Standard,12,2025-11-23 17:17:10,Completed,2025-11-23 14:44:10
R0002106,2025-11-23 11:45:06,FrontDesk,Urgent,6,2025-11-23 12:03:06,Completed,2025-11-23 11:54:06
R0002107,2025-11-23 18:28:34,FrontDesk,Urgent,6,2025-11-23 19:05:34,Completed,2025-11-23 18:36:34
R0002108,2025-11-23 13:32:01,Housekeeping,Standard,35,2025-11-23 15:39:01,Completed,2025-11-23 14:15:01
R0002109,2025-11-23 21:43:35,Maintenance,Standard,55,2025-11-23 23:35:35,In_Progress,
R0002110,2025-11-23 17:02:25,F&B,Standard,25,2025-11-23 18:05:25,Completed,2025-11-23 17:54:25
R0002111,2025-11-23 07:51:19,F&B,Standard,25,2025-11-23 10:22:19,Completed,2025-11-23 08:28:19
R0002112,2025-11-23 18:12:21,FrontDesk,Standard,12,2025-11-23 20:14:21,Completed,2025-11-23 18:44:21
R0002113,2025-11-23 20:53:08,FrontDesk,Standard,12,2025-11-23 23:34:08,Open,
R0002114,2025-11-23 12:22:58,Maintenance,Urgent,30,2025-11-23 13:21:58,Completed,2025-11-23 13:09:58
R0002115,2025-11-23 16:07:23,FrontDesk,Urgent,6,2025-11-23 16:34:23,Completed,2025-11-23 16:13:23
R0002116,2025-11-23 12:14:00,F&B,Standard,25,2025-11-23 15:12:00,Completed,2025-11-23 12:37:00
R0002117,2025-11-23 14:48:06,Housekeeping,Standard,35,2025-11-23 16:30:06,In_Progress,
R0002118,2025-11-23 13:24:06,Housekeeping,Standard,35,2025-11-23 14:47:06,Completed,2025-11-23 14:04:06
R0002119,2025-11-23 08:15:34,Housekeeping,Standard,35,2025-11-23 09:24:34,Open,
R0002120,2025-11-23 08:14:43,Housekeeping,Urgent,18,2025-11-23 08:36:43,Completed,2025-11-23 08:40:43
R0002121,2025-11-23 14:14:46,FrontDesk,Standard,12,2025-11-23 17:04:46,Completed,2025-11-23 14:28:46
R0002122,2025-11-23 19:31:08,F&B,Standard,25,2025-11-23 21:46:08,Completed,2025-11-23 19:48:08
R0002123,2025-11-23 12:23:14,FrontDesk,Standard,12,2025-11-23 15:10:14,Completed,2025-11-23 12:56:14
R0002124,2025-11-23 21:40:41,F&B,Standard,25,2025-11-23 22:48:41,Completed,2025-11-23 22:16:41
R0002125,2025-11-23 20:23:32,Housekeeping,Standard,35,2025-11-23 22:57:32,Completed,2025-11-23 21:09:32
R0002126,2025-11-23 19:39:53,F&B,Urgent,12,2025-11-23 20:29:53,Completed,2025-11-23 19:53:53
R0002127,2025-11-23 18:59:07,Housekeeping,Standard,35,2025-11-23 21:52:07,Open,
R0002128,2025-11-23 19:18:13,Housekeeping,Urgent,18,2025-11-23 19:50:13,Completed,2025-11-23 19:43:13
R0002129,2025-11-23 13:28:48,FrontDesk,Standard,12,2025-11-23 14:45:48,Completed,2025-11-23 14:00:48
R0002130,2025-11-23 16:11:27,F&B,Standard,25,2025-11-23 18:24:27,Completed,2025-11-23 16:46:27
R0002131,2025-11-23 18:24:46,Housekeeping,Standard,35,2025-11-23 21:22:46,Completed,2025-11-23 18:57:46
R0002132,2025-11-23 15:17:41,F&B,Standard,25,2025-11-23 16:32:41,Completed,2025-11-23 16:04:41
R0002133,2025-11-23 18:58:27,Housekeeping,Standard,35,2025-11-23 21:08:27,Completed,2025-11-23 19:46:27
R0002134,2025-11-23 14:43:58,Maintenance,Standard,55,2025-11-23 17:18:58,Completed,2025-11-23 15:53:58
R0002135,2025-11-23 19:45:40,F&B,Standard,25,2025-11-23 21:52:40,Completed,2025-11-23 20:17:40
R0002136,2025-11-23 09:54:23,F&B,Standard,25,2025-11-23 12:41:23,Completed,2025-11-23 10:33:23
R0002137,2025-11-23 19:29:38,Housekeeping,Standard,35,2025-11-23 21:50:38,Completed,2025-11-23 20:26:38
R0002138,2025-11-23 08:23:14,F&B,Standard,25,2025-11-23 09:29:14,Completed,2025-11-23 09:03:14
R0002139,2025-11-23 21:32:11,F&B,Standard,25,2025-11-23 22:56:11,Completed,2025-11-23 22:28:11
R0002140,2025-11-23 13:58:17,F&B,Urgent,12,2025-11-23 14:24:17,Completed,2025-11-23 14:35:17
R0002141,2025-11-23 08:18:20,F&B,Standard,25,2025-11-23 10:24:20,Completed,2025-11-23 08:55:20
R0002142,2025-11-23 07:44:46,F&B,Standard,25,2025-11-23 10:15:46,Completed,2025-11-23 08:39:46
R0002143,2025-11-23 12:29:50,Housekeeping,Standard,35,2025-11-23 14:13:50,In_Progress,
R0002144,2025-11-23 20:53:30,Housekeeping,Standard,35,2025-11-23 22:21:30,Completed,2025-11-23 21:45:30
R0002145,2025-11-23 19:51:06,FrontDesk,Standard,12,2025-11-23 21:09:06,Completed,2025-11-23 20:17:06
R0002146,2025-11-23 19:19:17,F&B,Standard,25,2025-11-23 21:11:17,Completed,2025-11-23 19:47:17
R0002147,2025-11-23 20:42:18,F&B,Standard,25,2025-11-23 22:42:18,Completed,2025-11-23 21:25:18
R0002148,2025-11-23 15:57:01,Housekeeping,Urgent,18,2025-11-23 16:41:01,Completed,2025-11-23 16:22:01
R0002149,2025-11-23 14:37:34,Housekeeping,Standard,35,2025-11-23 16:48:34,Open,
R0002150,2025-11-23 09:55:39,Housekeeping,Standard,35,2025-11-23 12:08:39,Completed,2025-11-23 10:50:39
R0002151,2025-11-23 09:02:08,Housekeeping,Standard,35,2025-11-23 11:41:08,Open,
R0002152,2025-11-23 13:43:54,F&B,Standard,25,2025-11-23 15:48:54,Completed,2025-11-23 14:06:54
R0002153,2025-11-23 11:05:10,F&B,Standard,25,2025-11-23 12:14:10,Completed,2025-11-23 11:59:10
R0002154,2025-11-23 11:38:06,Housekeeping,Standard,35,2025-11-23 13:47:06,Completed,2025-11-23 13:00:06
R0002155,2025-11-23 14:52:54,FrontDesk,Standard,12,2025-11-23 16:06:54,Completed,2025-11-23 15:09:54
R0002156,2025-11-23 19:41:16,Housekeeping,Urgent,18,2025-11-23 20:11:16,Completed,2025-11-23 20:09:16
R0002157,2025-11-23 22:54:39,Housekeeping,Standard,35,2025-11-24 01:05:39,Completed,2025-11-23 23:53:39
R0002158,2025-11-23 21:13:27,F&B,Standard,25,2025-11-23 22:13:27,Open,
R0002159,2025-11-23 17:15:55,Housekeeping,Urgent,18,2025-11-23 18:13:55,Completed,2025-11-23 17:47:55
R0002160,2025-11-23 15:47:36,FrontDesk,Standard,12,2025-11-23 18:36:36,Completed,2025-11-23 16:32:36
R0002161,2025-11-23 08:38:40,FrontDesk,Standard,12,2025-11-23 10:36:40,Completed,2025-11-23 09:07:40
R0002162,2025-11-23 16:06:54,Maintenance,Standard,55,2025-11-23 18:41:54,Completed,2025-11-23 17:11:54
R0002163,2025-11-23 11:57:48,Housekeeping,Standard,35,2025-11-23 14:20:48,Completed,2025-11-23 12:37:48
R0002164,2025-11-23 18:35:44,Housekeeping,Standard,35,2025-11-23 20:20:44,Completed,2025-11-23 19:28:44
R0002165,2025-11-23 14:19:31,F&B,Standard,25,2025-11-23 16:24:31,Completed,2025-11-23 15:08:31
R0002166,2025-11-23 07:28:28,FrontDesk,Standard,12,2025-11-23 10:01:28,Completed,2025-11-23 07:48:28
R0002167,2025-11-23 13:27:16,Housekeeping,Standard,35,2025-11-23 16:05:16,Completed,2025-11-23 14:22:16
R0002168,2025-11-23 12:39:40,Housekeeping,Standard,35,2025-11-23 14:30:40,Completed,2025-11-23 13:02:40
R0002169,2025-11-23 12:28:34,FrontDesk,Standard,12,2025-11-23 14:31:34,Completed,2025-11-23 12:52:34
R0002170,2025-11-23 08:19:32,Housekeeping,Standard,35,2025-11-23 09:20:32,Completed,2025-11-23 09:20:32
R0002171,2025-11-23 12:13:20,F&B,Standard,25,2025-11-23 14:34:20,In_Progress,
R0002172,2025-11-23 19:10:28,F&B,Standard,25,2025-11-23 21:40:28,Completed,2025-11-23 19:52:28
R0002173,2025-11-23 14:52:10,Housekeeping,Urgent,18,2025-11-23 15:28:10,Completed,2025-11-23 15:34:10
R0002174,2025-11-23 14:31:01,FrontDesk,Standard,12,2025-11-23 16:43:01,Completed,2025-11-23 14:59:01
R0002175,2025-11-23 15:29:34,Housekeeping,Standard,35,2025-11-23 16:37:34,Open,
R0002176,2025-11-23 21:09:17,Housekeeping,Urgent,18,2025-11-23 21:55:17,In_Progress,
R0002177,2025-11-23 18:44:57,F&B,Standard,25,2025-11-23 20:17:57,Completed,2025-11-23 19:41:57
R0002178,2025-11-23 19:52:14,Housekeeping,Standard,35,2025-11-23 22:46:14,Completed,2025-11-23 20:18:14
R0002179,2025-11-23 11:07:45,F&B,Standard,25,2025-11-23 13:36:45,Open,
R0002180,2025-11-23 18:49:56,F&B,Standard,25,2025-11-23 20:02:56,Completed,2025-11-23 19:06:56
R0002181,2025-11-23 14:39:09,FrontDesk,Standard,12,2025-11-23 16:51:09,Completed,2025-11-23 15:00:09
R0002182,2025-11-23 11:41:25,FrontDesk,Standard,12,2025-11-23 12:47:25,Completed,2025-11-23 12:07:25
R0002183,2025-11-23 12:32:17,Housekeeping,Standard,35,2025-11-23 14:43:17,Completed,2025-11-23 13:22:17
R0002184,2025-11-23 09:40:32,Housekeeping,Standard,35,2025-11-23 11:25:32,Completed,2025-11-23 10:50:32
R0002185,2025-11-23 14:07:22,F&B,Standard,25,2025-11-23 16:33:22,Completed,2025-11-23 15:01:22
R0002186,2025-11-23 20:09:54,Housekeeping,Standard,35,2025-11-23 21:48:54,Completed,2025-11-23 21:03:54
R0002187,2025-11-23 10:50:27,F&B,Urgent,12,2025-11-23 11:45:27,Completed,2025-11-23 11:05:27
R0002188,2025-11-23 07:21:29,Housekeeping,Standard,35,2025-11-23 09:17:29,Completed,2025-11-23 08:08:29
R0002189,2025-11-23 13:21:05,Housekeeping,Standard,35,2025-11-23 15:33:05,Completed,2025-11-23 14:28:05
R0002190,2025-11-23 20:03:26,Housekeeping,Urgent,18,2025-11-23 20:58:26,Completed,2025-11-23 20:18:26
R0002191,2025-11-23 13:25:46,Maintenance,Standard,55,2025-11-23 14:41:46,Completed,2025-11-23 14:40:46
R0002192,2025-11-23 14:37:11,F&B,Standard,25,2025-11-23 17:10:11,Completed,2025-11-23 15:15:11
R0002193,2025-11-23 12:36:42,Housekeeping,Standard,35,2025-11-23 14:13:42,Completed,2025-11-23 13:27:42
R0002194,2025-11-23 07:28:09,Housekeeping,Standard,35,2025-11-23 10:04:09,Completed,2025-11-23 08:11:09
R0002195,2025-11-23 22:04:29,F&B,Standard,25,2025-11-24 00:08:29,Completed,2025-11-23 22:41:29
R0002196,2025-11-23 21:20:50,Housekeeping,Standard,35,2025-11-23 22:29:50,Completed,2025-11-23 21:59:50
R0002197,2025-11-23 21:33:38,Housekeeping,Standard,35,2025-11-23 22:40:38,Completed,2025-11-23 22:16:38
R0002198,2025-11-23 21:20:56,Housekeeping,Standard,35,2025-11-23 23:52:56,Open,
R0002199,2025-11-23 21:10:14,FrontDesk,Urgent,6,2025-11-23 21:48:14,Completed,2025-11-23 21:41:14
R0002200,2025-11-23 13:38:43,F&B,Standard,25,2025-11-23 16:23:43,Open,
R0002201,2025-11-23 11:40:40,F&B,Urgent,12,2025-11-23 12:32:40,Completed,2025-11-23 12:09:40
R0002202,2025-11-23 21:13:14,F&B,Standard,25,2025-11-23 22:37:14,Completed,2025-11-23 21:45:14
R0002203,2025-11-23 11:50:59,Housekeeping,Standard,35,2025-11-23 14:29:59,Completed,2025-11-23 12:45:59
R0002204,2025-11-23 18:25:47,Housekeeping,Standard,35,2025-11-23 20:09:47,Open,
R0002205,2025-11-23 07:32:46,Housekeeping,Standard,35,2025-11-23 10:01:46,Completed,2025-11-23 08:08:46
R0002206,2025-11-23 20:02:28,Maintenance,Standard,55,2025-11-23 23:01:28,Completed,2025-11-23 21:29:28
R0002207,2025-11-23 14:33:21,F&B,Standard,25,2025-11-23 16:47:21,Completed,2025-11-23 14:57:21
R0002208,2025-11-23 22:21:31,F&B,Standard,25,2025-11-24 00:15:31,Completed,2025-11-23 23:23:31
R0002209,2025-11-23 12:47:59,F&B,Standard,25,2025-11-23 15:23:59,Completed,2025-11-23 13:17:59
R0002210,2025-11-23 20:44:59,F&B,Standard,25,2025-11-23 23:29:59,Completed,2025-11-23 21:24:59
R0002211,2025-11-23 18:24:52,F&B,Standard,25,2025-11-23 21:18:52,Completed,2025-11-23 19:02:52
R0002212,2025-11-23 11:29:37,Maintenance,Standard,55,2025-11-23 13:04:37,Completed,2025-11-23 12:48:37
R0002213,2025-11-23 12:58:39,FrontDesk,Urgent,6,2025-11-23 13:28:39,Completed,2025-11-23 13:20:39
R0002214,2025-11-23 11:44:40,FrontDesk,Urgent,6,2025-11-23 12:37:40,Completed,2025-11-23 11:56:40
R0002215,2025-11-23 14:53:05,F&B,Standard,25,2025-11-23 17:14:05,Completed,2025-11-23 15:34:05
R0002216,2025-11-23 15:59:30,FrontDesk,Standard,12,2025-11-23 17:37:30,Completed,2025-11-23 16:11:30
R0002217,2025-11-23 18:09:42,Maintenance,Standard,55,2025-11-23 19:56:42,In_Progress,
R0002218,2025-11-23 12:32:04,FrontDesk,Standard,12,2025-11-23 15:10:04,Completed,2025-11-23 13:06:04
R0002219,2025-11-23 14:57:28,Maintenance,Standard,55,2025-11-23 17:18:28,Completed,2025-11-23 16:09:28
R0002220,2025-11-23 13:51:20,F&B,Standard,25,2025-11-23 15:29:20,Open,
R0002221,2025-11-23 21:29:51,F&B,Standard,25,2025-11-23 22:38:51,Completed,2025-11-23 22:08:51
R0002222,2025-11-23 21:53:39,F&B,Standard,25,2025-11-23 23:01:39,Completed,2025-11-23 22:40:39
R0002223,2025-11-23 14:32:17,Housekeeping,Standard,35,2025-11-23 17:03:17,Completed,2025-11-23 15:08:17
R0002224,2025-11-23 19:14:56,F&B,Standard,25,2025-11-23 20:24:56,Completed,2025-11-23 19:38:56
R0002225,2025-11-23 22:46:27,Housekeeping,Standard,35,2025-11-24 01:06:27,In_Progress,
R0002226,2025-11-23 18:11:21,Housekeeping,Standard,35,2025-11-23 19:38:21,Completed,2025-11-23 18:54:21
R0002227,2025-11-23 13:49:14,FrontDesk,Standard,12,2025-11-23 16:01:14,Completed,2025-11-23 14:19:14
R0002228,2025-11-23 18:25:44,F&B,Standard,25,2025-11-23 21:03:44,Open,
R0002229,2025-11-23 18:10:11,FrontDesk,Standard,12,2025-11-23 19:48:11,Completed,2025-11-23 18:37:11
R0002230,2025-11-23 20:03:14,Housekeeping,Urgent,18,2025-11-23 20:32:14,Completed,2025-11-23 20:40:14
R0002231,2025-11-23 18:44:35,FrontDesk,Standard,12,2025-11-23 20:32:35,Open,
R0002232,2025-11-23 11:45:31,Housekeeping,Standard,35,2025-11-23 13:08:31,Completed,2025-11-23 12:33:31
R0002233,2025-11-23 07:15:26,Housekeeping,Standard,35,2025-11-23 09:19:26,Completed,2025-11-23 07:26:26
R0002234,2025-11-23 07:24:07,Maintenance,Standard,55,2025-11-23 08:28:07,Open,
R0002235,2025-11-23 14:00:31,Housekeeping,Urgent,18,2025-11-23 14:34:31,Completed,2025-11-23 14:48:31
R0002236,2025-11-23 09:33:50,FrontDesk,Standard,12,2025-11-23 11:00:50,Completed,2025-11-23 09:51:50
R0002237,2025-11-23 09:22:44,F&B,Standard,25,2025-11-23 11:43:44,Completed,2025-11-23 09:58:44
R0002238,2025-11-23 13:01:57,F&B,Standard,25,2025-11-23 14:33:57,Completed,2025-11-23 13:49:57
R0002239,2025-11-23 14:25:47,Housekeeping,Standard,35,2025-11-23 15:34:47,Completed,2025-11-23 15:08:47
R0002240,2025-11-23 20:14:20,F&B,Standard,25,2025-11-23 22:29:20,Completed,2025-11-23 20:44:20
R0002241,2025-11-23 16:42:04,FrontDesk,Standard,12,2025-11-23 18:46:04,Completed,2025-11-23 17:12:04
R0002242,2025-11-23 13:47:31,Housekeeping,Standard,35,2025-11-23 16:23:31,Completed,2025-11-23 14:44:31
R0002243,2025-11-23 07:04:51,F&B,Standard,25,2025-11-23 09:35:51,Completed,2025-11-23 07:38:51
R0002244,2025-11-23 21:03:42,F&B,Urgent,12,2025-11-23 21:56:42,Completed,2025-11-23 21:31:42
R0002245,2025-11-23 12:59:41,Housekeeping,Standard,35,2025-11-23 15:41:41,Completed,2025-11-23 13:54:41
R0002246,2025-11-23 09:00:28,F&B,Standard,25,2025-11-23 10:10:28,Completed,2025-11-23 09:22:28
R0002247,2025-11-23 19:34:43,Housekeeping,Standard,35,2025-11-23 22:14:43,Completed,2025-11-23 20:29:43
R0002248,2025-11-23 18:28:47,FrontDesk,Standard,12,2025-11-23 21:01:47,Completed,2025-11-23 18:39:47
R0002249,2025-11-23 13:37:22,F&B,Standard,25,2025-11-23 14:58:22,Completed,2025-11-23 14:18:22
R0002250,2025-11-23 18:45:12,F&B,Standard,25,2025-11-23 20:43:12,Completed,2025-11-23 19:12:12
R0002251,2025-11-23 20:09:00,FrontDesk,Standard,12,2025-11-23 22:13:00,Completed,2025-11-23 20:45:00
R0002252,2025-11-23 21:49:32,F&B,Urgent,12,2025-11-23 22:28:32,Completed,2025-11-23 22:03:32
R0002253,2025-11-23 18:10:06,F&B,Standard,25,2025-11-23 20:16:06,Completed,2025-11-23 18:53:06
R0002254,2025-11-23 21:01:54,F&B,Standard,25,2025-11-23 22:45:54,Completed,2025-11-23 21:47:54
R0002255,2025-11-23 16:32:59,F&B,Standard,25,2025-11-23 18:18:59,Completed,2025-11-23 17:01:59
R0002256,2025-11-23 14:02:41,Housekeeping,Standard,35,2025-11-23 16:33:41,Completed,2025-11-23 14:54:41
R0002257,2025-11-23 13:02:06,FrontDesk,Standard,12,2025-11-23 15:07:06,Completed,2025-11-23 13:12:06
R0002258,2025-11-23 13:07:46,Maintenance,Standard,55,2025-11-23 15:49:46,Completed,2025-11-23 14:46:46
R0002259,2025-11-23 22:00:31,F&B,Standard,25,2025-11-23 23:46:31,Completed,2025-11-23 22:50:31
R0002260,2025-11-23 07:40:00,F&B,Standard,25,2025-11-23 09:30:00,Completed,2025-11-23 08:10:00
R0002261,2025-11-23 21:33:20,F&B,Standard,25,2025-11-23 23:55:20,Completed,2025-11-23 22:06:20
R0002262,2025-11-23 14:04:51,FrontDesk,Standard,12,2025-11-23 16:10:51,Completed,2025-11-23 14:39:51
R0002263,2025-11-23 19:18:52,F&B,Standard,25,2025-11-23 21:44:52,Completed,2025-11-23 19:47:52
R0002264,2025-11-23 19:44:26,F&B,Standard,25,2025-11-23 21:51:26,Completed,2025-11-23 20:19:26
R0002265,2025-11-23 14:08:03,FrontDesk,Standard,12,2025-11-23 17:01:03,Completed,2025-11-23 14:36:03
R0002266,2025-11-23 15:59:41,Housekeeping,Standard,35,2025-11-23 18:44:41,Completed,2025-11-23 16:47:41
R0002267,2025-11-23 18:05:16,Housekeeping,Standard,35,2025-11-23 20:03:16,Completed,2025-11-23 18:37:16
R0002268,2025-11-23 19:24:27,FrontDesk,Standard,12,2025-11-23 22:13:27,Completed,2025-11-23 19:30:27
R0002269,2025-11-23 11:33:38,F&B,Standard,25,2025-11-23 13:03:38,Open,
R0002270,2025-11-23 19:08:19,FrontDesk,Standard,12,2025-11-23 20:22:19,Completed,2025-11-23 19:27:19
R0002271,2025-11-23 14:50:43,Housekeeping,Standard,35,2025-11-23 16:51:43,Completed,2025-11-23 15:36:43
R0002272,2025-11-23 11:43:12,Housekeeping,Urgent,18,2025-11-23 12:14:12,Completed,2025-11-23 12:00:12
R0002273,2025-11-23 07:33:32,F&B,Standard,25,2025-11-23 09:35:32,Completed,2025-11-23 08:12:32
R0002274,2025-11-23 08:28:41,Housekeeping,Standard,35,2025-11-23 11:11:41,Completed,2025-11-23 09:21:41
R0002275,2025-11-23 21:42:45,Housekeeping,Standard,35,2025-11-24 00:15:45,Completed,2025-11-23 22:10:45
R0002276,2025-11-23 11:18:44,FrontDesk,Standard,12,2025-11-23 13:34:44,Completed,2025-11-23 11:37:44
R0002277,2025-11-23 11:39:31,Housekeeping,Standard,35,2025-11-23 13:39:31,Completed,2025-11-23 12:16:31
R0002278,2025-11-23 17:36:40,Housekeeping,Standard,35,2025-11-23 20:22:40,Completed,2025-11-23 18:13:40
R0002279,2025-11-23 17:00:39,FrontDesk,Urgent,6,2025-11-23 17:15:39,Completed,2025-11-23 17:27:39
R0002280,2025-11-23 17:13:04,Housekeeping,Standard,35,2025-11-23 19:41:04,In_Progress,
R0002281,2025-11-23 16:17:56,Housekeeping,Standard,35,2025-11-23 18:21:56,Completed,2025-11-23 17:20:56
R0002282,2025-11-23 21:40:59,F&B,Standard,25,2025-11-23 22:51:59,Open,
R0002283,2025-11-23 10:54:04,F&B,Standard,25,2025-11-23 12:51:04,Completed,2025-11-23 11:45:04
R0002284,2025-11-23 21:46:06,Housekeeping,Standard,35,2025-11-23 23:40:06,Completed,2025-11-23 22:18:06
R0002285,2025-11-23 18:59:24,FrontDesk,Standard,12,2025-11-23 21:45:24,Completed,2025-11-23 19:28:24
R0002286,2025-11-23 12:33:02,FrontDesk,Standard,12,2025-11-23 13:54:02,Completed,2025-11-23 13:13:02
R0002287,2025-11-23 19:22:42,Housekeeping,Urgent,18,2025-11-23 19:55:42,Completed,2025-11-23 19:32:42
R0002288,2025-11-23 13:48:56,Housekeeping,Standard,35,2025-11-23 16:42:56,Completed,2025-11-23 14:47:56
R0002289,2025-11-23 12:43:25,Housekeeping,Standard,35,2025-11-23 13:51:25,Completed,2025-11-23 13:19:25
R0002290,2025-11-23 19:01:13,F&B,Standard,25,2025-11-23 20:51:13,Completed,2025-11-23 19:53:13
R0002291,2025-11-23 19:13:39,FrontDesk,Standard,12,2025-11-23 21:34:39,Completed,2025-11-23 19:23:39
R0002292,2025-11-23 09:52:03,Housekeeping,Standard,35,2025-11-23 11:07:03,Completed,2025-11-23 10:37:03
R0002293,2025-11-23 19:03:21,FrontDesk,Urgent,6,2025-11-23 19:24:21,Completed,2025-11-23 19:23:21
R0002294,2025-11-23 09:26:01,F&B,Urgent,12,2025-11-23 09:54:01,Completed,2025-11-23 09:44:01
R0002295,2025-11-23 18:35:03,Housekeeping,Standard,35,2025-11-23 20:56:03,Completed,2025-11-23 19:36:03
R0002296,2025-11-23 14:27:24,F&B,Standard,25,2025-11-23 15:47:24,In_Progress,
R0002297,2025-11-23 13:52:35,Housekeeping,Standard,35,2025-11-23 14:55:35,Completed,2025-11-23 14:52:35
R0002298,2025-11-23 20:02:01,F&B,Standard,25,2025-11-23 21:16:01,Completed,2025-11-23 20:56:01
R0002299,2025-11-23 14:34:03,FrontDesk,Standard,12,2025-11-23 16:53:03,Completed,2025-11-23 15:11:03
R0002300,2025-11-23 18:11:00,FrontDesk,Standard,12,2025-11-23 20:26:00,Completed,2025-11-23 18:29:00
R0002301,2025-11-23 12:18:17,F&B,Standard,25,2025-11-23 14:29:17,Completed,2025-11-23 13:05:17
R0002302,2025-11-23 12:47:19,Housekeeping,Standard,35,2025-11-23 15:42:19,Completed,2025-11-23 13:32:19
R0002303,2025-11-23 15:01:07,Maintenance,Standard,55,2025-11-23 17:55:07,Completed,2025-11-23 16:33:07
R0002304,2025-11-23 22:19:56,F&B,Standard,25,2025-11-23 23:51:56,Completed,2025-11-23 22:49:56
R0002305,2025-11-23 19:35:01,F&B,Standard,25,2025-11-23 21:45:01,Completed,2025-11-23 19:56:01
R0002306,2025-11-23 07:36:26,F&B,Urgent,12,2025-11-23 08:31:26,Completed,2025-11-23 07:59:26
R0002307,2025-11-23 18:45:58,Housekeeping,Standard,35,2025-11-23 21:31:58,Open,
R0002308,2025-11-23 20:06:51,Maintenance,Standard,55,2025-11-23 22:03:51,Completed,2025-11-23 21:00:51
R0002309,2025-11-23 18:36:19,Housekeeping,Standard,35,2025-11-23 20:43:19,Completed,2025-11-23 19:32:19
R0002310,2025-11-23 13:11:51,Housekeeping,Standard,35,2025-11-23 14:53:51,In_Progress,
R0002311,2025-11-23 20:43:29,Housekeeping,Standard,35,2025-11-23 21:45:29,Completed,2025-11-23 21:39:29
R0002312,2025-11-23 20:44:27,FrontDesk,Standard,12,2025-11-23 22:52:27,Completed,2025-11-23 21:05:27
R0002313,2025-11-23 22:51:36,F&B,Standard,25,2025-11-24 00:01:36,Completed,2025-11-23 23:44:36
R0002314,2025-11-23 12:47:31,F&B,Standard,25,2025-11-23 14:17:31,Completed,2025-11-23 13:46:31
R0002315,2025-11-23 19:21:56,F&B,Standard,25,2025-11-23 21:55:56,Completed,2025-11-23 20:05:56
R0002316,2025-11-23 07:49:50,Housekeeping,Standard,35,2025-11-23 10:32:50,Completed,2025-11-23 08:57:50
R0002317,2025-11-23 14:38:29,F&B,Standard,25,2025-11-23 16:51:29,Completed,2025-11-23 14:54:29
R0002318,2025-11-23 14:39:06,Maintenance,Standard,55,2025-11-23 16:21:06,Completed,2025-11-23 15:43:06
R0002319,2025-11-23 21:30:48,FrontDesk,Standard,12,2025-11-23 23:50:48,Completed,2025-11-23 22:03:48
R0002320,2025-11-23 10:09:20,FrontDesk,Standard,12,2025-11-23 12:35:20,Open,
R0002321,2025-11-23 08:13:37,FrontDesk,Standard,12,2025-11-23 10:31:37,Completed,2025-11-23 08:41:37
R0002322,2025-11-23 11:24:26,FrontDesk,Standard,12,2025-11-23 14:10:26,Completed,2025-11-23 12:03:26
R0002323,2025-11-23 17:41:41,Housekeeping,Standard,35,2025-11-23 20:06:41,Completed,2025-11-23 18:32:41
R0002324,2025-11-23 15:39:51,Housekeeping,Urgent,18,2025-11-23 15:54:51,Completed,2025-11-23 16:10:51
R0002325,2025-11-23 12:59:09,FrontDesk,Standard,12,2025-11-23 14:07:09,Completed,2025-11-23 13:16:09
R0002326,2025-11-23 20:21:52,FrontDesk,Standard,12,2025-11-23 22:26:52,Open,
R0002327,2025-11-23 20:49:17,F&B,Standard,25,2025-11-23 23:26:17,Completed,2025-11-23 21:43:17
R0002328,2025-11-23 19:10:14,FrontDesk,Standard,12,2025-11-23 21:26:14,Completed,2025-11-23 19:44:14
R0002329,2025-11-23 18:34:25,Housekeeping,Urgent,18,2025-11-23 19:25:25,Completed,2025-11-23 19:07:25
R0002330,2025-11-23 08:30:09,Maintenance,Standard,55,2025-11-23 10:37:09,Completed,2025-11-23 09:42:09
R0002331,2025-11-23 19:58:38,Housekeeping,Standard,35,2025-11-23 22:53:38,Completed,2025-11-23 20:42:38
R0002332,2025-11-23 13:23:05,F&B,Standard,25,2025-11-23 14:33:05,Completed,2025-11-23 14:13:05
R0002333,2025-11-23 19:46:50,F&B,Standard,25,2025-11-23 22:11:50,Completed,2025-11-23 20:13:50
R0002334,2025-11-23 09:14:14,Housekeeping,Urgent,18,2025-11-23 09:41:14,Completed,2025-11-23 09:41:14
R0002335,2025-11-23 14:24:14,Housekeeping,Standard,35,2025-11-23 16:07:14,Completed,2025-11-23 15:15:14
R0002336,2025-11-23 17:47:15,F&B,Standard,25,2025-11-23 20:16:15,Completed,2025-11-23 18:29:15
R0002337,2025-11-23 13:38:21,Housekeeping,Standard,35,2025-11-23 14:58:21,Completed,2025-11-23 14:28:21
R0002338,2025-11-23 07:42:42,F&B,Standard,25,2025-11-23 10:07:42,Completed,2025-11-23 08:30:42
R0002339,2025-11-23 15:36:58,F&B,Standard,25,2025-11-23 17:54:58,Completed,2025-11-23 16:16:58
R0002340,2025-11-23 12:20:15,FrontDesk,Standard,12,2025-11-23 13:27:15,Completed,2025-11-23 12:53:15
R0002341,2025-11-23 14:47:09,Housekeeping,Standard,35,2025-11-23 17:29:09,Completed,2025-11-23 15:53:09
R0002342,2025-11-23 10:02:12,Housekeeping,Urgent,18,2025-11-23 10:25:12,Completed,2025-11-23 10:42:12
R0002343,2025-11-23 13:57:53,FrontDesk,Standard,12,2025-11-23 16:47:53,Completed,2025-11-23 14:26:53
R0002344,2025-11-23 13:02:56,F&B,Urgent,12,2025-11-23 13:27:56,Completed,2025-11-23 13:26:56
R0002345,2025-11-23 08:06:13,Housekeeping,Standard,35,2025-11-23 09:33:13,Completed,2025-11-23 09:18:13
R0002346,2025-11-23 10:26:31,F&B,Standard,25,2025-11-23 11:45:31,Completed,2025-11-23 11:13:31
R0002347,2025-11-23 21:28:30,F&B,Standard,25,2025-11-24 00:04:30,Completed,2025-11-23 21:43:30
R0002348,2025-11-23 14:22:31,Housekeeping,Standard,35,2025-11-23 16:59:31,Completed,2025-11-23 15:01:31
R0002349,2025-11-23 14:15:19,FrontDesk,Urgent,6,2025-11-23 14:57:19,Completed,2025-11-23 14:35:19
R0002350,2025-11-23 19:12:14,FrontDesk,Urgent,6,2025-11-23 19:43:14,Completed,2025-11-23 19:42:14
R0002351,2025-11-23 17:32:08,Housekeeping,Standard,35,2025-11-23 19:35:08,Completed,2025-11-23 18:27:08
R0002352,2025-11-23 18:16:04,FrontDesk,Standard,12,2025-11-23 19:20:04,Completed,2025-11-23 18:32:04
R0002353,2025-11-23 08:33:16,Housekeeping,Standard,35,2025-11-23 10:23:16,Completed,2025-11-23 09:14:16
R0002354,2025-11-23 09:09:33,Maintenance,Standard,55,2025-11-23 11:04:33,Completed,2025-11-23 10:30:33
R0002355,2025-11-23 19:22:27,FrontDesk,Urgent,6,2025-11-23 20:07:27,Completed,2025-11-23 19:42:27
R0002356,2025-11-23 11:09:17,Housekeeping,Standard,35,2025-11-23 13:44:17,Completed,2025-11-23 12:14:17
R0002357,2025-11-23 09:57:33,Housekeeping,Standard,35,2025-11-23 12:16:33,Completed,2025-11-23 10:53:33
R0002358,2025-11-23 14:53:01,Housekeeping,Urgent,18,2025-11-23 15:21:01,Completed,2025-11-23 15:38:01
R0002359,2025-11-23 17:22:52,Housekeeping,Standard,35,2025-11-23 18:34:52,Completed,2025-11-23 18:10:52
R0002360,2025-11-23 20:24:14,Housekeeping,Standard,35,2025-11-23 21:55:14,Completed,2025-11-23 21:06:14
R0002361,2025-11-23 19:36:36,F&B,Standard,25,2025-11-23 22:11:36,Completed,2025-11-23 20:23:36
R0002362,2025-11-23 20:15:56,Maintenance,Standard,55,2025-11-23 21:36:56,Completed,2025-11-23 21:26:56
R0002363,2025-11-23 18:03:19,Housekeeping,Standard,35,2025-11-23 20:21:19,Completed,2025-11-23 19:14:19
R0002364,2025-11-23 07:27:19,Maintenance,Standard,55,2025-11-23 08:54:19,Completed,2025-11-23 08:56:19
R0002365,2025-11-23 18:40:09,FrontDesk,Urgent,6,2025-11-23 19:20:09,Completed,2025-11-23 19:10:09
R0002366,2025-11-23 07:56:34,FrontDesk,Standard,12,2025-11-23 09:59:34,In_Progress,
R0002367,2025-11-23 12:00:41,Housekeeping,Standard,35,2025-11-23 14:31:41,Open,
R0002368,2025-11-23 18:02:17,Housekeeping,Standard,35,2025-11-23 20:30:17,Completed,2025-11-23 18:37:17
R0002369,2025-11-23 11:47:56,Housekeeping,Standard,35,2025-11-23 14:44:56,Completed,2025-11-23 12:45:56
R0002370,2025-11-23 14:01:44,F&B,Standard,25,2025-11-23 15:40:44,Completed,2025-11-23 14:26:44
R0002371,2025-11-23 19:37:08,Housekeeping,Standard,35,2025-11-23 22:35:08,Completed,2025-11-23 20:24:08
R0002372,2025-11-23 21:22:34,FrontDesk,Standard,12,2025-11-24 00:20:34,Completed,2025-11-23 21:53:34
R0002373,2025-11-23 13:39:40,F&B,Standard,25,2025-11-23 15:36:40,Completed,2025-11-23 14:11:40
R0002374,2025-11-23 09:34:27,Housekeeping,Standard,35,2025-11-23 11:30:27,Completed,2025-11-23 10:32:27
R0002375,2025-11-23 21:10:39,F&B,Standard,25,2025-11-23 23:30:39,Completed,2025-11-23 21:49:39
R0002376,2025-11-23 22:19:46,F&B,Standard,25,2025-11-23 23:42:46,Completed,2025-11-23 22:55:46
R0002377,2025-11-23 14:53:52,FrontDesk,Standard,12,2025-11-23 16:55:52,Completed,2025-11-23 15:11:52
R0002378,2025-11-23 11:08:33,F&B,Standard,25,2025-11-23 14:03:33,Open,
R0002379,2025-11-23 14:32:06,FrontDesk,Standard,12,2025-11-23 16:58:06,Completed,2025-11-23 14:54:06
R0002380,2025-11-23 13:09:50,Housekeeping,Standard,35,2025-11-23 14:41:50,Completed,2025-11-23 13:51:50
R0002381,2025-11-23 10:15:55,Housekeeping,Standard,35,2025-11-23 11:17:55,Completed,2025-11-23 11:09:55
R0002382,2025-11-23 15:59:57,FrontDesk,Standard,12,2025-11-23 18:53:57,Completed,2025-11-23 16:19:57
R0002383,2025-11-23 12:18:01,Housekeeping,Standard,35,2025-11-23 14:48:01,Completed,2025-11-23 13:09:01
R0002384,2025-11-23 10:18:45,FrontDesk,Standard,12,2025-11-23 13:03:45,Completed,2025-11-23 10:47:45
R0002385,2025-11-23 10:17:30,FrontDesk,Standard,12,2025-11-23 11:28:30,Completed,2025-11-23 10:44:30
R0002386,2025-11-23 07:57:26,Maintenance,Standard,55,2025-11-23 09:43:26,Completed,2025-11-23 09:11:26
R0002387,2025-11-23 19:30:51,Housekeeping,Standard,35,2025-11-23 20:42:51,Completed,2025-11-23 20:28:51
R0002388,2025-11-23 17:53:40,F&B,Standard,25,2025-11-23 20:11:40,Completed,2025-11-23 18:46:40
R0002389,2025-11-23 21:27:50,F&B,Standard,25,2025-11-23 22:33:50,Completed,2025-11-23 22:07:50
R0002390,2025-11-23 20:26:36,F&B,Urgent,12,2025-11-23 20:59:36,Completed,2025-11-23 20:37:36
R0002391,2025-11-23 21:15:24,Housekeeping,Standard,35,2025-11-23 22:37:24,Completed,2025-11-23 21:58:24
R0002392,2025-11-23 18:38:40,F&B,Standard,25,2025-11-23 21:22:40,Completed,2025-11-23 19:24:40
R0002393,2025-11-23 17:30:08,FrontDesk,Standard,12,2025-11-23 19:43:08,Completed,2025-11-23 17:48:08
R0002394,2025-11-23 11:23:03,Maintenance,Standard,55,2025-11-23 13:59:03,Completed,2025-11-23 12:30:03
R0002395,2025-11-23 21:47:15,FrontDesk,Standard,12,2025-11-23 23:27:15,Completed,2025-11-23 22:21:15
R0002396,2025-11-23 09:16:02,F&B,Standard,25,2025-11-23 10:28:02,Completed,2025-11-23 10:05:02
R0002397,2025-11-23 11:47:53,Housekeeping,Standard,35,2025-11-23 14:39:53,Completed,2025-11-23 12:42:53
R0002398,2025-11-23 21:17:44,Maintenance,Standard,55,2025-11-23 23:08:44,Completed,2025-11-23 22:16:44
R0002399,2025-11-23 14:12:28,Housekeeping,Standard,35,2025-11-23 16:50:28,Completed,2025-11-23 15:09:28
R0002400,2025-11-23 08:41:12,F&B,Standard,25,2025-11-23 10:48:12,Completed,2025-11-23 09:26:12
R0002401,2025-11-23 09:25:58,Housekeeping,Urgent,18,2025-11-23 10:19:58,Completed,2025-11-23 09:57:58
R0002402,2025-11-23 11:28:46,Housekeeping,Standard,35,2025-11-23 13:34:46,Completed,2025-11-23 12:10:46
R0002403,2025-11-23 12:44:13,Housekeeping,Standard,35,2025-11-23 15:00:13,Completed,2025-11-23 13:41:13
R0002404,2025-11-23 07:33:19,FrontDesk,Standard,12,2025-11-23 10:15:19,Completed,2025-11-23 08:05:19
R0002405,2025-11-23 15:44:51,Housekeeping,Standard,35,2025-11-23 16:53:51,Completed,2025-11-23 16:21:51
R0002406,2025-11-23 19:15:22,Housekeeping,Standard,35,2025-11-23 21:43:22,Completed,2025-11-23 20:06:22
R0002407,2025-11-23 19:06:50,F&B,Standard,25,2025-11-23 21:05:50,Completed,2025-11-23 19:35:50
R0002408,2025-11-23 16:15:27,F&B,Standard,25,2025-11-23 18:48:27,Completed,2025-11-23 16:49:27
R0002409,2025-11-23 12:36:13,F&B,Standard,25,2025-11-23 14:40:13,Completed,2025-11-23 13:02:13
R0002410,2025-11-23 10:31:31,F&B,Standard,25,2025-11-23 12:40:31,Completed,2025-11-23 10:56:31
R0002411,2025-11-23 08:23:45,FrontDesk,Standard,12,2025-11-23 11:21:45,Completed,2025-11-23 08:41:45
R0002412,2025-11-23 18:40:46,F&B,Standard,25,2025-11-23 20:06:46,Completed,2025-11-23 19:37:46
R0002413,2025-11-24 08:54:06,Maintenance,Standard,55,2025-11-24 10:44:06,Completed,2025-11-24 10:36:06
R0002414,2025-11-24 11:52:12,Housekeeping,Urgent,18,2025-11-24 12:11:12,Completed,2025-11-24 12:33:12
R0002415,2025-11-24 14:20:18,FrontDesk,Standard,12,2025-11-24 15:40:18,Completed,2025-11-24 14:47:18
R0002416,2025-11-24 22:15:28,F&B,Standard,25,2025-11-25 00:00:28,Completed,2025-11-24 23:05:28
R0002417,2025-11-24 13:27:21,F&B,Standard,25,2025-11-24 15:53:21,Completed,2025-11-24 13:45:21
R0002418,2025-11-24 16:39:05,Housekeeping,Standard,35,2025-11-24 17:44:05,Completed,2025-11-24 17:29:05
R0002419,2025-11-24 16:27:33,F&B,Standard,25,2025-11-24 18:23:33,Completed,2025-11-24 16:55:33
R0002420,2025-11-24 07:07:46,FrontDesk,Standard,12,2025-11-24 08:48:46,Completed,2025-11-24 07:26:46
R0002421,2025-11-24 19:22:38,Housekeeping,Standard,35,2025-11-24 21:19:38,Completed,2025-11-24 20:17:38
R0002422,2025-11-24 10:41:08,FrontDesk,Standard,12,2025-11-24 13:01:08,Completed,2025-11-24 10:56:08
R0002423,2025-11-24 14:47:36,F&B,Standard,25,2025-11-24 16:14:36,Completed,2025-11-24 15:25:36
R0002424,2025-11-24 20:17:42,Housekeeping,Standard,35,2025-11-24 22:25:42,Completed,2025-11-24 21:15:42
R0002425,2025-11-24 12:07:40,F&B,Standard,25,2025-11-24 13:33:40,Completed,2025-11-24 13:02:40
R0002426,2025-11-24 16:57:41,Housekeeping,Standard,35,2025-11-24 19:52:41,Completed,2025-11-24 17:26:41
R0002427,2025-11-24 19:51:18,Housekeeping,Standard,35,2025-11-24 22:29:18,Completed,2025-11-24 20:43:18
R0002428,2025-11-24 09:53:35,Housekeeping,Standard,35,2025-11-24 12:27:35,Completed,2025-11-24 10:49:35
R0002429,2025-11-24 18:39:34,F&B,Standard,25,2025-11-24 20:50:34,Completed,2025-11-24 19:28:34
R0002430,2025-11-24 14:21:06,Housekeeping,Standard,35,2025-11-24 16:34:06,Completed,2025-11-24 15:40:06
R0002431,2025-11-24 12:07:13,Housekeeping,Standard,35,2025-11-24 15:02:13,Completed,2025-11-24 13:13:13
R0002432,2025-11-24 07:46:08,F&B,Standard,25,2025-11-24 10:16:08,Completed,2025-11-24 08:43:08
R0002433,2025-11-24 12:26:55,F&B,Standard,25,2025-11-24 15:03:55,Completed,2025-11-24 13:26:55
R0002434,2025-11-24 18:50:29,FrontDesk,Standard,12,2025-11-24 19:56:29,Completed,2025-11-24 19:03:29
R0002435,2025-11-24 10:06:10,Maintenance,Standard,55,2025-11-24 12:37:10,Completed,2025-11-24 11:17:10
R0002436,2025-11-24 18:18:34,F&B,Standard,25,2025-11-24 19:57:34,Completed,2025-11-24 19:02:34
R0002437,2025-11-24 07:38:52,Housekeeping,Standard,35,2025-11-24 10:23:52,Completed,2025-11-24 08:14:52
R0002438,2025-11-24 13:53:10,FrontDesk,Standard,12,2025-11-24 15:53:10,Completed,2025-11-24 14:04:10
R0002439,2025-11-24 13:33:10,F&B,Standard,25,2025-11-24 16:20:10,Completed,2025-11-24 14:22:10
R0002440,2025-11-24 07:51:19,F&B,Standard,25,2025-11-24 09:35:19,Completed,2025-11-24 08:20:19
R0002441,2025-11-24 21:06:53,FrontDesk,Standard,12,2025-11-24 23:57:53,Completed,2025-11-24 21:26:53
R0002442,2025-11-24 22:30:03,F&B,Standard,25,2025-11-25 00:38:03,Completed,2025-11-24 23:06:03
R0002443,2025-11-24 07:43:44,F&B,Standard,25,2025-11-24 10:03:44,Completed,2025-11-24 08:00:44
R0002444,2025-11-24 08:04:40,Housekeeping,Standard,35,2025-11-24 10:41:40,Completed,2025-11-24 09:01:40
R0002445,2025-11-24 18:31:18,Housekeeping,Standard,35,2025-11-24 20:41:18,Completed,2025-11-24 19:34:18
R0002446,2025-11-24 20:01:08,FrontDesk,Standard,12,2025-11-24 22:42:08,Completed,2025-11-24 20:41:08
R0002447,2025-11-24 13:37:50,Maintenance,Standard,55,2025-11-24 15:41:50,Completed,2025-11-24 14:55:50
R0002448,2025-11-24 13:56:29,FrontDesk,Standard,12,2025-11-24 16:38:29,Completed,2025-11-24 14:09:29
R0002449,2025-11-24 08:06:20,Housekeeping,Standard,35,2025-11-24 09:39:20,Completed,2025-11-24 08:45:20
R0002450,2025-11-24 08:08:47,Maintenance,Urgent,30,2025-11-24 08:40:47,Completed,2025-11-24 09:14:47
R0002451,2025-11-24 21:33:03,F&B,Standard,25,2025-11-25 00:15:03,Completed,2025-11-24 22:13:03
R0002452,2025-11-24 13:50:40,FrontDesk,Standard,12,2025-11-24 16:50:40,Completed,2025-11-24 14:17:40
R0002453,2025-11-24 12:58:41,FrontDesk,Standard,12,2025-11-24 15:47:41,Completed,2025-11-24 13:20:41
R0002454,2025-11-24 15:36:42,Housekeeping,Urgent,18,2025-11-24 15:58:42,Completed,2025-11-24 16:07:42
R0002455,2025-11-24 11:00:51,Housekeeping,Standard,35,2025-11-24 13:38:51,Completed,2025-11-24 11:51:51
R0002456,2025-11-24 13:43:35,Housekeeping,Standard,35,2025-11-24 15:36:35,Completed,2025-11-24 14:38:35
R0002457,2025-11-24 18:25:42,Housekeeping,Standard,35,2025-11-24 19:34:42,Completed,2025-11-24 19:07:42
R0002458,2025-11-24 21:21:44,FrontDesk,Standard,12,2025-11-24 23:29:44,Completed,2025-11-24 21:48:44
R0002459,2025-11-24 09:40:31,FrontDesk,Standard,12,2025-11-24 12:10:31,Completed,2025-11-24 09:55:31
R0002460,2025-11-24 21:36:21,Housekeeping,Standard,35,2025-11-24 23:53:21,In_Progress,
R0002461,2025-11-24 12:19:41,F&B,Standard,25,2025-11-24 14:22:41,Completed,2025-11-24 13:17:41
R0002462,2025-11-24 21:58:40,Maintenance,Standard,55,2025-11-24 23:25:40,Completed,2025-11-24 23:04:40
R0002463,2025-11-24 18:56:11,Housekeeping,Standard,35,2025-11-24 19:58:11,Completed,2025-11-24 19:28:11
R0002464,2025-11-24 11:06:23,FrontDesk,Standard,12,2025-11-24 13:16:23,Completed,2025-11-24 11:31:23
R0002465,2025-11-24 15:52:54,Housekeeping,Standard,35,2025-11-24 17:30:54,Completed,2025-11-24 16:48:54
R0002466,2025-11-24 18:44:09,Housekeeping,Standard,35,2025-11-24 19:49:09,Completed,2025-11-24 19:25:09
R0002467,2025-11-24 07:44:26,F&B,Standard,25,2025-11-24 09:26:26,Completed,2025-11-24 08:19:26
R0002468,2025-11-24 17:28:24,F&B,Standard,25,2025-11-24 19:46:24,Completed,2025-11-24 18:14:24
R0002469,2025-11-24 12:57:22,Housekeeping,Standard,35,2025-11-24 14:02:22,Completed,2025-11-24 13:52:22
R0002470,2025-11-24 21:59:06,F&B,Standard,25,2025-11-24 23:50:06,Completed,2025-11-24 22:51:06
R0002471,2025-11-24 10:39:03,FrontDesk,Standard,12,2025-11-24 12:47:03,Completed,2025-11-24 10:54:03
R0002472,2025-11-24 13:26:15,Housekeeping,Standard,35,2025-11-24 14:46:15,Completed,2025-11-24 13:58:15
R0002473,2025-11-24 12:32:43,F&B,Standard,25,2025-11-24 14:38:43,Completed,2025-11-24 13:11:43
R0002474,2025-11-24 08:54:11,FrontDesk,Standard,12,2025-11-24 10:18:11,Completed,2025-11-24 09:28:11
R0002475,2025-11-24 09:49:27,Housekeeping,Standard,35,2025-11-24 11:51:27,Completed,2025-11-24 10:30:27
R0002476,2025-11-24 21:08:25,Housekeeping,Standard,35,2025-11-24 22:38:25,Open,
R0002477,2025-11-24 20:05:46,Housekeeping,Standard,35,2025-11-24 22:16:46,Completed,2025-11-24 21:15:46
R0002478,2025-11-24 16:27:24,Maintenance,Urgent,30,2025-11-24 16:51:24,Completed,2025-11-24 17:12:24
R0002479,2025-11-24 20:51:24,Housekeeping,Standard,35,2025-11-24 22:47:24,Completed,2025-11-24 21:44:24
R0002480,2025-11-24 12:37:07,F&B,Standard,25,2025-11-24 13:56:07,Completed,2025-11-24 13:08:07
R0002481,2025-11-24 13:16:44,FrontDesk,Standard,12,2025-11-24 15:14:44,Completed,2025-11-24 13:53:44
R0002482,2025-11-24 19:11:31,FrontDesk,Standard,12,2025-11-24 20:53:31,Completed,2025-11-24 19:28:31
R0002483,2025-11-24 14:27:42,F&B,Standard,25,2025-11-24 16:19:42,Completed,2025-11-24 14:56:42
R0002484,2025-11-24 22:15:29,Housekeeping,Standard,35,2025-11-25 00:29:29,Completed,2025-11-24 23:23:29
R0002485,2025-11-24 19:30:34,Maintenance,Standard,55,2025-11-24 21:27:34,Completed,2025-11-24 20:25:34
R0002486,2025-11-24 19:32:26,F&B,Standard,25,2025-11-24 21:53:26,Open,
R0002487,2025-11-24 16:56:31,F&B,Standard,25,2025-11-24 19:38:31,Completed,2025-11-24 17:41:31
R0002488,2025-11-24 20:14:54,FrontDesk,Standard,12,2025-11-24 22:19:54,Completed,2025-11-24 20:33:54
R0002489,2025-11-24 16:01:28,FrontDesk,Standard,12,2025-11-24 17:30:28,Completed,2025-11-24 16:36:28
R0002490,2025-11-24 20:34:46,Housekeeping,Standard,35,2025-11-24 22:51:46,In_Progress,
R0002491,2025-11-24 14:00:16,Housekeeping,Standard,35,2025-11-24 16:24:16,Completed,2025-11-24 14:49:16
R0002492,2025-11-24 18:44:18,FrontDesk,Standard,12,2025-11-24 21:25:18,Completed,2025-11-24 19:10:18
R0002493,2025-11-24 14:35:39,FrontDesk,Standard,12,2025-11-24 16:02:39,Completed,2025-11-24 15:08:39
R0002494,2025-11-24 20:38:18,FrontDesk,Standard,12,2025-11-24 23:30:18,Completed,2025-11-24 21:06:18
R0002495,2025-11-24 19:37:06,F&B,Standard,25,2025-11-24 20:59:06,Completed,2025-11-24 20:13:06
R0002496,2025-11-24 07:37:56,Housekeeping,Standard,35,2025-11-24 10:02:56,Completed,2025-11-24 08:25:56
R0002497,2025-11-24 13:46:24,FrontDesk,Standard,12,2025-11-24 15:15:24,Completed,2025-11-24 14:15:24
R0002498,2025-11-24 11:58:14,Housekeeping,Standard,35,2025-11-24 14:01:14,Completed,2025-11-24 12:56:14
R0002499,2025-11-24 22:06:38,Housekeeping,Standard,35,2025-11-24 23:53:38,Completed,2025-11-24 22:44:38
R0002500,2025-11-24 13:32:51,Housekeeping,Urgent,18,2025-11-24 13:55:51,Completed,2025-11-24 14:07:51
R0002501,2025-11-24 17:03:51,Housekeeping,Standard,35,2025-11-24 19:43:51,Completed,2025-11-24 17:42:51
R0002502,2025-11-24 07:52:15,Housekeeping,Standard,35,2025-11-24 09:46:15,Completed,2025-11-24 08:26:15
R0002503,2025-11-24 12:42:01,Housekeeping,Standard,35,2025-11-24 14:12:01,Completed,2025-11-24 13:29:01
R0002504,2025-11-24 11:29:54,F&B,Standard,25,2025-11-24 13:42:54,Completed,2025-11-24 12:09:54
R0002505,2025-11-24 13:48:45,F&B,Urgent,12,2025-11-24 14:31:45,Completed,2025-11-24 14:28:45
R0002506,2025-11-24 18:42:46,Housekeeping,Standard,35,2025-11-24 21:03:46,Completed,2025-11-24 19:38:46
R0002507,2025-11-24 18:13:11,FrontDesk,Urgent,6,2025-11-24 18:59:11,Completed,2025-11-24 18:34:11
R0002508,2025-11-24 21:54:48,F&B,Standard,25,2025-11-25 00:22:48,Completed,2025-11-24 22:35:48
R0002509,2025-11-24 18:20:53,F&B,Standard,25,2025-11-24 19:28:53,Completed,2025-11-24 18:57:53
R0002510,2025-11-24 07:50:59,F&B,Urgent,12,2025-11-24 08:12:59,Completed,2025-11-24 08:14:59
R0002511,2025-11-24 21:29:15,F&B,Urgent,12,2025-11-24 21:54:15,Completed,2025-11-24 21:48:15
R0002512,2025-11-24 16:03:34,FrontDesk,Standard,12,2025-11-24 18:28:34,Completed,2025-11-24 16:15:34
R0002513,2025-11-24 18:58:07,FrontDesk,Standard,12,2025-11-24 21:27:07,Completed,2025-11-24 19:19:07
R0002514,2025-11-24 19:23:32,Housekeeping,Standard,35,2025-11-24 22:13:32,Open,
R0002515,2025-11-24 09:20:35,Maintenance,Urgent,30,2025-11-24 09:55:35,Completed,2025-11-24 10:02:35
R0002516,2025-11-24 18:50:01,FrontDesk,Standard,12,2025-11-24 20:19:01,Completed,2025-11-24 19:17:01
R0002517,2025-11-24 19:39:11,FrontDesk,Standard,12,2025-11-24 21:55:11,Completed,2025-11-24 19:45:11
R0002518,2025-11-24 19:29:50,Housekeeping,Standard,35,2025-11-24 21:44:50,Completed,2025-11-24 20:21:50
R0002519,2025-11-24 19:49:35,Housekeeping,Standard,35,2025-11-24 21:20:35,In_Progress,
R0002520,2025-11-24 20:38:18,Housekeeping,Standard,35,2025-11-24 23:34:18,Completed,2025-11-24 21:46:18
R0002521,2025-11-24 08:25:52,Housekeeping,Standard,35,2025-11-24 09:45:52,Completed,2025-11-24 09:23:52
R0002522,2025-11-24 19:05:12,Housekeeping,Standard,35,2025-11-24 20:20:12,Completed,2025-11-24 19:54:12
R0002523,2025-11-24 18:28:45,Housekeeping,Standard,35,2025-11-24 21:13:45,Completed,2025-11-24 19:01:45
R0002524,2025-11-24 18:44:29,Maintenance,Standard,55,2025-11-24 20:17:29,Completed,2025-11-24 19:51:29
R0002525,2025-11-24 21:01:11,Maintenance,Standard,55,2025-11-24 23:30:11,Completed,2025-11-24 21:45:11
R0002526,2025-11-24 13:29:37,F&B,Standard,25,2025-11-24 14:50:37,Completed,2025-11-24 14:04:37
R0002527,2025-11-24 19:32:36,F&B,Standard,25,2025-11-24 20:43:36,Completed,2025-11-24 20:02:36
R0002528,2025-11-24 13:56:55,Housekeeping,Standard,35,2025-11-24 15:39:55,Completed,2025-11-24 14:28:55
R0002529,2025-11-24 21:39:41,F&B,Standard,25,2025-11-24 23:14:41,Completed,2025-11-24 22:15:41
R0002530,2025-11-24 22:29:53,Housekeeping,Standard,35,2025-11-25 00:00:53,Completed,2025-11-24 23:29:53
R0002531,2025-11-24 20:11:53,Maintenance,Standard,55,2025-11-24 22:06:53,Completed,2025-11-24 21:27:53
R0002532,2025-11-24 19:58:17,Housekeeping,Standard,35,2025-11-24 22:26:17,Completed,2025-11-24 20:50:17
R0002533,2025-11-24 13:32:27,FrontDesk,Standard,12,2025-11-24 15:44:27,Completed,2025-11-24 14:10:27
R0002534,2025-11-24 21:43:56,Housekeeping,Standard,35,2025-11-24 23:51:56,Completed,2025-11-24 22:35:56
R0002535,2025-11-24 07:06:00,Housekeeping,Urgent,18,2025-11-24 07:38:00,Completed,2025-11-24 07:43:00
R0002536,2025-11-24 10:29:21,Maintenance,Standard,55,2025-11-24 12:49:21,Completed,2025-11-24 11:40:21
R0002537,2025-11-24 11:05:52,Housekeeping,Standard,35,2025-11-24 13:08:52,Completed,2025-11-24 11:46:52
R0002538,2025-11-24 11:42:50,Housekeeping,Standard,35,2025-11-24 13:45:50,Completed,2025-11-24 12:30:50
R0002539,2025-11-24 11:24:40,FrontDesk,Urgent,6,2025-11-24 11:44:40,Completed,2025-11-24 11:31:40
R0002540,2025-11-24 16:16:01,Maintenance,Standard,55,2025-11-24 17:46:01,Completed,2025-11-24 17:19:01
R0002541,2025-11-24 20:42:30,FrontDesk,Standard,12,2025-11-24 21:58:30,Completed,2025-11-24 20:57:30
R0002542,2025-11-24 19:39:00,Housekeeping,Standard,35,2025-11-24 21:40:00,Completed,2025-11-24 20:35:00
R0002543,2025-11-24 12:09:09,Housekeeping,Standard,35,2025-11-24 13:19:09,Completed,2025-11-24 12:49:09
R0002544,2025-11-24 18:58:12,Housekeeping,Standard,35,2025-11-24 20:43:12,Completed,2025-11-24 19:47:12
R0002545,2025-11-24 18:47:35,FrontDesk,Standard,12,2025-11-24 20:24:35,Completed,2025-11-24 19:02:35
R0002546,2025-11-24 19:01:26,FrontDesk,Standard,12,2025-11-24 21:32:26,Completed,2025-11-24 19:17:26
R0002547,2025-11-24 21:09:51,Housekeeping,Standard,35,2025-11-24 22:16:51,Completed,2025-11-24 22:05:51
R0002548,2025-11-24 14:53:57,Maintenance,Standard,55,2025-11-24 16:05:57,Completed,2025-11-24 16:05:57
R0002549,2025-11-24 18:56:57,FrontDesk,Standard,12,2025-11-24 20:30:57,Completed,2025-11-24 19:18:57
R0002550,2025-11-24 18:42:47,F&B,Standard,25,2025-11-24 20:21:47,Completed,2025-11-24 19:25:47
R0002551,2025-11-24 08:50:38,F&B,Standard,25,2025-11-24 10:17:38,Completed,2025-11-24 09:36:38
R0002552,2025-11-24 14:22:55,Housekeeping,Standard,35,2025-11-24 17:19:55,Completed,2025-11-24 14:44:55
R0002553,2025-11-24 11:33:24,F&B,Standard,25,2025-11-24 14:24:24,Completed,2025-11-24 11:52:24
R0002554,2025-11-24 14:14:25,Housekeeping,Standard,35,2025-11-24 15:30:25,Completed,2025-11-24 15:09:25
R0002555,2025-11-24 12:02:34,F&B,Standard,25,2025-11-24 13:15:34,Completed,2025-11-24 12:25:34
R0002556,2025-11-24 19:13:00,FrontDesk,Standard,12,2025-11-24 20:44:00,Completed,2025-11-24 19:43:00
R0002557,2025-11-24 14:17:29,Housekeeping,Standard,35,2025-11-24 16:44:29,Completed,2025-11-24 15:06:29
R0002558,2025-11-24 11:27:30,Housekeeping,Standard,35,2025-11-24 13:50:30,Completed,2025-11-24 12:19:30
R0002559,2025-11-24 21:13:24,Housekeeping,Standard,35,2025-11-24 23:59:24,Completed,2025-11-24 22:13:24
R0002560,2025-11-24 19:58:40,FrontDesk,Standard,12,2025-11-24 22:42:40,Completed,2025-11-24 20:29:40
R0002561,2025-11-24 09:58:50,FrontDesk,Standard,12,2025-11-24 11:59:50,In_Progress,
R0002562,2025-11-24 18:09:30,Housekeeping,Standard,35,2025-11-24 19:25:30,Completed,2025-11-24 18:44:30
R0002563,2025-11-24 07:04:28,F&B,Standard,25,2025-11-24 09:30:28,Completed,2025-11-24 07:19:28
R0002564,2025-11-24 19:37:06,F&B,Standard,25,2025-11-24 21:11:06,In_Progress,
R0002565,2025-11-24 12:20:46,F&B,Standard,25,2025-11-24 13:47:46,Completed,2025-11-24 12:59:46
R0002566,2025-11-24 11:15:03,Housekeeping,Standard,35,2025-11-24 14:00:03,Open,
R0002567,2025-11-24 21:13:05,FrontDesk,Standard,12,2025-11-24 23:56:05,Completed,2025-11-24 21:46:05
R0002568,2025-11-24 14:30:44,Housekeeping,Urgent,18,2025-11-24 15:20:44,Completed,2025-11-24 15:14:44
R0002569,2025-11-24 11:42:29,FrontDesk,Urgent,6,2025-11-24 12:30:29,Open,
R0002570,2025-11-24 20:07:39,Housekeeping,Standard,35,2025-11-24 23:06:39,Completed,2025-11-24 20:37:39
R0002571,2025-11-24 08:24:22,Maintenance,Standard,55,2025-11-24 11:22:22,Completed,2025-11-24 09:40:22
R0002572,2025-11-24 17:25:18,Housekeeping,Standard,35,2025-11-24 20:02:18,Completed,2025-11-24 18:06:18
R0002573,2025-11-24 18:31:24,FrontDesk,Standard,12,2025-11-24 19:51:24,Completed,2025-11-24 19:07:24
R0002574,2025-11-24 13:24:39,F&B,Urgent,12,2025-11-24 14:05:39,In_Progress,
R0002575,2025-11-24 09:34:13,Housekeeping,Standard,35,2025-11-24 12:04:13,Completed,2025-11-24 10:02:13
R0002576,2025-11-24 20:49:54,FrontDesk,Standard,12,2025-11-24 22:31:54,Completed,2025-11-24 21:03:54
R0002577,2025-11-24 21:06:39,Housekeeping,Standard,35,2025-11-24 22:43:39,Completed,2025-11-24 22:00:39
R0002578,2025-11-24 20:29:18,F&B,Standard,25,2025-11-24 22:10:18,Completed,2025-11-24 21:25:18
R0002579,2025-11-24 15:39:14,Housekeeping,Standard,35,2025-11-24 17:34:14,Completed,2025-11-24 16:22:14
R0002580,2025-11-24 11:05:52,F&B,Standard,25,2025-11-24 12:49:52,Completed,2025-11-24 11:45:52
R0002581,2025-11-24 09:25:00,Housekeeping,Urgent,18,2025-11-24 09:46:00,Completed,2025-11-24 10:09:00
R0002582,2025-11-24 11:55:31,Maintenance,Standard,55,2025-11-24 13:20:31,Open,
R0002583,2025-11-24 20:16:40,Housekeeping,Standard,35,2025-11-24 22:32:40,Completed,2025-11-24 21:05:40
R0002584,2025-11-24 21:32:37,FrontDesk,Standard,12,2025-11-24 23:52:37,Completed,2025-11-24 22:10:37
R0002585,2025-11-24 20:53:47,Maintenance,Standard,55,2025-11-24 23:45:47,Completed,2025-11-24 22:30:47
R0002586,2025-11-24 20:07:33,Maintenance,Standard,55,2025-11-24 22:41:33,Completed,2025-11-24 20:56:33
R0002587,2025-11-24 22:52:44,F&B,Standard,25,2025-11-25 00:01:44,Completed,2025-11-24 23:38:44
R0002588,2025-11-24 18:38:41,Housekeeping,Standard,35,2025-11-24 21:25:41,Completed,2025-11-24 19:45:41
R0002589,2025-11-24 12:18:57,FrontDesk,Standard,12,2025-11-24 13:55:57,Completed,2025-11-24 12:29:57
R0002590,2025-11-24 09:52:46,F&B,Standard,25,2025-11-24 11:05:46,Completed,2025-11-24 10:30:46
R0002591,2025-11-24 11:23:19,F&B,Standard,25,2025-11-24 14:20:19,Completed,2025-11-24 12:07:19
R0002592,2025-11-24 19:14:31,F&B,Standard,25,2025-11-24 20:29:31,Completed,2025-11-24 19:55:31
R0002593,2025-11-24 07:04:52,Housekeeping,Standard,35,2025-11-24 09:23:52,Completed,2025-11-24 07:59:52
R0002594,2025-11-24 21:17:17,FrontDesk,Standard,12,2025-11-24 23:57:17,Completed,2025-11-24 21:39:17
R0002595,2025-11-24 19:19:03,Housekeeping,Standard,35,2025-11-24 21:53:03,Completed,2025-11-24 20:26:03
R0002596,2025-11-24 18:52:41,FrontDesk,Standard,12,2025-11-24 21:50:41,Completed,2025-11-24 19:13:41
R0002597,2025-11-24 22:48:33,F&B,Standard,25,2025-11-25 00:09:33,Completed,2025-11-24 23:23:33
R0002598,2025-11-24 18:35:22,Housekeeping,Urgent,18,2025-11-24 19:03:22,Open,
R0002599,2025-11-24 11:31:18,F&B,Standard,25,2025-11-24 12:54:18,Completed,2025-11-24 12:14:18
R0002600,2025-11-24 19:50:12,Housekeeping,Standard,35,2025-11-24 22:15:12,Completed,2025-11-24 20:38:12
R0002601,2025-11-24 11:45:03,Housekeeping,Standard,35,2025-11-24 13:31:03,Completed,2025-11-24 12:31:03
R0002602,2025-11-24 18:28:29,FrontDesk,Standard,12,2025-11-24 20:50:29,Completed,2025-11-24 19:06:29
R0002603,2025-11-24 18:22:46,FrontDesk,Standard,12,2025-11-24 20:06:46,Completed,2025-11-24 18:58:46
R0002604,2025-11-24 14:03:57,F&B,Standard,25,2025-11-24 16:08:57,Completed,2025-11-24 14:42:57
R0002605,2025-11-24 17:13:39,Housekeeping,Standard,35,2025-11-24 20:01:39,Completed,2025-11-24 18:10:39
R0002606,2025-11-24 19:45:09,F&B,Standard,25,2025-11-24 20:49:09,Completed,2025-11-24 20:07:09
R0002607,2025-11-24 21:28:44,FrontDesk,Standard,12,2025-11-25 00:13:44,Completed,2025-11-24 21:37:44
R0002608,2025-11-24 20:16:42,F&B,Standard,25,2025-11-24 22:15:42,Completed,2025-11-24 20:46:42
R0002609,2025-11-24 22:13:39,Housekeeping,Standard,35,2025-11-25 01:13:39,Completed,2025-11-24 22:46:39
R0002610,2025-11-24 16:45:46,Housekeeping,Standard,35,2025-11-24 19:11:46,Completed,2025-11-24 17:22:46
R0002611,2025-11-24 18:32:45,Housekeeping,Standard,35,2025-11-24 20:28:45,Completed,2025-11-24 19:27:45
R0002612,2025-11-24 11:31:59,Housekeeping,Standard,35,2025-11-24 13:49:59,Completed,2025-11-24 12:19:59
R0002613,2025-11-24 07:42:27,Housekeeping,Standard,35,2025-11-24 10:38:27,Completed,2025-11-24 08:44:27
R0002614,2025-11-24 11:43:34,FrontDesk,Standard,12,2025-11-24 13:21:34,Completed,2025-11-24 11:59:34
R0002615,2025-11-24 10:02:06,FrontDesk,Standard,12,2025-11-24 12:58:06,Completed,2025-11-24 10:26:06
R0002616,2025-11-24 07:48:23,FrontDesk,Urgent,6,2025-11-24 08:48:23,Completed,2025-11-24 07:56:23
R0002617,2025-11-24 08:52:49,Maintenance,Urgent,30,2025-11-24 09:28:49,Completed,2025-11-24 09:37:49
R0002618,2025-11-24 09:09:33,Maintenance,Standard,55,2025-11-24 11:48:33,Completed,2025-11-24 10:33:33
R0002619,2025-11-24 17:44:24,Housekeeping,Standard,35,2025-11-24 20:44:24,Open,
R0002620,2025-11-24 16:47:50,Housekeeping,Standard,35,2025-11-24 19:23:50,Completed,2025-11-24 17:21:50
R0002621,2025-11-24 17:57:23,F&B,Standard,25,2025-11-24 20:11:23,Completed,2025-11-24 18:43:23
R0002622,2025-11-24 12:53:30,Housekeeping,Standard,35,2025-11-24 14:47:30,Completed,2025-11-24 13:47:30
R0002623,2025-11-24 14:50:52,Maintenance,Standard,55,2025-11-24 16:47:52,Completed,2025-11-24 16:13:52
R0002624,2025-11-24 17:58:36,FrontDesk,Standard,12,2025-11-24 19:41:36,Completed,2025-11-24 18:26:36
R0002625,2025-11-24 19:23:56,Housekeeping,Standard,35,2025-11-24 21:07:56,Completed,2025-11-24 19:52:56
R0002626,2025-11-24 11:26:20,Housekeeping,Standard,35,2025-11-24 13:20:20,Completed,2025-11-24 12:08:20
R0002627,2025-11-24 07:19:10,F&B,Standard,25,2025-11-24 09:51:10,Completed,2025-11-24 07:56:10
R0002628,2025-11-24 15:40:52,F&B,Standard,25,2025-11-24 18:13:52,Completed,2025-11-24 16:12:52
R0002629,2025-11-24 11:05:15,FrontDesk,Urgent,6,2025-11-24 11:28:15,In_Progress,
R0002630,2025-11-24 17:38:45,F&B,Standard,25,2025-11-24 19:38:45,Completed,2025-11-24 18:27:45
R0002631,2025-11-24 12:28:41,Housekeeping,Standard,35,2025-11-24 15:13:41,Completed,2025-11-24 13:21:41
R0002632,2025-11-25 08:29:03,Housekeeping,Standard,35,2025-11-25 10:48:03,Completed,2025-11-25 09:11:03
R0002633,2025-11-25 18:54:05,FrontDesk,Standard,12,2025-11-25 20:30:05,Completed,2025-11-25 19:08:05
R0002634,2025-11-25 20:08:25,F&B,Standard,25,2025-11-25 21:44:25,Completed,2025-11-25 20:54:25
R0002635,2025-11-25 21:22:10,FrontDesk,Standard,12,2025-11-25 23:39:10,Completed,2025-11-25 21:41:10
R0002636,2025-11-25 19:53:42,F&B,Standard,25,2025-11-25 21:44:42,Completed,2025-11-25 20:11:42
R0002637,2025-11-25 19:29:03,F&B,Standard,25,2025-11-25 21:16:03,Completed,2025-11-25 19:58:03
R0002638,2025-11-25 12:10:45,FrontDesk,Standard,12,2025-11-25 14:21:45,Completed,2025-11-25 12:54:45
R0002639,2025-11-25 12:33:23,Housekeeping,Standard,35,2025-11-25 15:15:23,Completed,2025-11-25 13:08:23
R0002640,2025-11-25 17:10:23,F&B,Standard,25,2025-11-25 20:06:23,Completed,2025-11-25 17:49:23
R0002641,2025-11-25 09:20:25,Housekeeping,Standard,35,2025-11-25 10:47:25,Completed,2025-11-25 10:11:25
R0002642,2025-11-25 22:12:30,Housekeeping,Standard,35,2025-11-26 00:38:30,In_Progress,
R0002643,2025-11-25 17:49:49,Housekeeping,Standard,35,2025-11-25 18:51:49,In_Progress,
R0002644,2025-11-25 12:50:42,FrontDesk,Standard,12,2025-11-25 15:19:42,Completed,2025-11-25 13:26:42
R0002645,2025-11-25 13:17:22,F&B,Standard,25,2025-11-25 15:39:22,In_Progress,
R0002646,2025-11-25 18:34:13,Housekeeping,Standard,35,2025-11-25 21:22:13,Completed,2025-11-25 19:48:13
R0002647,2025-11-25 14:49:34,FrontDesk,Standard,12,2025-11-25 15:51:34,Completed,2025-11-25 15:25:34
R0002648,2025-11-25 14:07:31,FrontDesk,Standard,12,2025-11-25 16:33:31,Completed,2025-11-25 14:32:31
R0002649,2025-11-25 11:33:58,Housekeeping,Standard,35,2025-11-25 12:34:58,Completed,2025-11-25 12:20:58
R0002650,2025-11-25 09:25:37,Housekeeping,Standard,35,2025-11-25 11:26:37,Completed,2025-11-25 10:07:37
R0002651,2025-11-25 20:29:09,FrontDesk,Standard,12,2025-11-25 21:58:09,Open,
R0002652,2025-11-25 09:51:19,Housekeeping,Standard,35,2025-11-25 11:50:19,Completed,2025-11-25 10:31:19
R0002653,2025-11-25 16:39:10,FrontDesk,Standard,12,2025-11-25 17:54:10,Completed,2025-11-25 17:07:10
R0002654,2025-11-25 14:51:41,FrontDesk,Urgent,6,2025-11-25 15:12:41,Completed,2025-11-25 15:17:41
R0002655,2025-11-25 09:59:57,F&B,Standard,25,2025-11-25 12:45:57,Completed,2025-11-25 10:47:57
R0002656,2025-11-25 11:14:21,FrontDesk,Standard,12,2025-11-25 13:47:21,Completed,2025-11-25 11:46:21
R0002657,2025-11-25 12:51:20,Housekeeping,Standard,35,2025-11-25 14:18:20,Completed,2025-11-25 13:33:20
R0002658,2025-11-25 19:59:58,Housekeeping,Standard,35,2025-11-25 22:41:58,Completed,2025-11-25 20:34:58
R0002659,2025-11-25 21:04:55,Housekeeping,Standard,35,2025-11-25 23:05:55,Completed,2025-11-25 22:05:55
R0002660,2025-11-25 19:51:21,Housekeeping,Standard,35,2025-11-25 22:22:21,Completed,2025-11-25 20:54:21
R0002661,2025-11-25 07:05:05,FrontDesk,Standard,12,2025-11-25 08:50:05,Completed,2025-11-25 07:28:05
R0002662,2025-11-25 16:53:39,Housekeeping,Standard,35,2025-11-25 18:36:39,Completed,2025-11-25 17:38:39
R0002663,2025-11-25 13:17:14,FrontDesk,Standard,12,2025-11-25 15:21:14,In_Progress,
R0002664,2025-11-25 16:18:09,Housekeeping,Standard,35,2025-11-25 18:40:09,Completed,2025-11-25 17:25:09
R0002665,2025-11-25 07:45:23,Housekeeping,Standard,35,2025-11-25 10:31:23,Completed,2025-11-25 08:38:23
R0002666,2025-11-25 10:01:00,F&B,Standard,25,2025-11-25 11:51:00,Completed,2025-11-25 10:40:00
R0002667,2025-11-25 16:25:15,Housekeeping,Standard,35,2025-11-25 18:46:15,Completed,2025-11-25 17:34:15
R0002668,2025-11-25 14:47:26,FrontDesk,Standard,12,2025-11-25 17:08:26,Completed,2025-11-25 15:25:26
R0002669,2025-11-25 19:32:37,F&B,Standard,25,2025-11-25 20:34:37,Open,
R0002670,2025-11-25 13:16:25,FrontDesk,Standard,12,2025-11-25 16:04:25,Completed,2025-11-25 13:45:25
R0002671,2025-11-25 13:16:28,Housekeeping,Standard,35,2025-11-25 15:36:28,Completed,2025-11-25 14:00:28
R0002672,2025-11-25 20:00:50,FrontDesk,Standard,12,2025-11-25 21:04:50,Completed,2025-11-25 20:40:50
R0002673,2025-11-25 10:06:39,FrontDesk,Standard,12,2025-11-25 11:40:39,Completed,2025-11-25 10:32:39
R0002674,2025-11-25 12:40:39,F&B,Standard,25,2025-11-25 13:42:39,Completed,2025-11-25 13:24:39
R0002675,2025-11-25 19:56:59,FrontDesk,Standard,12,2025-11-25 22:36:59,Completed,2025-11-25 20:15:59
R0002676,2025-11-25 14:10:46,FrontDesk,Standard,12,2025-11-25 16:14:46,Completed,2025-11-25 14:34:46
R0002677,2025-11-25 16:56:51,Housekeeping,Standard,35,2025-11-25 18:17:51,Completed,2025-11-25 17:43:51
R0002678,2025-11-25 10:12:43,F&B,Standard,25,2025-11-25 12:06:43,Completed,2025-11-25 10:39:43
R0002679,2025-11-25 09:06:03,FrontDesk,Standard,12,2025-11-25 10:47:03,Completed,2025-11-25 09:26:03
R0002680,2025-11-25 16:43:46,F&B,Standard,25,2025-11-25 18:24:46,Completed,2025-11-25 17:14:46
R0002681,2025-11-25 18:13:35,Housekeeping,Standard,35,2025-11-25 20:31:35,Completed,2025-11-25 18:55:35
R0002682,2025-11-25 12:14:18,Housekeeping,Standard,35,2025-11-25 13:59:18,Completed,2025-11-25 13:04:18
R0002683,2025-11-25 15:28:04,Housekeeping,Standard,35,2025-11-25 17:35:04,Completed,2025-11-25 16:22:04
R0002684,2025-11-25 20:16:33,F&B,Standard,25,2025-11-25 21:50:33,Completed,2025-11-25 21:10:33
R0002685,2025-11-25 12:50:12,Housekeeping,Standard,35,2025-11-25 14:59:12,Completed,2025-11-25 13:42:12
R0002686,2025-11-25 19:08:54,Housekeeping,Standard,35,2025-11-25 21:40:54,In_Progress,
R0002687,2025-11-25 14:26:27,FrontDesk,Standard,12,2025-11-25 17:21:27,Completed,2025-11-25 14:53:27
R0002688,2025-11-25 12:28:32,FrontDesk,Standard,12,2025-11-25 14:18:32,Completed,2025-11-25 13:10:32
R0002689,2025-11-25 08:32:43,Housekeeping,Standard,35,2025-11-25 11:25:43,Completed,2025-11-25 09:16:43
R0002690,2025-11-25 19:31:44,Housekeeping,Standard,35,2025-11-25 21:57:44,Completed,2025-11-25 20:15:44
R0002691,2025-11-25 12:48:41,FrontDesk,Standard,12,2025-11-25 14:43:41,Completed,2025-11-25 13:12:41
R0002692,2025-11-25 22:55:18,Housekeeping,Standard,35,2025-11-26 01:18:18,Completed,2025-11-25 23:47:18
R0002693,2025-11-25 14:24:23,F&B,Standard,25,2025-11-25 17:21:23,In_Progress,
R0002694,2025-11-25 08:57:12,F&B,Standard,25,2025-11-25 10:38:12,Completed,2025-11-25 09:42:12
R0002695,2025-11-25 15:30:14,Housekeeping,Standard,35,2025-11-25 17:27:14,Completed,2025-11-25 16:20:14
R0002696,2025-11-25 08:27:11,Housekeeping,Urgent,18,2025-11-25 09:24:11,Open,
R0002697,2025-11-25 12:32:15,FrontDesk,Urgent,6,2025-11-25 12:57:15,Completed,2025-11-25 12:38:15
R0002698,2025-11-25 18:08:18,FrontDesk,Standard,12,2025-11-25 19:33:18,Completed,2025-11-25 18:24:18
R0002699,2025-11-25 16:59:27,F&B,Urgent,12,2025-11-25 17:53:27,Completed,2025-11-25 17:30:27
R0002700,2025-11-25 21:07:43,Maintenance,Standard,55,2025-11-25 22:43:43,Completed,2025-11-25 22:54:43
R0002701,2025-11-25 11:42:37,F&B,Standard,25,2025-11-25 13:51:37,Completed,2025-11-25 12:36:37
R0002702,2025-11-25 21:55:55,F&B,Standard,25,2025-11-26 00:35:55,Completed,2025-11-25 22:18:55
R0002703,2025-11-25 16:49:46,F&B,Standard,25,2025-11-25 18:44:46,Completed,2025-11-25 17:15:46
R0002704,2025-11-25 14:05:52,Housekeeping,Standard,35,2025-11-25 15:58:52,Completed,2025-11-25 14:38:52
R0002705,2025-11-25 19:45:54,Housekeeping,Standard,35,2025-11-25 21:54:54,Completed,2025-11-25 20:33:54
R0002706,2025-11-25 12:36:19,FrontDesk,Standard,12,2025-11-25 14:23:19,Completed,2025-11-25 12:56:19
R0002707,2025-11-25 13:20:32,Housekeeping,Standard,35,2025-11-25 14:56:32,Completed,2025-11-25 14:07:32
R0002708,2025-11-25 13:01:55,Housekeeping,Standard,35,2025-11-25 15:00:55,Open,
R0002709,2025-11-25 21:42:48,Housekeeping,Standard,35,2025-11-25 23:38:48,Completed,2025-11-25 22:22:48
R0002710,2025-11-25 11:49:08,F&B,Standard,25,2025-11-25 14:48:08,Completed,2025-11-25 12:29:08
R0002711,2025-11-25 08:40:40,F&B,Standard,25,2025-11-25 10:49:40,Completed,2025-11-25 09:23:40
R0002712,2025-11-25 10:34:01,Housekeeping,Standard,35,2025-11-25 11:41:01,Completed,2025-11-25 11:22:01
R0002713,2025-11-25 18:47:43,FrontDesk,Standard,12,2025-11-25 21:17:43,Completed,2025-11-25 19:25:43
R0002714,2025-11-25 19:45:02,FrontDesk,Standard,12,2025-11-25 21:55:02,Completed,2025-11-25 20:15:02
R0002715,2025-11-25 15:42:47,Housekeeping,Standard,35,2025-11-25 17:29:47,Completed,2025-11-25 16:44:47
R0002716,2025-11-25 19:28:30,F&B,Standard,25,2025-11-25 20:40:30,Completed,2025-11-25 20:16:30
R0002717,2025-11-25 08:27:12,Housekeeping,Standard,35,2025-11-25 09:54:12,Completed,2025-11-25 09:26:12
R0002718,2025-11-25 16:30:15,FrontDesk,Urgent,6,2025-11-25 16:58:15,Completed,2025-11-25 16:52:15
R0002719,2025-11-25 11:30:52,Housekeeping,Standard,35,2025-11-25 14:18:52,Completed,2025-11-25 12:32:52
R0002720,2025-11-25 22:02:27,FrontDesk,Standard,12,2025-11-26 00:01:27,Completed,2025-11-25 22:14:27
R0002721,2025-11-25 19:30:25,FrontDesk,Standard,12,2025-11-25 21:59:25,Completed,2025-11-25 20:11:25
R0002722,2025-11-25 21:48:00,FrontDesk,Standard,12,2025-11-25 23:28:00,Completed,2025-11-25 22:10:00
R0002723,2025-11-25 11:12:53,F&B,Standard,25,2025-11-25 13:06:53,Completed,2025-11-25 11:45:53
R0002724,2025-11-25 11:42:49,Maintenance,Standard,55,2025-11-25 12:46:49,Completed,2025-11-25 12:33:49
R0002725,2025-11-25 20:33:27,FrontDesk,Urgent,6,2025-11-25 20:55:27,Completed,2025-11-25 20:42:27
R0002726,2025-11-25 12:27:57,Housekeeping,Standard,35,2025-11-25 13:36:57,Completed,2025-11-25 13:06:57
R0002727,2025-11-25 11:22:44,FrontDesk,Standard,12,2025-11-25 13:01:44,Completed,2025-11-25 11:39:44
R0002728,2025-11-25 21:13:39,Housekeeping,Standard,35,2025-11-25 22:21:39,Completed,2025-11-25 22:11:39
R0002729,2025-11-25 13:33:26,F&B,Standard,25,2025-11-25 16:04:26,Completed,2025-11-25 14:08:26
R0002730,2025-11-25 18:05:56,F&B,Urgent,12,2025-11-25 18:40:56,Completed,2025-11-25 18:26:56
R0002731,2025-11-25 11:09:02,F&B,Standard,25,2025-11-25 12:26:02,Completed,2025-11-25 11:42:02
R0002732,2025-11-25 16:32:47,Housekeeping,Standard,35,2025-11-25 18:33:47,Completed,2025-11-25 17:16:47
R0002733,2025-11-25 16:24:25,FrontDesk,Standard,12,2025-11-25 19:03:25,Completed,2025-11-25 16:31:25
R0002734,2025-11-25 07:46:02,FrontDesk,Standard,12,2025-11-25 10:16:02,Completed,2025-11-25 08:23:02
R0002735,2025-11-25 09:40:43,FrontDesk,Standard,12,2025-11-25 12:15:43,Completed,2025-11-25 09:53:43
R0002736,2025-11-25 21:46:33,F&B,Standard,25,2025-11-26 00:18:33,Completed,2025-11-25 22:19:33
R0002737,2025-11-25 22:38:32,Maintenance,Standard,55,2025-11-26 00:10:32,Completed,2025-11-25 23:31:32
R0002738,2025-11-25 07:34:06,F&B,Standard,25,2025-11-25 08:53:06,Completed,2025-11-25 07:58:06
R0002739,2025-11-25 18:16:40,FrontDesk,Standard,12,2025-11-25 21:04:40,Completed,2025-11-25 18:41:40
R0002740,2025-11-25 10:43:22,Housekeeping,Standard,35,2025-11-25 13:41:22,Completed,2025-11-25 11:18:22
R0002741,2025-11-25 11:11:38,F&B,Standard,25,2025-11-25 12:55:38,Completed,2025-11-25 11:36:38
R0002742,2025-11-25 13:09:02,F&B,Standard,25,2025-11-25 15:55:02,Open,
R0002743,2025-11-25 21:22:45,F&B,Standard,25,2025-11-25 22:45:45,Completed,2025-11-25 22:00:45
R0002744,2025-11-25 22:00:12,F&B,Standard,25,2025-11-26 00:41:12,Completed,2025-11-25 22:32:12
R0002745,2025-11-25 08:58:48,Housekeeping,Standard,35,2025-11-25 10:38:48,Open,
R0002746,2025-11-25 12:06:18,F&B,Standard,25,2025-11-25 13:56:18,Completed,2025-11-25 12:46:18
R0002747,2025-11-25 21:28:10,Housekeeping,Standard,35,2025-11-25 23:14:10,Completed,2025-11-25 22:32:10
R0002748,2025-11-25 13:49:51,F&B,Urgent,12,2025-11-25 14:10:51,Completed,2025-11-25 14:18:51
R0002749,2025-11-25 13:12:39,Maintenance,Standard,55,2025-11-25 15:58:39,Completed,2025-11-25 14:17:39
R0002750,2025-11-25 18:50:13,F&B,Standard,25,2025-11-25 20:03:13,Completed,2025-11-25 19:45:13
R0002751,2025-11-25 10:51:18,FrontDesk,Standard,12,2025-11-25 12:46:18,Completed,2025-11-25 11:20:18
R0002752,2025-11-25 18:27:08,F&B,Standard,25,2025-11-25 21:09:08,Completed,2025-11-25 19:11:08
R0002753,2025-11-25 20:12:42,F&B,Standard,25,2025-11-25 21:22:42,Completed,2025-11-25 20:58:42
R0002754,2025-11-25 13:41:54,F&B,Standard,25,2025-11-25 16:15:54,Completed,2025-11-25 14:17:54
R0002755,2025-11-25 15:11:57,F&B,Standard,25,2025-11-25 17:32:57,Completed,2025-11-25 15:48:57
R0002756,2025-11-25 21:00:50,FrontDesk,Standard,12,2025-11-25 22:04:50,Completed,2025-11-25 21:27:50
R0002757,2025-11-25 08:30:54,F&B,Standard,25,2025-11-25 09:58:54,In_Progress,
R0002758,2025-11-25 20:24:24,Housekeeping,Standard,35,2025-11-25 22:14:24,Completed,2025-11-25 21:17:24
R0002759,2025-11-25 11:14:55,F&B,Standard,25,2025-11-25 13:01:55,Completed,2025-11-25 11:51:55
R0002760,2025-11-25 09:45:47,FrontDesk,Standard,12,2025-11-25 12:08:47,Completed,2025-11-25 10:07:47
R0002761,2025-11-25 20:46:43,Housekeeping,Urgent,18,2025-11-25 21:42:43,Completed,2025-11-25 21:34:43
R0002762,2025-11-25 19:23:06,F&B,Urgent,12,2025-11-25 20:02:06,Completed,2025-11-25 19:46:06
R0002763,2025-11-25 19:26:34,Housekeeping,Standard,35,2025-11-25 20:49:34,Completed,2025-11-25 20:20:34
R0002764,2025-11-25 12:13:55,Housekeeping,Urgent,18,2025-11-25 12:39:55,Completed,2025-11-25 12:39:55
R0002765,2025-11-25 12:28:28,F&B,Standard,25,2025-11-25 14:39:28,Open,
R0002766,2025-11-25 14:49:29,Maintenance,Standard,55,2025-11-25 17:06:29,Completed,2025-11-25 16:24:29
R0002767,2025-11-25 09:33:29,Housekeeping,Standard,35,2025-11-25 11:47:29,Completed,2025-11-25 10:02:29
R0002768,2025-11-25 21:42:51,F&B,Urgent,12,2025-11-25 22:24:51,Completed,2025-11-25 22:07:51
R0002769,2025-11-25 09:44:09,Housekeeping,Standard,35,2025-11-25 11:59:09,Completed,2025-11-25 10:25:09
R0002770,2025-11-25 16:01:08,Housekeeping,Standard,35,2025-11-25 17:41:08,Completed,2025-11-25 16:42:08
R0002771,2025-11-25 20:33:08,FrontDesk,Standard,12,2025-11-25 22:07:08,Completed,2025-11-25 20:42:08
R0002772,2025-11-25 22:42:35,Housekeeping,Standard,35,2025-11-25 23:56:35,Completed,2025-11-25 23:57:35
R0002773,2025-11-25 17:55:52,F&B,Standard,25,2025-11-25 19:39:52,Completed,2025-11-25 18:37:52
R0002774,2025-11-25 20:57:17,FrontDesk,Standard,12,2025-11-25 23:05:17,Completed,2025-11-25 21:39:17
R0002775,2025-11-25 11:18:25,F&B,Standard,25,2025-11-25 12:23:25,Completed,2025-11-25 12:11:25
R0002776,2025-11-25 20:09:44,Housekeeping,Standard,35,2025-11-25 22:49:44,Completed,2025-11-25 20:41:44
R0002777,2025-11-25 18:26:09,FrontDesk,Standard,12,2025-11-25 20:00:09,Completed,2025-11-25 19:01:09
R0002778,2025-11-25 07:22:08,F&B,Urgent,12,2025-11-25 08:07:08,Completed,2025-11-25 07:35:08
R0002779,2025-11-25 15:20:05,Housekeeping,Standard,35,2025-11-25 16:53:05,Completed,2025-11-25 15:48:05
R0002780,2025-11-25 14:16:58,Housekeeping,Standard,35,2025-11-25 15:51:58,Completed,2025-11-25 14:49:58
R0002781,2025-11-25 09:44:50,Housekeeping,Standard,35,2025-11-25 12:14:50,Completed,2025-11-25 10:52:50
R0002782,2025-11-25 13:20:49,F&B,Standard,25,2025-11-25 15:16:49,In_Progress,
R0002783,2025-11-25 08:16:36,F&B,Standard,25,2025-11-25 11:00:36,Completed,2025-11-25 09:02:36
R0002784,2025-11-25 13:03:39,FrontDesk,Standard,12,2025-11-25 15:47:39,Completed,2025-11-25 13:22:39
R0002785,2025-11-25 21:32:07,Housekeeping,Urgent,18,2025-11-25 21:48:07,Completed,2025-11-25 22:15:07
R0002786,2025-11-25 22:06:58,FrontDesk,Standard,12,2025-11-25 23:19:58,Completed,2025-11-25 22:33:58
R0002787,2025-11-25 22:48:57,F&B,Standard,25,2025-11-26 00:46:57,Completed,2025-11-25 23:27:57
R0002788,2025-11-25 19:03:03,Housekeeping,Standard,35,2025-11-25 21:20:03,Completed,2025-11-25 19:37:03
R0002789,2025-11-25 18:22:26,Maintenance,Standard,55,2025-11-25 20:48:26,Completed,2025-11-25 19:02:26
R0002790,2025-11-25 12:02:27,Housekeeping,Standard,35,2025-11-25 14:02:27,Open,
R0002791,2025-11-25 11:41:51,Housekeeping,Standard,35,2025-11-25 14:04:51,Completed,2025-11-25 12:32:51
R0002792,2025-11-25 18:01:51,F&B,Standard,25,2025-11-25 19:04:51,Completed,2025-11-25 18:48:51
R0002793,2025-11-25 10:17:49,F&B,Urgent,12,2025-11-25 10:47:49,Completed,2025-11-25 10:49:49
R0002794,2025-11-25 12:33:52,Housekeeping,Standard,35,2025-11-25 14:38:52,Completed,2025-11-25 13:21:52
R0002795,2025-11-25 16:00:12,Housekeeping,Standard,35,2025-11-25 17:00:12,Completed,2025-11-25 16:49:12
R0002796,2025-11-25 11:09:31,FrontDesk,Standard,12,2025-11-25 12:32:31,Completed,2025-11-25 11:46:31
R0002797,2025-11-25 13:31:16,Housekeeping,Standard,35,2025-11-25 16:02:16,Completed,2025-11-25 14:17:16
R0002798,2025-11-25 11:24:39,Housekeeping,Standard,35,2025-11-25 13:36:39,Completed,2025-11-25 12:17:39
R0002799,2025-11-25 20:56:22,Housekeeping,Standard,35,2025-11-25 23:29:22,Completed,2025-11-25 21:46:22
R0002800,2025-11-25 22:58:43,FrontDesk,Standard,12,2025-11-26 00:33:43,Completed,2025-11-25 23:34:43
R0002801,2025-11-25 21:24:04,Maintenance,Standard,55,2025-11-25 23:30:04,Completed,2025-11-25 22:46:04
R0002802,2025-11-25 11:45:02,F&B,Standard,25,2025-11-25 12:51:02,Completed,2025-11-25 12:25:02
R0002803,2025-11-25 07:14:53,F&B,Standard,25,2025-11-25 09:17:53,Completed,2025-11-25 08:05:53
R0002804,2025-11-25 20:46:38,Housekeeping,Standard,35,2025-11-25 22:37:38,Completed,2025-11-25 21:46:38
R0002805,2025-11-25 19:11:44,Housekeeping,Standard,35,2025-11-25 20:13:44,Completed,2025-11-25 20:05:44
R0002806,2025-11-25 09:58:37,Housekeeping,Standard,35,2025-11-25 12:43:37,Open,
R0002807,2025-11-25 10:49:47,Housekeeping,Standard,35,2025-11-25 13:47:47,Completed,2025-11-25 11:54:47
R0002808,2025-11-25 12:56:47,Housekeeping,Standard,35,2025-11-25 15:54:47,Completed,2025-11-25 13:59:47
R0002809,2025-11-25 21:09:25,FrontDesk,Standard,12,2025-11-25 22:25:25,Completed,2025-11-25 21:51:25
R0002810,2025-11-25 14:45:04,Housekeeping,Standard,35,2025-11-25 17:20:04,Completed,2025-11-25 15:35:04
R0002811,2025-11-25 07:26:16,Maintenance,Standard,55,2025-11-25 10:04:16,Completed,2025-11-25 08:26:16
R0002812,2025-11-25 16:23:21,Housekeeping,Urgent,18,2025-11-25 17:01:21,Completed,2025-11-25 17:12:21
R0002813,2025-11-25 18:21:34,FrontDesk,Standard,12,2025-11-25 19:40:34,In_Progress,
R0002814,2025-11-25 14:55:37,Housekeeping,Standard,35,2025-11-25 16:00:37,Completed,2025-11-25 15:37:37
R0002815,2025-11-25 07:06:06,FrontDesk,Standard,12,2025-11-25 09:32:06,Completed,2025-11-25 07:48:06
R0002816,2025-11-25 16:55:47,Housekeeping,Standard,35,2025-11-25 19:31:47,Completed,2025-11-25 17:59:47
R0002817,2025-11-25 11:52:32,Housekeeping,Standard,35,2025-11-25 14:27:32,Completed,2025-11-25 13:01:32
R0002818,2025-11-25 09:17:47,Housekeeping,Standard,35,2025-11-25 11:34:47,Open,
R0002819,2025-11-25 11:26:33,F&B,Standard,25,2025-11-25 12:58:33,Completed,2025-11-25 12:18:33
R0002820,2025-11-25 21:59:52,Housekeeping,Urgent,18,2025-11-25 22:47:52,Completed,2025-11-25 22:22:52
R0002821,2025-11-25 14:46:36,F&B,Standard,25,2025-11-25 16:33:36,Completed,2025-11-25 15:25:36
R0002822,2025-11-25 12:14:56,Housekeeping,Standard,35,2025-11-25 14:37:56,Completed,2025-11-25 12:50:56
R0002823,2025-11-25 19:25:14,FrontDesk,Urgent,6,2025-11-25 20:12:14,Completed,2025-11-25 19:54:14
R0002824,2025-11-25 19:29:22,F&B,Standard,25,2025-11-25 21:52:22,Completed,2025-11-25 19:54:22
R0002825,2025-11-25 18:15:36,Housekeeping,Standard,35,2025-11-25 19:48:36,Completed,2025-11-25 19:16:36
R0002826,2025-11-25 07:16:06,FrontDesk,Standard,12,2025-11-25 09:51:06,Completed,2025-11-25 07:33:06
R0002827,2025-11-25 19:26:50,FrontDesk,Standard,12,2025-11-25 21:29:50,Completed,2025-11-25 19:47:50
R0002828,2025-11-25 20:12:14,F&B,Standard,25,2025-11-25 22:12:14,Completed,2025-11-25 21:11:14
R0002829,2025-11-25 20:46:49,Housekeeping,Standard,35,2025-11-25 22:06:49,Completed,2025-11-25 21:17:49
R0002830,2025-11-25 08:52:27,Housekeeping,Standard,35,2025-11-25 10:42:27,Completed,2025-11-25 09:36:27
R0002831,2025-11-25 16:15:34,FrontDesk,Standard,12,2025-11-25 18:51:34,Completed,2025-11-25 16:40:34
R0002832,2025-11-25 18:02:19,F&B,Standard,25,2025-11-25 19:58:19,Completed,2025-11-25 18:32:19
R0002833,2025-11-25 07:17:48,Housekeeping,Standard,35,2025-11-25 09:46:48,Completed,2025-11-25 08:27:48
R0002834,2025-11-25 09:39:38,Housekeeping,Standard,35,2025-11-25 12:07:38,Completed,2025-11-25 10:21:38
R0002835,2025-11-25 09:22:25,FrontDesk,Standard,12,2025-11-25 11:39:25,Completed,2025-11-25 09:34:25
R0002836,2025-11-25 20:00:58,Housekeeping,Standard,35,2025-11-25 21:10:58,Completed,2025-11-25 20:43:58
R0002837,2025-11-25 08:31:40,Maintenance,Urgent,30,2025-11-25 09:05:40,Completed,2025-11-25 09:13:40
R0002838,2025-11-25 19:00:50,F&B,Standard,25,2025-11-25 21:23:50,Completed,2025-11-25 19:31:50
R0002839,2025-11-25 20:04:24,Maintenance,Standard,55,2025-11-25 22:15:24,Completed,2025-11-25 21:16:24
R0002840,2025-11-25 20:11:22,F&B,Standard,25,2025-11-25 22:07:22,Completed,2025-11-25 21:02:22
R0002841,2025-11-25 19:12:50,FrontDesk,Standard,12,2025-11-25 22:11:50,Completed,2025-11-25 19:23:50
R0002842,2025-11-25 18:50:01,Housekeeping,Standard,35,2025-11-25 21:33:01,In_Progress,
R0002843,2025-11-25 09:20:09,Housekeeping,Standard,35,2025-11-25 11:27:09,Completed,2025-11-25 10:07:09
R0002844,2025-11-25 12:51:39,Housekeeping,Standard,35,2025-11-25 15:05:39,Completed,2025-11-25 13:51:39
R0002845,2025-11-25 19:23:06,Maintenance,Standard,55,2025-11-25 22:16:06,Completed,2025-11-25 20:39:06
R0002846,2025-11-25 19:36:38,F&B,Standard,25,2025-11-25 21:50:38,Completed,2025-11-25 20:07:38
R0002847,2025-11-25 18:49:24,F&B,Standard,25,2025-11-25 20:14:24,Completed,2025-11-25 19:28:24
R0002848,2025-11-25 19:34:08,F&B,Standard,25,2025-11-25 20:46:08,Completed,2025-11-25 20:15:08
R0002849,2025-11-25 09:17:34,Housekeeping,Standard,35,2025-11-25 10:49:34,Completed,2025-11-25 09:46:34
R0002850,2025-11-25 11:02:17,Housekeeping,Standard,35,2025-11-25 12:28:17,Completed,2025-11-25 11:40:17
R0002851,2025-11-25 19:05:08,FrontDesk,Standard,12,2025-11-25 21:54:08,Completed,2025-11-25 19:29:08
R0002852,2025-11-25 19:33:47,Housekeeping,Standard,35,2025-11-25 21:55:47,Completed,2025-11-25 20:10:47
R0002853,2025-11-25 22:09:24,FrontDesk,Standard,12,2025-11-26 00:14:24,Completed,2025-11-25 22:39:24
R0002854,2025-11-25 19:24:44,FrontDesk,Standard,12,2025-11-25 20:38:44,Completed,2025-11-25 19:51:44
R0002855,2025-11-25 19:04:17,FrontDesk,Standard,12,2025-11-25 20:48:17,Completed,2025-11-25 19:19:17
R0002856,2025-11-26 18:05:31,Housekeeping,Standard,35,2025-11-26 20:14:31,Completed,2025-11-26 18:37:31
R0002857,2025-11-26 19:45:31,Maintenance,Standard,55,2025-11-26 20:48:31,Open,
R0002858,2025-11-26 19:59:17,FrontDesk,Standard,12,2025-11-26 22:30:17,Completed,2025-11-26 20:26:17
R0002859,2025-11-26 19:04:47,F&B,Standard,25,2025-11-26 21:11:47,Completed,2025-11-26 19:43:47
R0002860,2025-11-26 13:18:08,Housekeeping,Standard,35,2025-11-26 15:43:08,Completed,2025-11-26 14:06:08
R0002861,2025-11-26 22:31:19,Housekeeping,Standard,35,2025-11-27 00:48:19,Completed,2025-11-26 23:21:19
R0002862,2025-11-26 20:16:06,Housekeeping,Standard,35,2025-11-26 22:56:06,Completed,2025-11-26 21:08:06
R0002863,2025-11-26 16:29:51,Housekeeping,Standard,35,2025-11-26 17:41:51,Completed,2025-11-26 17:16:51
R0002864,2025-11-26 19:22:46,F&B,Standard,25,2025-11-26 22:10:46,Completed,2025-11-26 19:42:46
R0002865,2025-11-26 16:52:34,FrontDesk,Standard,12,2025-11-26 18:01:34,Completed,2025-11-26 17:11:34
R0002866,2025-11-26 17:33:48,F&B,Standard,25,2025-11-26 20:32:48,Completed,2025-11-26 17:59:48
R0002867,2025-11-26 14:17:32,Housekeeping,Standard,35,2025-11-26 16:31:32,Completed,2025-11-26 15:01:32
R0002868,2025-11-26 18:15:37,Housekeeping,Standard,35,2025-11-26 19:26:37,Completed,2025-11-26 18:54:37
R0002869,2025-11-26 08:05:21,FrontDesk,Standard,12,2025-11-26 09:09:21,Completed,2025-11-26 08:42:21
R0002870,2025-11-26 19:33:12,Housekeeping,Standard,35,2025-11-26 22:15:12,Completed,2025-11-26 20:05:12
R0002871,2025-11-26 18:58:05,Housekeeping,Standard,35,2025-11-26 21:49:05,Completed,2025-11-26 20:08:05
R0002872,2025-11-26 20:05:31,Housekeeping,Standard,35,2025-11-26 22:49:31,Completed,2025-11-26 20:52:31
R0002873,2025-11-26 09:46:50,FrontDesk,Standard,12,2025-11-26 11:23:50,Completed,2025-11-26 10:03:50
R0002874,2025-11-26 19:22:40,FrontDesk,Standard,12,2025-11-26 22:01:40,Completed,2025-11-26 19:50:40
R0002875,2025-11-26 21:33:07,FrontDesk,Standard,12,2025-11-26 23:11:07,Completed,2025-11-26 21:58:07
R0002876,2025-11-26 18:45:54,Housekeeping,Standard,35,2025-11-26 21:43:54,Completed,2025-11-26 19:24:54
R0002877,2025-11-26 19:21:23,Housekeeping,Standard,35,2025-11-26 22:17:23,Completed,2025-11-26 20:17:23
R0002878,2025-11-26 17:07:42,Housekeeping,Standard,35,2025-11-26 19:56:42,Completed,2025-11-26 17:30:42
R0002879,2025-11-26 19:40:53,F&B,Standard,25,2025-11-26 22:06:53,Completed,2025-11-26 20:24:53
R0002880,2025-11-26 17:13:35,F&B,Standard,25,2025-11-26 19:03:35,Completed,2025-11-26 17:59:35
R0002881,2025-11-26 07:52:35,F&B,Standard,25,2025-11-26 09:22:35,Completed,2025-11-26 08:30:35
R0002882,2025-11-26 21:01:31,FrontDesk,Standard,12,2025-11-26 23:41:31,In_Progress,
R0002883,2025-11-26 19:31:15,Housekeeping,Standard,35,2025-11-26 21:51:15,Completed,2025-11-26 20:26:15
R0002884,2025-11-26 09:51:39,FrontDesk,Standard,12,2025-11-26 11:11:39,Completed,2025-11-26 10:27:39
R0002885,2025-11-26 13:09:05,Housekeeping,Standard,35,2025-11-26 14:10:05,Completed,2025-11-26 13:34:05
R0002886,2025-11-26 14:12:27,FrontDesk,Standard,12,2025-11-26 16:16:27,Completed,2025-11-26 14:28:27
R0002887,2025-11-26 19:43:23,Housekeeping,Standard,35,2025-11-26 21:43:23,Completed,2025-11-26 20:24:23
R0002888,2025-11-26 20:16:30,Housekeeping,Standard,35,2025-11-26 22:52:30,Completed,2025-11-26 20:52:30
R0002889,2025-11-26 08:04:17,Housekeeping,Standard,35,2025-11-26 10:45:17,Completed,2025-11-26 08:39:17
R0002890,2025-11-26 09:35:41,Housekeeping,Standard,35,2025-11-26 12:28:41,Completed,2025-11-26 10:32:41
R0002891,2025-11-26 18:52:06,Housekeeping,Standard,35,2025-11-26 21:42:06,Completed,2025-11-26 19:36:06
R0002892,2025-11-26 13:35:54,Housekeeping,Standard,35,2025-11-26 14:36:54,Completed,2025-11-26 14:12:54
R0002893,2025-11-26 19:59:17,Maintenance,Standard,55,2025-11-26 22:28:17,Completed,2025-11-26 21:29:17
R0002894,2025-11-26 08:09:04,FrontDesk,Standard,12,2025-11-26 11:08:04,Completed,2025-11-26 08:22:04
R0002895,2025-11-26 20:18:48,Housekeeping,Standard,35,2025-11-26 21:44:48,Completed,2025-11-26 21:11:48
R0002896,2025-11-26 09:57:59,F&B,Standard,25,2025-11-26 12:04:59,Completed,2025-11-26 10:24:59
R0002897,2025-11-26 09:18:44,Housekeeping,Standard,35,2025-11-26 10:58:44,Completed,2025-11-26 10:08:44
R0002898,2025-11-26 20:14:29,F&B,Standard,25,2025-11-26 22:30:29,Completed,2025-11-26 20:58:29
R0002899,2025-11-26 22:45:26,Housekeeping,Standard,35,2025-11-27 00:44:26,Completed,2025-11-26 23:24:26
R0002900,2025-11-26 16:47:53,FrontDesk,Standard,12,2025-11-26 18:29:53,Completed,2025-11-26 17:03:53
R0002901,2025-11-26 22:17:43,Housekeeping,Standard,35,2025-11-27 00:50:43,Completed,2025-11-26 23:06:43
R0002902,2025-11-26 19:17:36,F&B,Standard,25,2025-11-26 21:57:36,Completed,2025-11-26 20:07:36
R0002903,2025-11-26 11:02:26,F&B,Standard,25,2025-11-26 12:33:26,Completed,2025-11-26 11:41:26
R0002904,2025-11-26 19:12:12,Housekeeping,Standard,35,2025-11-26 22:08:12,Completed,2025-11-26 20:15:12
R0002905,2025-11-26 10:06:44,F&B,Standard,25,2025-11-26 12:53:44,Completed,2025-11-26 10:52:44
R0002906,2025-11-26 11:21:09,Housekeeping,Urgent,18,2025-11-26 11:36:09,Completed,2025-11-26 11:49:09
R0002907,2025-11-26 19:48:15,Maintenance,Standard,55,2025-11-26 22:17:15,In_Progress,
R0002908,2025-11-26 16:30:53,FrontDesk,Standard,12,2025-11-26 17:51:53,Completed,2025-11-26 17:00:53
R0002909,2025-11-26 12:51:25,Housekeeping,Standard,35,2025-11-26 13:59:25,Completed,2025-11-26 13:30:25
R0002910,2025-11-26 18:19:54,FrontDesk,Standard,12,2025-11-26 19:31:54,Completed,2025-11-26 18:38:54
R0002911,2025-11-26 14:38:04,F&B,Standard,25,2025-11-26 16:35:04,Completed,2025-11-26 15:14:04
R0002912,2025-11-26 18:38:52,FrontDesk,Standard,12,2025-11-26 21:09:52,Completed,2025-11-26 19:16:52
R0002913,2025-11-26 20:09:00,F&B,Standard,25,2025-11-26 21:58:00,Completed,2025-11-26 20:40:00
R0002914,2025-11-26 08:54:42,Maintenance,Standard,55,2025-11-26 09:55:42,Completed,2025-11-26 09:38:42
R0002915,2025-11-26 21:21:39,F&B,Standard,25,2025-11-26 23:35:39,Completed,2025-11-26 22:14:39
R0002916,2025-11-26 19:02:21,Maintenance,Standard,55,2025-11-26 21:28:21,Completed,2025-11-26 20:13:21
R0002917,2025-11-26 07:53:41,Housekeeping,Standard,35,2025-11-26 09:40:41,Completed,2025-11-26 08:28:41
R0002918,2025-11-26 20:18:05,F&B,Standard,25,2025-11-26 21:56:05,Completed,2025-11-26 21:07:05
R0002919,2025-11-26 12:22:54,Housekeeping,Standard,35,2025-11-26 14:18:54,Completed,2025-11-26 12:56:54
R0002920,2025-11-26 08:02:08,Housekeeping,Standard,35,2025-11-26 09:34:08,Completed,2025-11-26 09:05:08
R0002921,2025-11-26 12:10:28,Housekeeping,Standard,35,2025-11-26 15:00:28,Completed,2025-11-26 12:41:28
R0002922,2025-11-26 20:53:15,FrontDesk,Standard,12,2025-11-26 22:01:15,Completed,2025-11-26 21:29:15
R0002923,2025-11-26 21:18:49,FrontDesk,Standard,12,2025-11-26 23:49:49,Completed,2025-11-26 21:42:49
R0002924,2025-11-26 09:45:36,Housekeeping,Standard,35,2025-11-26 11:00:36,Completed,2025-11-26 10:50:36
R0002925,2025-11-26 14:51:37,Housekeeping,Standard,35,2025-11-26 15:55:37,Completed,2025-11-26 15:20:37
R0002926,2025-11-26 15:42:15,F&B,Standard,25,2025-11-26 18:14:15,Completed,2025-11-26 16:04:15
R0002927,2025-11-26 19:36:51,Housekeeping,Standard,35,2025-11-26 21:19:51,In_Progress,
R0002928,2025-11-26 07:02:45,F&B,Standard,25,2025-11-26 08:44:45,Completed,2025-11-26 07:27:45
R0002929,2025-11-26 11:50:02,F&B,Standard,25,2025-11-26 14:12:02,Completed,2025-11-26 12:15:02
R0002930,2025-11-26 21:30:36,Housekeeping,Standard,35,2025-11-26 23:29:36,Completed,2025-11-26 22:22:36
R0002931,2025-11-26 16:18:36,Housekeeping,Standard,35,2025-11-26 18:13:36,Completed,2025-11-26 17:16:36
R0002932,2025-11-26 12:56:26,F&B,Standard,25,2025-11-26 14:22:26,Completed,2025-11-26 13:05:26
R0002933,2025-11-26 22:39:46,F&B,Standard,25,2025-11-27 01:19:46,Completed,2025-11-26 23:19:46
R0002934,2025-11-26 14:26:04,Housekeeping,Standard,35,2025-11-26 15:27:04,Completed,2025-11-26 15:19:04
R0002935,2025-11-26 17:52:41,Housekeeping,Standard,35,2025-11-26 19:28:41,Completed,2025-11-26 19:01:41
R0002936,2025-11-26 20:15:06,FrontDesk,Standard,12,2025-11-26 21:18:06,Completed,2025-11-26 20:52:06
R0002937,2025-11-26 18:55:51,FrontDesk,Urgent,6,2025-11-26 19:22:51,Completed,2025-11-26 19:11:51
R0002938,2025-11-26 18:52:36,FrontDesk,Standard,12,2025-11-26 20:21:36,Completed,2025-11-26 19:07:36
R0002939,2025-11-26 09:39:52,FrontDesk,Standard,12,2025-11-26 10:58:52,Completed,2025-11-26 10:05:52
R0002940,2025-11-26 19:15:45,F&B,Standard,25,2025-11-26 20:43:45,Completed,2025-11-26 20:17:45
R0002941,2025-11-26 22:00:04,FrontDesk,Standard,12,2025-11-27 00:45:04,Completed,2025-11-26 22:19:04
R0002942,2025-11-26 20:54:59,FrontDesk,Standard,12,2025-11-26 22:41:59,Completed,2025-11-26 21:26:59
R0002943,2025-11-26 14:31:59,Housekeeping,Standard,35,2025-11-26 16:53:59,Completed,2025-11-26 15:15:59
R0002944,2025-11-26 13:40:45,FrontDesk,Standard,12,2025-11-26 15:16:45,Completed,2025-11-26 13:57:45
R0002945,2025-11-26 13:27:28,Housekeeping,Standard,35,2025-11-26 14:34:28,Completed,2025-11-26 14:03:28
R0002946,2025-11-26 09:25:13,Housekeeping,Standard,35,2025-11-26 11:13:13,Completed,2025-11-26 10:29:13
R0002947,2025-11-26 08:04:26,Housekeeping,Standard,35,2025-11-26 10:48:26,Completed,2025-11-26 09:02:26
R0002948,2025-11-26 22:23:40,Housekeeping,Standard,35,2025-11-26 23:56:40,Completed,2025-11-26 23:08:40
R0002949,2025-11-26 11:09:23,F&B,Standard,25,2025-11-26 12:20:23,Completed,2025-11-26 11:48:23
R0002950,2025-11-26 09:26:28,Housekeeping,Standard,35,2025-11-26 11:15:28,Completed,2025-11-26 10:06:28
R0002951,2025-11-26 11:11:40,Housekeeping,Standard,35,2025-11-26 14:08:40,Open,
R0002952,2025-11-26 09:43:19,F&B,Standard,25,2025-11-26 12:04:19,Completed,2025-11-26 10:15:19
R0002953,2025-11-26 14:26:59,Housekeeping,Standard,35,2025-11-26 15:41:59,Completed,2025-11-26 15:14:59
R0002954,2025-11-26 12:46:08,Housekeeping,Standard,35,2025-11-26 14:22:08,Completed,2025-11-26 13:26:08
R0002955,2025-11-26 18:21:42,Housekeeping,Standard,35,2025-11-26 21:02:42,Completed,2025-11-26 19:07:42
R0002956,2025-11-26 20:52:48,Housekeeping,Standard,35,2025-11-26 23:42:48,Open,
R0002957,2025-11-26 13:40:47,F&B,Standard,25,2025-11-26 14:46:47,Completed,2025-11-26 14:18:47
R0002958,2025-11-26 19:27:55,Maintenance,Standard,55,2025-11-26 21:03:55,Completed,2025-11-26 20:36:55
R0002959,2025-11-26 15:15:07,F&B,Standard,25,2025-11-26 18:06:07,Completed,2025-11-26 15:59:07
R0002960,2025-11-26 15:50:49,Housekeeping,Standard,35,2025-11-26 18:06:49,Completed,2025-11-26 16:53:49
R0002961,2025-11-26 19:56:18,FrontDesk,Standard,12,2025-11-26 22:15:18,Completed,2025-11-26 20:27:18
R0002962,2025-11-26 18:16:22,F&B,Standard,25,2025-11-26 20:11:22,Completed,2025-11-26 19:09:22
R0002963,2025-11-26 17:21:53,F&B,Urgent,12,2025-11-26 17:44:53,Completed,2025-11-26 17:35:53
R0002964,2025-11-26 18:04:09,Housekeeping,Urgent,18,2025-11-26 18:45:09,Completed,2025-11-26 18:47:09
R0002965,2025-11-26 12:08:35,F&B,Standard,25,2025-11-26 14:20:35,Completed,2025-11-26 12:44:35
R0002966,2025-11-26 13:21:36,Housekeeping,Standard,35,2025-11-26 15:29:36,Completed,2025-11-26 13:46:36
R0002967,2025-11-26 07:52:41,Housekeeping,Standard,35,2025-11-26 09:16:41,Completed,2025-11-26 08:18:41
R0002968,2025-11-26 07:12:39,F&B,Standard,25,2025-11-26 09:11:39,Completed,2025-11-26 07:53:39
R0002969,2025-11-26 07:20:07,F&B,Standard,25,2025-11-26 09:53:07,Completed,2025-11-26 07:59:07
R0002970,2025-11-26 19:38:04,FrontDesk,Standard,12,2025-11-26 22:32:04,Completed,2025-11-26 20:19:04
R0002971,2025-11-26 12:11:31,Housekeeping,Standard,35,2025-11-26 14:30:31,Completed,2025-11-26 13:22:31
R0002972,2025-11-26 07:47:07,F&B,Standard,25,2025-11-26 09:02:07,Completed,2025-11-26 08:08:07
R0002973,2025-11-26 07:44:54,FrontDesk,Standard,12,2025-11-26 10:30:54,Completed,2025-11-26 08:04:54
R0002974,2025-11-26 12:24:19,FrontDesk,Standard,12,2025-11-26 14:53:19,Completed,2025-11-26 13:03:19
R0002975,2025-11-26 20:34:58,FrontDesk,Standard,12,2025-11-26 23:28:58,Open,
R0002976,2025-11-26 19:06:07,Maintenance,Standard,55,2025-11-26 20:14:07,Completed,2025-11-26 20:17:07
R0002977,2025-11-26 12:04:41,Housekeeping,Urgent,18,2025-11-26 12:59:41,Completed,2025-11-26 12:54:41
R0002978,2025-11-26 20:48:42,FrontDesk,Urgent,6,2025-11-26 21:23:42,Completed,2025-11-26 21:10:42
R0002979,2025-11-26 18:04:54,Housekeeping,Standard,35,2025-11-26 20:32:54,Completed,2025-11-26 18:53:54
R0002980,2025-11-26 13:56:05,F&B,Standard,25,2025-11-26 16:56:05,Completed,2025-11-26 14:47:05
R0002981,2025-11-26 07:56:07,FrontDesk,Standard,12,2025-11-26 10:21:07,Completed,2025-11-26 08:08:07
R0002982,2025-11-26 11:47:02,Housekeeping,Standard,35,2025-11-26 14:10:02,Completed,2025-11-26 13:01:02
R0002983,2025-11-26 18:23:57,FrontDesk,Standard,12,2025-11-26 19:53:57,Completed,2025-11-26 18:45:57
R0002984,2025-11-26 10:47:13,Maintenance,Standard,55,2025-11-26 12:39:13,Completed,2025-11-26 11:47:13
R0002985,2025-11-26 09:26:17,F&B,Standard,25,2025-11-26 12:19:17,Completed,2025-11-26 10:06:17
R0002986,2025-11-26 17:27:04,FrontDesk,Standard,12,2025-11-26 19:22:04,Completed,2025-11-26 17:56:04
R0002987,2025-11-26 15:04:39,Maintenance,Standard,55,2025-11-26 17:25:39,Completed,2025-11-26 16:12:39
R0002988,2025-11-26 13:50:47,Maintenance,Standard,55,2025-11-26 15:45:47,Completed,2025-11-26 14:50:47
R0002989,2025-11-26 21:11:28,Maintenance,Standard,55,2025-11-26 22:59:28,Completed,2025-11-26 22:04:28
R0002990,2025-11-26 21:25:41,FrontDesk,Standard,12,2025-11-26 23:31:41,Completed,2025-11-26 21:56:41
R0002991,2025-11-26 22:40:50,FrontDesk,Standard,12,2025-11-27 01:33:50,Completed,2025-11-26 23:19:50
R0002992,2025-11-26 21:02:42,Housekeeping,Standard,35,2025-11-26 22:36:42,Completed,2025-11-26 21:52:42
R0002993,2025-11-26 19:52:43,FrontDesk,Standard,12,2025-11-26 21:52:43,Completed,2025-11-26 20:31:43
R0002994,2025-11-26 12:22:08,Housekeeping,Standard,35,2025-11-26 15:03:08,Completed,2025-11-26 13:29:08
R0002995,2025-11-26 08:12:39,F&B,Standard,25,2025-11-26 10:03:39,Completed,2025-11-26 08:42:39
R0002996,2025-11-26 13:03:40,Maintenance,Standard,55,2025-11-26 14:56:40,Completed,2025-11-26 14:13:40
R0002997,2025-11-26 21:09:06,FrontDesk,Standard,12,2025-11-26 22:09:06,Completed,2025-11-26 21:26:06
R0002998,2025-11-26 13:32:08,FrontDesk,Standard,12,2025-11-26 15:02:08,Completed,2025-11-26 13:50:08
R0002999,2025-11-26 22:56:00,FrontDesk,Urgent,6,2025-11-26 23:54:00,Completed,2025-11-26 23:09:00
R0003000,2025-11-26 19:26:57,FrontDesk,Standard,12,2025-11-26 21:39:57,Completed,2025-11-26 19:55:57
R0003001,2025-11-26 20:39:34,Housekeeping,Standard,35,2025-11-26 21:50:34,Completed,2025-11-26 21:10:34
R0003002,2025-11-26 20:55:55,FrontDesk,Standard,12,2025-11-26 23:27:55,Open,
R0003003,2025-11-26 17:55:51,Housekeeping,Standard,35,2025-11-26 19:40:51,Completed,2025-11-26 18:24:51
R0003004,2025-11-26 19:12:11,F&B,Standard,25,2025-11-26 22:02:11,Completed,2025-11-26 19:53:11
R0003005,2025-11-26 15:07:07,Housekeeping,Standard,35,2025-11-26 17:31:07,Completed,2025-11-26 15:43:07
R0003006,2025-11-26 10:41:19,Housekeeping,Standard,35,2025-11-26 12:26:19,Completed,2025-11-26 11:21:19
R0003007,2025-11-26 14:42:34,F&B,Standard,25,2025-11-26 17:30:34,Completed,2025-11-26 15:10:34
R0003008,2025-11-26 11:42:22,F&B,Standard,25,2025-11-26 14:17:22,Completed,2025-11-26 12:17:22
R0003009,2025-11-26 18:19:56,FrontDesk,Standard,12,2025-11-26 19:31:56,Completed,2025-11-26 18:56:56
R0003010,2025-11-26 14:56:24,F&B,Standard,25,2025-11-26 16:06:24,Completed,2025-11-26 15:39:24
R0003011,2025-11-26 21:55:51,Housekeeping,Standard,35,2025-11-27 00:30:51,Completed,2025-11-26 22:44:51
R0003012,2025-11-26 15:07:32,FrontDesk,Standard,12,2025-11-26 17:01:32,Completed,2025-11-26 15:42:32
R0003013,2025-11-26 13:20:27,Housekeeping,Urgent,18,2025-11-26 13:41:27,Completed,2025-11-26 13:52:27
R0003014,2025-11-26 11:50:09,Housekeeping,Standard,35,2025-11-26 13:05:09,Completed,2025-11-26 12:34:09
R0003015,2025-11-26 12:23:30,Housekeeping,Standard,35,2025-11-26 13:55:30,Open,
R0003016,2025-11-26 21:27:01,Housekeeping,Standard,35,2025-11-26 23:12:01,Completed,2025-11-26 22:18:01
R0003017,2025-11-26 12:47:44,F&B,Urgent,12,2025-11-26 13:14:44,Completed,2025-11-26 13:30:44
R0003018,2025-11-26 19:55:58,FrontDesk,Standard,12,2025-11-26 21:33:58,Completed,2025-11-26 20:26:58
R0003019,2025-11-26 13:51:38,F&B,Urgent,12,2025-11-26 14:47:38,Completed,2025-11-26 14:14:38
R0003020,2025-11-26 19:36:16,Housekeeping,Standard,35,2025-11-26 21:49:16,Completed,2025-11-26 20:36:16
R0003021,2025-11-26 16:54:48,FrontDesk,Standard,12,2025-11-26 18:52:48,Completed,2025-11-26 17:34:48
R0003022,2025-11-26 22:36:21,Housekeeping,Standard,35,2025-11-26 23:50:21,Completed,2025-11-26 23:23:21
R0003023,2025-11-26 21:30:28,F&B,Standard,25,2025-11-27 00:22:28,Completed,2025-11-26 21:56:28
R0003024,2025-11-26 11:11:06,Housekeeping,Standard,35,2025-11-26 13:42:06,Open,
R0003025,2025-11-26 08:54:05,Housekeeping,Standard,35,2025-11-26 11:20:05,Completed,2025-11-26 10:10:05
R0003026,2025-11-26 19:11:19,Housekeeping,Standard,35,2025-11-26 21:44:19,In_Progress,
R0003027,2025-11-26 13:48:25,F&B,Standard,25,2025-11-26 15:17:25,In_Progress,
R0003028,2025-11-26 19:23:42,F&B,Standard,25,2025-11-26 22:04:42,Open,
R0003029,2025-11-26 17:29:30,Maintenance,Urgent,30,2025-11-26 17:46:30,Completed,2025-11-26 18:36:30
R0003030,2025-11-26 14:13:09,F&B,Standard,25,2025-11-26 16:18:09,Completed,2025-11-26 14:55:09
R0003031,2025-11-26 13:09:30,F&B,Standard,25,2025-11-26 14:16:30,Completed,2025-11-26 14:01:30
R0003032,2025-11-26 14:39:05,Housekeeping,Urgent,18,2025-11-26 15:37:05,Completed,2025-11-26 14:58:05
R0003033,2025-11-26 13:20:31,F&B,Standard,25,2025-11-26 14:47:31,Completed,2025-11-26 13:40:31
R0003034,2025-11-26 10:14:49,FrontDesk,Standard,12,2025-11-26 12:29:49,Completed,2025-11-26 10:54:49
R0003035,2025-11-26 09:48:31,Maintenance,Standard,55,2025-11-26 11:10:31,Completed,2025-11-26 11:08:31
R0003036,2025-11-26 19:04:14,Housekeeping,Urgent,18,2025-11-26 19:38:14,In_Progress,
R0003037,2025-11-26 19:19:40,FrontDesk,Standard,12,2025-11-26 20:51:40,Completed,2025-11-26 19:51:40
R0003038,2025-11-27 11:10:33,FrontDesk,Standard,12,2025-11-27 13:56:33,Completed,2025-11-27 11:32:33
R0003039,2025-11-27 19:53:04,F&B,Standard,25,2025-11-27 21:15:04,Completed,2025-11-27 20:19:04
R0003040,2025-11-27 21:17:51,Housekeeping,Standard,35,2025-11-27 22:17:51,Completed,2025-11-27 22:22:51
R0003041,2025-11-27 14:30:51,F&B,Standard,25,2025-11-27 16:28:51,Open,
R0003042,2025-11-27 11:01:03,FrontDesk,Standard,12,2025-11-27 12:14:03,Completed,2025-11-27 11:40:03
R0003043,2025-11-27 14:57:18,Housekeeping,Urgent,18,2025-11-27 15:50:18,Completed,2025-11-27 15:42:18
R0003044,2025-11-27 16:44:00,Housekeeping,Standard,35,2025-11-27 17:50:00,Completed,2025-11-27 17:16:00
R0003045,2025-11-27 13:22:49,Housekeeping,Standard,35,2025-11-27 14:56:49,Completed,2025-11-27 14:08:49
R0003046,2025-11-27 19:33:26,Housekeeping,Standard,35,2025-11-27 21:09:26,Open,
R0003047,2025-11-27 08:58:37,Housekeeping,Standard,35,2025-11-27 11:12:37,Completed,2025-11-27 09:52:37
R0003048,2025-11-27 09:43:25,FrontDesk,Standard,12,2025-11-27 11:58:25,Open,
R0003049,2025-11-27 22:01:19,Housekeeping,Urgent,18,2025-11-27 23:01:19,Completed,2025-11-27 22:29:19
R0003050,2025-11-27 20:12:50,FrontDesk,Standard,12,2025-11-27 21:35:50,Completed,2025-11-27 20:30:50
R0003051,2025-11-27 07:06:16,Housekeeping,Standard,35,2025-11-27 09:07:16,Open,
R0003052,2025-11-27 20:22:38,Housekeeping,Standard,35,2025-11-27 23:03:38,Completed,2025-11-27 21:16:38
R0003053,2025-11-27 12:45:54,Housekeeping,Standard,35,2025-11-27 14:20:54,Completed,2025-11-27 13:48:54
R0003054,2025-11-27 20:59:52,Maintenance,Standard,55,2025-11-27 23:59:52,Completed,2025-11-27 22:02:52
R0003055,2025-11-27 19:57:39,FrontDesk,Standard,12,2025-11-27 21:58:39,Completed,2025-11-27 20:19:39
R0003056,2025-11-27 19:28:14,F&B,Standard,25,2025-11-27 22:03:14,Completed,2025-11-27 20:06:14
R0003057,2025-11-27 15:34:07,Housekeeping,Standard,35,2025-11-27 17:59:07,Open,
R0003058,2025-11-27 19:14:17,Maintenance,Standard,55,2025-11-27 22:10:17,Completed,2025-11-27 20:33:17
R0003059,2025-11-27 20:01:00,F&B,Standard,25,2025-11-27 22:32:00,Completed,2025-11-27 20:38:00
R0003060,2025-11-27 20:49:37,F&B,Standard,25,2025-11-27 22:57:37,Completed,2025-11-27 21:24:37
R0003061,2025-11-27 19:50:58,F&B,Standard,25,2025-11-27 22:29:58,Completed,2025-11-27 20:17:58
R0003062,2025-11-27 08:02:55,Housekeeping,Standard,35,2025-11-27 10:46:55,Completed,2025-11-27 09:03:55
R0003063,2025-11-27 12:56:11,F&B,Standard,25,2025-11-27 14:12:11,Completed,2025-11-27 13:51:11
R0003064,2025-11-27 21:16:33,F&B,Standard,25,2025-11-27 22:23:33,Completed,2025-11-27 21:52:33
R0003065,2025-11-27 20:21:27,F&B,Standard,25,2025-11-27 22:06:27,Open,
R0003066,2025-11-27 09:53:02,Maintenance,Standard,55,2025-11-27 10:54:02,Completed,2025-11-27 11:12:02
R0003067,2025-11-27 10:59:08,Housekeeping,Standard,35,2025-11-27 12:54:08,Completed,2025-11-27 11:50:08
R0003068,2025-11-27 17:19:25,Maintenance,Standard,55,2025-11-27 20:11:25,Completed,2025-11-27 18:19:25
R0003069,2025-11-27 17:23:27,Housekeeping,Standard,35,2025-11-27 19:49:27,Completed,2025-11-27 18:15:27
R0003070,2025-11-27 18:25:18,Housekeeping,Standard,35,2025-11-27 19:50:18,Completed,2025-11-27 19:12:18
R0003071,2025-11-27 18:05:23,FrontDesk,Standard,12,2025-11-27 20:46:23,In_Progress,
R0003072,2025-11-27 15:45:09,F&B,Standard,25,2025-11-27 18:42:09,Completed,2025-11-27 16:21:09
R0003073,2025-11-27 12:19:44,FrontDesk,Standard,12,2025-11-27 13:44:44,Completed,2025-11-27 13:01:44
R0003074,2025-11-27 12:13:42,FrontDesk,Standard,12,2025-11-27 14:39:42,Completed,2025-11-27 12:46:42
R0003075,2025-11-27 14:20:35,F&B,Standard,25,2025-11-27 16:06:35,Completed,2025-11-27 15:02:35
R0003076,2025-11-27 21:38:49,F&B,Standard,25,2025-11-27 22:47:49,Completed,2025-11-27 22:12:49
R0003077,2025-11-27 09:31:35,F&B,Standard,25,2025-11-27 10:40:35,Completed,2025-11-27 10:20:35
R0003078,2025-11-27 14:03:59,Housekeeping,Standard,35,2025-11-27 15:13:59,Completed,2025-11-27 14:41:59
R0003079,2025-11-27 13:14:08,FrontDesk,Urgent,6,2025-11-27 13:40:08,Completed,2025-11-27 13:32:08
R0003080,2025-11-27 18:12:17,FrontDesk,Standard,12,2025-11-27 20:48:17,Completed,2025-11-27 18:51:17
R0003081,2025-11-27 11:06:54,Maintenance,Standard,55,2025-11-27 13:05:54,Open,
R0003082,2025-11-27 09:15:13,FrontDesk,Standard,12,2025-11-27 11:08:13,In_Progress,
R0003083,2025-11-27 09:45:11,FrontDesk,Standard,12,2025-11-27 12:41:11,Completed,2025-11-27 10:03:11
R0003084,2025-11-27 13:50:46,Housekeeping,Standard,35,2025-11-27 15:34:46,Completed,2025-11-27 14:44:46
R0003085,2025-11-27 17:48:01,FrontDesk,Standard,12,2025-11-27 18:55:01,Completed,2025-11-27 18:08:01
R0003086,2025-11-27 08:52:57,FrontDesk,Standard,12,2025-11-27 10:01:57,Completed,2025-11-27 09:05:57
R0003087,2025-11-27 18:33:58,FrontDesk,Standard,12,2025-11-27 21:29:58,Completed,2025-11-27 19:06:58
R0003088,2025-11-27 16:38:35,F&B,Standard,25,2025-11-27 18:37:35,Completed,2025-11-27 17:08:35
R0003089,2025-11-27 14:26:39,Housekeeping,Standard,35,2025-11-27 16:01:39,Completed,2025-11-27 15:15:39
R0003090,2025-11-27 19:29:30,F&B,Standard,25,2025-11-27 21:06:30,Open,
R0003091,2025-11-27 10:01:45,FrontDesk,Standard,12,2025-11-27 11:19:45,Completed,2025-11-27 10:18:45
R0003092,2025-11-27 18:46:27,Housekeeping,Standard,35,2025-11-27 19:50:27,Completed,2025-11-27 19:45:27
R0003093,2025-11-27 18:22:08,FrontDesk,Standard,12,2025-11-27 20:37:08,Completed,2025-11-27 18:53:08
R0003094,2025-11-27 14:24:39,Housekeeping,Standard,35,2025-11-27 15:44:39,Completed,2025-11-27 15:18:39
R0003095,2025-11-27 11:16:35,Housekeeping,Standard,35,2025-11-27 13:30:35,Completed,2025-11-27 12:12:35
R0003096,2025-11-27 20:50:43,Housekeeping,Standard,35,2025-11-27 22:56:43,Open,
R0003097,2025-11-27 08:57:00,Housekeeping,Standard,35,2025-11-27 11:23:00,Completed,2025-11-27 09:35:00
R0003098,2025-11-27 22:57:50,FrontDesk,Standard,12,2025-11-28 01:32:50,Completed,2025-11-27 23:30:50
R0003099,2025-11-27 07:57:33,Maintenance,Standard,55,2025-11-27 09:06:33,Completed,2025-11-27 09:16:33
R0003100,2025-11-27 21:46:58,F&B,Standard,25,2025-11-27 23:52:58,Completed,2025-11-27 22:04:58
R0003101,2025-11-27 14:45:23,F&B,Standard,25,2025-11-27 17:39:23,Completed,2025-11-27 15:25:23
R0003102,2025-11-27 20:21:40,Housekeeping,Urgent,18,2025-11-27 21:00:40,Completed,2025-11-27 21:09:40
R0003103,2025-11-27 12:21:52,Housekeeping,Standard,35,2025-11-27 15:07:52,Completed,2025-11-27 13:25:52
R0003104,2025-11-27 13:14:27,F&B,Standard,25,2025-11-27 16:03:27,Open,
R0003105,2025-11-27 21:52:29,FrontDesk,Standard,12,2025-11-27 22:57:29,Completed,2025-11-27 22:31:29
R0003106,2025-11-27 22:48:42,Maintenance,Standard,55,2025-11-28 01:41:42,Completed,2025-11-27 23:06:42
R0003107,2025-11-27 21:57:16,Housekeeping,Standard,35,2025-11-28 00:15:16,Completed,2025-11-27 22:41:16
R0003108,2025-11-27 09:25:39,F&B,Standard,25,2025-11-27 11:58:39,Completed,2025-11-27 09:48:39
R0003109,2025-11-27 19:03:38,F&B,Urgent,12,2025-11-27 19:39:38,Completed,2025-11-27 19:25:38
R0003110,2025-11-27 18:48:31,Housekeeping,Standard,35,2025-11-27 21:05:31,Completed,2025-11-27 19:18:31
R0003111,2025-11-27 20:25:22,Housekeeping,Standard,35,2025-11-27 22:52:22,Completed,2025-11-27 21:25:22
R0003112,2025-11-27 20:23:11,Housekeeping,Urgent,18,2025-11-27 20:38:11,Completed,2025-11-27 20:49:11
R0003113,2025-11-27 20:26:44,Housekeeping,Standard,35,2025-11-27 21:35:44,In_Progress,
R0003114,2025-11-27 07:55:48,Maintenance,Standard,55,2025-11-27 10:06:48,Completed,2025-11-27 09:10:48
R0003115,2025-11-27 20:31:55,Housekeeping,Standard,35,2025-11-27 21:47:55,Completed,2025-11-27 21:19:55
R0003116,2025-11-27 12:52:48,Housekeeping,Standard,35,2025-11-27 14:07:48,In_Progress,
R0003117,2025-11-27 11:13:55,Housekeeping,Standard,35,2025-11-27 14:07:55,In_Progress,
R0003118,2025-11-27 09:13:28,F&B,Urgent,12,2025-11-27 09:58:28,Completed,2025-11-27 09:26:28
R0003119,2025-11-27 18:01:29,FrontDesk,Standard,12,2025-11-27 20:34:29,Completed,2025-11-27 18:35:29
R0003120,2025-11-27 17:23:07,FrontDesk,Standard,12,2025-11-27 19:30:07,Completed,2025-11-27 18:01:07
R0003121,2025-11-27 15:17:11,Housekeeping,Standard,35,2025-11-27 16:39:11,Completed,2025-11-27 16:02:11
R0003122,2025-11-27 10:46:38,Maintenance,Standard,55,2025-11-27 13:42:38,Completed,2025-11-27 12:17:38
R0003123,2025-11-27 20:34:55,Housekeeping,Standard,35,2025-11-27 22:00:55,Completed,2025-11-27 21:30:55
R0003124,2025-11-27 08:24:37,FrontDesk,Standard,12,2025-11-27 10:42:37,Completed,2025-11-27 08:54:37
R0003125,2025-11-27 07:01:51,F&B,Standard,25,2025-11-27 08:58:51,Open,
R0003126,2025-11-27 21:28:48,Housekeeping,Standard,35,2025-11-28 00:15:48,Completed,2025-11-27 22:37:48
R0003127,2025-11-27 14:56:28,Housekeeping,Standard,35,2025-11-27 16:06:28,Completed,2025-11-27 15:49:28
R0003128,2025-11-27 16:53:20,Housekeeping,Standard,35,2025-11-27 19:09:20,Completed,2025-11-27 17:11:20
R0003129,2025-11-27 10:23:34,F&B,Standard,25,2025-11-27 12:47:34,Completed,2025-11-27 11:23:34
R0003130,2025-11-27 11:24:46,F&B,Standard,25,2025-11-27 12:26:46,Completed,2025-11-27 12:13:46
R0003131,2025-11-27 21:40:21,F&B,Standard,25,2025-11-28 00:23:21,Completed,2025-11-27 22:26:21
R0003132,2025-11-27 08:23:21,Maintenance,Standard,55,2025-11-27 09:46:21,Completed,2025-11-27 10:09:21
R0003133,2025-11-27 18:06:24,Housekeeping,Standard,35,2025-11-27 19:17:24,Completed,2025-11-27 19:00:24
R0003134,2025-11-27 07:35:11,FrontDesk,Standard,12,2025-11-27 09:10:11,Completed,2025-11-27 08:06:11
R0003135,2025-11-27 22:46:50,Maintenance,Urgent,30,2025-11-27 23:19:50,Completed,2025-11-27 23:29:50
R0003136,2025-11-27 19:21:14,Housekeeping,Standard,35,2025-11-27 20:45:14,Completed,2025-11-27 20:07:14
R0003137,2025-11-27 22:15:44,FrontDesk,Urgent,6,2025-11-27 22:53:44,Completed,2025-11-27 22:42:44
R0003138,2025-11-27 21:54:36,Housekeeping,Standard,35,2025-11-27 23:05:36,Completed,2025-11-27 22:51:36
R0003139,2025-11-27 07:39:35,FrontDesk,Standard,12,2025-11-27 10:23:35,In_Progress,
R0003140,2025-11-27 07:37:23,F&B,Standard,25,2025-11-27 10:18:23,Completed,2025-11-27 08:29:23
R0003141,2025-11-27 14:02:19,Housekeeping,Standard,35,2025-11-27 16:44:19,Completed,2025-11-27 15:01:19
R0003142,2025-11-27 21:41:55,F&B,Standard,25,2025-11-27 22:45:55,Completed,2025-11-27 22:12:55
R0003143,2025-11-27 19:36:11,Housekeeping,Standard,35,2025-11-27 22:26:11,Completed,2025-11-27 20:15:11
R0003144,2025-11-27 09:17:23,F&B,Urgent,12,2025-11-27 10:02:23,Open,
R0003145,2025-11-27 22:06:28,F&B,Standard,25,2025-11-27 23:42:28,Completed,2025-11-27 22:53:28
R0003146,2025-11-27 15:18:10,Housekeeping,Standard,35,2025-11-27 17:51:10,Completed,2025-11-27 16:22:10
R0003147,2025-11-27 12:43:03,F&B,Standard,25,2025-11-27 15:12:03,Completed,2025-11-27 13:27:03
R0003148,2025-11-27 14:53:57,FrontDesk,Standard,12,2025-11-27 16:48:57,Completed,2025-11-27 15:13:57
R0003149,2025-11-27 21:41:16,F&B,Standard,25,2025-11-27 22:58:16,Completed,2025-11-27 22:17:16
R0003150,2025-11-27 14:04:46,FrontDesk,Standard,12,2025-11-27 15:47:46,Completed,2025-11-27 14:43:46
R0003151,2025-11-27 12:31:24,Maintenance,Standard,55,2025-11-27 13:59:24,Completed,2025-11-27 13:59:24
R0003152,2025-11-27 21:20:13,F&B,Standard,25,2025-11-27 22:46:13,Completed,2025-11-27 21:56:13
R0003153,2025-11-27 12:11:11,F&B,Standard,25,2025-11-27 13:15:11,Completed,2025-11-27 12:32:11
R0003154,2025-11-27 08:08:00,FrontDesk,Standard,12,2025-11-27 10:12:00,Completed,2025-11-27 08:23:00
R0003155,2025-11-27 11:49:52,FrontDesk,Standard,12,2025-11-27 14:17:52,Completed,2025-11-27 12:07:52
R0003156,2025-11-27 20:58:16,FrontDesk,Standard,12,2025-11-27 23:30:16,Completed,2025-11-27 21:15:16
R0003157,2025-11-27 11:20:31,F&B,Standard,25,2025-11-27 13:55:31,Completed,2025-11-27 12:10:31
R0003158,2025-11-27 21:11:47,F&B,Standard,25,2025-11-27 22:57:47,Completed,2025-11-27 22:00:47
R0003159,2025-11-27 17:02:50,FrontDesk,Standard,12,2025-11-27 19:44:50,Completed,2025-11-27 17:19:50
R0003160,2025-11-27 21:29:43,Housekeeping,Standard,35,2025-11-27 23:10:43,Completed,2025-11-27 22:20:43
R0003161,2025-11-27 18:28:51,FrontDesk,Standard,12,2025-11-27 19:53:51,Completed,2025-11-27 18:50:51
R0003162,2025-11-27 11:06:07,FrontDesk,Urgent,6,2025-11-27 11:22:07,Completed,2025-11-27 11:22:07
R0003163,2025-11-27 19:37:22,Housekeeping,Standard,35,2025-11-27 22:29:22,Completed,2025-11-27 20:40:22
R0003164,2025-11-27 12:18:35,F&B,Standard,25,2025-11-27 14:07:35,Completed,2025-11-27 12:54:35
R0003165,2025-11-27 13:12:31,F&B,Standard,25,2025-11-27 15:35:31,Completed,2025-11-27 13:49:31
R0003166,2025-11-27 20:05:09,Housekeeping,Standard,35,2025-11-27 22:44:09,Completed,2025-11-27 21:09:09
R0003167,2025-11-27 18:31:39,Housekeeping,Urgent,18,2025-11-27 19:08:39,Completed,2025-11-27 19:03:39
R0003168,2025-11-27 07:10:45,F&B,Standard,25,2025-11-27 09:20:45,Completed,2025-11-27 07:50:45
R0003169,2025-11-27 10:21:45,F&B,Standard,25,2025-11-27 11:31:45,In_Progress,
R0003170,2025-11-27 14:23:39,F&B,Standard,25,2025-11-27 17:03:39,Completed,2025-11-27 15:06:39
R0003171,2025-11-27 11:02:00,Housekeeping,Standard,35,2025-11-27 12:30:00,Completed,2025-11-27 12:13:00
R0003172,2025-11-27 10:22:00,Housekeeping,Standard,35,2025-11-27 13:19:00,Completed,2025-11-27 11:32:00
R0003173,2025-11-27 16:48:41,F&B,Standard,25,2025-11-27 19:24:41,Completed,2025-11-27 17:28:41
R0003174,2025-11-27 07:38:34,F&B,Standard,25,2025-11-27 10:26:34,Completed,2025-11-27 08:18:34
R0003175,2025-11-27 21:04:46,Housekeeping,Standard,35,2025-11-27 23:28:46,Completed,2025-11-27 21:41:46
R0003176,2025-11-27 21:52:34,F&B,Standard,25,2025-11-28 00:17:34,Completed,2025-11-27 22:21:34
R0003177,2025-11-27 20:42:16,FrontDesk,Standard,12,2025-11-27 23:42:16,Completed,2025-11-27 21:12:16
R0003178,2025-11-27 20:32:12,FrontDesk,Standard,12,2025-11-27 21:45:12,Completed,2025-11-27 21:14:12
R0003179,2025-11-27 19:44:06,FrontDesk,Standard,12,2025-11-27 21:06:06,Completed,2025-11-27 20:14:06
R0003180,2025-11-27 07:22:31,FrontDesk,Standard,12,2025-11-27 08:58:31,Open,
R0003181,2025-11-27 15:54:33,FrontDesk,Standard,12,2025-11-27 18:38:33,Completed,2025-11-27 16:19:33
R0003182,2025-11-27 14:20:02,Maintenance,Standard,55,2025-11-27 15:49:02,Completed,2025-11-27 15:38:02
R0003183,2025-11-27 20:05:43,Housekeeping,Standard,35,2025-11-27 22:50:43,Completed,2025-11-27 20:44:43
R0003184,2025-11-27 19:37:41,Maintenance,Standard,55,2025-11-27 22:11:41,Completed,2025-11-27 20:18:41
R0003185,2025-11-27 21:35:03,Housekeeping,Standard,35,2025-11-27 22:48:03,Completed,2025-11-27 22:31:03
R0003186,2025-11-27 14:04:17,Housekeeping,Standard,35,2025-11-27 15:25:17,Completed,2025-11-27 14:59:17
R0003187,2025-11-27 09:01:26,Housekeeping,Urgent,18,2025-11-27 09:26:26,Completed,2025-11-27 09:37:26
R0003188,2025-11-27 18:18:04,Maintenance,Standard,55,2025-11-27 20:10:04,Completed,2025-11-27 19:17:04
R0003189,2025-11-27 21:59:05,F&B,Standard,25,2025-11-27 23:38:05,Completed,2025-11-27 22:37:05
R0003190,2025-11-27 20:42:02,F&B,Urgent,12,2025-11-27 21:19:02,Completed,2025-11-27 21:01:02
R0003191,2025-11-27 13:30:55,F&B,Urgent,12,2025-11-27 14:04:55,Completed,2025-11-27 14:09:55
R0003192,2025-11-27 08:00:45,FrontDesk,Urgent,6,2025-11-27 08:35:45,Completed,2025-11-27 08:26:45
R0003193,2025-11-27 11:37:54,Housekeeping,Urgent,18,2025-11-27 12:30:54,Completed,2025-11-27 12:24:54
R0003194,2025-11-27 20:40:28,Housekeeping,Standard,35,2025-11-27 22:20:28,Completed,2025-11-27 21:28:28
R0003195,2025-11-27 08:00:10,F&B,Standard,25,2025-11-27 09:47:10,Completed,2025-11-27 08:23:10
R0003196,2025-11-27 12:54:25,FrontDesk,Standard,12,2025-11-27 15:19:25,Completed,2025-11-27 13:23:25
R0003197,2025-11-27 20:45:15,F&B,Standard,25,2025-11-27 22:53:15,Completed,2025-11-27 21:39:15
R0003198,2025-11-27 20:35:16,Maintenance,Standard,55,2025-11-27 22:59:16,Completed,2025-11-27 22:08:16
R0003199,2025-11-27 20:33:33,F&B,Standard,25,2025-11-27 23:08:33,Completed,2025-11-27 21:23:33
R0003200,2025-11-27 20:16:37,Housekeeping,Standard,35,2025-11-27 21:17:37,Completed,2025-11-27 21:06:37
R0003201,2025-11-27 22:22:12,F&B,Standard,25,2025-11-27 23:47:12,Completed,2025-11-27 23:01:12
R0003202,2025-11-27 18:34:28,FrontDesk,Standard,12,2025-11-27 21:07:28,Completed,2025-11-27 19:05:28
R0003203,2025-11-27 21:25:57,Housekeeping,Standard,35,2025-11-27 23:02:57,Completed,2025-11-27 22:14:57
R0003204,2025-11-27 07:05:05,Housekeeping,Standard,35,2025-11-27 09:39:05,Completed,2025-11-27 07:48:05
R0003205,2025-11-27 15:37:28,FrontDesk,Standard,12,2025-11-27 17:23:28,Open,
R0003206,2025-11-27 16:46:14,F&B,Standard,25,2025-11-27 18:02:14,Completed,2025-11-27 17:26:14
R0003207,2025-11-27 19:52:04,F&B,Standard,25,2025-11-27 22:25:04,Completed,2025-11-27 20:38:04
R0003208,2025-11-27 17:23:26,Housekeeping,Standard,35,2025-11-27 18:53:26,Completed,2025-11-27 18:23:26
R0003209,2025-11-27 11:19:06,F&B,Standard,25,2025-11-27 12:53:06,Completed,2025-11-27 12:00:06
R0003210,2025-11-27 13:23:59,F&B,Standard,25,2025-11-27 15:19:59,Completed,2025-11-27 14:00:59
R0003211,2025-11-27 18:01:22,F&B,Standard,25,2025-11-27 19:03:22,Completed,2025-11-27 18:27:22
R0003212,2025-11-27 11:42:07,Maintenance,Standard,55,2025-11-27 14:38:07,Completed,2025-11-27 13:00:07
R0003213,2025-11-27 22:13:29,FrontDesk,Urgent,6,2025-11-27 22:58:29,Completed,2025-11-27 22:45:29
R0003214,2025-11-27 18:47:41,FrontDesk,Standard,12,2025-11-27 21:13:41,Completed,2025-11-27 19:14:41
R0003215,2025-11-27 09:19:24,F&B,Standard,25,2025-11-27 10:28:24,Completed,2025-11-27 09:45:24
R0003216,2025-11-27 11:05:06,Housekeeping,Urgent,18,2025-11-27 12:05:06,Completed,2025-11-27 12:01:06
R0003217,2025-11-27 20:11:21,Maintenance,Standard,55,2025-11-27 22:07:21,Completed,2025-11-27 21:36:21
R0003218,2025-11-27 08:10:19,Housekeeping,Standard,35,2025-11-27 11:00:19,Completed,2025-11-27 09:01:19
R0003219,2025-11-27 09:32:33,Housekeeping,Standard,35,2025-11-27 11:34:33,Completed,2025-11-27 10:01:33
R0003220,2025-11-27 21:08:52,F&B,Standard,25,2025-11-27 22:53:52,In_Progress,
R0003221,2025-11-27 20:19:59,FrontDesk,Standard,12,2025-11-27 22:12:59,Open,
R0003222,2025-11-27 22:57:30,F&B,Standard,25,2025-11-28 00:02:30,Completed,2025-11-27 23:30:30
R0003223,2025-11-27 18:31:38,F&B,Standard,25,2025-11-27 19:55:38,Completed,2025-11-27 19:13:38
R0003224,2025-11-27 22:42:07,Housekeeping,Standard,35,2025-11-28 01:15:07,Completed,2025-11-27 23:25:07
R0003225,2025-11-27 07:42:18,F&B,Standard,25,2025-11-27 08:55:18,Open,
R0003226,2025-11-27 10:41:34,Housekeeping,Standard,35,2025-11-27 12:38:34,Completed,2025-11-27 11:16:34
R0003227,2025-11-27 14:08:40,F&B,Standard,25,2025-11-27 15:47:40,Completed,2025-11-27 14:55:40
R0003228,2025-11-27 19:05:09,Housekeeping,Standard,35,2025-11-27 21:00:09,Completed,2025-11-27 20:08:09
R0003229,2025-11-27 19:18:17,F&B,Standard,25,2025-11-27 22:09:17,In_Progress,
R0003230,2025-11-27 22:04:27,Housekeeping,Standard,35,2025-11-27 23:20:27,Completed,2025-11-27 22:47:27
R0003231,2025-11-27 21:22:11,Housekeeping,Standard,35,2025-11-27 22:35:11,Completed,2025-11-27 22:23:11
R0003232,2025-11-27 21:15:48,FrontDesk,Urgent,6,2025-11-27 22:11:48,Completed,2025-11-27 21:25:48
R0003233,2025-11-27 15:15:46,Maintenance,Standard,55,2025-11-27 16:24:46,Open,
R0003234,2025-11-27 12:26:51,F&B,Standard,25,2025-11-27 14:50:51,Completed,2025-11-27 13:20:51
R0003235,2025-11-27 20:39:47,FrontDesk,Standard,12,2025-11-27 22:25:47,Completed,2025-11-27 20:58:47
R0003236,2025-11-27 12:27:37,FrontDesk,Standard,12,2025-11-27 15:04:37,Completed,2025-11-27 12:47:37
R0003237,2025-11-27 11:27:05,Housekeeping,Standard,35,2025-11-27 14:10:05,Completed,2025-11-27 12:00:05
R0003238,2025-11-27 08:29:08,FrontDesk,Standard,12,2025-11-27 10:40:08,Completed,2025-11-27 09:09:08
R0003239,2025-11-27 21:36:31,FrontDesk,Urgent,6,2025-11-27 22:00:31,Completed,2025-11-27 21:59:31
R0003240,2025-11-27 18:23:12,FrontDesk,Standard,12,2025-11-27 21:17:12,Completed,2025-11-27 18:36:12
R0003241,2025-11-27 13:42:37,Housekeeping,Standard,35,2025-11-27 15:06:37,Completed,2025-11-27 14:44:37
R0003242,2025-11-27 13:48:06,Housekeeping,Standard,35,2025-11-27 14:55:06,Completed,2025-11-27 14:37:06
R0003243,2025-11-27 10:34:04,Housekeeping,Standard,35,2025-11-27 12:28:04,Completed,2025-11-27 11:04:04
R0003244,2025-11-27 21:10:30,Housekeeping,Urgent,18,2025-11-27 21:45:30,Completed,2025-11-27 21:24:30
R0003245,2025-11-27 07:01:41,FrontDesk,Standard,12,2025-11-27 08:52:41,Completed,2025-11-27 07:14:41
R0003246,2025-11-27 12:48:01,Maintenance,Standard,55,2025-11-27 14:09:01,Completed,2025-11-27 14:02:01
R0003247,2025-11-27 15:36:30,F&B,Standard,25,2025-11-27 16:58:30,Completed,2025-11-27 16:29:30
R0003248,2025-11-27 20:58:13,Housekeeping,Standard,35,2025-11-27 22:52:13,Completed,2025-11-27 21:25:13
R0003249,2025-11-27 14:53:17,Housekeeping,Standard,35,2025-11-27 17:50:17,Completed,2025-11-27 15:58:17
R0003250,2025-11-27 12:57:24,Housekeeping,Urgent,18,2025-11-27 13:22:24,Completed,2025-11-27 13:26:24
R0003251,2025-11-27 22:45:38,F&B,Standard,25,2025-11-28 00:07:38,Completed,2025-11-27 23:29:38
R0003252,2025-11-27 18:17:20,Housekeeping,Standard,35,2025-11-27 19:23:20,Completed,2025-11-27 19:18:20
R0003253,2025-11-27 07:27:57,F&B,Standard,25,2025-11-27 09:22:57,Completed,2025-11-27 07:53:57
R0003254,2025-11-27 09:01:45,FrontDesk,Standard,12,2025-11-27 10:21:45,Completed,2025-11-27 09:33:45
R0003255,2025-11-27 13:54:07,F&B,Standard,25,2025-11-27 16:43:07,Completed,2025-11-27 14:24:07
R0003256,2025-11-27 19:00:37,FrontDesk,Standard,12,2025-11-27 20:48:37,Completed,2025-11-27 19:29:37
R0003257,2025-11-27 12:13:23,F&B,Standard,25,2025-11-27 13:25:23,Completed,2025-11-27 13:11:23
R0003258,2025-11-27 14:59:11,Housekeeping,Urgent,18,2025-11-27 15:14:11,Open,
R0003259,2025-11-27 13:01:31,F&B,Standard,25,2025-11-27 14:10:31,Open,
R0003260,2025-11-27 21:16:33,F&B,Urgent,12,2025-11-27 21:34:33,Completed,2025-11-27 21:30:33
R0003261,2025-11-27 12:34:53,Housekeeping,Standard,35,2025-11-27 14:46:53,Completed,2025-11-27 13:16:53
R0003262,2025-11-27 07:53:31,F&B,Standard,25,2025-11-27 09:57:31,Completed,2025-11-27 08:46:31
R0003263,2025-11-27 15:45:27,F&B,Standard,25,2025-11-27 17:22:27,Completed,2025-11-27 16:11:27
R0003264,2025-11-27 20:20:06,Maintenance,Standard,55,2025-11-27 22:28:06,Completed,2025-11-27 21:12:06
R0003265,2025-11-27 17:03:11,F&B,Standard,25,2025-11-27 18:14:11,Completed,2025-11-27 17:54:11
R0003266,2025-11-27 09:17:44,FrontDesk,Standard,12,2025-11-27 11:48:44,Completed,2025-11-27 09:31:44
R0003267,2025-11-27 19:59:16,FrontDesk,Standard,12,2025-11-27 21:17:16,Completed,2025-11-27 20:20:16
R0003268,2025-11-27 07:41:31,F&B,Standard,25,2025-11-27 09:21:31,Completed,2025-11-27 08:45:31
R0003269,2025-11-27 20:01:00,Housekeeping,Standard,35,2025-11-27 22:19:00,Completed,2025-11-27 20:39:00
R0003270,2025-11-27 15:46:20,Housekeeping,Standard,35,2025-11-27 17:12:20,Completed,2025-11-27 16:41:20
R0003271,2025-11-27 12:34:07,F&B,Standard,25,2025-11-27 15:24:07,Completed,2025-11-27 13:02:07
R0003272,2025-11-27 11:16:30,Housekeeping,Standard,35,2025-11-27 13:44:30,Completed,2025-11-27 11:54:30
R0003273,2025-11-27 07:47:11,F&B,Standard,25,2025-11-27 09:15:11,Completed,2025-11-27 08:30:11
R0003274,2025-11-27 12:29:09,Maintenance,Standard,55,2025-11-27 15:22:09,Completed,2025-11-27 13:46:09
R0003275,2025-11-27 16:37:48,FrontDesk,Standard,12,2025-11-27 19:20:48,Completed,2025-11-27 17:00:48
R0003276,2025-11-27 21:22:36,F&B,Standard,25,2025-11-28 00:00:36,Open,
R0003277,2025-11-27 09:22:35,Housekeeping,Standard,35,2025-11-27 10:34:35,Completed,2025-11-27 10:04:35
R0003278,2025-11-27 19:00:52,Housekeeping,Standard,35,2025-11-27 20:19:52,Completed,2025-11-27 19:39:52
R0003279,2025-11-27 10:21:47,FrontDesk,Standard,12,2025-11-27 13:15:47,In_Progress,
R0003280,2025-11-27 19:16:19,FrontDesk,Standard,12,2025-11-27 20:37:19,Completed,2025-11-27 19:49:19
R0003281,2025-11-27 10:34:44,Housekeeping,Standard,35,2025-11-27 13:34:44,Completed,2025-11-27 11:21:44
R0003282,2025-11-27 19:43:14,Housekeeping,Standard,35,2025-11-27 21:20:14,Completed,2025-11-27 20:17:14
R0003283,2025-11-27 11:19:01,Housekeeping,Standard,35,2025-11-27 12:58:01,Completed,2025-11-27 11:53:01
R0003284,2025-11-27 09:29:58,F&B,Standard,25,2025-11-27 11:29:58,Completed,2025-11-27 09:45:58
R0003285,2025-11-27 13:58:26,Housekeeping,Standard,35,2025-11-27 15:41:26,Completed,2025-11-27 14:43:26
R0003286,2025-11-27 12:01:38,Housekeeping,Standard,35,2025-11-27 13:06:38,Completed,2025-11-27 12:33:38
R0003287,2025-11-27 21:50:16,FrontDesk,Standard,12,2025-11-27 23:03:16,Completed,2025-11-27 22:08:16
R0003288,2025-11-27 15:34:41,F&B,Urgent,12,2025-11-27 16:33:41,Completed,2025-11-27 15:50:41
R0003289,2025-11-27 11:46:04,F&B,Standard,25,2025-11-27 14:46:04,Completed,2025-11-27 12:20:04
R0003290,2025-11-27 19:56:28,Maintenance,Standard,55,2025-11-27 22:51:28,Completed,2025-11-27 21:31:28
R0003291,2025-11-27 18:21:39,Housekeeping,Standard,35,2025-11-27 19:35:39,Completed,2025-11-27 19:11:39
R0003292,2025-11-27 20:57:28,Housekeeping,Standard,35,2025-11-27 21:58:28,Completed,2025-11-27 21:51:28
R0003293,2025-11-27 21:25:25,FrontDesk,Standard,12,2025-11-28 00:07:25,Completed,2025-11-27 22:02:25
R0003294,2025-11-28 12:20:16,FrontDesk,Standard,12,2025-11-28 15:11:16,Completed,2025-11-28 12:48:16
R0003295,2025-11-28 15:39:38,Housekeeping,Standard,35,2025-11-28 18:26:38,Completed,2025-11-28 16:38:38
R0003296,2025-11-28 18:04:21,Housekeeping,Standard,35,2025-11-28 20:18:21,Completed,2025-11-28 18:47:21
R0003297,2025-11-28 21:44:19,F&B,Standard,25,2025-11-28 23:30:19,Completed,2025-11-28 22:09:19
R0003298,2025-11-28 14:29:34,FrontDesk,Standard,12,2025-11-28 16:22:34,Completed,2025-11-28 15:07:34
R0003299,2025-11-28 20:07:20,FrontDesk,Standard,12,2025-11-28 22:02:20,Completed,2025-11-28 20:18:20
R0003300,2025-11-28 18:17:51,Housekeeping,Standard,35,2025-11-28 21:11:51,Completed,2025-11-28 18:57:51
R0003301,2025-11-28 19:24:11,Housekeeping,Standard,35,2025-11-28 21:39:11,Completed,2025-11-28 20:03:11
R0003302,2025-11-28 15:50:50,FrontDesk,Standard,12,2025-11-28 17:45:50,Completed,2025-11-28 16:33:50
R0003303,2025-11-28 18:33:22,FrontDesk,Standard,12,2025-11-28 20:39:22,Completed,2025-11-28 19:06:22
R0003304,2025-11-28 21:06:28,FrontDesk,Standard,12,2025-11-28 22:37:28,Completed,2025-11-28 21:42:28
R0003305,2025-11-28 12:32:23,Housekeeping,Standard,35,2025-11-28 14:31:23,Open,
R0003306,2025-11-28 07:02:07,F&B,Standard,25,2025-11-28 08:12:07,Completed,2025-11-28 07:34:07
R0003307,2025-11-28 19:14:57,Housekeeping,Standard,35,2025-11-28 21:43:57,Completed,2025-11-28 19:58:57
R0003308,2025-11-28 08:52:30,Housekeeping,Standard,35,2025-11-28 10:00:30,Open,
R0003309,2025-11-28 18:10:27,Housekeeping,Standard,35,2025-11-28 20:42:27,Completed,2025-11-28 19:03:27
R0003310,2025-11-28 18:31:10,Housekeeping,Standard,35,2025-11-28 19:41:10,Completed,2025-11-28 19:42:10
R0003311,2025-11-28 08:18:44,FrontDesk,Urgent,6,2025-11-28 08:54:44,Completed,2025-11-28 08:38:44
R0003312,2025-11-28 15:57:04,Housekeeping,Standard,35,2025-11-28 18:46:04,Open,
R0003313,2025-11-28 13:02:38,Housekeeping,Standard,35,2025-11-28 15:16:38,Completed,2025-11-28 13:31:38
R0003314,2025-11-28 19:05:43,Housekeeping,Standard,35,2025-11-28 21:32:43,Completed,2025-11-28 20:11:43
R0003315,2025-11-28 08:46:53,Housekeeping,Standard,35,2025-11-28 11:19:53,Completed,2025-11-28 09:41:53
R0003316,2025-11-28 17:41:39,Housekeeping,Standard,35,2025-11-28 19:24:39,Completed,2025-11-28 18:11:39
R0003317,2025-11-28 20:11:14,Housekeeping,Urgent,18,2025-11-28 21:05:14,Completed,2025-11-28 20:48:14
R0003318,2025-11-28 13:34:37,Housekeeping,Standard,35,2025-11-28 15:03:37,In_Progress,
R0003319,2025-11-28 21:04:09,Housekeeping,Standard,35,2025-11-28 22:31:09,Completed,2025-11-28 22:02:09
R0003320,2025-11-28 20:26:20,Housekeeping,Standard,35,2025-11-28 22:53:20,Completed,2025-11-28 21:17:20
R0003321,2025-11-28 14:28:22,F&B,Standard,25,2025-11-28 16:20:22,Completed,2025-11-28 15:00:22
R0003322,2025-11-28 12:37:57,F&B,Standard,25,2025-11-28 14:37:57,Completed,2025-11-28 13:17:57
R0003323,2025-11-28 11:30:15,FrontDesk,Standard,12,2025-11-28 13:56:15,Completed,2025-11-28 11:58:15
R0003324,2025-11-28 18:03:47,Housekeeping,Standard,35,2025-11-28 19:48:47,In_Progress,
R0003325,2025-11-28 07:31:17,Housekeeping,Standard,35,2025-11-28 09:15:17,In_Progress,
R0003326,2025-11-28 09:54:36,Housekeeping,Standard,35,2025-11-28 11:41:36,Completed,2025-11-28 10:52:36
R0003327,2025-11-28 13:49:27,F&B,Standard,25,2025-11-28 15:39:27,Completed,2025-11-28 14:24:27
R0003328,2025-11-28 22:00:26,F&B,Standard,25,2025-11-29 00:03:26,Completed,2025-11-28 22:15:26
R0003329,2025-11-28 21:38:15,Housekeeping,Standard,35,2025-11-28 23:58:15,Completed,2025-11-28 22:37:15
R0003330,2025-11-28 21:19:55,FrontDesk,Urgent,6,2025-11-28 21:54:55,Completed,2025-11-28 21:39:55
R0003331,2025-11-28 21:18:11,Housekeeping,Standard,35,2025-11-28 22:44:11,Completed,2025-11-28 21:59:11
R0003332,2025-11-28 19:42:20,F&B,Standard,25,2025-11-28 22:28:20,Completed,2025-11-28 20:25:20
R0003333,2025-11-28 21:42:06,F&B,Standard,25,2025-11-28 23:04:06,Completed,2025-11-28 21:59:06
R0003334,2025-11-28 18:15:24,F&B,Standard,25,2025-11-28 19:52:24,Completed,2025-11-28 18:50:24
R0003335,2025-11-28 07:47:47,Housekeeping,Standard,35,2025-11-28 10:31:47,Completed,2025-11-28 08:46:47
R0003336,2025-11-28 21:30:54,Maintenance,Standard,55,2025-11-28 22:39:54,Completed,2025-11-28 22:47:54
R0003337,2025-11-28 19:44:20,F&B,Standard,25,2025-11-28 21:15:20,Completed,2025-11-28 20:30:20
R0003338,2025-11-28 09:17:14,FrontDesk,Standard,12,2025-11-28 11:04:14,Completed,2025-11-28 09:58:14
R0003339,2025-11-28 17:42:23,FrontDesk,Standard,12,2025-11-28 18:59:23,Completed,2025-11-28 18:22:23
R0003340,2025-11-28 07:59:05,Maintenance,Standard,55,2025-11-28 10:12:05,Completed,2025-11-28 08:54:05
R0003341,2025-11-28 18:10:40,Housekeeping,Urgent,18,2025-11-28 18:50:40,Completed,2025-11-28 18:53:40
R0003342,2025-11-28 22:08:47,F&B,Standard,25,2025-11-28 23:30:47,Open,
R0003343,2025-11-28 19:01:09,Housekeeping,Standard,35,2025-11-28 21:16:09,Completed,2025-11-28 19:33:09
R0003344,2025-11-28 07:53:52,FrontDesk,Standard,12,2025-11-28 10:16:52,Completed,2025-11-28 08:24:52
R0003345,2025-11-28 18:06:13,F&B,Standard,25,2025-11-28 20:49:13,Completed,2025-11-28 18:32:13
R0003346,2025-11-28 21:36:01,F&B,Standard,25,2025-11-29 00:34:01,Open,
R0003347,2025-11-28 08:38:23,FrontDesk,Standard,12,2025-11-28 10:36:23,Completed,2025-11-28 08:50:23
R0003348,2025-11-28 11:48:18,F&B,Standard,25,2025-11-28 14:33:18,Completed,2025-11-28 12:27:18
R0003349,2025-11-28 14:00:38,Housekeeping,Standard,35,2025-11-28 15:13:38,Completed,2025-11-28 14:54:38
R0003350,2025-11-28 20:37:22,FrontDesk,Standard,12,2025-11-28 22:50:22,Completed,2025-11-28 21:16:22
R0003351,2025-11-28 08:54:37,Housekeeping,Urgent,18,2025-11-28 09:24:37,Completed,2025-11-28 09:38:37
R0003352,2025-11-28 11:58:07,FrontDesk,Standard,12,2025-11-28 13:42:07,Completed,2025-11-28 12:40:07
R0003353,2025-11-28 22:31:29,Housekeeping,Standard,35,2025-11-29 01:31:29,Completed,2025-11-28 23:10:29
R0003354,2025-11-28 20:32:20,Housekeeping,Standard,35,2025-11-28 21:57:20,Completed,2025-11-28 21:22:20
R0003355,2025-11-28 18:52:11,F&B,Standard,25,2025-11-28 20:55:11,Completed,2025-11-28 19:57:11
R0003356,2025-11-28 14:55:06,Housekeeping,Standard,35,2025-11-28 17:20:06,Completed,2025-11-28 15:45:06
R0003357,2025-11-28 18:45:39,F&B,Standard,25,2025-11-28 20:47:39,Completed,2025-11-28 19:31:39
R0003358,2025-11-28 19:19:20,F&B,Standard,25,2025-11-28 22:13:20,Completed,2025-11-28 19:48:20
R0003359,2025-11-28 08:38:13,FrontDesk,Standard,12,2025-11-28 10:00:13,Completed,2025-11-28 09:06:13
R0003360,2025-11-28 14:25:01,FrontDesk,Standard,12,2025-11-28 16:16:01,Completed,2025-11-28 14:45:01
R0003361,2025-11-28 11:17:37,F&B,Standard,25,2025-11-28 13:22:37,Completed,2025-11-28 12:02:37
R0003362,2025-11-28 16:42:58,Housekeeping,Standard,35,2025-11-28 18:18:58,Completed,2025-11-28 17:24:58
R0003363,2025-11-28 09:58:21,F&B,Standard,25,2025-11-28 12:45:21,Completed,2025-11-28 10:48:21
R0003364,2025-11-28 22:25:15,Housekeeping,Standard,35,2025-11-29 00:04:15,Completed,2025-11-28 23:08:15
R0003365,2025-11-28 08:28:44,FrontDesk,Standard,12,2025-11-28 11:17:44,Completed,2025-11-28 08:41:44
R0003366,2025-11-28 21:03:43,Housekeeping,Standard,35,2025-11-28 23:59:43,Completed,2025-11-28 21:58:43
R0003367,2025-11-28 13:46:09,Housekeeping,Standard,35,2025-11-28 16:19:09,Completed,2025-11-28 14:22:09
R0003368,2025-11-28 18:56:13,F&B,Standard,25,2025-11-28 20:28:13,Completed,2025-11-28 19:34:13
R0003369,2025-11-28 20:22:15,FrontDesk,Standard,12,2025-11-28 22:08:15,Completed,2025-11-28 20:57:15
R0003370,2025-11-28 11:36:50,Housekeeping,Standard,35,2025-11-28 13:39:50,Open,
R0003371,2025-11-28 21:28:15,Housekeeping,Standard,35,2025-11-28 23:03:15,Completed,2025-11-28 22:15:15
R0003372,2025-11-28 12:10:04,F&B,Standard,25,2025-11-28 14:35:04,Completed,2025-11-28 13:04:04
R0003373,2025-11-28 13:11:45,F&B,Standard,25,2025-11-28 15:49:45,Completed,2025-11-28 13:31:45
R0003374,2025-11-28 20:06:37,F&B,Standard,25,2025-11-28 22:36:37,Completed,2025-11-28 21:02:37
R0003375,2025-11-28 18:39:28,FrontDesk,Standard,12,2025-11-28 20:58:28,Completed,2025-11-28 19:17:28
R0003376,2025-11-28 15:31:51,Maintenance,Standard,55,2025-11-28 17:32:51,Completed,2025-11-28 16:02:51
R0003377,2025-11-28 19:28:51,FrontDesk,Standard,12,2025-11-28 22:00:51,In_Progress,
R0003378,2025-11-28 22:04:21,FrontDesk,Standard,12,2025-11-28 23:08:21,Completed,2025-11-28 22:27:21
R0003379,2025-11-28 19:50:33,FrontDesk,Standard,12,2025-11-28 21:48:33,Completed,2025-11-28 20:15:33
R0003380,2025-11-28 21:09:45,FrontDesk,Standard,12,2025-11-28 22:16:45,Completed,2025-11-28 21:46:45
R0003381,2025-11-28 13:52:08,Housekeeping,Standard,35,2025-11-28 15:47:08,Completed,2025-11-28 14:39:08
R0003382,2025-11-28 11:28:54,FrontDesk,Standard,12,2025-11-28 13:21:54,Open,
R0003383,2025-11-28 20:59:53,Housekeeping,Standard,35,2025-11-28 23:14:53,Completed,2025-11-28 21:55:53
R0003384,2025-11-28 18:25:04,Housekeeping,Urgent,18,2025-11-28 18:40:04,Open,
R0003385,2025-11-28 10:19:20,FrontDesk,Standard,12,2025-11-28 11:43:20,Completed,2025-11-28 10:51:20
R0003386,2025-11-28 09:53:33,F&B,Standard,25,2025-11-28 12:52:33,Completed,2025-11-28 10:31:33
R0003387,2025-11-28 22:49:19,F&B,Standard,25,2025-11-29 00:35:19,Completed,2025-11-28 23:33:19
R0003388,2025-11-28 08:16:59,Housekeeping,Standard,35,2025-11-28 09:46:59,Completed,2025-11-28 09:18:59
R0003389,2025-11-28 11:38:15,F&B,Standard,25,2025-11-28 13:56:15,Completed,2025-11-28 12:20:15
R0003390,2025-11-28 21:53:58,FrontDesk,Standard,12,2025-11-29 00:19:58,Completed,2025-11-28 22:34:58
R0003391,2025-11-28 11:41:52,F&B,Standard,25,2025-11-28 14:22:52,Completed,2025-11-28 12:06:52
R0003392,2025-11-28 21:10:53,FrontDesk,Standard,12,2025-11-28 23:51:53,Completed,2025-11-28 21:32:53
R0003393,2025-11-28 19:56:28,F&B,Standard,25,2025-11-28 21:17:28,Completed,2025-11-28 20:44:28
R0003394,2025-11-28 07:06:56,F&B,Standard,25,2025-11-28 08:21:56,Completed,2025-11-28 07:57:56
R0003395,2025-11-28 14:11:12,F&B,Standard,25,2025-11-28 16:27:12,In_Progress,
R0003396,2025-11-28 19:35:07,Housekeeping,Urgent,18,2025-11-28 20:18:07,Completed,2025-11-28 20:01:07
R0003397,2025-11-28 21:14:26,Housekeeping,Standard,35,2025-11-28 22:51:26,Completed,2025-11-28 21:58:26
R0003398,2025-11-28 17:30:34,Housekeeping,Standard,35,2025-11-28 20:26:34,Open,
R0003399,2025-11-28 13:12:11,F&B,Standard,25,2025-11-28 15:02:11,Open,
R0003400,2025-11-28 18:21:17,F&B,Standard,25,2025-11-28 19:22:17,Completed,2025-11-28 18:47:17
R0003401,2025-11-28 12:03:32,Housekeeping,Standard,35,2025-11-28 13:41:32,Completed,2025-11-28 12:49:32
R0003402,2025-11-28 21:27:27,Housekeeping,Standard,35,2025-11-28 22:35:27,Completed,2025-11-28 22:12:27
R0003403,2025-11-28 18:44:52,FrontDesk,Standard,12,2025-11-28 21:07:52,Completed,2025-11-28 19:16:52
R0003404,2025-11-28 20:14:16,Housekeeping,Standard,35,2025-11-28 21:50:16,Completed,2025-11-28 20:58:16
R0003405,2025-11-28 14:32:43,Housekeeping,Standard,35,2025-11-28 17:12:43,Completed,2025-11-28 15:15:43
R0003406,2025-11-28 09:37:01,Housekeeping,Standard,35,2025-11-28 12:12:01,Completed,2025-11-28 10:37:01
R0003407,2025-11-28 11:33:16,Housekeeping,Standard,35,2025-11-28 13:25:16,Completed,2025-11-28 12:06:16
R0003408,2025-11-28 10:37:52,FrontDesk,Standard,12,2025-11-28 12:15:52,Completed,2025-11-28 11:17:52
R0003409,2025-11-28 08:47:10,FrontDesk,Standard,12,2025-11-28 10:49:10,Completed,2025-11-28 09:13:10
R0003410,2025-11-28 21:00:06,F&B,Standard,25,2025-11-28 22:20:06,Completed,2025-11-28 21:40:06
R0003411,2025-11-28 20:02:36,F&B,Standard,25,2025-11-28 21:18:36,Completed,2025-11-28 20:25:36
R0003412,2025-11-28 07:46:05,Housekeeping,Standard,35,2025-11-28 10:03:05,Completed,2025-11-28 08:44:05
R0003413,2025-11-28 11:29:20,F&B,Standard,25,2025-11-28 12:36:20,Completed,2025-11-28 12:29:20
R0003414,2025-11-28 18:55:59,Maintenance,Standard,55,2025-11-28 21:02:59,Completed,2025-11-28 20:11:59
R0003415,2025-11-28 11:21:03,Housekeeping,Standard,35,2025-11-28 13:52:03,Completed,2025-11-28 11:59:03
R0003416,2025-11-28 18:26:30,F&B,Standard,25,2025-11-28 20:08:30,Completed,2025-11-28 18:57:30
R0003417,2025-11-28 08:07:22,FrontDesk,Standard,12,2025-11-28 10:00:22,Completed,2025-11-28 08:22:22
R0003418,2025-11-28 22:25:34,F&B,Standard,25,2025-11-29 00:48:34,Completed,2025-11-28 23:12:34
R0003419,2025-11-28 22:04:31,Maintenance,Urgent,30,2025-11-28 22:41:31,Completed,2025-11-28 22:46:31
R0003420,2025-11-28 19:46:19,F&B,Standard,25,2025-11-28 21:28:19,Completed,2025-11-28 20:32:19
R0003421,2025-11-28 08:24:17,F&B,Urgent,12,2025-11-28 08:41:17,Completed,2025-11-28 08:57:17
R0003422,2025-11-28 20:45:18,F&B,Standard,25,2025-11-28 22:01:18,Completed,2025-11-28 21:20:18
R0003423,2025-11-28 18:05:39,Maintenance,Urgent,30,2025-11-28 18:24:39,Completed,2025-11-28 19:01:39
R0003424,2025-11-28 08:25:19,FrontDesk,Standard,12,2025-11-28 11:00:19,Completed,2025-11-28 08:47:19
R0003425,2025-11-28 18:58:23,Housekeeping,Standard,35,2025-11-28 20:17:23,Completed,2025-11-28 20:23:23
R0003426,2025-11-28 20:26:05,F&B,Urgent,12,2025-11-28 21:10:05,Completed,2025-11-28 21:00:05
R0003427,2025-11-28 18:41:04,F&B,Standard,25,2025-11-28 21:37:04,Completed,2025-11-28 19:33:04
R0003428,2025-11-28 14:52:44,F&B,Standard,25,2025-11-28 17:21:44,Completed,2025-11-28 15:21:44
R0003429,2025-11-28 19:36:46,F&B,Standard,25,2025-11-28 22:28:46,Completed,2025-11-28 20:02:46
R0003430,2025-11-28 12:08:33,Maintenance,Standard,55,2025-11-28 14:55:33,Completed,2025-11-28 13:05:33
R0003431,2025-11-28 16:05:54,Housekeeping,Standard,35,2025-11-28 17:08:54,Completed,2025-11-28 16:36:54
R0003432,2025-11-28 20:36:38,FrontDesk,Standard,12,2025-11-28 23:02:38,Completed,2025-11-28 21:00:38
R0003433,2025-11-28 10:07:17,FrontDesk,Standard,12,2025-11-28 12:35:17,Completed,2025-11-28 10:34:17
R0003434,2025-11-28 22:07:42,Housekeeping,Standard,35,2025-11-28 23:26:42,Completed,2025-11-28 22:39:42
R0003435,2025-11-28 13:58:13,F&B,Standard,25,2025-11-28 15:39:13,Completed,2025-11-28 14:27:13
R0003436,2025-11-28 12:55:41,F&B,Standard,25,2025-11-28 15:44:41,Completed,2025-11-28 13:16:41
R0003437,2025-11-28 15:16:10,F&B,Standard,25,2025-11-28 17:01:10,Completed,2025-11-28 15:53:10
R0003438,2025-11-28 07:05:54,FrontDesk,Standard,12,2025-11-28 09:56:54,Completed,2025-11-28 07:22:54
R0003439,2025-11-28 16:30:07,Housekeeping,Urgent,18,2025-11-28 16:45:07,Completed,2025-11-28 17:11:07
R0003440,2025-11-28 14:03:05,F&B,Standard,25,2025-11-28 15:38:05,Completed,2025-11-28 15:00:05
R0003441,2025-11-28 11:33:29,F&B,Standard,25,2025-11-28 14:23:29,Completed,2025-11-28 12:15:29
R0003442,2025-11-28 08:28:00,Housekeeping,Standard,35,2025-11-28 10:07:00,Completed,2025-11-28 09:29:00
R0003443,2025-11-28 19:00:39,F&B,Standard,25,2025-11-28 20:58:39,Completed,2025-11-28 19:47:39
R0003444,2025-11-28 19:14:17,FrontDesk,Urgent,6,2025-11-28 19:53:17,Completed,2025-11-28 19:33:17
R0003445,2025-11-28 13:24:17,Housekeeping,Standard,35,2025-11-28 15:47:17,Completed,2025-11-28 13:50:17
R0003446,2025-11-28 19:35:48,F&B,Standard,25,2025-11-28 21:42:48,Completed,2025-11-28 20:20:48
R0003447,2025-11-28 10:15:37,Housekeeping,Standard,35,2025-11-28 12:41:37,Completed,2025-11-28 11:28:37
R0003448,2025-11-28 13:19:07,F&B,Standard,25,2025-11-28 14:19:07,Completed,2025-11-28 13:45:07
R0003449,2025-11-28 21:49:32,Housekeeping,Standard,35,2025-11-29 00:41:32,Completed,2025-11-28 22:42:32
R0003450,2025-11-28 13:05:33,Housekeeping,Standard,35,2025-11-28 14:39:33,Completed,2025-11-28 13:40:33
R0003451,2025-11-28 17:48:33,F&B,Standard,25,2025-11-28 19:59:33,Open,
R0003452,2025-11-28 08:55:36,FrontDesk,Standard,12,2025-11-28 10:37:36,Completed,2025-11-28 09:23:36
R0003453,2025-11-28 20:19:51,Housekeeping,Standard,35,2025-11-28 22:23:51,Completed,2025-11-28 21:02:51
R0003454,2025-11-28 18:14:06,Housekeeping,Standard,35,2025-11-28 20:13:06,Completed,2025-11-28 18:44:06
R0003455,2025-11-28 12:03:37,F&B,Standard,25,2025-11-28 14:40:37,Open,
R0003456,2025-11-28 09:16:38,F&B,Standard,25,2025-11-28 11:41:38,Completed,2025-11-28 09:34:38
R0003457,2025-11-28 21:19:28,FrontDesk,Standard,12,2025-11-28 23:48:28,Completed,2025-11-28 21:49:28
R0003458,2025-11-28 19:06:47,F&B,Standard,25,2025-11-28 20:14:47,Completed,2025-11-28 19:46:47
R0003459,2025-11-28 22:16:14,Housekeeping,Standard,35,2025-11-28 23:52:14,Completed,2025-11-28 23:10:14
R0003460,2025-11-28 20:15:02,Maintenance,Standard,55,2025-11-28 22:23:02,Completed,2025-11-28 21:38:02
R0003461,2025-11-28 18:13:56,Housekeeping,Urgent,18,2025-11-28 18:49:56,Completed,2025-11-28 18:28:56
R0003462,2025-11-28 11:30:44,Housekeeping,Standard,35,2025-11-28 13:18:44,Completed,2025-11-28 12:26:44
R0003463,2025-11-28 20:15:20,F&B,Standard,25,2025-11-28 21:31:20,Completed,2025-11-28 20:44:20
R0003464,2025-11-28 08:17:40,Housekeeping,Standard,35,2025-11-28 10:56:40,Completed,2025-11-28 09:18:40
R0003465,2025-11-28 19:32:39,F&B,Standard,25,2025-11-28 21:20:39,Completed,2025-11-28 20:20:39
R0003466,2025-11-28 12:42:30,Maintenance,Standard,55,2025-11-28 13:51:30,Completed,2025-11-28 14:04:30
R0003467,2025-11-28 14:06:14,FrontDesk,Standard,12,2025-11-28 16:45:14,Completed,2025-11-28 14:16:14
R0003468,2025-11-28 14:55:27,FrontDesk,Standard,12,2025-11-28 16:39:27,Completed,2025-11-28 15:34:27
R0003469,2025-11-28 11:55:50,F&B,Standard,25,2025-11-28 13:11:50,Completed,2025-11-28 12:34:50
R0003470,2025-11-28 14:10:31,Housekeeping,Standard,35,2025-11-28 16:29:31,Completed,2025-11-28 14:59:31
R0003471,2025-11-28 18:12:32,FrontDesk,Standard,12,2025-11-28 19:57:32,Completed,2025-11-28 18:24:32
R0003472,2025-11-28 16:23:45,FrontDesk,Standard,12,2025-11-28 19:11:45,Completed,2025-11-28 17:06:45
R0003473,2025-11-28 08:37:44,Housekeeping,Standard,35,2025-11-28 11:31:44,Completed,2025-11-28 09:22:44
R0003474,2025-11-28 20:55:54,Maintenance,Standard,55,2025-11-28 23:06:54,Completed,2025-11-28 22:28:54
R0003475,2025-11-28 21:01:04,F&B,Standard,25,2025-11-28 23:53:04,Open,
R0003476,2025-11-28 20:43:43,F&B,Standard,25,2025-11-28 22:47:43,Completed,2025-11-28 21:24:43
R0003477,2025-11-28 18:09:43,FrontDesk,Standard,12,2025-11-28 19:48:43,Completed,2025-11-28 18:46:43
R0003478,2025-11-28 07:12:39,Maintenance,Standard,55,2025-11-28 09:45:39,Completed,2025-11-28 08:13:39
R0003479,2025-11-28 21:04:24,F&B,Standard,25,2025-11-28 22:42:24,Completed,2025-11-28 21:31:24
R0003480,2025-11-28 22:25:09,FrontDesk,Urgent,6,2025-11-28 23:14:09,Completed,2025-11-28 22:39:09
R0003481,2025-11-28 21:26:49,FrontDesk,Standard,12,2025-11-28 23:19:49,Completed,2025-11-28 21:34:49
R0003482,2025-11-28 11:47:58,F&B,Standard,25,2025-11-28 14:12:58,Completed,2025-11-28 12:09:58
R0003483,2025-11-28 21:42:35,Maintenance,Standard,55,2025-11-28 23:07:35,Completed,2025-11-28 22:41:35
R0003484,2025-11-28 15:19:21,Housekeeping,Standard,35,2025-11-28 18:08:21,Completed,2025-11-28 16:20:21
R0003485,2025-11-28 20:36:04,F&B,Standard,25,2025-11-28 22:21:04,In_Progress,
R0003486,2025-11-28 08:07:42,Maintenance,Standard,55,2025-11-28 10:52:42,Completed,2025-11-28 08:59:42
R0003487,2025-11-28 20:37:43,Housekeeping,Standard,35,2025-11-28 22:18:43,Completed,2025-11-28 21:08:43
R0003488,2025-11-28 20:31:44,Housekeeping,Standard,35,2025-11-28 23:27:44,Completed,2025-11-28 21:27:44
R0003489,2025-11-28 08:30:23,Housekeeping,Standard,35,2025-11-28 10:36:23,Completed,2025-11-28 09:35:23
R0003490,2025-11-28 20:13:02,Housekeeping,Standard,35,2025-11-28 23:04:02,Completed,2025-11-28 21:08:02
R0003491,2025-11-28 08:51:47,F&B,Standard,25,2025-11-28 10:25:47,Completed,2025-11-28 09:30:47
R0003492,2025-11-28 21:45:42,Housekeeping,Standard,35,2025-11-28 22:49:42,Completed,2025-11-28 22:26:42
R0003493,2025-11-28 07:41:59,F&B,Urgent,12,2025-11-28 08:14:59,Completed,2025-11-28 07:59:59
R0003494,2025-11-28 13:20:37,Housekeeping,Standard,35,2025-11-28 15:00:37,Completed,2025-11-28 14:12:37
R0003495,2025-11-28 13:41:17,F&B,Standard,25,2025-11-28 16:08:17,Completed,2025-11-28 14:25:17
R0003496,2025-11-28 18:54:06,Housekeeping,Standard,35,2025-11-28 21:52:06,Completed,2025-11-28 19:33:06
R0003497,2025-11-28 20:34:32,FrontDesk,Standard,12,2025-11-28 22:47:32,Completed,2025-11-28 21:00:32
R0003498,2025-11-28 20:51:25,F&B,Standard,25,2025-11-28 23:25:25,Completed,2025-11-28 21:46:25
R0003499,2025-11-28 18:27:41,F&B,Standard,25,2025-11-28 20:49:41,Completed,2025-11-28 19:04:41
R0003500,2025-11-28 20:17:03,FrontDesk,Standard,12,2025-11-28 21:45:03,Completed,2025-11-28 20:41:03
R0003501,2025-11-28 18:30:42,F&B,Urgent,12,2025-11-28 19:24:42,Completed,2025-11-28 19:05:42
R0003502,2025-11-28 08:50:03,FrontDesk,Urgent,6,2025-11-28 09:14:03,Completed,2025-11-28 08:57:03
R0003503,2025-11-28 07:50:18,Maintenance,Standard,55,2025-11-28 09:41:18,Completed,2025-11-28 08:41:18
R0003504,2025-11-28 12:59:18,FrontDesk,Standard,12,2025-11-28 14:28:18,Completed,2025-11-28 13:14:18
R0003505,2025-11-28 20:33:02,Housekeeping,Standard,35,2025-11-28 21:38:02,Completed,2025-11-28 21:39:02
R0003506,2025-11-28 10:34:02,Housekeeping,Standard,35,2025-11-28 11:41:02,Completed,2025-11-28 11:21:02
R0003507,2025-11-28 12:36:14,F&B,Urgent,12,2025-11-28 13:27:14,Completed,2025-11-28 13:01:14
R0003508,2025-11-28 20:43:31,F&B,Standard,25,2025-11-28 23:32:31,Completed,2025-11-28 21:26:31
R0003509,2025-11-28 14:11:05,F&B,Standard,25,2025-11-28 15:41:05,Completed,2025-11-28 14:51:05
R0003510,2025-11-28 18:57:35,Housekeeping,Standard,35,2025-11-28 21:29:35,Completed,2025-11-28 19:31:35
R0003511,2025-11-28 21:37:11,FrontDesk,Standard,12,2025-11-29 00:20:11,Open,
R0003512,2025-11-28 19:45:18,F&B,Urgent,12,2025-11-28 20:37:18,Completed,2025-11-28 19:59:18
R0003513,2025-11-28 16:04:34,F&B,Urgent,12,2025-11-28 16:59:34,Completed,2025-11-28 16:44:34
R0003514,2025-11-28 21:44:25,Maintenance,Standard,55,2025-11-28 23:32:25,Completed,2025-11-28 22:17:25
R0003515,2025-11-28 12:41:25,FrontDesk,Standard,12,2025-11-28 15:05:25,Completed,2025-11-28 13:17:25
R0003516,2025-11-28 16:16:33,Housekeeping,Standard,35,2025-11-28 19:09:33,Completed,2025-11-28 16:41:33
R0003517,2025-11-28 20:51:39,F&B,Urgent,12,2025-11-28 21:21:39,In_Progress,
R0003518,2025-11-28 11:16:49,Housekeeping,Standard,35,2025-11-28 13:04:49,Completed,2025-11-28 12:00:49
R0003519,2025-11-28 21:53:49,F&B,Standard,25,2025-11-29 00:21:49,Open,
R0003520,2025-11-28 08:53:04,FrontDesk,Urgent,6,2025-11-28 09:16:04,Completed,2025-11-28 09:16:04
R0003521,2025-11-28 15:54:28,Maintenance,Standard,55,2025-11-28 17:35:28,Completed,2025-11-28 16:57:28
R0003522,2025-11-28 21:59:00,F&B,Standard,25,2025-11-29 00:15:00,Completed,2025-11-28 22:39:00
R0003523,2025-11-28 18:55:45,F&B,Standard,25,2025-11-28 20:02:45,Completed,2025-11-28 19:12:45
R0003524,2025-11-28 20:25:25,FrontDesk,Standard,12,2025-11-28 23:00:25,Completed,2025-11-28 20:43:25
R0003525,2025-11-28 18:21:50,Housekeeping,Standard,35,2025-11-28 20:07:50,Open,
R0003526,2025-11-28 21:48:03,F&B,Standard,25,2025-11-29 00:00:03,Completed,2025-11-28 22:20:03
R0003527,2025-11-28 15:21:20,Housekeeping,Standard,35,2025-11-28 18:15:20,Completed,2025-11-28 15:54:20
R0003528,2025-11-28 16:59:46,F&B,Standard,25,2025-11-28 19:30:46,Completed,2025-11-28 17:40:46
R0003529,2025-11-28 08:28:30,Housekeeping,Standard,35,2025-11-28 11:10:30,Completed,2025-11-28 08:52:30
R0003530,2025-11-28 13:30:09,FrontDesk,Standard,12,2025-11-28 16:16:09,Completed,2025-11-28 13:58:09
R0003531,2025-11-28 19:04:58,FrontDesk,Standard,12,2025-11-28 20:52:58,Completed,2025-11-28 19:38:58
R0003532,2025-11-28 20:37:00,Housekeeping,Standard,35,2025-11-28 22:29:00,Completed,2025-11-28 21:21:00
R0003533,2025-11-28 08:04:05,Housekeeping,Standard,35,2025-11-28 09:09:05,Completed,2025-11-28 09:12:05
R0003534,2025-11-28 22:01:01,FrontDesk,Standard,12,2025-11-29 00:58:01,Completed,2025-11-28 22:32:01
R0003535,2025-11-28 11:52:43,Housekeeping,Urgent,18,2025-11-28 12:22:43,Completed,2025-11-28 12:19:43
R0003536,2025-11-28 12:39:04,FrontDesk,Standard,12,2025-11-28 14:51:04,Open,
R0003537,2025-11-28 14:59:30,F&B,Standard,25,2025-11-28 17:11:30,Completed,2025-11-28 15:47:30
R0003538,2025-11-28 19:42:52,F&B,Standard,25,2025-11-28 22:11:52,Completed,2025-11-28 20:25:52
R0003539,2025-11-28 19:45:17,Housekeeping,Standard,35,2025-11-28 22:05:17,Completed,2025-11-28 20:21:17
R0003540,2025-11-28 08:32:08,FrontDesk,Standard,12,2025-11-28 11:13:08,Completed,2025-11-28 09:08:08
R0003541,2025-11-28 20:43:01,Housekeeping,Standard,35,2025-11-28 23:07:01,Completed,2025-11-28 21:38:01
R0003542,2025-11-28 15:12:20,Maintenance,Standard,55,2025-11-28 17:01:20,Completed,2025-11-28 16:14:20
R0003543,2025-11-28 07:20:20,F&B,Standard,25,2025-11-28 09:48:20,Completed,2025-11-28 07:51:20
R0003544,2025-11-28 19:16:09,Housekeeping,Standard,35,2025-11-28 20:26:09,Completed,2025-11-28 20:25:09
R0003545,2025-11-28 14:52:27,Housekeeping,Standard,35,2025-11-28 16:32:27,Completed,2025-11-28 15:53:27
R0003546,2025-11-28 18:18:14,F&B,Standard,25,2025-11-28 20:43:14,Completed,2025-11-28 19:15:14
R0003547,2025-11-28 07:37:22,FrontDesk,Standard,12,2025-11-28 09:14:22,Completed,2025-11-28 07:54:22
R0003548,2025-11-28 20:05:56,Housekeeping,Standard,35,2025-11-28 22:36:56,Completed,2025-11-28 21:14:56
R0003549,2025-11-28 22:54:11,Housekeeping,Standard,35,2025-11-29 00:40:11,Completed,2025-11-28 23:35:11
R0003550,2025-11-28 11:14:26,Housekeeping,Standard,35,2025-11-28 13:43:26,Completed,2025-11-28 12:08:26
R0003551,2025-11-28 14:28:10,Housekeeping,Standard,35,2025-11-28 15:53:10,Completed,2025-11-28 15:36:10
R0003552,2025-11-28 15:52:34,Maintenance,Standard,55,2025-11-28 17:16:34,Completed,2025-11-28 17:09:34
R0003553,2025-11-28 08:43:54,Maintenance,Standard,55,2025-11-28 10:11:54,Completed,2025-11-28 10:09:54
R0003554,2025-11-28 19:52:14,Housekeeping,Standard,35,2025-11-28 21:54:14,Completed,2025-11-28 20:55:14
R0003555,2025-11-28 20:11:40,FrontDesk,Standard,12,2025-11-28 21:25:40,Completed,2025-11-28 20:47:40
R0003556,2025-11-28 18:55:23,Housekeeping,Standard,35,2025-11-28 20:11:23,Completed,2025-11-28 19:52:23
R0003557,2025-11-28 13:39:37,F&B,Standard,25,2025-11-28 16:02:37,Completed,2025-11-28 14:10:37
R0003558,2025-11-28 10:13:49,Housekeeping,Standard,35,2025-11-28 12:15:49,Completed,2025-11-28 11:11:49
R0003559,2025-11-28 10:05:45,Housekeeping,Standard,35,2025-11-28 12:52:45,Completed,2025-11-28 11:10:45
R0003560,2025-11-28 07:44:58,Housekeeping,Standard,35,2025-11-28 10:14:58,Completed,2025-11-28 08:16:58
R0003561,2025-11-28 07:07:56,F&B,Standard,25,2025-11-28 08:58:56,Completed,2025-11-28 07:58:56
R0003562,2025-11-28 13:18:07,Housekeeping,Standard,35,2025-11-28 14:19:07,Completed,2025-11-28 14:08:07
R0003563,2025-11-28 15:14:10,F&B,Standard,25,2025-11-28 16:51:10,Completed,2025-11-28 16:04:10
R0003564,2025-11-28 18:06:54,F&B,Standard,25,2025-11-28 19:40:54,Completed,2025-11-28 18:45:54
R0003565,2025-11-28 12:06:15,Housekeeping,Standard,35,2025-11-28 15:01:15,Completed,2025-11-28 12:31:15
R0003566,2025-11-28 21:37:44,FrontDesk,Standard,12,2025-11-28 22:44:44,Completed,2025-11-28 22:17:44
R0003567,2025-11-28 21:58:07,Housekeeping,Standard,35,2025-11-29 00:42:07,Completed,2025-11-28 23:01:07
R0003568,2025-11-29 20:09:20,F&B,Standard,25,2025-11-29 22:53:20,Completed,2025-11-29 20:58:20
R0003569,2025-11-29 20:49:03,Housekeeping,Standard,35,2025-11-29 22:38:03,Completed,2025-11-29 21:51:03
R0003570,2025-11-29 19:39:51,Housekeeping,Standard,35,2025-11-29 20:48:51,Completed,2025-11-29 20:38:51
R0003571,2025-11-29 22:29:03,Housekeeping,Standard,35,2025-11-30 01:19:03,Open,
R0003572,2025-11-29 19:42:11,Housekeeping,Urgent,18,2025-11-29 20:24:11,Open,
R0003573,2025-11-29 19:40:46,Housekeeping,Standard,35,2025-11-29 21:02:46,Completed,2025-11-29 20:49:46
R0003574,2025-11-29 19:17:32,Housekeeping,Standard,35,2025-11-29 21:52:32,Completed,2025-11-29 20:06:32
R0003575,2025-11-29 18:21:42,F&B,Standard,25,2025-11-29 19:41:42,Completed,2025-11-29 18:49:42
R0003576,2025-11-29 22:13:33,Housekeeping,Standard,35,2025-11-29 23:16:33,In_Progress,
R0003577,2025-11-29 21:35:02,Housekeeping,Standard,35,2025-11-29 22:46:02,Completed,2025-11-29 22:28:02
R0003578,2025-11-29 19:04:57,FrontDesk,Standard,12,2025-11-29 20:48:57,Completed,2025-11-29 19:25:57
R0003579,2025-11-29 21:52:25,Housekeeping,Standard,35,2025-11-30 00:25:25,Completed,2025-11-29 22:48:25
R0003580,2025-11-29 18:29:35,Maintenance,Standard,55,2025-11-29 20:07:35,Open,
R0003581,2025-11-29 20:55:50,F&B,Standard,25,2025-11-29 23:10:50,Completed,2025-11-29 21:15:50
R0003582,2025-11-29 13:54:22,Housekeeping,Standard,35,2025-11-29 15:51:22,Completed,2025-11-29 14:32:22
R0003583,2025-11-29 22:25:35,F&B,Standard,25,2025-11-30 00:29:35,Completed,2025-11-29 23:14:35
R0003584,2025-11-29 13:31:04,Maintenance,Standard,55,2025-11-29 15:49:04,In_Progress,
R0003585,2025-11-29 19:06:01,Housekeeping,Standard,35,2025-11-29 21:43:01,Completed,2025-11-29 20:02:01
R0003586,2025-11-29 15:00:00,F&B,Standard,25,2025-11-29 17:56:00,Open,
R0003587,2025-11-29 14:43:06,F&B,Standard,25,2025-11-29 16:44:06,Open,
R0003588,2025-11-29 20:34:49,FrontDesk,Urgent,6,2025-11-29 21:02:49,Completed,2025-11-29 20:43:49
R0003589,2025-11-29 20:04:28,F&B,Standard,25,2025-11-29 21:49:28,Completed,2025-11-29 20:51:28
R0003590,2025-11-29 12:47:15,FrontDesk,Standard,12,2025-11-29 15:16:15,Completed,2025-11-29 13:10:15
R0003591,2025-11-29 21:39:36,Housekeeping,Standard,35,2025-11-30 00:13:36,Completed,2025-11-29 22:21:36
R0003592,2025-11-29 09:52:22,F&B,Standard,25,2025-11-29 12:23:22,Completed,2025-11-29 10:43:22
R0003593,2025-11-29 20:50:48,Housekeeping,Standard,35,2025-11-29 22:25:48,Completed,2025-11-29 21:44:48
R0003594,2025-11-29 12:46:17,F&B,Standard,25,2025-11-29 14:18:17,Open,
R0003595,2025-11-29 10:58:22,Housekeeping,Standard,35,2025-11-29 12:52:22,Completed,2025-11-29 11:52:22
R0003596,2025-11-29 09:27:35,Housekeeping,Standard,35,2025-11-29 10:44:35,Completed,2025-11-29 10:29:35
R0003597,2025-11-29 21:10:53,FrontDesk,Standard,12,2025-11-29 22:33:53,Completed,2025-11-29 21:47:53
R0003598,2025-11-29 18:12:41,FrontDesk,Standard,12,2025-11-29 19:44:41,Completed,2025-11-29 18:37:41
R0003599,2025-11-29 20:11:36,F&B,Standard,25,2025-11-29 22:42:36,Completed,2025-11-29 20:38:36
R0003600,2025-11-29 19:25:35,Housekeeping,Standard,35,2025-11-29 20:35:35,Completed,2025-11-29 20:20:35
R0003601,2025-11-29 14:55:03,F&B,Standard,25,2025-11-29 17:52:03,Completed,2025-11-29 15:12:03
R0003602,2025-11-29 11:08:24,F&B,Standard,25,2025-11-29 14:04:24,Completed,2025-11-29 11:27:24
R0003603,2025-11-29 14:29:16,Housekeeping,Standard,35,2025-11-29 16:44:16,Completed,2025-11-29 15:34:16
R0003604,2025-11-29 21:02:25,FrontDesk,Standard,12,2025-11-29 23:11:25,Completed,2025-11-29 21:40:25
R0003605,2025-11-29 07:06:10,F&B,Standard,25,2025-11-29 08:18:10,Completed,2025-11-29 07:20:10
R0003606,2025-11-29 08:08:06,Housekeeping,Standard,35,2025-11-29 10:30:06,Completed,2025-11-29 09:11:06
R0003607,2025-11-29 15:04:04,Housekeeping,Standard,35,2025-11-29 16:13:04,Completed,2025-11-29 15:56:04
R0003608,2025-11-29 13:20:24,FrontDesk,Standard,12,2025-11-29 15:58:24,Completed,2025-11-29 13:44:24
R0003609,2025-11-29 08:27:10,FrontDesk,Standard,12,2025-11-29 10:47:10,Completed,2025-11-29 08:50:10
R0003610,2025-11-29 11:54:01,F&B,Standard,25,2025-11-29 13:09:01,Open,
R0003611,2025-11-29 13:22:59,F&B,Standard,25,2025-11-29 16:16:59,Completed,2025-11-29 13:59:59
R0003612,2025-11-29 19:56:57,FrontDesk,Standard,12,2025-11-29 21:44:57,Completed,2025-11-29 20:19:57
R0003613,2025-11-29 14:58:55,F&B,Standard,25,2025-11-29 16:09:55,Completed,2025-11-29 15:36:55
R0003614,2025-11-29 14:35:06,Housekeeping,Standard,35,2025-11-29 16:47:06,Completed,2025-11-29 15:09:06
R0003615,2025-11-29 20:11:27,Maintenance,Standard,55,2025-11-29 21:17:27,Completed,2025-11-29 21:12:27
R0003616,2025-11-29 17:23:57,Housekeeping,Standard,35,2025-11-29 19:41:57,Completed,2025-11-29 18:11:57
R0003617,2025-11-29 21:52:53,F&B,Standard,25,2025-11-29 22:54:53,Completed,2025-11-29 22:44:53
R0003618,2025-11-29 19:44:44,Maintenance,Urgent,30,2025-11-29 20:22:44,Completed,2025-11-29 20:41:44
R0003619,2025-11-29 09:07:40,Housekeeping,Standard,35,2025-11-29 10:48:40,Completed,2025-11-29 09:34:40
R0003620,2025-11-29 19:31:00,FrontDesk,Standard,12,2025-11-29 22:04:00,Completed,2025-11-29 19:53:00
R0003621,2025-11-29 12:29:08,Maintenance,Standard,55,2025-11-29 14:17:08,Completed,2025-11-29 13:17:08
R0003622,2025-11-29 20:11:40,F&B,Standard,25,2025-11-29 21:44:40,Completed,2025-11-29 20:54:40
R0003623,2025-11-29 18:16:23,F&B,Urgent,12,2025-11-29 18:52:23,Completed,2025-11-29 18:54:23
R0003624,2025-11-29 21:26:26,Maintenance,Standard,55,2025-11-29 22:49:26,In_Progress,
R0003625,2025-11-29 19:54:40,FrontDesk,Standard,12,2025-11-29 22:41:40,Completed,2025-11-29 20:13:40
R0003626,2025-11-29 15:39:09,Housekeeping,Standard,35,2025-11-29 17:00:09,Completed,2025-11-29 16:24:09
R0003627,2025-11-29 09:52:13,Housekeeping,Standard,35,2025-11-29 12:16:13,Completed,2025-11-29 10:21:13
R0003628,2025-11-29 08:59:49,Housekeeping,Urgent,18,2025-11-29 09:33:49,Completed,2025-11-29 09:26:49
R0003629,2025-11-29 12:17:40,F&B,Standard,25,2025-11-29 13:33:40,Completed,2025-11-29 13:00:40
R0003630,2025-11-29 11:18:41,Maintenance,Urgent,30,2025-11-29 11:34:41,Completed,2025-11-29 11:51:41
R0003631,2025-11-29 14:23:39,F&B,Standard,25,2025-11-29 16:22:39,Completed,2025-11-29 14:51:39
R0003632,2025-11-29 10:33:43,Maintenance,Urgent,30,2025-11-29 11:18:43,Completed,2025-11-29 11:17:43
R0003633,2025-11-29 19:08:37,Maintenance,Standard,55,2025-11-29 20:23:37,Completed,2025-11-29 20:19:37
R0003634,2025-11-29 21:59:52,FrontDesk,Standard,12,2025-11-29 23:53:52,Completed,2025-11-29 22:35:52
R0003635,2025-11-29 18:49:27,Maintenance,Standard,55,2025-11-29 20:23:27,Open,
R0003636,2025-11-29 12:00:47,F&B,Urgent,12,2025-11-29 12:34:47,Completed,2025-11-29 12:34:47
R0003637,2025-11-29 18:20:40,F&B,Standard,25,2025-11-29 20:55:40,Completed,2025-11-29 19:07:40
R0003638,2025-11-29 14:46:34,F&B,Standard,25,2025-11-29 16:03:34,Completed,2025-11-29 15:24:34
R0003639,2025-11-29 18:58:26,Housekeeping,Standard,35,2025-11-29 20:47:26,Completed,2025-11-29 19:55:26
R0003640,2025-11-29 18:48:25,Housekeeping,Standard,35,2025-11-29 20:01:25,Open,
R0003641,2025-11-29 13:23:35,F&B,Standard,25,2025-11-29 16:02:35,Completed,2025-11-29 13:59:35
R0003642,2025-11-29 21:13:56,FrontDesk,Standard,12,2025-11-29 23:11:56,Completed,2025-11-29 21:35:56
R0003643,2025-11-29 15:22:44,Housekeeping,Standard,35,2025-11-29 18:21:44,Completed,2025-11-29 16:22:44
R0003644,2025-11-29 19:27:44,F&B,Standard,25,2025-11-29 22:06:44,Completed,2025-11-29 20:21:44
R0003645,2025-11-29 07:51:04,FrontDesk,Standard,12,2025-11-29 09:54:04,Completed,2025-11-29 08:21:04
R0003646,2025-11-29 13:55:21,Housekeeping,Standard,35,2025-11-29 15:25:21,Completed,2025-11-29 14:41:21
R0003647,2025-11-29 19:09:24,Housekeeping,Urgent,18,2025-11-29 19:36:24,Completed,2025-11-29 19:27:24
R0003648,2025-11-29 18:57:54,Housekeeping,Standard,35,2025-11-29 20:09:54,Completed,2025-11-29 19:49:54
R0003649,2025-11-29 09:20:16,Housekeeping,Standard,35,2025-11-29 11:47:16,Completed,2025-11-29 09:58:16
R0003650,2025-11-29 17:46:35,Maintenance,Standard,55,2025-11-29 20:19:35,Completed,2025-11-29 18:52:35
R0003651,2025-11-29 14:16:51,F&B,Standard,25,2025-11-29 16:34:51,Completed,2025-11-29 14:58:51
R0003652,2025-11-29 08:38:03,Maintenance,Standard,55,2025-11-29 10:53:03,Completed,2025-11-29 09:44:03
R0003653,2025-11-29 20:29:13,F&B,Standard,25,2025-11-29 22:16:13,Completed,2025-11-29 20:54:13
R0003654,2025-11-29 13:35:33,F&B,Urgent,12,2025-11-29 14:26:33,Completed,2025-11-29 13:52:33
R0003655,2025-11-29 12:12:30,Housekeeping,Standard,35,2025-11-29 13:33:30,Completed,2025-11-29 13:28:30
R0003656,2025-11-29 19:35:36,F&B,Standard,25,2025-11-29 21:23:36,Completed,2025-11-29 20:10:36
R0003657,2025-11-29 11:14:44,FrontDesk,Standard,12,2025-11-29 13:49:44,Completed,2025-11-29 11:42:44
R0003658,2025-11-29 11:32:59,Housekeeping,Standard,35,2025-11-29 13:00:59,Completed,2025-11-29 12:08:59
R0003659,2025-11-29 11:01:08,Housekeeping,Standard,35,2025-11-29 13:48:08,Completed,2025-11-29 11:41:08
R0003660,2025-11-29 15:05:32,F&B,Standard,25,2025-11-29 16:46:32,Completed,2025-11-29 15:48:32
R0003661,2025-11-29 11:01:46,F&B,Standard,25,2025-11-29 13:49:46,Completed,2025-11-29 11:54:46
R0003662,2025-11-29 07:39:20,F&B,Standard,25,2025-11-29 10:36:20,Completed,2025-11-29 08:17:20
R0003663,2025-11-29 21:59:27,Housekeeping,Standard,35,2025-11-29 23:47:27,Completed,2025-11-29 22:47:27
R0003664,2025-11-29 19:59:31,Housekeeping,Standard,35,2025-11-29 21:53:31,In_Progress,
R0003665,2025-11-29 20:31:58,FrontDesk,Urgent,6,2025-11-29 21:04:58,Completed,2025-11-29 20:35:58
R0003666,2025-11-29 20:45:44,FrontDesk,Standard,12,2025-11-29 22:27:44,Completed,2025-11-29 20:53:44
R0003667,2025-11-29 07:43:30,F&B,Urgent,12,2025-11-29 08:03:30,Completed,2025-11-29 08:04:30
R0003668,2025-11-29 16:59:07,F&B,Standard,25,2025-11-29 18:28:07,Completed,2025-11-29 17:27:07
R0003669,2025-11-29 13:05:17,F&B,Standard,25,2025-11-29 14:45:17,Completed,2025-11-29 13:18:17
R0003670,2025-11-29 13:24:09,Housekeeping,Standard,35,2025-11-29 15:29:09,Completed,2025-11-29 14:19:09
R0003671,2025-11-29 10:53:20,Housekeeping,Standard,35,2025-11-29 12:26:20,Open,
R0003672,2025-11-29 13:25:03,F&B,Standard,25,2025-11-29 16:25:03,Completed,2025-11-29 14:10:03
R0003673,2025-11-29 20:38:31,Housekeeping,Standard,35,2025-11-29 22:26:31,Completed,2025-11-29 21:28:31
R0003674,2025-11-29 13:23:57,FrontDesk,Standard,12,2025-11-29 15:44:57,Completed,2025-11-29 13:38:57
R0003675,2025-11-29 20:20:46,Housekeeping,Urgent,18,2025-11-29 20:59:46,Completed,2025-11-29 20:52:46
R0003676,2025-11-29 13:10:28,Housekeeping,Standard,35,2025-11-29 14:33:28,Completed,2025-11-29 13:59:28
R0003677,2025-11-29 21:49:26,F&B,Standard,25,2025-11-30 00:13:26,Completed,2025-11-29 22:34:26
R0003678,2025-11-29 16:43:36,F&B,Urgent,12,2025-11-29 17:12:36,Completed,2025-11-29 17:14:36
R0003679,2025-11-29 13:28:06,F&B,Standard,25,2025-11-29 14:47:06,Completed,2025-11-29 14:09:06
R0003680,2025-11-29 13:23:02,Housekeeping,Urgent,18,2025-11-29 13:49:02,Completed,2025-11-29 13:45:02
R0003681,2025-11-29 14:29:06,FrontDesk,Standard,12,2025-11-29 15:55:06,Completed,2025-11-29 14:57:06
R0003682,2025-11-29 18:08:24,F&B,Standard,25,2025-11-29 19:50:24,Completed,2025-11-29 18:50:24
R0003683,2025-11-29 07:28:31,F&B,Standard,25,2025-11-29 09:13:31,In_Progress,
R0003684,2025-11-29 17:54:10,F&B,Standard,25,2025-11-29 19:55:10,Completed,2025-11-29 18:30:10
R0003685,2025-11-29 07:33:38,F&B,Standard,25,2025-11-29 09:04:38,Completed,2025-11-29 08:02:38
R0003686,2025-11-29 16:24:36,Maintenance,Standard,55,2025-11-29 19:03:36,Completed,2025-11-29 17:36:36
R0003687,2025-11-29 18:57:41,F&B,Standard,25,2025-11-29 20:33:41,Completed,2025-11-29 19:50:41
R0003688,2025-11-29 19:50:56,Housekeeping,Urgent,18,2025-11-29 20:13:56,Completed,2025-11-29 20:36:56
R0003689,2025-11-29 12:34:21,F&B,Standard,25,2025-11-29 14:02:21,Completed,2025-11-29 13:12:21
R0003690,2025-11-29 10:53:19,Maintenance,Standard,55,2025-11-29 13:31:19,Completed,2025-11-29 12:05:19
R0003691,2025-11-29 07:25:37,F&B,Standard,25,2025-11-29 08:56:37,Completed,2025-11-29 08:05:37
R0003692,2025-11-29 14:59:50,FrontDesk,Standard,12,2025-11-29 16:05:50,Open,
R0003693,2025-11-29 08:28:05,FrontDesk,Standard,12,2025-11-29 10:53:05,Completed,2025-11-29 09:06:05
R0003694,2025-11-29 20:15:20,Housekeeping,Standard,35,2025-11-29 23:07:20,Completed,2025-11-29 21:07:20
R0003695,2025-11-29 22:22:06,F&B,Urgent,12,2025-11-29 22:53:06,In_Progress,
R0003696,2025-11-29 11:03:57,F&B,Standard,25,2025-11-29 13:37:57,Completed,2025-11-29 12:00:57
R0003697,2025-11-29 22:27:11,Housekeeping,Standard,35,2025-11-30 01:09:11,Completed,2025-11-29 23:24:11
R0003698,2025-11-29 08:17:40,Housekeeping,Standard,35,2025-11-29 09:52:40,Completed,2025-11-29 09:03:40
R0003699,2025-11-29 13:38:08,FrontDesk,Standard,12,2025-11-29 14:43:08,Completed,2025-11-29 14:02:08
R0003700,2025-11-29 11:48:34,Maintenance,Standard,55,2025-11-29 14:30:34,Completed,2025-11-29 13:07:34
R0003701,2025-11-29 17:53:41,F&B,Standard,25,2025-11-29 19:02:41,Completed,2025-11-29 18:34:41
R0003702,2025-11-29 11:46:15,Housekeeping,Urgent,18,2025-11-29 12:30:15,Completed,2025-11-29 12:38:15
R0003703,2025-11-29 14:17:23,Housekeeping,Standard,35,2025-11-29 15:57:23,Completed,2025-11-29 14:53:23
R0003704,2025-11-29 14:06:55,FrontDesk,Standard,12,2025-11-29 15:49:55,Completed,2025-11-29 14:38:55
R0003705,2025-11-29 12:27:37,F&B,Urgent,12,2025-11-29 13:16:37,Completed,2025-11-29 13:07:37
R0003706,2025-11-29 18:57:37,Housekeeping,Standard,35,2025-11-29 20:35:37,Completed,2025-11-29 19:35:37
R0003707,2025-11-29 14:34:10,FrontDesk,Standard,12,2025-11-29 17:09:10,Completed,2025-11-29 15:16:10
R0003708,2025-11-29 20:34:30,F&B,Standard,25,2025-11-29 23:30:30,Completed,2025-11-29 21:00:30
R0003709,2025-11-29 15:21:15,Housekeeping,Standard,35,2025-11-29 18:20:15,Completed,2025-11-29 16:00:15
R0003710,2025-11-29 08:08:42,FrontDesk,Standard,12,2025-11-29 09:31:42,Completed,2025-11-29 08:29:42
R0003711,2025-11-29 19:00:17,F&B,Standard,25,2025-11-29 21:11:17,Completed,2025-11-29 19:43:17
R0003712,2025-11-29 20:48:40,FrontDesk,Standard,12,2025-11-29 23:16:40,Completed,2025-11-29 21:11:40
R0003713,2025-11-29 18:40:21,F&B,Standard,25,2025-11-29 20:35:21,Completed,2025-11-29 19:28:21
R0003714,2025-11-29 14:35:15,F&B,Standard,25,2025-11-29 16:40:15,Open,
R0003715,2025-11-29 07:34:07,F&B,Standard,25,2025-11-29 08:59:07,Completed,2025-11-29 08:08:07
R0003716,2025-11-29 09:13:41,Housekeeping,Standard,35,2025-11-29 11:05:41,Completed,2025-11-29 10:20:41
R0003717,2025-11-29 09:27:16,Housekeeping,Standard,35,2025-11-29 11:35:16,Completed,2025-11-29 10:20:16
R0003718,2025-11-29 18:42:48,FrontDesk,Standard,12,2025-11-29 20:20:48,Completed,2025-11-29 19:00:48
R0003719,2025-11-29 19:22:21,F&B,Standard,25,2025-11-29 21:02:21,Completed,2025-11-29 20:02:21
R0003720,2025-11-29 12:37:46,F&B,Standard,25,2025-11-29 14:05:46,Completed,2025-11-29 13:34:46
R0003721,2025-11-29 18:10:39,Housekeeping,Standard,35,2025-11-29 19:40:39,Completed,2025-11-29 18:38:39
R0003722,2025-11-29 20:35:20,FrontDesk,Standard,12,2025-11-29 22:39:20,In_Progress,
R0003723,2025-11-29 16:58:00,FrontDesk,Standard,12,2025-11-29 19:37:00,Completed,2025-11-29 17:17:00
R0003724,2025-11-29 19:39:43,Housekeeping,Urgent,18,2025-11-29 20:31:43,Open,
R0003725,2025-11-29 18:15:29,Maintenance,Standard,55,2025-11-29 20:14:29,Completed,2025-11-29 19:04:29
R0003726,2025-11-29 13:51:42,FrontDesk,Urgent,6,2025-11-29 14:51:42,Completed,2025-11-29 14:25:42
R0003727,2025-11-29 10:59:59,F&B,Urgent,12,2025-11-29 11:25:59,Completed,2025-11-29 11:15:59
R0003728,2025-11-29 08:22:35,Maintenance,Standard,55,2025-11-29 10:24:35,Open,
R0003729,2025-11-29 21:51:34,F&B,Standard,25,2025-11-30 00:45:34,Completed,2025-11-29 22:31:34
R0003730,2025-11-29 08:54:58,Housekeeping,Standard,35,2025-11-29 10:38:58,Completed,2025-11-29 09:49:58
R0003731,2025-11-29 13:09:28,FrontDesk,Standard,12,2025-11-29 15:11:28,Completed,2025-11-29 13:18:28
R0003732,2025-11-29 18:09:30,Housekeeping,Standard,35,2025-11-29 20:44:30,Completed,2025-11-29 18:53:30
R0003733,2025-11-29 20:30:58,Housekeeping,Standard,35,2025-11-29 22:16:58,Open,
R0003734,2025-11-29 19:37:49,F&B,Standard,25,2025-11-29 22:11:49,Completed,2025-11-29 20:17:49
R0003735,2025-11-29 19:43:46,Housekeeping,Standard,35,2025-11-29 21:57:46,Completed,2025-11-29 20:52:46
R0003736,2025-11-29 18:07:51,FrontDesk,Standard,12,2025-11-29 20:08:51,Open,
R0003737,2025-11-29 22:36:54,Housekeeping,Standard,35,2025-11-30 01:23:54,Completed,2025-11-29 23:35:54
R0003738,2025-11-29 17:51:09,F&B,Standard,25,2025-11-29 20:17:09,Completed,2025-11-29 18:31:09
R0003739,2025-11-29 09:40:16,Housekeeping,Standard,35,2025-11-29 11:44:16,Completed,2025-11-29 10:22:16
R0003740,2025-11-29 15:37:09,Housekeeping,Standard,35,2025-11-29 18:36:09,Completed,2025-11-29 16:32:09
R0003741,2025-11-29 12:18:42,FrontDesk,Standard,12,2025-11-29 13:36:42,Completed,2025-11-29 12:41:42
R0003742,2025-11-29 14:42:17,Maintenance,Standard,55,2025-11-29 17:38:17,Completed,2025-11-29 16:02:17
R0003743,2025-11-29 20:42:59,F&B,Standard,25,2025-11-29 23:39:59,Completed,2025-11-29 21:07:59
R0003744,2025-11-29 18:00:19,Housekeeping,Urgent,18,2025-11-29 18:23:19,Completed,2025-11-29 18:27:19
R0003745,2025-11-29 08:29:47,Maintenance,Standard,55,2025-11-29 10:47:47,Completed,2025-11-29 09:42:47
R0003746,2025-11-29 08:30:23,F&B,Standard,25,2025-11-29 10:18:23,Completed,2025-11-29 09:25:23
R0003747,2025-11-29 07:23:07,Housekeeping,Standard,35,2025-11-29 09:31:07,Completed,2025-11-29 08:24:07
R0003748,2025-11-29 16:56:34,F&B,Standard,25,2025-11-29 19:02:34,Completed,2025-11-29 17:34:34
R0003749,2025-11-29 21:23:41,Housekeeping,Standard,35,2025-11-29 22:56:41,Completed,2025-11-29 22:05:41
R0003750,2025-11-29 12:02:26,FrontDesk,Standard,12,2025-11-29 13:19:26,Completed,2025-11-29 12:31:26
R0003751,2025-11-29 13:32:49,F&B,Standard,25,2025-11-29 14:50:49,Completed,2025-11-29 14:14:49
R0003752,2025-11-29 22:02:38,F&B,Standard,25,2025-11-30 00:00:38,Completed,2025-11-29 22:40:38
R0003753,2025-11-29 19:11:25,Housekeeping,Standard,35,2025-11-29 21:51:25,Completed,2025-11-29 20:00:25
R0003754,2025-11-29 19:46:07,Housekeeping,Standard,35,2025-11-29 22:42:07,Completed,2025-11-29 20:40:07
R0003755,2025-11-29 14:07:54,FrontDesk,Standard,12,2025-11-29 15:55:54,Completed,2025-11-29 14:45:54
R0003756,2025-11-29 20:20:57,F&B,Standard,25,2025-11-29 23:13:57,Completed,2025-11-29 21:14:57
R0003757,2025-11-29 22:18:34,Housekeeping,Standard,35,2025-11-29 23:51:34,Open,
R0003758,2025-11-29 12:51:05,Maintenance,Standard,55,2025-11-29 15:15:05,Completed,2025-11-29 13:53:05
R0003759,2025-11-29 19:09:25,FrontDesk,Standard,12,2025-11-29 21:31:25,Completed,2025-11-29 19:30:25
R0003760,2025-11-29 18:05:18,F&B,Standard,25,2025-11-29 19:48:18,Completed,2025-11-29 18:38:18
R0003761,2025-11-29 21:03:04,FrontDesk,Standard,12,2025-11-29 23:26:04,Completed,2025-11-29 21:44:04
R0003762,2025-11-29 07:46:16,Housekeeping,Standard,35,2025-11-29 10:30:16,Completed,2025-11-29 08:37:16
R0003763,2025-11-29 19:42:43,F&B,Urgent,12,2025-11-29 20:23:43,Completed,2025-11-29 20:05:43
R0003764,2025-11-29 13:24:31,FrontDesk,Standard,12,2025-11-29 15:37:31,Completed,2025-11-29 13:58:31
R0003765,2025-11-29 07:52:44,F&B,Standard,25,2025-11-29 10:52:44,Completed,2025-11-29 08:35:44
R0003766,2025-11-29 21:25:06,Housekeeping,Standard,35,2025-11-29 23:03:06,Completed,2025-11-29 22:06:06
R0003767,2025-11-29 18:43:12,Maintenance,Standard,55,2025-11-29 21:14:12,Completed,2025-11-29 20:18:12
R0003768,2025-11-29 13:29:20,Housekeeping,Standard,35,2025-11-29 15:40:20,Completed,2025-11-29 14:15:20
R0003769,2025-11-29 20:04:03,F&B,Standard,25,2025-11-29 22:30:03,Completed,2025-11-29 20:52:03
R0003770,2025-11-29 20:18:28,Housekeeping,Standard,35,2025-11-29 22:09:28,Completed,2025-11-29 21:34:28
R0003771,2025-11-29 11:45:26,F&B,Standard,25,2025-11-29 13:18:26,Completed,2025-11-29 12:23:26
R0003772,2025-11-29 15:43:46,F&B,Standard,25,2025-11-29 18:09:46,Completed,2025-11-29 16:26:46
R0003773,2025-11-29 07:03:11,F&B,Standard,25,2025-11-29 09:14:11,Completed,2025-11-29 07:35:11
R0003774,2025-11-29 21:12:39,F&B,Standard,25,2025-11-29 23:51:39,Completed,2025-11-29 21:53:39
R0003775,2025-11-29 10:15:27,F&B,Standard,25,2025-11-29 11:18:27,Completed,2025-11-29 11:10:27
R0003776,2025-11-29 15:20:55,F&B,Standard,25,2025-11-29 18:05:55,Completed,2025-11-29 15:51:55
R0003777,2025-11-29 11:10:05,Maintenance,Standard,55,2025-11-29 13:26:05,Completed,2025-11-29 12:37:05
R0003778,2025-11-29 07:56:46,F&B,Standard,25,2025-11-29 09:56:46,Completed,2025-11-29 08:26:46
R0003779,2025-11-29 08:51:03,F&B,Standard,25,2025-11-29 09:58:03,Completed,2025-11-29 09:30:03
R0003780,2025-11-29 21:16:23,Housekeeping,Standard,35,2025-11-30 00:00:23,Completed,2025-11-29 21:49:23
R0003781,2025-11-29 21:06:14,Maintenance,Standard,55,2025-11-29 23:38:14,Completed,2025-11-29 22:42:14
R0003782,2025-11-29 11:37:07,FrontDesk,Standard,12,2025-11-29 13:32:07,Completed,2025-11-29 12:18:07
R0003783,2025-11-29 21:59:12,F&B,Urgent,12,2025-11-29 22:22:12,Completed,2025-11-29 22:37:12
R0003784,2025-11-29 18:39:42,Housekeeping,Urgent,18,2025-11-29 19:34:42,In_Progress,
R0003785,2025-11-29 11:02:15,F&B,Urgent,12,2025-11-29 11:17:15,Open,
R0003786,2025-11-29 18:33:53,F&B,Standard,25,2025-11-29 21:24:53,Open,
R0003787,2025-11-29 08:14:11,Maintenance,Urgent,30,2025-11-29 08:50:11,Completed,2025-11-29 09:14:11
R0003788,2025-11-29 09:14:10,Maintenance,Standard,55,2025-11-29 11:06:10,Completed,2025-11-29 10:25:10
R0003789,2025-11-29 13:59:17,Maintenance,Standard,55,2025-11-29 15:26:17,Open,
R0003790,2025-11-29 09:37:50,FrontDesk,Urgent,6,2025-11-29 10:36:50,Completed,2025-11-29 10:04:50
R0003791,2025-11-29 21:59:44,F&B,Standard,25,2025-11-30 00:15:44,Completed,2025-11-29 22:24:44
R0003792,2025-11-29 09:00:06,Housekeeping,Urgent,18,2025-11-29 09:40:06,In_Progress,
R0003793,2025-11-29 11:16:47,F&B,Standard,25,2025-11-29 13:36:47,Completed,2025-11-29 11:58:47
R0003794,2025-11-29 10:52:09,Housekeeping,Standard,35,2025-11-29 12:32:09,Completed,2025-11-29 11:42:09
R0003795,2025-11-29 18:46:56,Housekeeping,Standard,35,2025-11-29 20:57:56,Completed,2025-11-29 19:52:56
R0003796,2025-11-29 20:41:01,F&B,Standard,25,2025-11-29 21:51:01,Completed,2025-11-29 21:06:01
R0003797,2025-11-29 16:35:58,FrontDesk,Standard,12,2025-11-29 19:05:58,Completed,2025-11-29 16:43:58
R0003798,2025-11-29 12:36:15,F&B,Standard,25,2025-11-29 14:28:15,Open,
R0003799,2025-11-29 11:43:53,FrontDesk,Standard,12,2025-11-29 13:05:53,Completed,2025-11-29 12:00:53
R0003800,2025-11-29 10:59:25,Maintenance,Urgent,30,2025-11-29 11:44:25,Completed,2025-11-29 11:31:25
R0003801,2025-11-29 09:56:46,F&B,Standard,25,2025-11-29 11:31:46,In_Progress,
R0003802,2025-11-29 18:06:13,Housekeeping,Standard,35,2025-11-29 20:54:13,Completed,2025-11-29 19:01:13
R0003803,2025-11-29 09:24:35,Housekeeping,Standard,35,2025-11-29 11:57:35,Completed,2025-11-29 10:33:35
R0003804,2025-11-29 11:17:28,FrontDesk,Standard,12,2025-11-29 12:18:28,Completed,2025-11-29 11:35:28
R0003805,2025-11-29 21:52:43,F&B,Standard,25,2025-11-29 23:15:43,Completed,2025-11-29 22:44:43
R0003806,2025-11-29 12:15:18,Maintenance,Standard,55,2025-11-29 13:40:18,Open,
R0003807,2025-11-29 18:34:31,Housekeeping,Standard,35,2025-11-29 21:01:31,Completed,2025-11-29 19:13:31
R0003808,2025-11-29 22:52:36,F&B,Standard,25,2025-11-30 01:13:36,Completed,2025-11-29 23:32:36
R0003809,2025-11-29 18:15:37,FrontDesk,Urgent,6,2025-11-29 18:31:37,Completed,2025-11-29 18:29:37
R0003810,2025-11-29 14:02:09,Housekeeping,Standard,35,2025-11-29 16:00:09,Completed,2025-11-29 14:49:09
R0003811,2025-11-29 12:26:35,F&B,Standard,25,2025-11-29 15:07:35,Completed,2025-11-29 13:15:35
R0003812,2025-11-29 19:28:33,FrontDesk,Standard,12,2025-11-29 21:45:33,Completed,2025-11-29 19:50:33
R0003813,2025-11-29 11:42:56,Housekeeping,Standard,35,2025-11-29 12:51:56,Completed,2025-11-29 12:31:56
R0003814,2025-11-29 08:40:45,F&B,Standard,25,2025-11-29 09:43:45,Completed,2025-11-29 09:12:45
R0003815,2025-11-29 19:20:34,Housekeeping,Urgent,18,2025-11-29 19:57:34,Completed,2025-11-29 19:43:34
R0003816,2025-11-29 18:27:21,Housekeeping,Standard,35,2025-11-29 20:21:21,Completed,2025-11-29 19:20:21
R0003817,2025-11-29 14:29:10,F&B,Standard,25,2025-11-29 17:23:10,Completed,2025-11-29 15:05:10
R0003818,2025-11-29 09:58:11,F&B,Standard,25,2025-11-29 12:58:11,Completed,2025-11-29 10:36:11
R0003819,2025-11-29 21:23:28,Housekeeping,Standard,35,2025-11-29 23:22:28,Completed,2025-11-29 22:08:28
R0003820,2025-11-29 14:36:09,Maintenance,Standard,55,2025-11-29 17:30:09,Completed,2025-11-29 15:33:09
R0003821,2025-11-29 18:43:23,FrontDesk,Standard,12,2025-11-29 21:25:23,Completed,2025-11-29 19:17:23
R0003822,2025-11-29 14:28:28,F&B,Standard,25,2025-11-29 16:43:28,Completed,2025-11-29 14:55:28
R0003823,2025-11-29 19:42:53,FrontDesk,Standard,12,2025-11-29 21:04:53,Completed,2025-11-29 20:08:53
R0003824,2025-11-29 20:27:10,Maintenance,Standard,55,2025-11-29 21:48:10,Completed,2025-11-29 21:23:10
R0003825,2025-11-29 19:36:15,FrontDesk,Standard,12,2025-11-29 20:44:15,Completed,2025-11-29 20:18:15
R0003826,2025-11-29 19:51:27,FrontDesk,Standard,12,2025-11-29 21:00:27,Completed,2025-11-29 20:26:27
R0003827,2025-11-29 21:48:22,F&B,Standard,25,2025-11-30 00:39:22,Completed,2025-11-29 22:29:22
R0003828,2025-11-29 15:10:18,Housekeeping,Standard,35,2025-11-29 17:30:18,Completed,2025-11-29 16:09:18
R0003829,2025-11-29 20:43:42,FrontDesk,Standard,12,2025-11-29 23:03:42,Completed,2025-11-29 21:06:42
R0003830,2025-11-29 18:52:09,Housekeeping,Standard,35,2025-11-29 21:05:09,Completed,2025-11-29 19:20:09
R0003831,2025-11-29 19:08:09,F&B,Standard,25,2025-11-29 20:48:09,Completed,2025-11-29 19:29:09
R0003832,2025-11-29 07:43:01,Housekeeping,Standard,35,2025-11-29 09:02:01,Completed,2025-11-29 08:36:01
R0003833,2025-11-29 17:40:05,FrontDesk,Standard,12,2025-11-29 18:58:05,Completed,2025-11-29 18:12:05
R0003834,2025-11-29 13:12:42,F&B,Standard,25,2025-11-29 14:55:42,In_Progress,
R0003835,2025-11-29 15:19:53,F&B,Urgent,12,2025-11-29 15:35:53,Completed,2025-11-29 15:40:53
R0003836,2025-11-29 21:12:48,FrontDesk,Standard,12,2025-11-29 22:44:48,Completed,2025-11-29 21:39:48
R0003837,2025-11-29 12:04:25,Housekeeping,Standard,35,2025-11-29 14:18:25,Completed,2025-11-29 12:53:25
R0003838,2025-11-29 13:34:44,F&B,Standard,25,2025-11-29 16:22:44,Completed,2025-11-29 14:12:44
R0003839,2025-11-29 12:09:21,FrontDesk,Standard,12,2025-11-29 13:37:21,Completed,2025-11-29 12:36:21
R0003840,2025-11-29 21:33:09,F&B,Standard,25,2025-11-29 22:56:09,Completed,2025-11-29 22:20:09
R0003841,2025-11-29 18:29:47,F&B,Urgent,12,2025-11-29 18:54:47,Completed,2025-11-29 18:46:47
R0003842,2025-11-29 16:51:58,Housekeeping,Standard,35,2025-11-29 18:17:58,Completed,2025-11-29 17:48:58
R0003843,2025-11-29 19:42:05,FrontDesk,Urgent,6,2025-11-29 20:31:05,Completed,2025-11-29 20:04:05
R0003844,2025-11-29 21:23:13,Housekeeping,Standard,35,2025-11-29 22:42:13,In_Progress,
R0003845,2025-11-29 11:24:59,F&B,Standard,25,2025-11-29 12:51:59,Completed,2025-11-29 12:20:59
R0003846,2025-11-29 19:03:27,Housekeeping,Standard,35,2025-11-29 21:06:27,Completed,2025-11-29 19:58:27
R0003847,2025-11-29 08:11:03,FrontDesk,Standard,12,2025-11-29 10:43:03,Completed,2025-11-29 08:44:03
R0003848,2025-11-29 14:50:49,Housekeeping,Standard,35,2025-11-29 17:05:49,Completed,2025-11-29 16:00:49
R0003849,2025-11-29 16:44:53,F&B,Standard,25,2025-11-29 19:42:53,Completed,2025-11-29 17:20:53
R0003850,2025-11-29 20:34:06,Maintenance,Urgent,30,2025-11-29 21:01:06,Completed,2025-11-29 21:28:06
R0003851,2025-11-29 18:53:00,F&B,Standard,25,2025-11-29 19:53:00,Completed,2025-11-29 19:48:00
R0003852,2025-11-29 15:06:15,F&B,Standard,25,2025-11-29 16:37:15,Completed,2025-11-29 16:04:15
R0003853,2025-11-29 12:24:29,Housekeeping,Standard,35,2025-11-29 14:22:29,Completed,2025-11-29 13:04:29
R0003854,2025-11-29 14:27:43,Housekeeping,Standard,35,2025-11-29 16:31:43,Completed,2025-11-29 15:27:43
R0003855,2025-11-29 17:46:21,FrontDesk,Standard,12,2025-11-29 19:37:21,Completed,2025-11-29 18:14:21
R0003856,2025-11-29 14:40:14,F&B,Standard,25,2025-11-29 16:46:14,Completed,2025-11-29 15:22:14
R0003857,2025-11-29 17:45:15,FrontDesk,Standard,12,2025-11-29 19:40:15,Completed,2025-11-29 18:05:15
R0003858,2025-11-29 15:16:10,Housekeeping,Standard,35,2025-11-29 16:53:10,Completed,2025-11-29 16:19:10
R0003859,2025-11-29 09:47:24,F&B,Standard,25,2025-11-29 12:39:24,Completed,2025-11-29 10:14:24
R0003860,2025-11-29 07:29:11,Housekeeping,Urgent,18,2025-11-29 08:17:11,Completed,2025-11-29 07:52:11
R0003861,2025-11-29 20:29:49,FrontDesk,Standard,12,2025-11-29 23:04:49,Completed,2025-11-29 21:06:49
R0003862,2025-11-29 20:51:16,Maintenance,Urgent,30,2025-11-29 21:25:16,Completed,2025-11-29 21:35:16
R0003863,2025-11-29 20:01:06,Maintenance,Standard,55,2025-11-29 21:01:06,Completed,2025-11-29 21:13:06
R0003864,2025-11-29 13:19:06,F&B,Standard,25,2025-11-29 15:14:06,Completed,2025-11-29 13:54:06
R0003865,2025-11-29 12:21:04,Housekeeping,Urgent,18,2025-11-29 13:05:04,Completed,2025-11-29 12:42:04
R0003866,2025-11-29 22:37:38,Housekeeping,Urgent,18,2025-11-29 23:31:38,Completed,2025-11-29 23:03:38
R0003867,2025-11-29 13:42:26,FrontDesk,Standard,12,2025-11-29 15:36:26,Completed,2025-11-29 14:15:26
R0003868,2025-11-29 20:11:15,Maintenance,Urgent,30,2025-11-29 20:40:15,Completed,2025-11-29 20:41:15
R0003869,2025-11-29 08:26:06,Housekeeping,Standard,35,2025-11-29 09:37:06,Completed,2025-11-29 08:59:06
R0003870,2025-11-29 13:15:53,F&B,Standard,25,2025-11-29 16:11:53,Completed,2025-11-29 13:41:53
R0003871,2025-11-29 13:36:44,F&B,Standard,25,2025-11-29 15:38:44,Completed,2025-11-29 14:32:44
R0003872,2025-11-29 13:53:05,F&B,Standard,25,2025-11-29 16:09:05,Completed,2025-11-29 14:30:05
R0003873,2025-11-29 14:04:56,FrontDesk,Standard,12,2025-11-29 16:08:56,Completed,2025-11-29 14:42:56
R0003874,2025-11-29 19:06:29,Housekeeping,Standard,35,2025-11-29 21:42:29,Completed,2025-11-29 19:34:29
R0003875,2025-11-29 11:58:55,Maintenance,Urgent,30,2025-11-29 12:41:55,Completed,2025-11-29 12:31:55
R0003876,2025-11-29 08:31:39,Housekeeping,Standard,35,2025-11-29 11:12:39,Open,
R0003877,2025-11-29 15:19:43,Maintenance,Urgent,30,2025-11-29 16:17:43,Completed,2025-11-29 16:07:43
R0003878,2025-11-29 14:25:35,FrontDesk,Standard,12,2025-11-29 16:06:35,Completed,2025-11-29 14:54:35
R0003879,2025-11-29 07:23:29,F&B,Standard,25,2025-11-29 09:15:29,Completed,2025-11-29 07:59:29
R0003880,2025-11-29 16:33:59,Housekeeping,Standard,35,2025-11-29 18:22:59,Completed,2025-11-29 17:19:59
R0003881,2025-11-29 20:26:43,Housekeeping,Standard,35,2025-11-29 21:30:43,Completed,2025-11-29 21:08:43
R0003882,2025-11-29 19:10:13,Housekeeping,Standard,35,2025-11-29 21:37:13,Completed,2025-11-29 20:05:13
R0003883,2025-11-29 12:07:10,FrontDesk,Standard,12,2025-11-29 13:42:10,Completed,2025-11-29 12:30:10
R0003884,2025-11-29 08:55:55,Maintenance,Standard,55,2025-11-29 10:40:55,Completed,2025-11-29 10:05:55
R0003885,2025-11-30 16:50:19,FrontDesk,Standard,12,2025-11-30 19:08:19,Completed,2025-11-30 17:08:19
R0003886,2025-11-30 17:52:56,F&B,Standard,25,2025-11-30 19:06:56,Completed,2025-11-30 18:33:56
R0003887,2025-11-30 13:16:29,F&B,Standard,25,2025-11-30 14:16:29,Completed,2025-11-30 13:52:29
R0003888,2025-11-30 12:27:11,Housekeeping,Standard,35,2025-11-30 14:18:11,Completed,2025-11-30 13:14:11
R0003889,2025-11-30 14:24:59,F&B,Standard,25,2025-11-30 15:41:59,Completed,2025-11-30 15:06:59
R0003890,2025-11-30 07:20:51,Housekeeping,Standard,35,2025-11-30 10:17:51,Completed,2025-11-30 08:16:51
R0003891,2025-11-30 17:55:35,F&B,Standard,25,2025-11-30 20:43:35,Completed,2025-11-30 18:25:35
R0003892,2025-11-30 12:44:49,Housekeeping,Standard,35,2025-11-30 15:38:49,Completed,2025-11-30 13:31:49
R0003893,2025-11-30 14:42:21,FrontDesk,Standard,12,2025-11-30 16:23:21,Completed,2025-11-30 15:04:21
R0003894,2025-11-30 07:46:19,FrontDesk,Standard,12,2025-11-30 09:41:19,Completed,2025-11-30 08:14:19
R0003895,2025-11-30 21:27:00,FrontDesk,Standard,12,2025-12-01 00:17:00,Completed,2025-11-30 21:55:00
R0003896,2025-11-30 17:46:36,FrontDesk,Standard,12,2025-11-30 19:08:36,Completed,2025-11-30 18:10:36
R0003897,2025-11-30 18:03:11,F&B,Standard,25,2025-11-30 20:39:11,Completed,2025-11-30 18:38:11
R0003898,2025-11-30 18:57:23,Housekeeping,Standard,35,2025-11-30 20:19:23,Completed,2025-11-30 19:34:23
R0003899,2025-11-30 11:35:49,F&B,Standard,25,2025-11-30 13:20:49,Completed,2025-11-30 11:51:49
R0003900,2025-11-30 19:17:24,F&B,Standard,25,2025-11-30 20:46:24,Completed,2025-11-30 19:54:24
R0003901,2025-11-30 12:11:43,F&B,Standard,25,2025-11-30 13:20:43,Completed,2025-11-30 12:41:43
R0003902,2025-11-30 19:42:57,Housekeeping,Standard,35,2025-11-30 21:44:57,Completed,2025-11-30 20:29:57
R0003903,2025-11-30 19:36:13,Housekeeping,Standard,35,2025-11-30 20:43:13,Completed,2025-11-30 20:24:13
R0003904,2025-11-30 19:48:16,FrontDesk,Standard,12,2025-11-30 21:10:16,Completed,2025-11-30 20:15:16
R0003905,2025-11-30 20:42:51,Maintenance,Standard,55,2025-11-30 22:05:51,Completed,2025-11-30 21:51:51
R0003906,2025-11-30 11:43:19,Housekeeping,Standard,35,2025-11-30 13:11:19,Completed,2025-11-30 12:20:19
R0003907,2025-11-30 20:05:40,F&B,Standard,25,2025-11-30 22:42:40,Completed,2025-11-30 20:25:40
R0003908,2025-11-30 16:35:40,Maintenance,Standard,55,2025-11-30 17:42:40,Open,
R0003909,2025-11-30 19:34:03,FrontDesk,Standard,12,2025-11-30 20:47:03,Completed,2025-11-30 20:11:03
R0003910,2025-11-30 17:26:14,FrontDesk,Standard,12,2025-11-30 19:06:14,Completed,2025-11-30 17:52:14
R0003911,2025-11-30 08:11:50,Housekeeping,Standard,35,2025-11-30 09:12:50,Completed,2025-11-30 08:35:50
R0003912,2025-11-30 11:48:29,F&B,Standard,25,2025-11-30 13:29:29,Completed,2025-11-30 12:53:29
R0003913,2025-11-30 21:57:22,Housekeeping,Standard,35,2025-12-01 00:41:22,Completed,2025-11-30 22:51:22
R0003914,2025-11-30 08:06:46,Housekeeping,Standard,35,2025-11-30 10:49:46,Completed,2025-11-30 08:40:46
R0003915,2025-11-30 12:18:58,Maintenance,Standard,55,2025-11-30 13:25:58,Open,
R0003916,2025-11-30 08:48:29,F&B,Standard,25,2025-11-30 10:33:29,Completed,2025-11-30 09:51:29
R0003917,2025-11-30 19:02:48,Maintenance,Standard,55,2025-11-30 20:50:48,Completed,2025-11-30 19:53:48
R0003918,2025-11-30 12:30:38,Housekeeping,Standard,35,2025-11-30 14:39:38,Completed,2025-11-30 13:03:38
R0003919,2025-11-30 11:57:13,F&B,Urgent,12,2025-11-30 12:25:13,Completed,2025-11-30 12:33:13
R0003920,2025-11-30 08:26:42,Housekeeping,Standard,35,2025-11-30 10:46:42,Completed,2025-11-30 09:23:42
R0003921,2025-11-30 14:10:11,Housekeeping,Standard,35,2025-11-30 16:24:11,Completed,2025-11-30 15:18:11
R0003922,2025-11-30 12:20:54,F&B,Standard,25,2025-11-30 14:04:54,Completed,2025-11-30 13:13:54
R0003923,2025-11-30 10:39:37,Housekeeping,Standard,35,2025-11-30 13:09:37,Completed,2025-11-30 11:10:37
R0003924,2025-11-30 20:48:13,F&B,Standard,25,2025-11-30 22:41:13,Completed,2025-11-30 21:43:13
R0003925,2025-11-30 20:06:49,FrontDesk,Standard,12,2025-11-30 22:18:49,Completed,2025-11-30 20:37:49
R0003926,2025-11-30 20:38:26,FrontDesk,Standard,12,2025-11-30 23:27:26,Completed,2025-11-30 21:02:26
R0003927,2025-11-30 19:22:27,FrontDesk,Standard,12,2025-11-30 22:14:27,Completed,2025-11-30 20:06:27
R0003928,2025-11-30 11:44:12,F&B,Standard,25,2025-11-30 14:36:12,Completed,2025-11-30 12:21:12
R0003929,2025-11-30 11:24:04,F&B,Standard,25,2025-11-30 12:34:04,Completed,2025-11-30 12:22:04
R0003930,2025-11-30 12:30:39,Housekeeping,Standard,35,2025-11-30 14:33:39,Completed,2025-11-30 13:19:39
R0003931,2025-11-30 08:52:52,Housekeeping,Standard,35,2025-11-30 09:57:52,Completed,2025-11-30 09:47:52
R0003932,2025-11-30 08:40:36,F&B,Standard,25,2025-11-30 10:26:36,Completed,2025-11-30 09:34:36
R0003933,2025-11-30 13:47:58,FrontDesk,Standard,12,2025-11-30 16:30:58,Completed,2025-11-30 14:28:58
R0003934,2025-11-30 19:48:29,FrontDesk,Standard,12,2025-11-30 22:30:29,Completed,2025-11-30 20:15:29
R0003935,2025-11-30 19:56:41,Housekeeping,Standard,35,2025-11-30 21:08:41,Completed,2025-11-30 20:46:41
R0003936,2025-11-30 12:29:45,Housekeeping,Urgent,18,2025-11-30 13:07:45,Completed,2025-11-30 12:56:45
R0003937,2025-11-30 14:27:37,Housekeeping,Urgent,18,2025-11-30 14:59:37,Completed,2025-11-30 14:55:37
R0003938,2025-11-30 11:44:02,F&B,Standard,25,2025-11-30 12:45:02,Completed,2025-11-30 12:12:02
R0003939,2025-11-30 21:15:37,Housekeeping,Standard,35,2025-11-30 23:04:37,Completed,2025-11-30 22:04:37
R0003940,2025-11-30 07:22:49,Maintenance,Standard,55,2025-11-30 09:54:49,Completed,2025-11-30 08:34:49
R0003941,2025-11-30 10:29:35,Housekeeping,Standard,35,2025-11-30 13:04:35,Completed,2025-11-30 11:18:35
R0003942,2025-11-30 20:47:12,Maintenance,Urgent,30,2025-11-30 21:30:12,Open,
R0003943,2025-11-30 21:52:03,F&B,Standard,25,2025-11-30 23:55:03,Completed,2025-11-30 22:38:03
R0003944,2025-11-30 22:05:25,F&B,Standard,25,2025-12-01 00:44:25,Completed,2025-11-30 22:59:25
R0003945,2025-11-30 08:20:44,Maintenance,Standard,55,2025-11-30 10:20:44,Completed,2025-11-30 09:32:44
R0003946,2025-11-30 13:33:22,Housekeeping,Standard,35,2025-11-30 16:01:22,Completed,2025-11-30 14:13:22
R0003947,2025-11-30 09:15:56,F&B,Standard,25,2025-11-30 10:44:56,Completed,2025-11-30 10:00:56
R0003948,2025-11-30 09:40:26,F&B,Standard,25,2025-11-30 11:52:26,Completed,2025-11-30 10:30:26
R0003949,2025-11-30 17:39:29,FrontDesk,Standard,12,2025-11-30 19:27:29,Completed,2025-11-30 18:17:29
R0003950,2025-11-30 09:27:15,Housekeeping,Standard,35,2025-11-30 11:04:15,Completed,2025-11-30 10:41:15
R0003951,2025-11-30 15:19:51,Housekeeping,Standard,35,2025-11-30 16:39:51,Completed,2025-11-30 16:00:51
R0003952,2025-11-30 11:15:12,Maintenance,Standard,55,2025-11-30 13:18:12,Completed,2025-11-30 12:43:12
R0003953,2025-11-30 13:48:25,F&B,Standard,25,2025-11-30 15:47:25,Completed,2025-11-30 14:38:25
R0003954,2025-11-30 13:35:10,FrontDesk,Standard,12,2025-11-30 15:23:10,Completed,2025-11-30 13:49:10
R0003955,2025-11-30 22:53:30,F&B,Standard,25,2025-12-01 01:27:30,Completed,2025-11-30 23:40:30
R0003956,2025-11-30 12:06:07,Housekeeping,Standard,35,2025-11-30 14:46:07,Completed,2025-11-30 13:02:07
R0003957,2025-11-30 12:06:15,F&B,Standard,25,2025-11-30 14:58:15,Completed,2025-11-30 12:47:15
R0003958,2025-11-30 21:05:47,Maintenance,Standard,55,2025-11-30 23:24:47,Completed,2025-11-30 22:06:47
R0003959,2025-11-30 14:47:33,F&B,Standard,25,2025-11-30 16:19:33,Completed,2025-11-30 15:34:33
R0003960,2025-11-30 20:51:28,Housekeeping,Standard,35,2025-11-30 22:39:28,Completed,2025-11-30 22:02:28
R0003961,2025-11-30 07:24:54,F&B,Standard,25,2025-11-30 09:10:54,Completed,2025-11-30 08:04:54
R0003962,2025-11-30 16:57:00,Housekeeping,Standard,35,2025-11-30 17:57:00,Completed,2025-11-30 17:41:00
R0003963,2025-11-30 14:05:57,F&B,Urgent,12,2025-11-30 14:46:57,Completed,2025-11-30 14:23:57
R0003964,2025-11-30 14:48:19,Housekeeping,Standard,35,2025-11-30 17:08:19,Completed,2025-11-30 15:34:19
R0003965,2025-11-30 21:47:00,Housekeeping,Standard,35,2025-11-30 23:58:00,Completed,2025-11-30 22:32:00
R0003966,2025-11-30 18:55:18,FrontDesk,Standard,12,2025-11-30 20:31:18,Completed,2025-11-30 19:24:18
R0003967,2025-11-30 20:20:37,F&B,Standard,25,2025-11-30 22:28:37,Completed,2025-11-30 20:55:37
R0003968,2025-11-30 18:11:26,Maintenance,Standard,55,2025-11-30 19:47:26,Completed,2025-11-30 19:47:26
R0003969,2025-11-30 18:27:34,FrontDesk,Standard,12,2025-11-30 19:33:34,Completed,2025-11-30 18:54:34
R0003970,2025-11-30 15:03:05,Housekeeping,Urgent,18,2025-11-30 15:34:05,In_Progress,
R0003971,2025-11-30 16:14:44,Maintenance,Standard,55,2025-11-30 18:20:44,Completed,2025-11-30 17:20:44
R0003972,2025-11-30 14:41:47,FrontDesk,Standard,12,2025-11-30 16:17:47,Completed,2025-11-30 15:19:47
R0003973,2025-11-30 20:02:38,F&B,Standard,25,2025-11-30 22:07:38,Completed,2025-11-30 20:42:38
R0003974,2025-11-30 12:34:47,Housekeeping,Standard,35,2025-11-30 15:12:47,Completed,2025-11-30 12:56:47
R0003975,2025-11-30 16:16:15,F&B,Standard,25,2025-11-30 19:07:15,Completed,2025-11-30 17:05:15
R0003976,2025-11-30 19:15:10,Housekeeping,Standard,35,2025-11-30 21:47:10,Completed,2025-11-30 19:58:10
R0003977,2025-11-30 10:11:50,F&B,Standard,25,2025-11-30 12:12:50,Completed,2025-11-30 10:48:50
R0003978,2025-11-30 19:15:03,Housekeeping,Standard,35,2025-11-30 20:21:03,Completed,2025-11-30 19:47:03
R0003979,2025-11-30 12:23:32,Maintenance,Standard,55,2025-11-30 14:51:32,Completed,2025-11-30 13:30:32
R0003980,2025-11-30 14:21:42,F&B,Standard,25,2025-11-30 15:45:42,Completed,2025-11-30 14:52:42
R0003981,2025-11-30 20:01:03,Housekeeping,Standard,35,2025-11-30 22:34:03,Completed,2025-11-30 20:44:03
R0003982,2025-11-30 10:44:58,Housekeeping,Standard,35,2025-11-30 11:58:58,In_Progress,
R0003983,2025-11-30 13:10:00,Housekeeping,Standard,35,2025-11-30 14:34:00,Completed,2025-11-30 14:07:00
R0003984,2025-11-30 07:16:58,F&B,Standard,25,2025-11-30 10:07:58,Completed,2025-11-30 07:54:58
R0003985,2025-11-30 17:44:20,F&B,Standard,25,2025-11-30 20:39:20,Completed,2025-11-30 18:24:20
R0003986,2025-11-30 10:25:17,FrontDesk,Standard,12,2025-11-30 12:34:17,Completed,2025-11-30 10:52:17
R0003987,2025-11-30 18:49:14,F&B,Urgent,12,2025-11-30 19:23:14,Completed,2025-11-30 19:11:14
R0003988,2025-11-30 08:20:56,F&B,Standard,25,2025-11-30 10:26:56,Completed,2025-11-30 08:48:56
R0003989,2025-11-30 20:54:43,F&B,Standard,25,2025-11-30 23:51:43,Completed,2025-11-30 21:45:43
R0003990,2025-11-30 15:02:20,F&B,Standard,25,2025-11-30 17:34:20,Completed,2025-11-30 15:38:20
R0003991,2025-11-30 10:46:13,Housekeeping,Standard,35,2025-11-30 12:12:13,Completed,2025-11-30 11:35:13
R0003992,2025-11-30 19:41:37,F&B,Standard,25,2025-11-30 22:13:37,Completed,2025-11-30 20:23:37
R0003993,2025-11-30 19:29:03,FrontDesk,Standard,12,2025-11-30 21:49:03,Completed,2025-11-30 20:09:03
R0003994,2025-11-30 16:24:04,F&B,Standard,25,2025-11-30 19:18:04,Completed,2025-11-30 17:08:04
R0003995,2025-11-30 10:25:16,F&B,Standard,25,2025-11-30 12:17:16,In_Progress,
R0003996,2025-11-30 18:14:12,F&B,Standard,25,2025-11-30 20:28:12,Completed,2025-11-30 18:48:12
R0003997,2025-11-30 08:57:34,F&B,Standard,25,2025-11-30 11:39:34,Completed,2025-11-30 09:29:34
R0003998,2025-11-30 16:55:48,F&B,Standard,25,2025-11-30 19:44:48,Open,
R0003999,2025-11-30 21:57:47,Housekeeping,Standard,35,2025-12-01 00:08:47,Completed,2025-11-30 22:45:47
R0004000,2025-11-30 10:13:00,FrontDesk,Standard,12,2025-11-30 12:25:00,Completed,2025-11-30 10:31:00
R0004001,2025-11-30 21:45:53,Maintenance,Standard,55,2025-12-01 00:29:53,Open,
R0004002,2025-11-30 21:19:26,Maintenance,Standard,55,2025-11-30 23:50:26,Completed,2025-11-30 22:52:26
R0004003,2025-11-30 11:43:40,Housekeeping,Standard,35,2025-11-30 13:20:40,Completed,2025-11-30 12:22:40
R0004004,2025-11-30 20:52:32,F&B,Standard,25,2025-11-30 21:52:32,Completed,2025-11-30 21:19:32
R0004005,2025-11-30 19:24:50,FrontDesk,Standard,12,2025-11-30 21:20:50,Completed,2025-11-30 19:52:50
R0004006,2025-11-30 08:12:53,Housekeeping,Urgent,18,2025-11-30 08:27:53,Completed,2025-11-30 08:58:53
R0004007,2025-11-30 21:45:53,Housekeeping,Standard,35,2025-11-30 23:33:53,Completed,2025-11-30 22:24:53
R0004008,2025-11-30 21:21:02,FrontDesk,Standard,12,2025-11-30 23:55:02,Completed,2025-11-30 21:52:02
R0004009,2025-11-30 13:08:09,F&B,Urgent,12,2025-11-30 14:03:09,Completed,2025-11-30 13:24:09
R0004010,2025-11-30 14:46:56,F&B,Standard,25,2025-11-30 15:54:56,Completed,2025-11-30 15:17:56
R0004011,2025-11-30 15:12:11,F&B,Standard,25,2025-11-30 16:29:11,Completed,2025-11-30 15:31:11
R0004012,2025-11-30 14:25:21,Housekeeping,Standard,35,2025-11-30 16:48:21,Completed,2025-11-30 15:32:21
R0004013,2025-11-30 21:33:20,Housekeeping,Urgent,18,2025-11-30 22:17:20,Open,
R0004014,2025-11-30 17:52:42,FrontDesk,Urgent,6,2025-11-30 18:25:42,Completed,2025-11-30 18:10:42
R0004015,2025-11-30 13:00:03,Housekeeping,Standard,35,2025-11-30 14:41:03,Completed,2025-11-30 13:28:03
R0004016,2025-11-30 21:51:39,F&B,Standard,25,2025-12-01 00:50:39,Completed,2025-11-30 22:38:39
R0004017,2025-11-30 19:23:47,Housekeeping,Standard,35,2025-11-30 22:17:47,Completed,2025-11-30 20:21:47
R0004018,2025-11-30 11:12:12,Housekeeping,Standard,35,2025-11-30 14:01:12,Completed,2025-11-30 11:55:12
R0004019,2025-11-30 18:31:24,F&B,Standard,25,2025-11-30 19:57:24,Completed,2025-11-30 19:02:24
R0004020,2025-11-30 19:08:09,Housekeeping,Standard,35,2025-11-30 21:38:09,Completed,2025-11-30 19:44:09
R0004021,2025-11-30 20:14:41,Housekeeping,Standard,35,2025-11-30 21:20:41,Completed,2025-11-30 20:47:41
R0004022,2025-11-30 18:32:55,F&B,Standard,25,2025-11-30 21:26:55,Completed,2025-11-30 18:59:55
R0004023,2025-11-30 07:24:25,Housekeeping,Urgent,18,2025-11-30 08:21:25,Completed,2025-11-30 07:54:25
R0004024,2025-11-30 19:29:55,F&B,Standard,25,2025-11-30 21:26:55,Completed,2025-11-30 19:59:55
R0004025,2025-11-30 11:15:30,Housekeeping,Urgent,18,2025-11-30 12:10:30,Completed,2025-11-30 11:37:30
R0004026,2025-11-30 14:39:25,FrontDesk,Standard,12,2025-11-30 17:00:25,Completed,2025-11-30 15:14:25
R0004027,2025-11-30 09:47:32,Housekeeping,Standard,35,2025-11-30 12:36:32,Completed,2025-11-30 10:36:32
R0004028,2025-11-30 21:39:23,FrontDesk,Standard,12,2025-11-30 23:56:23,Completed,2025-11-30 21:56:23
R0004029,2025-11-30 18:57:11,F&B,Standard,25,2025-11-30 21:41:11,Completed,2025-11-30 19:59:11
R0004030,2025-11-30 19:37:55,F&B,Standard,25,2025-11-30 21:13:55,Completed,2025-11-30 20:22:55
R0004031,2025-11-30 14:58:23,Maintenance,Standard,55,2025-11-30 17:57:23,Completed,2025-11-30 15:48:23
R0004032,2025-11-30 19:55:57,FrontDesk,Standard,12,2025-11-30 22:53:57,Completed,2025-11-30 20:12:57
R0004033,2025-11-30 17:33:44,F&B,Standard,25,2025-11-30 18:43:44,Completed,2025-11-30 18:00:44
R0004034,2025-11-30 16:02:54,F&B,Standard,25,2025-11-30 17:11:54,Completed,2025-11-30 16:43:54
R0004035,2025-11-30 09:53:40,Maintenance,Standard,55,2025-11-30 12:37:40,Completed,2025-11-30 10:54:40
R0004036,2025-11-30 18:23:44,Housekeeping,Urgent,18,2025-11-30 18:50:44,Completed,2025-11-30 18:54:44
R0004037,2025-11-30 22:40:41,Housekeeping,Standard,35,2025-11-30 23:43:41,Completed,2025-11-30 23:16:41
R0004038,2025-11-30 17:14:59,Housekeeping,Urgent,18,2025-11-30 18:08:59,Completed,2025-11-30 17:41:59
R0004039,2025-11-30 11:49:08,FrontDesk,Urgent,6,2025-11-30 12:41:08,Completed,2025-11-30 12:13:08
R0004040,2025-11-30 15:44:48,Housekeeping,Standard,35,2025-11-30 17:54:48,Completed,2025-11-30 16:27:48
R0004041,2025-11-30 13:38:28,FrontDesk,Standard,12,2025-11-30 15:26:28,Completed,2025-11-30 13:52:28
R0004042,2025-11-30 17:59:02,Maintenance,Standard,55,2025-11-30 20:08:02,Completed,2025-11-30 19:01:02
R0004043,2025-11-30 18:06:04,FrontDesk,Standard,12,2025-11-30 20:20:04,Completed,2025-11-30 18:39:04
R0004044,2025-11-30 15:14:00,FrontDesk,Standard,12,2025-11-30 17:06:00,Completed,2025-11-30 15:40:00
R0004045,2025-11-30 18:17:13,Housekeeping,Standard,35,2025-11-30 20:39:13,Completed,2025-11-30 19:19:13
R0004046,2025-11-30 20:22:27,Housekeeping,Standard,35,2025-11-30 23:15:27,Completed,2025-11-30 20:58:27
R0004047,2025-11-30 10:30:56,Maintenance,Standard,55,2025-11-30 12:42:56,Completed,2025-11-30 11:45:56
R0004048,2025-11-30 20:32:23,F&B,Standard,25,2025-11-30 21:32:23,Completed,2025-11-30 21:18:23
R0004049,2025-11-30 16:42:01,Housekeeping,Standard,35,2025-11-30 19:11:01,Completed,2025-11-30 17:21:01
R0004050,2025-11-30 16:23:03,FrontDesk,Standard,12,2025-11-30 19:16:03,Completed,2025-11-30 16:51:03
R0004051,2025-11-30 20:46:04,Housekeeping,Standard,35,2025-11-30 21:57:04,Completed,2025-11-30 21:37:04
R0004052,2025-11-30 13:16:18,Housekeeping,Standard,35,2025-11-30 14:27:18,Completed,2025-11-30 14:17:18
R0004053,2025-11-30 19:49:20,FrontDesk,Standard,12,2025-11-30 22:46:20,Completed,2025-11-30 19:59:20
R0004054,2025-11-30 11:50:03,Housekeeping,Standard,35,2025-11-30 13:55:03,Completed,2025-11-30 12:34:03
R0004055,2025-11-30 17:11:32,Housekeeping,Standard,35,2025-11-30 18:56:32,Completed,2025-11-30 18:08:32
R0004056,2025-11-30 15:25:47,FrontDesk,Standard,12,2025-11-30 17:46:47,Completed,2025-11-30 15:36:47
R0004057,2025-11-30 12:22:19,Housekeeping,Standard,35,2025-11-30 15:12:19,Completed,2025-11-30 13:26:19
R0004058,2025-11-30 08:20:46,Housekeeping,Urgent,18,2025-11-30 08:41:46,Completed,2025-11-30 08:51:46
R0004059,2025-11-30 15:02:29,F&B,Standard,25,2025-11-30 16:23:29,Completed,2025-11-30 15:54:29
R0004060,2025-11-30 15:42:42,FrontDesk,Urgent,6,2025-11-30 15:58:42,Completed,2025-11-30 16:05:42
R0004061,2025-11-30 11:08:09,FrontDesk,Standard,12,2025-11-30 13:28:09,Completed,2025-11-30 11:20:09
R0004062,2025-11-30 12:19:01,FrontDesk,Standard,12,2025-11-30 14:41:01,Completed,2025-11-30 12:48:01
R0004063,2025-11-30 21:28:57,FrontDesk,Standard,12,2025-11-30 22:43:57,Completed,2025-11-30 21:57:57
R0004064,2025-11-30 21:20:50,FrontDesk,Standard,12,2025-12-01 00:17:50,Completed,2025-11-30 21:41:50
R0004065,2025-11-30 17:37:39,FrontDesk,Standard,12,2025-11-30 19:20:39,Completed,2025-11-30 17:54:39
R0004066,2025-11-30 08:50:42,Housekeeping,Standard,35,2025-11-30 11:03:42,Completed,2025-11-30 09:21:42
R0004067,2025-11-30 08:08:29,Housekeeping,Standard,35,2025-11-30 09:46:29,Completed,2025-11-30 09:00:29
R0004068,2025-11-30 13:39:35,F&B,Standard,25,2025-11-30 15:01:35,Completed,2025-11-30 14:18:35
R0004069,2025-11-30 18:22:01,F&B,Standard,25,2025-11-30 20:11:01,Completed,2025-11-30 18:52:01
R0004070,2025-11-30 18:32:32,FrontDesk,Urgent,6,2025-11-30 19:19:32,Completed,2025-11-30 19:06:32
R0004071,2025-11-30 09:38:33,F&B,Standard,25,2025-11-30 11:34:33,Completed,2025-11-30 10:09:33
R0004072,2025-11-30 20:06:54,F&B,Urgent,12,2025-11-30 20:23:54,Completed,2025-11-30 20:20:54
R0004073,2025-11-30 16:55:30,F&B,Standard,25,2025-11-30 19:43:30,Completed,2025-11-30 17:38:30
R0004074,2025-11-30 12:01:32,F&B,Standard,25,2025-11-30 14:02:32,Completed,2025-11-30 12:45:32
R0004075,2025-11-30 21:05:03,FrontDesk,Standard,12,2025-11-30 23:05:03,Completed,2025-11-30 21:39:03
R0004076,2025-11-30 13:58:42,Housekeeping,Urgent,18,2025-11-30 14:32:42,Completed,2025-11-30 14:37:42
R0004077,2025-11-30 16:20:12,F&B,Standard,25,2025-11-30 18:26:12,Completed,2025-11-30 17:15:12
R0004078,2025-11-30 21:02:23,Housekeeping,Standard,35,2025-11-30 23:15:23,Completed,2025-11-30 21:48:23
R0004079,2025-11-30 11:05:48,F&B,Standard,25,2025-11-30 12:13:48,Completed,2025-11-30 11:44:48
R0004080,2025-11-30 13:27:07,FrontDesk,Standard,12,2025-11-30 14:35:07,Completed,2025-11-30 13:59:07
R0004081,2025-11-30 18:24:40,F&B,Standard,25,2025-11-30 20:04:40,Completed,2025-11-30 18:44:40
R0004082,2025-11-30 08:30:55,FrontDesk,Standard,12,2025-11-30 11:08:55,Completed,2025-11-30 08:50:55
R0004083,2025-11-30 16:34:26,FrontDesk,Standard,12,2025-11-30 18:53:26,Completed,2025-11-30 16:52:26
R0004084,2025-11-30 08:44:12,FrontDesk,Standard,12,2025-11-30 11:32:12,In_Progress,
R0004085,2025-11-30 22:35:52,F&B,Standard,25,2025-12-01 00:41:52,Completed,2025-11-30 23:10:52
R0004086,2025-11-30 14:57:15,FrontDesk,Urgent,6,2025-11-30 15:36:15,Completed,2025-11-30 15:23:15
R0004087,2025-11-30 08:35:09,Housekeeping,Standard,35,2025-11-30 09:41:09,Completed,2025-11-30 09:49:09
R0004088,2025-11-30 19:14:31,FrontDesk,Standard,12,2025-11-30 21:42:31,Open,
R0004089,2025-11-30 20:45:19,F&B,Standard,25,2025-11-30 21:49:19,Completed,2025-11-30 21:21:19
R0004090,2025-11-30 21:22:11,Maintenance,Standard,55,2025-11-30 22:35:11,Completed,2025-11-30 22:03:11
R0004091,2025-11-30 10:00:10,F&B,Standard,25,2025-11-30 11:53:10,Completed,2025-11-30 10:42:10
R0004092,2025-11-30 18:47:24,Housekeeping,Standard,35,2025-11-30 21:15:24,Completed,2025-11-30 19:21:24
R0004093,2025-11-30 11:01:22,FrontDesk,Urgent,6,2025-11-30 11:57:22,Completed,2025-11-30 11:09:22
R0004094,2025-11-30 14:24:37,FrontDesk,Standard,12,2025-11-30 17:00:37,Completed,2025-11-30 15:05:37
R0004095,2025-11-30 17:00:27,FrontDesk,Standard,12,2025-11-30 18:39:27,Completed,2025-11-30 17:35:27
R0004096,2025-11-30 20:11:00,Housekeeping,Standard,35,2025-11-30 21:13:00,Completed,2025-11-30 21:05:00
R0004097,2025-11-30 18:17:50,Housekeeping,Urgent,18,2025-11-30 18:45:50,Completed,2025-11-30 18:41:50
R0004098,2025-11-30 18:15:17,Maintenance,Standard,55,2025-11-30 20:59:17,Completed,2025-11-30 19:29:17
R0004099,2025-11-30 21:35:09,Housekeeping,Standard,35,2025-12-01 00:14:09,Completed,2025-11-30 22:45:09
R0004100,2025-11-30 19:20:27,FrontDesk,Standard,12,2025-11-30 21:16:27,Completed,2025-11-30 19:42:27
R0004101,2025-11-30 13:45:17,Housekeeping,Standard,35,2025-11-30 16:18:17,Completed,2025-11-30 14:18:17
R0004102,2025-11-30 12:32:02,F&B,Standard,25,2025-11-30 14:24:02,Completed,2025-11-30 13:08:02
R0004103,2025-11-30 09:54:41,Housekeeping,Standard,35,2025-11-30 11:32:41,Completed,2025-11-30 10:42:41
R0004104,2025-11-30 19:59:46,F&B,Standard,25,2025-11-30 21:16:46,Completed,2025-11-30 20:45:46
R0004105,2025-11-30 20:57:45,Housekeeping,Urgent,18,2025-11-30 21:49:45,Completed,2025-11-30 21:20:45
R0004106,2025-11-30 22:32:35,Housekeeping,Standard,35,2025-11-30 23:55:35,Completed,2025-11-30 23:08:35
R0004107,2025-11-30 22:14:24,Housekeeping,Standard,35,2025-12-01 00:14:24,Completed,2025-11-30 23:08:24
R0004108,2025-11-30 17:32:03,F&B,Standard,25,2025-11-30 19:04:03,Completed,2025-11-30 18:04:03
R0004109,2025-11-30 20:21:38,F&B,Standard,25,2025-11-30 21:46:38,Completed,2025-11-30 20:35:38
R0004110,2025-11-30 17:04:41,Housekeeping,Standard,35,2025-11-30 19:24:41,Completed,2025-11-30 17:52:41
R0004111,2025-11-30 18:22:38,F&B,Standard,25,2025-11-30 19:49:38,Completed,2025-11-30 18:58:38
R0004112,2025-11-30 14:41:25,Housekeeping,Urgent,18,2025-11-30 15:06:25,Completed,2025-11-30 15:13:25
R0004113,2025-11-30 20:36:05,Housekeeping,Standard,35,2025-11-30 23:11:05,Completed,2025-11-30 21:26:05
R0004114,2025-11-30 16:29:27,F&B,Standard,25,2025-11-30 18:06:27,Completed,2025-11-30 17:22:27
R0004115,2025-11-30 20:28:25,Maintenance,Standard,55,2025-11-30 22:18:25,Completed,2025-11-30 21:41:25
R0004116,2025-11-30 13:37:55,Housekeeping,Standard,35,2025-11-30 14:58:55,Completed,2025-11-30 14:01:55
R0004117,2025-11-30 21:12:05,F&B,Standard,25,2025-11-30 22:41:05,Completed,2025-11-30 21:48:05
R0004118,2025-11-30 16:59:49,F&B,Standard,25,2025-11-30 19:19:49,Completed,2025-11-30 18:02:49
R0004119,2025-11-30 21:09:22,FrontDesk,Standard,12,2025-12-01 00:08:22,Completed,2025-11-30 21:40:22
R0004120,2025-11-30 20:31:19,F&B,Standard,25,2025-11-30 21:42:19,Completed,2025-11-30 20:59:19
R0004121,2025-11-30 11:18:11,F&B,Urgent,12,2025-11-30 11:57:11,Completed,2025-11-30 11:40:11
R0004122,2025-11-30 11:54:39,F&B,Standard,25,2025-11-30 14:52:39,Completed,2025-11-30 12:42:39
R0004123,2025-11-30 19:13:37,FrontDesk,Standard,12,2025-11-30 21:31:37,Completed,2025-11-30 19:27:37
R0004124,2025-11-30 15:42:53,F&B,Standard,25,2025-11-30 17:44:53,Completed,2025-11-30 16:24:53
R0004125,2025-11-30 19:58:57,F&B,Standard,25,2025-11-30 22:15:57,Completed,2025-11-30 20:40:57
R0004126,2025-11-30 22:41:32,F&B,Standard,25,2025-12-01 00:39:32,Completed,2025-11-30 23:06:32
R0004127,2025-11-30 13:42:25,FrontDesk,Standard,12,2025-11-30 15:43:25,Completed,2025-11-30 14:15:25
R0004128,2025-11-30 18:10:28,F&B,Standard,25,2025-11-30 20:21:28,Completed,2025-11-30 18:40:28
R0004129,2025-11-30 14:20:52,F&B,Standard,25,2025-11-30 16:36:52,Completed,2025-11-30 15:01:52
R0004130,2025-11-30 14:46:59,Housekeeping,Standard,35,2025-11-30 17:27:59,Completed,2025-11-30 15:45:59
R0004131,2025-11-30 22:52:33,Housekeeping,Standard,35,2025-12-01 01:48:33,Completed,2025-11-30 23:29:33
R0004132,2025-11-30 22:04:48,FrontDesk,Standard,12,2025-12-01 00:01:48,Completed,2025-11-30 22:25:48
R0004133,2025-11-30 19:13:54,F&B,Standard,25,2025-11-30 21:22:54,Completed,2025-11-30 20:02:54
R0004134,2025-11-30 15:47:25,Maintenance,Standard,55,2025-11-30 17:05:25,Completed,2025-11-30 17:00:25
R0004135,2025-11-30 19:41:20,FrontDesk,Standard,12,2025-11-30 22:12:20,Completed,2025-11-30 20:06:20
R0004136,2025-11-30 12:20:08,F&B,Standard,25,2025-11-30 14:32:08,Completed,2025-11-30 13:06:08
R0004137,2025-11-30 20:38:02,Maintenance,Standard,55,2025-11-30 21:55:02,Completed,2025-11-30 21:30:02
R0004138,2025-11-30 18:27:07,Housekeeping,Standard,35,2025-11-30 21:23:07,Completed,2025-11-30 19:18:07
R0004139,2025-11-30 14:44:36,Housekeeping,Standard,35,2025-11-30 16:16:36,Completed,2025-11-30 15:38:36
R0004140,2025-11-30 14:43:59,FrontDesk,Standard,12,2025-11-30 16:06:59,Completed,2025-11-30 14:58:59
R0004141,2025-11-30 17:02:51,F&B,Standard,25,2025-11-30 18:40:51,Completed,2025-11-30 17:50:51
R0004142,2025-11-30 22:58:24,Housekeeping,Standard,35,2025-12-01 00:29:24,Completed,2025-11-30 23:34:24
R0004143,2025-11-30 19:28:02,Maintenance,Standard,55,2025-11-30 21:51:02,Open,
R0004144,2025-11-30 12:21:07,Housekeeping,Standard,35,2025-11-30 15:00:07,Completed,2025-11-30 13:24:07
R0004145,2025-11-30 22:17:23,Maintenance,Standard,55,2025-12-01 00:57:23,Completed,2025-11-30 23:05:23
R0004146,2025-11-30 21:53:30,F&B,Standard,25,2025-11-30 23:01:30,Completed,2025-11-30 22:30:30
R0004147,2025-11-30 18:44:18,F&B,Standard,25,2025-11-30 20:30:18,Completed,2025-11-30 19:17:18
R0004148,2025-11-30 13:02:20,FrontDesk,Standard,12,2025-11-30 14:27:20,Completed,2025-11-30 13:30:20
R0004149,2025-11-30 13:34:29,FrontDesk,Standard,12,2025-11-30 14:35:29,Completed,2025-11-30 13:58:29
R0004150,2025-11-30 19:34:52,Maintenance,Standard,55,2025-11-30 20:43:52,Completed,2025-11-30 20:37:52
R0004151,2025-11-30 20:36:26,Housekeeping,Standard,35,2025-11-30 23:34:26,Completed,2025-11-30 21:37:26
R0004152,2025-11-30 10:28:32,FrontDesk,Standard,12,2025-11-30 13:23:32,Completed,2025-11-30 11:04:32
R0004153,2025-11-30 16:18:36,Housekeeping,Urgent,18,2025-11-30 16:39:36,Completed,2025-11-30 16:59:36
R0004154,2025-11-30 21:51:20,Housekeeping,Urgent,18,2025-11-30 22:49:20,Completed,2025-11-30 22:00:20
R0004155,2025-11-30 16:36:18,F&B,Urgent,12,2025-11-30 17:27:18,Completed,2025-11-30 17:15:18
R0004156,2025-11-30 20:49:58,Housekeeping,Standard,35,2025-11-30 22:11:58,Completed,2025-11-30 21:58:58
R0004157,2025-11-30 21:46:00,F&B,Standard,25,2025-11-30 23:03:00,Completed,2025-11-30 22:07:00
R0004158,2025-11-30 11:35:38,Housekeeping,Urgent,18,2025-11-30 12:23:38,Completed,2025-11-30 12:11:38
R0004159,2025-11-30 22:47:59,Housekeeping,Urgent,18,2025-11-30 23:40:59,Completed,2025-11-30 23:12:59
R0004160,2025-11-30 13:05:57,F&B,Standard,25,2025-11-30 15:48:57,Completed,2025-11-30 13:45:57
R0004161,2025-11-30 14:28:42,Housekeeping,Standard,35,2025-11-30 15:46:42,Completed,2025-11-30 15:09:42
R0004162,2025-11-30 15:51:59,F&B,Standard,25,2025-11-30 18:33:59,Completed,2025-11-30 16:38:59
R0004163,2025-11-30 16:08:11,Housekeeping,Standard,35,2025-11-30 17:34:11,Completed,2025-11-30 17:07:11
R0004164,2025-11-30 11:34:05,Maintenance,Standard,55,2025-11-30 14:17:05,Completed,2025-11-30 12:52:05
R0004165,2025-11-30 13:44:47,F&B,Standard,25,2025-11-30 16:27:47,Completed,2025-11-30 14:28:47
R0004166,2025-11-30 15:49:59,FrontDesk,Standard,12,2025-11-30 16:59:59,Completed,2025-11-30 16:06:59
R0004167,2025-11-30 16:12:21,FrontDesk,Standard,12,2025-11-30 18:27:21,In_Progress,
R0004168,2025-11-30 20:26:11,Housekeeping,Standard,35,2025-11-30 21:49:11,Completed,2025-11-30 20:54:11
R0004169,2025-11-30 20:53:10,FrontDesk,Standard,12,2025-11-30 22:01:10,Completed,2025-11-30 21:24:10
R0004170,2025-11-30 11:17:51,Housekeeping,Standard,35,2025-11-30 12:24:51,Completed,2025-11-30 12:28:51
R0004171,2025-11-30 21:24:09,FrontDesk,Standard,12,2025-11-30 22:49:09,Completed,2025-11-30 21:41:09
R0004172,2025-11-30 17:53:50,FrontDesk,Standard,12,2025-11-30 20:47:50,Completed,2025-11-30 18:04:50
R0004173,2025-11-30 22:37:42,Housekeeping,Standard,35,2025-12-01 00:10:42,Completed,2025-11-30 23:43:42
R0004174,2025-11-30 18:04:50,FrontDesk,Standard,12,2025-11-30 21:01:50,Completed,2025-11-30 18:15:50
R0004175,2025-11-30 19:39:16,FrontDesk,Standard,12,2025-11-30 20:43:16,Completed,2025-11-30 20:11:16
R0004176,2025-11-30 20:37:36,F&B,Standard,25,2025-11-30 22:12:36,Completed,2025-11-30 21:16:36
R0004177,2025-11-30 14:04:55,FrontDesk,Urgent,6,2025-11-30 14:58:55,Completed,2025-11-30 14:38:55
R0004178,2025-11-30 18:20:27,Housekeeping,Standard,35,2025-11-30 20:24:27,Completed,2025-11-30 19:17:27
R0004179,2025-11-30 21:51:15,Housekeeping,Standard,35,2025-11-30 23:14:15,Completed,2025-11-30 22:55:15
R0004180,2025-11-30 15:32:39,F&B,Standard,25,2025-11-30 17:38:39,Completed,2025-11-30 15:49:39
R0004181,2025-11-30 14:06:02,Maintenance,Standard,55,2025-11-30 17:04:02,Completed,2025-11-30 15:25:02
R0004182,2025-11-30 18:26:31,Housekeeping,Standard,35,2025-11-30 20:37:31,Completed,2025-11-30 19:14:31
R0004183,2025-11-30 20:59:42,Housekeeping,Standard,35,2025-11-30 22:57:42,Completed,2025-11-30 22:09:42
R0004184,2025-11-30 08:53:18,Housekeeping,Standard,35,2025-11-30 10:21:18,Completed,2025-11-30 09:46:18
R0004185,2025-11-30 07:50:56,F&B,Standard,25,2025-11-30 10:09:56,In_Progress,
R0004186,2025-11-30 16:33:59,F&B,Standard,25,2025-11-30 18:05:59,Completed,2025-11-30 17:09:59
R0004187,2025-11-30 08:00:00,FrontDesk,Standard,12,2025-11-30 10:24:00,Completed,2025-11-30 08:32:00
R0004188,2025-11-30 11:45:13,Maintenance,Standard,55,2025-11-30 14:44:13,Completed,2025-11-30 12:51:13
R0004189,2025-11-30 11:40:45,Housekeeping,Standard,35,2025-11-30 14:37:45,Completed,2025-11-30 12:46:45
R0004190,2025-11-30 08:32:09,Housekeeping,Standard,35,2025-11-30 09:35:09,Completed,2025-11-30 09:38:09
R0004191,2025-11-30 21:06:48,F&B,Standard,25,2025-11-30 23:11:48,Completed,2025-11-30 22:09:48
R0004192,2025-11-30 07:41:15,F&B,Standard,25,2025-11-30 09:19:15,Completed,2025-11-30 08:05:15
R0004193,2025-11-30 20:59:51,Maintenance,Standard,55,2025-11-30 22:40:51,Completed,2025-11-30 22:03:51
R0004194,2025-11-30 19:04:30,F&B,Standard,25,2025-11-30 21:17:30,Completed,2025-11-30 19:31:30
R0004195,2025-11-30 13:52:48,FrontDesk,Urgent,6,2025-11-30 14:34:48,Completed,2025-11-30 14:13:48
R0004196,2025-11-30 19:17:01,FrontDesk,Urgent,6,2025-11-30 20:01:01,Completed,2025-11-30 19:30:01
R0004197,2025-11-30 18:41:28,FrontDesk,Standard,12,2025-11-30 20:26:28,Completed,2025-11-30 19:09:28
R0004198,2025-11-30 13:25:04,Maintenance,Standard,55,2025-11-30 14:53:04,Completed,2025-11-30 14:41:04
R0004199,2025-11-30 18:02:36,FrontDesk,Standard,12,2025-11-30 20:18:36,Completed,2025-11-30 18:18:36
R0004200,2025-11-30 18:19:26,FrontDesk,Standard,12,2025-11-30 20:05:26,Completed,2025-11-30 18:47:26
R0004201,2025-11-30 13:16:00,F&B,Standard,25,2025-11-30 15:13:00,Completed,2025-11-30 13:43:00
R0004202,2025-11-30 18:21:05,F&B,Standard,25,2025-11-30 19:41:05,Completed,2025-11-30 18:59:05
R0004203,2025-11-30 18:34:41,Housekeeping,Standard,35,2025-11-30 20:53:41,Completed,2025-11-30 19:41:41
R0004204,2025-11-30 18:14:39,F&B,Standard,25,2025-11-30 19:54:39,Completed,2025-11-30 18:59:39
R0004205,2025-12-01 12:32:45,Housekeeping,Standard,35,2025-12-01 15:15:45,Open,
R0004206,2025-12-01 21:47:14,Housekeeping,Standard,35,2025-12-01 23:26:14,Completed,2025-12-01 22:39:14
R0004207,2025-12-01 13:54:57,F&B,Standard,25,2025-12-01 16:42:57,Completed,2025-12-01 14:54:57
R0004208,2025-12-01 14:35:00,F&B,Standard,25,2025-12-01 16:17:00,Completed,2025-12-01 14:57:00
R0004209,2025-12-01 13:46:13,F&B,Standard,25,2025-12-01 14:46:13,Completed,2025-12-01 14:18:13
R0004210,2025-12-01 12:40:05,Housekeeping,Standard,35,2025-12-01 13:44:05,Completed,2025-12-01 13:12:05
R0004211,2025-12-01 13:19:50,Housekeeping,Standard,35,2025-12-01 15:34:50,Completed,2025-12-01 14:34:50
R0004212,2025-12-01 10:38:23,F&B,Urgent,12,2025-12-01 11:03:23,Completed,2025-12-01 11:16:23
R0004213,2025-12-01 18:53:41,Housekeeping,Standard,35,2025-12-01 21:44:41,Completed,2025-12-01 19:47:41
R0004214,2025-12-01 20:46:03,FrontDesk,Standard,12,2025-12-01 22:44:03,Completed,2025-12-01 21:03:03
R0004215,2025-12-01 18:19:18,FrontDesk,Standard,12,2025-12-01 21:11:18,Completed,2025-12-01 18:39:18
R0004216,2025-12-01 09:24:11,F&B,Standard,25,2025-12-01 10:41:11,Completed,2025-12-01 10:11:11
R0004217,2025-12-01 08:14:03,FrontDesk,Standard,12,2025-12-01 10:29:03,Completed,2025-12-01 08:51:03
R0004218,2025-12-01 10:12:55,Housekeeping,Standard,35,2025-12-01 12:42:55,Completed,2025-12-01 11:07:55
R0004219,2025-12-01 18:12:55,Housekeeping,Standard,35,2025-12-01 20:31:55,Completed,2025-12-01 18:49:55
R0004220,2025-12-01 07:03:33,F&B,Standard,25,2025-12-01 09:33:33,Completed,2025-12-01 07:38:33
R0004221,2025-12-01 12:40:10,Housekeeping,Standard,35,2025-12-01 14:18:10,Completed,2025-12-01 13:24:10
R0004222,2025-12-01 21:48:04,F&B,Standard,25,2025-12-01 23:58:04,Completed,2025-12-01 22:54:04
R0004223,2025-12-01 10:47:41,FrontDesk,Standard,12,2025-12-01 11:52:41,Completed,2025-12-01 11:16:41
R0004224,2025-12-01 13:39:26,Housekeeping,Urgent,18,2025-12-01 14:29:26,Open,
R0004225,2025-12-01 11:45:54,F&B,Standard,25,2025-12-01 13:11:54,Open,
R0004226,2025-12-01 16:03:52,Housekeeping,Standard,35,2025-12-01 17:55:52,Completed,2025-12-01 17:10:52
R0004227,2025-12-01 21:33:47,F&B,Standard,25,2025-12-01 23:47:47,Completed,2025-12-01 22:03:47
R0004228,2025-12-01 20:25:13,F&B,Standard,25,2025-12-01 22:05:13,Completed,2025-12-01 20:56:13
R0004229,2025-12-01 15:24:15,F&B,Standard,25,2025-12-01 17:30:15,Completed,2025-12-01 16:22:15
R0004230,2025-12-01 10:17:03,Housekeeping,Standard,35,2025-12-01 11:24:03,Completed,2025-12-01 10:58:03
R0004231,2025-12-01 10:15:20,FrontDesk,Standard,12,2025-12-01 12:01:20,Completed,2025-12-01 10:52:20
R0004232,2025-12-01 18:32:20,Maintenance,Standard,55,2025-12-01 20:42:20,In_Progress,
R0004233,2025-12-01 18:08:48,F&B,Standard,25,2025-12-01 20:54:48,Completed,2025-12-01 18:45:48
R0004234,2025-12-01 19:52:05,Housekeeping,Standard,35,2025-12-01 22:23:05,Completed,2025-12-01 20:42:05
R0004235,2025-12-01 20:54:31,F&B,Standard,25,2025-12-01 22:03:31,Completed,2025-12-01 21:26:31
R0004236,2025-12-01 18:39:33,Maintenance,Standard,55,2025-12-01 20:33:33,Completed,2025-12-01 19:42:33
R0004237,2025-12-01 12:01:03,F&B,Standard,25,2025-12-01 13:55:03,Completed,2025-12-01 12:39:03
R0004238,2025-12-01 14:01:12,Maintenance,Standard,55,2025-12-01 15:36:12,Open,
R0004239,2025-12-01 14:40:35,F&B,Standard,25,2025-12-01 16:38:35,Completed,2025-12-01 15:40:35
R0004240,2025-12-01 16:18:25,Housekeeping,Standard,35,2025-12-01 19:16:25,Completed,2025-12-01 17:17:25
R0004241,2025-12-01 09:41:32,FrontDesk,Standard,12,2025-12-01 11:14:32,Completed,2025-12-01 10:00:32
R0004242,2025-12-01 22:27:20,FrontDesk,Standard,12,2025-12-02 00:02:20,Open,
R0004243,2025-12-01 20:55:59,F&B,Standard,25,2025-12-01 22:23:59,Completed,2025-12-01 21:30:59
R0004244,2025-12-01 17:43:55,F&B,Standard,25,2025-12-01 19:36:55,Completed,2025-12-01 18:29:55
R0004245,2025-12-01 11:51:31,F&B,Standard,25,2025-12-01 14:14:31,Completed,2025-12-01 12:28:31
R0004246,2025-12-01 12:25:18,Housekeeping,Standard,35,2025-12-01 14:24:18,Completed,2025-12-01 13:15:18
R0004247,2025-12-01 21:15:14,FrontDesk,Standard,12,2025-12-01 22:59:14,Completed,2025-12-01 21:46:14
R0004248,2025-12-01 20:34:29,Housekeeping,Standard,35,2025-12-01 22:53:29,Completed,2025-12-01 21:22:29
R0004249,2025-12-01 20:58:43,FrontDesk,Standard,12,2025-12-01 23:32:43,Completed,2025-12-01 21:22:43
R0004250,2025-12-01 22:05:28,F&B,Standard,25,2025-12-02 00:43:28,Completed,2025-12-01 22:31:28
R0004251,2025-12-01 14:53:35,Housekeeping,Standard,35,2025-12-01 17:05:35,Completed,2025-12-01 15:49:35
R0004252,2025-12-01 11:16:02,F&B,Standard,25,2025-12-01 13:24:02,Completed,2025-12-01 11:52:02
R0004253,2025-12-01 15:05:27,FrontDesk,Standard,12,2025-12-01 17:56:27,Completed,2025-12-01 15:16:27
R0004254,2025-12-01 21:09:32,F&B,Standard,25,2025-12-02 00:08:32,Completed,2025-12-01 21:40:32
R0004255,2025-12-01 18:04:22,Housekeeping,Standard,35,2025-12-01 19:59:22,Completed,2025-12-01 18:43:22
R0004256,2025-12-01 16:48:33,Housekeeping,Standard,35,2025-12-01 19:39:33,Completed,2025-12-01 17:54:33
R0004257,2025-12-01 21:20:35,FrontDesk,Standard,12,2025-12-01 22:26:35,Completed,2025-12-01 21:53:35
R0004258,2025-12-01 21:32:34,F&B,Standard,25,2025-12-01 23:59:34,Completed,2025-12-01 22:21:34
R0004259,2025-12-01 13:32:16,Housekeeping,Standard,35,2025-12-01 15:50:16,Completed,2025-12-01 14:23:16
R0004260,2025-12-01 11:50:36,F&B,Standard,25,2025-12-01 13:57:36,Completed,2025-12-01 12:28:36
R0004261,2025-12-01 09:07:37,F&B,Standard,25,2025-12-01 10:30:37,Completed,2025-12-01 09:30:37
R0004262,2025-12-01 20:04:51,FrontDesk,Standard,12,2025-12-01 21:05:51,Completed,2025-12-01 20:37:51
R0004263,2025-12-01 21:58:44,FrontDesk,Standard,12,2025-12-01 23:13:44,Completed,2025-12-01 22:33:44
R0004264,2025-12-01 07:36:39,F&B,Standard,25,2025-12-01 10:14:39,Completed,2025-12-01 08:21:39
R0004265,2025-12-01 14:14:34,Housekeeping,Standard,35,2025-12-01 16:01:34,Completed,2025-12-01 15:02:34
R0004266,2025-12-01 09:34:36,FrontDesk,Standard,12,2025-12-01 12:25:36,Completed,2025-12-01 10:08:36
R0004267,2025-12-01 19:50:34,Housekeeping,Standard,35,2025-12-01 21:27:34,Completed,2025-12-01 20:40:34
R0004268,2025-12-01 17:25:59,Housekeeping,Standard,35,2025-12-01 18:27:59,Completed,2025-12-01 18:27:59
R0004269,2025-12-01 11:59:26,F&B,Standard,25,2025-12-01 14:28:26,Completed,2025-12-01 12:38:26
R0004270,2025-12-01 13:10:44,FrontDesk,Standard,12,2025-12-01 15:16:44,Completed,2025-12-01 13:48:44
R0004271,2025-12-01 19:20:39,Housekeeping,Standard,35,2025-12-01 20:58:39,In_Progress,
R0004272,2025-12-01 20:55:58,FrontDesk,Urgent,6,2025-12-01 21:53:58,In_Progress,
R0004273,2025-12-01 16:47:19,Maintenance,Standard,55,2025-12-01 19:08:19,Completed,2025-12-01 17:53:19
R0004274,2025-12-01 20:06:43,FrontDesk,Standard,12,2025-12-01 21:15:43,Completed,2025-12-01 20:26:43
R0004275,2025-12-01 21:25:55,Housekeeping,Standard,35,2025-12-01 22:26:55,Completed,2025-12-01 22:09:55
R0004276,2025-12-01 09:50:11,FrontDesk,Standard,12,2025-12-01 10:55:11,Completed,2025-12-01 10:29:11
R0004277,2025-12-01 08:03:18,Housekeeping,Standard,35,2025-12-01 10:08:18,Completed,2025-12-01 08:55:18
R0004278,2025-12-01 20:00:46,F&B,Standard,25,2025-12-01 21:10:46,Completed,2025-12-01 20:35:46
R0004279,2025-12-01 20:05:46,FrontDesk,Urgent,6,2025-12-01 20:28:46,Completed,2025-12-01 20:27:46
R0004280,2025-12-01 13:22:33,F&B,Standard,25,2025-12-01 16:00:33,Completed,2025-12-01 13:50:33
R0004281,2025-12-01 14:08:29,FrontDesk,Standard,12,2025-12-01 16:08:29,Completed,2025-12-01 14:22:29
R0004282,2025-12-01 20:49:24,Housekeeping,Standard,35,2025-12-01 22:12:24,Completed,2025-12-01 21:38:24
R0004283,2025-12-01 22:07:39,FrontDesk,Standard,12,2025-12-02 00:00:39,Completed,2025-12-01 22:31:39
R0004284,2025-12-01 14:39:20,FrontDesk,Standard,12,2025-12-01 16:28:20,Open,
R0004285,2025-12-01 17:12:47,Housekeeping,Standard,35,2025-12-01 19:21:47,Completed,2025-12-01 18:15:47
R0004286,2025-12-01 20:45:43,Housekeeping,Standard,35,2025-12-01 22:56:43,Completed,2025-12-01 21:18:43
R0004287,2025-12-01 07:24:02,Housekeeping,Standard,35,2025-12-01 09:59:02,Completed,2025-12-01 08:23:02
R0004288,2025-12-01 19:33:39,Housekeeping,Urgent,18,2025-12-01 20:16:39,Completed,2025-12-01 19:50:39
R0004289,2025-12-01 12:11:56,FrontDesk,Standard,12,2025-12-01 13:22:56,Completed,2025-12-01 12:42:56
R0004290,2025-12-01 13:34:40,Housekeeping,Standard,35,2025-12-01 16:16:40,Completed,2025-12-01 14:12:40
R0004291,2025-12-01 21:30:15,FrontDesk,Standard,12,2025-12-02 00:17:15,Completed,2025-12-01 22:03:15
R0004292,2025-12-01 20:03:56,F&B,Standard,25,2025-12-01 23:00:56,Completed,2025-12-01 21:05:56
R0004293,2025-12-01 18:46:25,F&B,Standard,25,2025-12-01 21:34:25,Completed,2025-12-01 19:23:25
R0004294,2025-12-01 18:58:04,F&B,Standard,25,2025-12-01 20:02:04,Completed,2025-12-01 19:28:04
R0004295,2025-12-01 10:26:56,FrontDesk,Standard,12,2025-12-01 12:05:56,Completed,2025-12-01 10:50:56
R0004296,2025-12-01 14:55:31,FrontDesk,Standard,12,2025-12-01 17:38:31,Completed,2025-12-01 15:31:31
R0004297,2025-12-01 10:06:08,FrontDesk,Standard,12,2025-12-01 12:01:08,Completed,2025-12-01 10:31:08
R0004298,2025-12-01 18:29:16,Housekeeping,Standard,35,2025-12-01 19:52:16,Completed,2025-12-01 19:13:16
R0004299,2025-12-01 19:41:18,Housekeeping,Standard,35,2025-12-01 20:48:18,Completed,2025-12-01 20:54:18
R0004300,2025-12-01 18:10:52,F&B,Standard,25,2025-12-01 19:42:52,Completed,2025-12-01 18:36:52
R0004301,2025-12-01 10:52:29,F&B,Standard,25,2025-12-01 12:49:29,In_Progress,
R0004302,2025-12-01 13:10:43,F&B,Standard,25,2025-12-01 15:22:43,Completed,2025-12-01 13:51:43
R0004303,2025-12-01 12:09:58,F&B,Standard,25,2025-12-01 15:08:58,Completed,2025-12-01 12:49:58
R0004304,2025-12-01 12:38:06,F&B,Standard,25,2025-12-01 15:35:06,Completed,2025-12-01 13:26:06
R0004305,2025-12-01 14:56:09,F&B,Standard,25,2025-12-01 17:45:09,Completed,2025-12-01 15:26:09
R0004306,2025-12-01 14:32:54,Housekeeping,Urgent,18,2025-12-01 15:00:54,Completed,2025-12-01 14:59:54
R0004307,2025-12-01 16:33:16,FrontDesk,Standard,12,2025-12-01 19:13:16,Completed,2025-12-01 17:03:16
R0004308,2025-12-01 10:36:34,Housekeeping,Standard,35,2025-12-01 11:42:34,Open,
R0004309,2025-12-01 21:24:43,Housekeeping,Standard,35,2025-12-02 00:17:43,Completed,2025-12-01 22:32:43
R0004310,2025-12-01 09:40:41,Housekeeping,Standard,35,2025-12-01 12:15:41,Completed,2025-12-01 10:25:41
R0004311,2025-12-01 13:51:49,FrontDesk,Standard,12,2025-12-01 16:15:49,Completed,2025-12-01 14:01:49
R0004312,2025-12-01 15:15:18,FrontDesk,Standard,12,2025-12-01 17:33:18,Completed,2025-12-01 15:49:18
R0004313,2025-12-01 15:33:18,Housekeeping,Standard,35,2025-12-01 17:13:18,Completed,2025-12-01 16:06:18
R0004314,2025-12-01 12:16:27,F&B,Standard,25,2025-12-01 13:35:27,Completed,2025-12-01 13:13:27
R0004315,2025-12-01 10:09:59,Housekeeping,Standard,35,2025-12-01 11:54:59,Completed,2025-12-01 10:55:59
R0004316,2025-12-01 21:42:58,Housekeeping,Standard,35,2025-12-01 23:09:58,Completed,2025-12-01 22:38:58
R0004317,2025-12-01 20:46:14,Housekeeping,Standard,35,2025-12-01 22:45:14,Completed,2025-12-01 21:43:14
R0004318,2025-12-01 08:05:13,Housekeeping,Standard,35,2025-12-01 10:10:13,Completed,2025-12-01 08:58:13
R0004319,2025-12-01 14:17:48,F&B,Standard,25,2025-12-01 16:55:48,Completed,2025-12-01 14:57:48
R0004320,2025-12-01 10:24:40,Housekeeping,Standard,35,2025-12-01 12:47:40,Completed,2025-12-01 11:03:40
R0004321,2025-12-01 21:27:10,Housekeeping,Standard,35,2025-12-01 23:16:10,Completed,2025-12-01 22:20:10
R0004322,2025-12-01 17:52:07,Housekeeping,Urgent,18,2025-12-01 18:36:07,Completed,2025-12-01 18:19:07
R0004323,2025-12-01 16:36:39,F&B,Standard,25,2025-12-01 17:45:39,Completed,2025-12-01 17:06:39
R0004324,2025-12-01 19:54:09,F&B,Standard,25,2025-12-01 21:04:09,Completed,2025-12-01 20:30:09
R0004325,2025-12-01 19:11:39,F&B,Standard,25,2025-12-01 20:35:39,Completed,2025-12-01 19:46:39
R0004326,2025-12-01 11:27:30,FrontDesk,Standard,12,2025-12-01 12:38:30,Completed,2025-12-01 11:37:30
R0004327,2025-12-01 20:06:27,FrontDesk,Standard,12,2025-12-01 22:21:27,Completed,2025-12-01 20:18:27
R0004328,2025-12-01 19:11:35,F&B,Standard,25,2025-12-01 21:00:35,Completed,2025-12-01 19:44:35
R0004329,2025-12-01 08:39:15,Housekeeping,Standard,35,2025-12-01 09:40:15,Completed,2025-12-01 09:23:15
R0004330,2025-12-01 19:26:18,F&B,Standard,25,2025-12-01 21:01:18,Completed,2025-12-01 20:03:18
R0004331,2025-12-01 13:05:18,F&B,Standard,25,2025-12-01 15:07:18,Completed,2025-12-01 13:27:18
R0004332,2025-12-01 07:45:50,Housekeeping,Standard,35,2025-12-01 10:12:50,Completed,2025-12-01 08:28:50
R0004333,2025-12-01 20:02:35,FrontDesk,Standard,12,2025-12-01 21:29:35,Completed,2025-12-01 20:26:35
R0004334,2025-12-01 18:30:43,FrontDesk,Standard,12,2025-12-01 19:31:43,Completed,2025-12-01 18:46:43
R0004335,2025-12-01 07:57:52,Housekeeping,Standard,35,2025-12-01 09:27:52,Completed,2025-12-01 08:40:52
R0004336,2025-12-01 10:53:02,Housekeeping,Standard,35,2025-12-01 13:00:02,Completed,2025-12-01 11:36:02
R0004337,2025-12-01 07:51:33,Maintenance,Standard,55,2025-12-01 10:37:33,Completed,2025-12-01 08:50:33
R0004338,2025-12-01 11:48:25,FrontDesk,Standard,12,2025-12-01 13:58:25,Completed,2025-12-01 12:21:25
R0004339,2025-12-01 21:41:14,Housekeeping,Standard,35,2025-12-01 22:45:14,Completed,2025-12-01 22:43:14
R0004340,2025-12-01 14:37:37,F&B,Standard,25,2025-12-01 15:52:37,Completed,2025-12-01 15:16:37
R0004341,2025-12-01 20:23:10,Housekeeping,Standard,35,2025-12-01 22:13:10,In_Progress,
R0004342,2025-12-01 21:09:27,F&B,Standard,25,2025-12-01 22:59:27,Completed,2025-12-01 21:55:27
R0004343,2025-12-01 17:27:48,Housekeeping,Standard,35,2025-12-01 19:42:48,Open,
R0004344,2025-12-01 20:06:32,FrontDesk,Standard,12,2025-12-01 21:08:32,Completed,2025-12-01 20:22:32
R0004345,2025-12-01 21:16:49,Housekeeping,Standard,35,2025-12-01 22:38:49,Completed,2025-12-01 22:17:49
R0004346,2025-12-01 13:06:25,Housekeeping,Standard,35,2025-12-01 14:51:25,Completed,2025-12-01 14:13:25
R0004347,2025-12-01 16:18:09,Housekeeping,Standard,35,2025-12-01 17:47:09,Completed,2025-12-01 16:52:09
R0004348,2025-12-01 20:12:16,Housekeeping,Standard,35,2025-12-01 21:44:16,Completed,2025-12-01 21:06:16
R0004349,2025-12-01 13:34:18,Housekeeping,Standard,35,2025-12-01 15:20:18,Completed,2025-12-01 14:08:18
R0004350,2025-12-01 13:34:26,Maintenance,Standard,55,2025-12-01 14:44:26,Completed,2025-12-01 14:58:26
R0004351,2025-12-01 13:40:00,Housekeeping,Standard,35,2025-12-01 15:58:00,Open,
R0004352,2025-12-01 21:14:50,Housekeeping,Standard,35,2025-12-01 23:38:50,Completed,2025-12-01 22:16:50
R0004353,2025-12-01 20:48:30,Maintenance,Standard,55,2025-12-01 22:19:30,Completed,2025-12-01 22:23:30
R0004354,2025-12-01 13:06:30,FrontDesk,Standard,12,2025-12-01 14:07:30,Completed,2025-12-01 13:32:30
R0004355,2025-12-01 12:53:15,Housekeeping,Standard,35,2025-12-01 14:12:15,Open,
R0004356,2025-12-01 14:54:33,FrontDesk,Standard,12,2025-12-01 17:25:33,Completed,2025-12-01 15:31:33
R0004357,2025-12-01 14:13:20,F&B,Urgent,12,2025-12-01 15:13:20,Completed,2025-12-01 14:35:20
R0004358,2025-12-01 11:07:57,F&B,Standard,25,2025-12-01 12:46:57,Completed,2025-12-01 11:33:57
R0004359,2025-12-01 11:39:44,F&B,Standard,25,2025-12-01 13:30:44,Completed,2025-12-01 12:21:44
R0004360,2025-12-01 08:09:35,F&B,Standard,25,2025-12-01 09:59:35,Completed,2025-12-01 08:40:35
R0004361,2025-12-01 07:00:22,FrontDesk,Standard,12,2025-12-01 08:30:22,Completed,2025-12-01 07:39:22
R0004362,2025-12-01 18:41:29,F&B,Standard,25,2025-12-01 21:35:29,Completed,2025-12-01 19:28:29
R0004363,2025-12-01 11:57:27,Housekeeping,Standard,35,2025-12-01 14:44:27,Completed,2025-12-01 12:40:27
R0004364,2025-12-01 11:21:33,Housekeeping,Urgent,18,2025-12-01 12:04:33,Completed,2025-12-01 11:44:33
R0004365,2025-12-01 20:36:48,FrontDesk,Standard,12,2025-12-01 22:36:48,Completed,2025-12-01 20:54:48
R0004366,2025-12-01 10:23:03,Housekeeping,Standard,35,2025-12-01 12:25:03,Completed,2025-12-01 11:06:03
R0004367,2025-12-01 22:43:34,Maintenance,Standard,55,2025-12-02 00:27:34,Completed,2025-12-01 23:39:34
R0004368,2025-12-01 09:50:04,Maintenance,Standard,55,2025-12-01 12:16:04,Completed,2025-12-01 11:12:04
R0004369,2025-12-01 20:39:41,Housekeeping,Standard,35,2025-12-01 22:52:41,Completed,2025-12-01 21:36:41
R0004370,2025-12-01 09:19:00,Housekeeping,Standard,35,2025-12-01 10:59:00,Completed,2025-12-01 09:54:00
R0004371,2025-12-01 11:32:29,Housekeeping,Standard,35,2025-12-01 14:10:29,Completed,2025-12-01 12:29:29
R0004372,2025-12-01 14:49:04,FrontDesk,Urgent,6,2025-12-01 15:24:04,Completed,2025-12-01 15:04:04
R0004373,2025-12-01 10:55:26,F&B,Standard,25,2025-12-01 13:42:26,Completed,2025-12-01 11:40:26
R0004374,2025-12-01 08:51:17,FrontDesk,Standard,12,2025-12-01 10:19:17,Completed,2025-12-01 09:29:17
R0004375,2025-12-01 19:53:48,FrontDesk,Standard,12,2025-12-01 21:23:48,Open,
R0004376,2025-12-01 19:36:42,FrontDesk,Standard,12,2025-12-01 21:22:42,Completed,2025-12-01 19:59:42
R0004377,2025-12-01 12:35:49,Housekeeping,Standard,35,2025-12-01 13:38:49,Completed,2025-12-01 13:43:49
R0004378,2025-12-01 14:29:05,Housekeeping,Standard,35,2025-12-01 16:39:05,Completed,2025-12-01 15:24:05
R0004379,2025-12-01 21:15:14,Housekeeping,Standard,35,2025-12-01 23:41:14,Completed,2025-12-01 21:58:14
R0004380,2025-12-01 10:51:46,Maintenance,Standard,55,2025-12-01 13:48:46,Completed,2025-12-01 12:27:46
R0004381,2025-12-01 10:48:54,FrontDesk,Standard,12,2025-12-01 12:22:54,In_Progress,
R0004382,2025-12-01 14:35:26,F&B,Standard,25,2025-12-01 16:31:26,Completed,2025-12-01 15:14:26
R0004383,2025-12-01 20:51:53,Maintenance,Standard,55,2025-12-01 23:31:53,Completed,2025-12-01 21:59:53
R0004384,2025-12-01 10:03:26,FrontDesk,Standard,12,2025-12-01 12:37:26,In_Progress,
R0004385,2025-12-01 19:51:05,Maintenance,Standard,55,2025-12-01 21:24:05,Completed,2025-12-01 21:03:05
R0004386,2025-12-01 07:03:13,FrontDesk,Standard,12,2025-12-01 09:42:13,Completed,2025-12-01 07:18:13
R0004387,2025-12-01 09:41:24,FrontDesk,Standard,12,2025-12-01 12:00:24,Completed,2025-12-01 10:09:24
R0004388,2025-12-01 20:54:38,Housekeeping,Standard,35,2025-12-01 22:44:38,Completed,2025-12-01 21:41:38
R0004389,2025-12-01 13:09:09,Maintenance,Urgent,30,2025-12-01 13:35:09,Completed,2025-12-01 13:57:09
R0004390,2025-12-01 18:56:40,Housekeeping,Standard,35,2025-12-01 21:30:40,Completed,2025-12-01 19:44:40
R0004391,2025-12-01 19:38:08,Maintenance,Standard,55,2025-12-01 22:26:08,Completed,2025-12-01 21:06:08
R0004392,2025-12-01 22:52:08,F&B,Standard,25,2025-12-02 01:46:08,Completed,2025-12-01 23:24:08
R0004393,2025-12-01 21:53:22,Housekeeping,Standard,35,2025-12-01 23:08:22,Completed,2025-12-01 22:53:22
R0004394,2025-12-01 19:25:54,F&B,Standard,25,2025-12-01 22:23:54,Completed,2025-12-01 19:44:54
R0004395,2025-12-01 20:26:27,Housekeeping,Standard,35,2025-12-01 23:07:27,Completed,2025-12-01 21:23:27
R0004396,2025-12-01 12:32:43,Housekeeping,Standard,35,2025-12-01 15:29:43,Completed,2025-12-01 13:15:43
R0004397,2025-12-01 07:51:09,F&B,Standard,25,2025-12-01 10:28:09,Completed,2025-12-01 08:35:09
R0004398,2025-12-01 18:15:29,F&B,Standard,25,2025-12-01 19:17:29,Completed,2025-12-01 18:55:29
R0004399,2025-12-01 13:26:24,FrontDesk,Standard,12,2025-12-01 16:19:24,Completed,2025-12-01 14:02:24
R0004400,2025-12-01 13:30:43,FrontDesk,Standard,12,2025-12-01 15:51:43,Open,
R0004401,2025-12-01 15:10:22,F&B,Standard,25,2025-12-01 17:33:22,Completed,2025-12-01 15:52:22
R0004402,2025-12-01 07:25:09,Housekeeping,Standard,35,2025-12-01 09:06:09,Completed,2025-12-01 08:30:09
R0004403,2025-12-01 16:32:44,Housekeeping,Standard,35,2025-12-01 18:54:44,Completed,2025-12-01 17:27:44
R0004404,2025-12-01 13:12:15,F&B,Standard,25,2025-12-01 15:08:15,Completed,2025-12-01 13:52:15
R0004405,2025-12-01 18:57:49,F&B,Standard,25,2025-12-01 21:02:49,Completed,2025-12-01 19:29:49
R0004406,2025-12-01 09:15:31,F&B,Standard,25,2025-12-01 10:36:31,Completed,2025-12-01 10:11:31
R0004407,2025-12-01 13:56:53,Housekeeping,Standard,35,2025-12-01 16:02:53,Completed,2025-12-01 14:45:53
R0004408,2025-12-01 21:18:21,F&B,Standard,25,2025-12-01 23:23:21,Open,
R0004409,2025-12-01 21:12:35,FrontDesk,Standard,12,2025-12-01 23:16:35,In_Progress,
R0004410,2025-12-01 08:42:57,Housekeeping,Standard,35,2025-12-01 10:10:57,Completed,2025-12-01 09:28:57
R0004411,2025-12-01 22:54:22,Housekeeping,Standard,35,2025-12-02 00:35:22,Completed,2025-12-01 23:41:22
R0004412,2025-12-01 11:11:42,FrontDesk,Standard,12,2025-12-01 12:14:42,Completed,2025-12-01 11:38:42
R0004413,2025-12-01 15:06:26,F&B,Standard,25,2025-12-01 16:17:26,Completed,2025-12-01 15:33:26
R0004414,2025-12-01 21:11:05,Housekeeping,Standard,35,2025-12-01 23:52:05,Completed,2025-12-01 22:15:05
R0004415,2025-12-01 07:32:09,F&B,Standard,25,2025-12-01 09:25:09,Completed,2025-12-01 08:03:09
R0004416,2025-12-01 13:24:03,Maintenance,Standard,55,2025-12-01 14:49:03,Completed,2025-12-01 14:50:03
R0004417,2025-12-01 21:41:34,FrontDesk,Standard,12,2025-12-01 23:09:34,Completed,2025-12-01 22:17:34
R0004418,2025-12-01 15:25:26,Housekeeping,Standard,35,2025-12-01 17:07:26,Completed,2025-12-01 16:27:26
R0004419,2025-12-01 19:28:26,Housekeeping,Standard,35,2025-12-01 20:32:26,Completed,2025-12-01 20:17:26
R0004420,2025-12-01 20:01:31,Housekeeping,Standard,35,2025-12-01 21:11:31,Completed,2025-12-01 20:41:31
R0004421,2025-12-01 13:51:26,FrontDesk,Standard,12,2025-12-01 16:09:26,Completed,2025-12-01 14:10:26
R0004422,2025-12-01 11:39:36,FrontDesk,Standard,12,2025-12-01 14:27:36,Completed,2025-12-01 11:59:36
R0004423,2025-12-01 11:58:05,Housekeeping,Urgent,18,2025-12-01 12:33:05,Completed,2025-12-01 12:28:05
R0004424,2025-12-01 14:15:36,F&B,Standard,25,2025-12-01 15:37:36,In_Progress,
R0004425,2025-12-01 14:58:21,Housekeeping,Standard,35,2025-12-01 17:13:21,Completed,2025-12-01 15:29:21
R0004426,2025-12-01 12:24:04,F&B,Standard,25,2025-12-01 14:53:04,Completed,2025-12-01 12:54:04
R0004427,2025-12-02 07:03:11,Maintenance,Standard,55,2025-12-02 09:19:11,Completed,2025-12-02 08:31:11
R0004428,2025-12-02 22:43:36,FrontDesk,Standard,12,2025-12-03 01:30:36,Completed,2025-12-02 23:10:36
R0004429,2025-12-02 20:11:56,FrontDesk,Standard,12,2025-12-02 21:42:56,Completed,2025-12-02 20:33:56
R0004430,2025-12-02 09:06:10,Housekeeping,Standard,35,2025-12-02 11:34:10,Completed,2025-12-02 09:54:10
R0004431,2025-12-02 10:46:15,FrontDesk,Standard,12,2025-12-02 12:22:15,In_Progress,
R0004432,2025-12-02 19:15:06,FrontDesk,Standard,12,2025-12-02 21:55:06,Completed,2025-12-02 19:56:06
R0004433,2025-12-02 18:30:21,FrontDesk,Standard,12,2025-12-02 21:19:21,Completed,2025-12-02 18:57:21
R0004434,2025-12-02 17:39:05,Housekeeping,Standard,35,2025-12-02 19:22:05,Completed,2025-12-02 18:13:05
R0004435,2025-12-02 19:05:50,Housekeeping,Standard,35,2025-12-02 20:23:50,Completed,2025-12-02 19:52:50
R0004436,2025-12-02 22:38:10,Housekeeping,Standard,35,2025-12-02 23:58:10,Completed,2025-12-02 23:29:10
R0004437,2025-12-02 20:45:17,F&B,Standard,25,2025-12-02 22:27:17,Completed,2025-12-02 21:15:17
R0004438,2025-12-02 22:38:57,F&B,Standard,25,2025-12-03 00:10:57,Completed,2025-12-02 23:38:57
R0004439,2025-12-02 21:49:10,Housekeeping,Standard,35,2025-12-03 00:11:10,Completed,2025-12-02 22:23:10
R0004440,2025-12-02 20:44:45,Housekeeping,Standard,35,2025-12-02 22:06:45,Completed,2025-12-02 21:37:45
R0004441,2025-12-02 10:29:07,F&B,Standard,25,2025-12-02 11:41:07,Completed,2025-12-02 11:20:07
R0004442,2025-12-02 18:10:48,F&B,Standard,25,2025-12-02 19:57:48,Completed,2025-12-02 18:45:48
R0004443,2025-12-02 15:19:08,Housekeeping,Standard,35,2025-12-02 16:40:08,Completed,2025-12-02 16:07:08
R0004444,2025-12-02 09:33:55,Housekeeping,Standard,35,2025-12-02 10:40:55,Completed,2025-12-02 10:19:55
R0004445,2025-12-02 20:40:31,F&B,Standard,25,2025-12-02 23:29:31,Completed,2025-12-02 21:09:31
R0004446,2025-12-02 15:35:01,F&B,Standard,25,2025-12-02 17:47:01,Completed,2025-12-02 16:05:01
R0004447,2025-12-02 13:30:46,FrontDesk,Standard,12,2025-12-02 15:41:46,In_Progress,
R0004448,2025-12-02 07:40:27,Housekeeping,Standard,35,2025-12-02 08:49:27,Open,
R0004449,2025-12-02 15:54:52,Housekeeping,Standard,35,2025-12-02 16:56:52,Completed,2025-12-02 16:42:52
R0004450,2025-12-02 18:26:27,F&B,Standard,25,2025-12-02 19:52:27,Completed,2025-12-02 18:51:27
R0004451,2025-12-02 20:52:32,F&B,Standard,25,2025-12-02 23:05:32,Completed,2025-12-02 21:42:32
R0004452,2025-12-02 19:51:29,Housekeeping,Standard,35,2025-12-02 21:38:29,Completed,2025-12-02 20:25:29
R0004453,2025-12-02 11:09:34,F&B,Standard,25,2025-12-02 13:59:34,Completed,2025-12-02 11:29:34
R0004454,2025-12-02 16:24:28,Housekeeping,Standard,35,2025-12-02 18:52:28,Completed,2025-12-02 17:17:28
R0004455,2025-12-02 15:28:37,F&B,Standard,25,2025-12-02 17:39:37,Completed,2025-12-02 15:59:37
R0004456,2025-12-02 22:29:02,F&B,Standard,25,2025-12-03 01:21:02,Completed,2025-12-02 22:50:02
R0004457,2025-12-02 18:22:38,Housekeeping,Standard,35,2025-12-02 20:44:38,Completed,2025-12-02 19:30:38
R0004458,2025-12-02 13:15:07,F&B,Standard,25,2025-12-02 15:31:07,Completed,2025-12-02 13:53:07
R0004459,2025-12-02 20:05:40,Housekeeping,Standard,35,2025-12-02 23:05:40,Completed,2025-12-02 20:40:40
R0004460,2025-12-02 19:38:59,F&B,Standard,25,2025-12-02 21:10:59,Completed,2025-12-02 20:31:59
R0004461,2025-12-02 20:43:10,Housekeeping,Standard,35,2025-12-02 23:27:10,Completed,2025-12-02 21:19:10
R0004462,2025-12-02 14:54:29,FrontDesk,Standard,12,2025-12-02 17:39:29,Completed,2025-12-02 15:19:29
R0004463,2025-12-02 20:11:34,Housekeeping,Standard,35,2025-12-02 21:23:34,Completed,2025-12-02 21:18:34
R0004464,2025-12-02 12:32:55,FrontDesk,Standard,12,2025-12-02 13:58:55,Completed,2025-12-02 13:01:55
R0004465,2025-12-02 18:42:29,Housekeeping,Standard,35,2025-12-02 20:33:29,Completed,2025-12-02 19:44:29
R0004466,2025-12-02 13:02:17,FrontDesk,Standard,12,2025-12-02 15:13:17,Completed,2025-12-02 13:17:17
R0004467,2025-12-02 19:43:43,F&B,Standard,25,2025-12-02 20:49:43,Completed,2025-12-02 20:15:43
R0004468,2025-12-02 07:15:08,FrontDesk,Standard,12,2025-12-02 08:35:08,Completed,2025-12-02 07:30:08
R0004469,2025-12-02 12:33:33,F&B,Standard,25,2025-12-02 13:35:33,Completed,2025-12-02 12:57:33
R0004470,2025-12-02 13:30:08,F&B,Standard,25,2025-12-02 15:56:08,Completed,2025-12-02 14:00:08
R0004471,2025-12-02 09:33:32,Housekeeping,Standard,35,2025-12-02 10:47:32,Completed,2025-12-02 10:40:32
R0004472,2025-12-02 15:17:26,Housekeeping,Standard,35,2025-12-02 18:03:26,Completed,2025-12-02 16:05:26
R0004473,2025-12-02 08:53:39,Housekeeping,Standard,35,2025-12-02 10:08:39,Completed,2025-12-02 09:30:39
R0004474,2025-12-02 11:06:23,FrontDesk,Standard,12,2025-12-02 13:00:23,Completed,2025-12-02 11:36:23
R0004475,2025-12-02 20:02:43,F&B,Standard,25,2025-12-02 22:24:43,Completed,2025-12-02 20:44:43
R0004476,2025-12-02 14:55:58,Housekeeping,Standard,35,2025-12-02 17:17:58,Completed,2025-12-02 15:26:58
R0004477,2025-12-02 07:25:41,Maintenance,Standard,55,2025-12-02 10:06:41,Completed,2025-12-02 08:34:41
R0004478,2025-12-02 18:24:08,FrontDesk,Standard,12,2025-12-02 20:17:08,Completed,2025-12-02 18:50:08
R0004479,2025-12-02 08:28:23,Housekeeping,Standard,35,2025-12-02 09:50:23,Completed,2025-12-02 09:16:23
R0004480,2025-12-02 14:18:29,F&B,Urgent,12,2025-12-02 14:43:29,Completed,2025-12-02 14:39:29
R0004481,2025-12-02 13:02:01,F&B,Standard,25,2025-12-02 14:06:01,Completed,2025-12-02 13:40:01
R0004482,2025-12-02 07:38:37,Housekeeping,Urgent,18,2025-12-02 08:38:37,Completed,2025-12-02 08:20:37
R0004483,2025-12-02 13:20:16,Housekeeping,Standard,35,2025-12-02 15:10:16,Completed,2025-12-02 14:28:16
R0004484,2025-12-02 18:48:32,FrontDesk,Standard,12,2025-12-02 20:03:32,Open,
R0004485,2025-12-02 07:01:20,FrontDesk,Standard,12,2025-12-02 08:48:20,Completed,2025-12-02 07:11:20
R0004486,2025-12-02 15:16:01,FrontDesk,Standard,12,2025-12-02 16:46:01,Completed,2025-12-02 15:36:01
R0004487,2025-12-02 19:42:04,Housekeeping,Standard,35,2025-12-02 21:16:04,Completed,2025-12-02 20:34:04
R0004488,2025-12-02 17:48:23,F&B,Standard,25,2025-12-02 20:01:23,Completed,2025-12-02 18:41:23
R0004489,2025-12-02 13:39:05,F&B,Standard,25,2025-12-02 16:16:05,Open,
R0004490,2025-12-02 12:23:45,Housekeeping,Standard,35,2025-12-02 13:33:45,Completed,2025-12-02 13:29:45
R0004491,2025-12-02 20:54:09,FrontDesk,Standard,12,2025-12-02 23:32:09,Completed,2025-12-02 21:25:09
R0004492,2025-12-02 20:32:24,FrontDesk,Standard,12,2025-12-02 21:42:24,Completed,2025-12-02 21:11:24
R0004493,2025-12-02 19:46:44,Housekeeping,Standard,35,2025-12-02 21:21:44,Completed,2025-12-02 20:51:44
R0004494,2025-12-02 21:45:32,Housekeeping,Standard,35,2025-12-03 00:34:32,Completed,2025-12-02 22:07:32
R0004495,2025-12-02 07:32:08,F&B,Standard,25,2025-12-02 10:01:08,Completed,2025-12-02 08:09:08
R0004496,2025-12-02 14:06:37,Housekeeping,Standard,35,2025-12-02 15:28:37,Completed,2025-12-02 14:51:37
R0004497,2025-12-02 11:44:10,FrontDesk,Standard,12,2025-12-02 12:45:10,Completed,2025-12-02 12:15:10
R0004498,2025-12-02 19:47:24,F&B,Standard,25,2025-12-02 22:29:24,Completed,2025-12-02 20:27:24
R0004499,2025-12-02 19:07:30,Housekeeping,Standard,35,2025-12-02 21:56:30,Completed,2025-12-02 19:58:30
R0004500,2025-12-02 18:09:11,F&B,Urgent,12,2025-12-02 18:33:11,Completed,2025-12-02 18:21:11
R0004501,2025-12-02 08:27:39,Housekeeping,Standard,35,2025-12-02 09:56:39,Completed,2025-12-02 09:13:39
R0004502,2025-12-02 10:02:32,F&B,Standard,25,2025-12-02 12:02:32,Completed,2025-12-02 10:42:32
R0004503,2025-12-02 17:59:46,Housekeeping,Standard,35,2025-12-02 19:15:46,Completed,2025-12-02 18:44:46
R0004504,2025-12-02 13:59:52,F&B,Standard,25,2025-12-02 16:21:52,Completed,2025-12-02 14:46:52
R0004505,2025-12-02 20:49:12,FrontDesk,Standard,12,2025-12-02 22:04:12,Completed,2025-12-02 21:25:12
R0004506,2025-12-02 16:42:49,Housekeeping,Standard,35,2025-12-02 17:51:49,Open,
R0004507,2025-12-02 22:13:16,Housekeeping,Standard,35,2025-12-03 00:37:16,Completed,2025-12-02 23:40:16
R0004508,2025-12-02 21:20:13,F&B,Standard,25,2025-12-02 23:40:13,Open,
R0004509,2025-12-02 21:24:31,F&B,Standard,25,2025-12-02 23:11:31,Completed,2025-12-02 21:50:31
R0004510,2025-12-02 11:44:53,FrontDesk,Standard,12,2025-12-02 14:37:53,Completed,2025-12-02 12:16:53
R0004511,2025-12-02 21:54:56,Housekeeping,Standard,35,2025-12-03 00:08:56,Completed,2025-12-02 22:25:56
R0004512,2025-12-02 07:12:13,FrontDesk,Standard,12,2025-12-02 08:21:13,Completed,2025-12-02 07:44:13
R0004513,2025-12-02 17:16:44,Housekeeping,Standard,35,2025-12-02 18:52:44,Completed,2025-12-02 18:20:44
R0004514,2025-12-02 19:40:06,Housekeeping,Standard,35,2025-12-02 22:25:06,Completed,2025-12-02 20:24:06
R0004515,2025-12-02 20:51:30,F&B,Standard,25,2025-12-02 22:21:30,Completed,2025-12-02 21:31:30
R0004516,2025-12-02 20:54:28,FrontDesk,Standard,12,2025-12-02 22:03:28,Completed,2025-12-02 21:23:28
R0004517,2025-12-02 19:50:25,Housekeeping,Standard,35,2025-12-02 21:18:25,Completed,2025-12-02 20:48:25
R0004518,2025-12-02 11:10:24,FrontDesk,Standard,12,2025-12-02 13:22:24,In_Progress,
R0004519,2025-12-02 18:34:02,Housekeeping,Standard,35,2025-12-02 19:42:02,Completed,2025-12-02 19:05:02
R0004520,2025-12-02 11:13:39,Housekeeping,Standard,35,2025-12-02 13:33:39,Completed,2025-12-02 11:50:39
R0004521,2025-12-02 12:37:25,Housekeeping,Urgent,18,2025-12-02 13:11:25,Completed,2025-12-02 13:11:25
R0004522,2025-12-02 14:55:14,Housekeeping,Standard,35,2025-12-02 17:04:14,Completed,2025-12-02 15:47:14
R0004523,2025-12-02 14:55:21,FrontDesk,Standard,12,2025-12-02 15:58:21,Completed,2025-12-02 15:20:21
R0004524,2025-12-02 21:11:01,FrontDesk,Standard,12,2025-12-02 23:56:01,Completed,2025-12-02 21:47:01
R0004525,2025-12-02 14:07:26,F&B,Standard,25,2025-12-02 17:06:26,In_Progress,
R0004526,2025-12-02 11:29:34,Housekeeping,Standard,35,2025-12-02 13:10:34,Completed,2025-12-02 12:20:34
R0004527,2025-12-02 16:37:54,Housekeeping,Urgent,18,2025-12-02 17:27:54,Completed,2025-12-02 16:51:54
R0004528,2025-12-02 15:01:59,F&B,Standard,25,2025-12-02 16:50:59,Completed,2025-12-02 15:33:59
R0004529,2025-12-02 10:43:05,FrontDesk,Standard,12,2025-12-02 13:20:05,In_Progress,
R0004530,2025-12-02 22:59:28,FrontDesk,Standard,12,2025-12-03 00:55:28,Open,
R0004531,2025-12-02 13:53:24,FrontDesk,Standard,12,2025-12-02 15:25:24,Completed,2025-12-02 14:37:24
R0004532,2025-12-02 19:42:15,Housekeeping,Standard,35,2025-12-02 22:29:15,Completed,2025-12-02 20:25:15
R0004533,2025-12-02 20:48:34,Housekeeping,Standard,35,2025-12-02 22:44:34,Completed,2025-12-02 21:27:34
R0004534,2025-12-02 15:02:36,Housekeeping,Standard,35,2025-12-02 17:42:36,Completed,2025-12-02 16:10:36
R0004535,2025-12-02 07:27:37,F&B,Standard,25,2025-12-02 09:40:37,Completed,2025-12-02 08:09:37
R0004536,2025-12-02 17:14:44,Housekeeping,Standard,35,2025-12-02 19:48:44,Completed,2025-12-02 18:01:44
R0004537,2025-12-02 07:02:50,Housekeeping,Standard,35,2025-12-02 08:30:50,Completed,2025-12-02 07:55:50
R0004538,2025-12-02 10:24:13,Housekeeping,Urgent,18,2025-12-02 11:14:13,Completed,2025-12-02 11:09:13
R0004539,2025-12-02 21:17:21,Housekeeping,Standard,35,2025-12-03 00:07:21,Completed,2025-12-02 22:07:21
R0004540,2025-12-02 11:15:44,Housekeeping,Urgent,18,2025-12-02 12:08:44,Completed,2025-12-02 11:59:44
R0004541,2025-12-02 13:57:33,Housekeeping,Standard,35,2025-12-02 16:26:33,Completed,2025-12-02 14:29:33
R0004542,2025-12-02 08:55:25,Housekeeping,Urgent,18,2025-12-02 09:46:25,Completed,2025-12-02 09:30:25
R0004543,2025-12-02 18:59:35,Housekeeping,Standard,35,2025-12-02 20:39:35,Completed,2025-12-02 19:24:35
R0004544,2025-12-02 12:45:18,FrontDesk,Urgent,6,2025-12-02 13:04:18,Completed,2025-12-02 13:15:18
R0004545,2025-12-02 19:49:52,Housekeeping,Standard,35,2025-12-02 21:56:52,Completed,2025-12-02 20:22:52
R0004546,2025-12-02 07:18:38,FrontDesk,Standard,12,2025-12-02 08:45:38,Completed,2025-12-02 07:50:38
R0004547,2025-12-02 09:35:14,FrontDesk,Standard,12,2025-12-02 11:23:14,Completed,2025-12-02 10:09:14
R0004548,2025-12-02 17:22:41,F&B,Standard,25,2025-12-02 19:20:41,Completed,2025-12-02 18:13:41
R0004549,2025-12-02 19:09:16,Housekeeping,Standard,35,2025-12-02 20:35:16,Completed,2025-12-02 20:00:16
R0004550,2025-12-02 16:15:52,FrontDesk,Standard,12,2025-12-02 17:53:52,Completed,2025-12-02 16:54:52
R0004551,2025-12-02 11:37:02,F&B,Standard,25,2025-12-02 12:44:02,Completed,2025-12-02 12:20:02
R0004552,2025-12-02 09:53:46,FrontDesk,Standard,12,2025-12-02 12:43:46,Completed,2025-12-02 10:06:46
R0004553,2025-12-02 18:13:54,Housekeeping,Standard,35,2025-12-02 21:10:54,Completed,2025-12-02 19:17:54
R0004554,2025-12-02 13:41:19,Housekeeping,Standard,35,2025-12-02 14:48:19,Completed,2025-12-02 14:33:19
R0004555,2025-12-02 13:04:19,Housekeeping,Standard,35,2025-12-02 15:14:19,Completed,2025-12-02 13:54:19
R0004556,2025-12-02 18:02:53,Maintenance,Standard,55,2025-12-02 20:58:53,Completed,2025-12-02 18:59:53
R0004557,2025-12-02 17:11:01,Housekeeping,Standard,35,2025-12-02 19:50:01,Completed,2025-12-02 18:06:01
R0004558,2025-12-02 11:34:11,F&B,Standard,25,2025-12-02 14:32:11,Open,
R0004559,2025-12-02 08:24:41,FrontDesk,Standard,12,2025-12-02 10:20:41,Completed,2025-12-02 09:05:41
R0004560,2025-12-02 15:46:22,F&B,Standard,25,2025-12-02 16:52:22,Completed,2025-12-02 16:36:22
R0004561,2025-12-02 16:33:52,F&B,Standard,25,2025-12-02 19:03:52,Completed,2025-12-02 17:15:52
R0004562,2025-12-02 10:16:24,F&B,Standard,25,2025-12-02 13:13:24,Completed,2025-12-02 10:52:24
R0004563,2025-12-02 15:29:39,Housekeeping,Urgent,18,2025-12-02 15:54:39,Completed,2025-12-02 16:14:39
R0004564,2025-12-02 14:35:30,F&B,Standard,25,2025-12-02 16:47:30,Completed,2025-12-02 15:32:30
R0004565,2025-12-02 12:59:28,Housekeeping,Standard,35,2025-12-02 14:03:28,Completed,2025-12-02 13:54:28
R0004566,2025-12-02 19:46:02,FrontDesk,Standard,12,2025-12-02 21:50:02,Completed,2025-12-02 20:09:02
R0004567,2025-12-02 19:15:58,Housekeeping,Standard,35,2025-12-02 22:11:58,Open,
R0004568,2025-12-02 16:10:35,Housekeeping,Standard,35,2025-12-02 19:05:35,Completed,2025-12-02 17:14:35
R0004569,2025-12-02 19:09:38,Housekeeping,Standard,35,2025-12-02 20:59:38,Completed,2025-12-02 19:53:38
R0004570,2025-12-02 13:00:06,Maintenance,Standard,55,2025-12-02 15:28:06,Open,
R0004571,2025-12-02 20:31:12,Housekeeping,Standard,35,2025-12-02 21:49:12,Completed,2025-12-02 21:19:12
R0004572,2025-12-02 10:38:16,FrontDesk,Urgent,6,2025-12-02 11:10:16,Completed,2025-12-02 11:03:16
R0004573,2025-12-02 07:45:13,FrontDesk,Standard,12,2025-12-02 08:56:13,Completed,2025-12-02 08:11:13
R0004574,2025-12-02 09:34:17,FrontDesk,Standard,12,2025-12-02 12:03:17,Completed,2025-12-02 09:54:17
R0004575,2025-12-02 20:52:38,Housekeeping,Urgent,18,2025-12-02 21:40:38,Completed,2025-12-02 21:21:38
R0004576,2025-12-02 14:48:43,F&B,Urgent,12,2025-12-02 15:36:43,Completed,2025-12-02 15:08:43
R0004577,2025-12-02 19:59:21,F&B,Standard,25,2025-12-02 22:57:21,Completed,2025-12-02 20:41:21
R0004578,2025-12-02 10:50:18,F&B,Standard,25,2025-12-02 12:32:18,Completed,2025-12-02 11:30:18
R0004579,2025-12-02 14:46:29,Maintenance,Standard,55,2025-12-02 16:07:29,Completed,2025-12-02 15:57:29
R0004580,2025-12-02 12:53:31,Housekeeping,Standard,35,2025-12-02 14:11:31,Completed,2025-12-02 13:39:31
R0004581,2025-12-02 18:30:48,Housekeeping,Urgent,18,2025-12-02 19:10:48,Completed,2025-12-02 18:40:48
R0004582,2025-12-02 21:52:01,F&B,Urgent,12,2025-12-02 22:08:01,Completed,2025-12-02 22:16:01
R0004583,2025-12-02 21:45:04,FrontDesk,Standard,12,2025-12-02 22:45:04,Completed,2025-12-02 21:58:04
R0004584,2025-12-02 19:48:48,F&B,Standard,25,2025-12-02 22:23:48,In_Progress,
R0004585,2025-12-02 21:15:37,FrontDesk,Standard,12,2025-12-02 23:46:37,Completed,2025-12-02 21:58:37
R0004586,2025-12-02 18:11:02,FrontDesk,Standard,12,2025-12-02 20:16:02,Completed,2025-12-02 18:39:02
R0004587,2025-12-02 20:22:12,F&B,Standard,25,2025-12-02 21:56:12,Completed,2025-12-02 21:00:12
R0004588,2025-12-02 17:00:33,Housekeeping,Standard,35,2025-12-02 18:43:33,Completed,2025-12-02 17:52:33
R0004589,2025-12-02 08:05:13,Housekeeping,Standard,35,2025-12-02 09:49:13,Completed,2025-12-02 08:43:13
R0004590,2025-12-02 11:04:56,FrontDesk,Standard,12,2025-12-02 13:27:56,Completed,2025-12-02 11:41:56
R0004591,2025-12-02 19:33:12,F&B,Standard,25,2025-12-02 22:16:12,Completed,2025-12-02 20:17:12
R0004592,2025-12-02 11:41:10,Maintenance,Standard,55,2025-12-02 13:49:10,Completed,2025-12-02 12:55:10
R0004593,2025-12-02 18:56:54,Housekeeping,Standard,35,2025-12-02 21:37:54,Completed,2025-12-02 19:53:54
R0004594,2025-12-02 15:10:55,F&B,Standard,25,2025-12-02 16:32:55,Completed,2025-12-02 15:46:55
R0004595,2025-12-02 22:41:18,FrontDesk,Standard,12,2025-12-03 01:40:18,In_Progress,
R0004596,2025-12-02 14:17:14,Housekeeping,Standard,35,2025-12-02 16:29:14,Completed,2025-12-02 14:49:14
R0004597,2025-12-02 11:52:03,FrontDesk,Standard,12,2025-12-02 14:15:03,Completed,2025-12-02 12:15:03
R0004598,2025-12-02 18:45:20,F&B,Standard,25,2025-12-02 20:51:20,Open,
R0004599,2025-12-02 15:32:02,F&B,Standard,25,2025-12-02 17:50:02,Completed,2025-12-02 16:19:02
R0004600,2025-12-02 07:32:48,F&B,Standard,25,2025-12-02 10:11:48,Completed,2025-12-02 08:08:48
R0004601,2025-12-02 20:01:23,Housekeeping,Standard,35,2025-12-02 22:05:23,Completed,2025-12-02 20:53:23
R0004602,2025-12-02 11:13:37,FrontDesk,Urgent,6,2025-12-02 12:05:37,Completed,2025-12-02 11:44:37
R0004603,2025-12-02 18:20:27,Housekeeping,Standard,35,2025-12-02 19:20:27,Completed,2025-12-02 19:12:27
R0004604,2025-12-02 21:36:02,F&B,Standard,25,2025-12-02 23:13:02,Completed,2025-12-02 22:18:02
R0004605,2025-12-02 17:34:58,Housekeeping,Standard,35,2025-12-02 20:00:58,Completed,2025-12-02 18:29:58
R0004606,2025-12-02 20:13:23,F&B,Urgent,12,2025-12-02 20:41:23,Completed,2025-12-02 20:40:23
R0004607,2025-12-02 11:35:33,F&B,Standard,25,2025-12-02 13:57:33,Completed,2025-12-02 12:25:33
R0004608,2025-12-02 22:29:40,Housekeeping,Standard,35,2025-12-02 23:39:40,Open,
R0004609,2025-12-02 09:02:18,Housekeeping,Standard,35,2025-12-02 10:05:18,Completed,2025-12-02 09:30:18
R0004610,2025-12-02 07:37:00,Housekeeping,Standard,35,2025-12-02 08:40:00,Open,
R0004611,2025-12-02 11:37:58,Housekeeping,Standard,35,2025-12-02 13:20:58,Completed,2025-12-02 12:23:58
R0004612,2025-12-02 20:47:36,F&B,Standard,25,2025-12-02 22:26:36,Completed,2025-12-02 21:13:36
R0004613,2025-12-02 14:25:30,F&B,Standard,25,2025-12-02 16:58:30,Completed,2025-12-02 15:18:30
R0004614,2025-12-02 07:50:37,FrontDesk,Standard,12,2025-12-02 10:33:37,Completed,2025-12-02 08:06:37
R0004615,2025-12-02 19:14:40,FrontDesk,Standard,12,2025-12-02 21:27:40,Completed,2025-12-02 19:56:40
R0004616,2025-12-02 20:18:26,Housekeeping,Standard,35,2025-12-02 22:29:26,Completed,2025-12-02 21:03:26
R0004617,2025-12-02 11:38:46,FrontDesk,Standard,12,2025-12-02 13:56:46,Open,
R0004618,2025-12-02 20:19:42,F&B,Urgent,12,2025-12-02 21:08:42,Completed,2025-12-02 20:55:42
R0004619,2025-12-02 09:18:35,FrontDesk,Standard,12,2025-12-02 11:34:35,Completed,2025-12-02 09:44:35
R0004620,2025-12-02 20:58:10,FrontDesk,Standard,12,2025-12-02 22:47:10,Completed,2025-12-02 21:43:10
R0004621,2025-12-02 12:51:59,FrontDesk,Standard,12,2025-12-02 14:38:59,In_Progress,
R0004622,2025-12-02 10:05:07,Housekeeping,Standard,35,2025-12-02 12:30:07,Completed,2025-12-02 10:58:07
R0004623,2025-12-02 19:55:26,Housekeeping,Standard,35,2025-12-02 22:55:26,Completed,2025-12-02 20:52:26
R0004624,2025-12-02 21:11:30,Housekeeping,Standard,35,2025-12-02 23:41:30,Completed,2025-12-02 22:04:30
R0004625,2025-12-02 22:23:28,FrontDesk,Standard,12,2025-12-02 23:44:28,Completed,2025-12-02 22:37:28
R0004626,2025-12-02 19:57:13,Maintenance,Standard,55,2025-12-02 21:01:13,Completed,2025-12-02 20:52:13
R0004627,2025-12-02 19:27:53,F&B,Standard,25,2025-12-02 20:42:53,In_Progress,
R0004628,2025-12-02 20:34:16,FrontDesk,Standard,12,2025-12-02 22:48:16,Completed,2025-12-02 21:14:16
R0004629,2025-12-02 13:13:28,FrontDesk,Standard,12,2025-12-02 15:50:28,Completed,2025-12-02 13:36:28
R0004630,2025-12-02 18:09:17,F&B,Standard,25,2025-12-02 20:09:17,Completed,2025-12-02 19:07:17
R0004631,2025-12-02 18:35:05,F&B,Standard,25,2025-12-02 21:19:05,Completed,2025-12-02 18:55:05
R0004632,2025-12-02 18:59:12,FrontDesk,Standard,12,2025-12-02 20:13:12,Completed,2025-12-02 19:22:12
R0004633,2025-12-02 16:30:09,FrontDesk,Standard,12,2025-12-02 18:00:09,Completed,2025-12-02 16:37:09
R0004634,2025-12-02 19:41:53,Housekeeping,Standard,35,2025-12-02 21:17:53,Completed,2025-12-02 20:22:53
R0004635,2025-12-02 14:20:54,F&B,Standard,25,2025-12-02 16:10:54,Completed,2025-12-02 15:13:54
R0004636,2025-12-02 07:05:29,Housekeeping,Standard,35,2025-12-02 08:47:29,Completed,2025-12-02 08:12:29
R0004637,2025-12-02 22:02:44,Maintenance,Standard,55,2025-12-02 23:36:44,Completed,2025-12-02 23:24:44
R0004638,2025-12-02 18:53:51,Housekeeping,Urgent,18,2025-12-02 19:14:51,Completed,2025-12-02 19:20:51
R0004639,2025-12-02 12:24:01,FrontDesk,Standard,12,2025-12-02 14:10:01,In_Progress,
R0004640,2025-12-02 10:20:49,F&B,Standard,25,2025-12-02 11:31:49,Completed,2025-12-02 10:57:49
R0004641,2025-12-02 11:22:49,Housekeeping,Standard,35,2025-12-02 13:19:49,Completed,2025-12-02 11:54:49
R0004642,2025-12-02 07:02:54,FrontDesk,Standard,12,2025-12-02 08:54:54,Completed,2025-12-02 07:47:54
R0004643,2025-12-02 13:30:08,FrontDesk,Standard,12,2025-12-02 14:30:08,Completed,2025-12-02 13:52:08
R0004644,2025-12-02 21:56:01,F&B,Standard,25,2025-12-02 23:44:01,Completed,2025-12-02 22:46:01
R0004645,2025-12-02 20:47:14,FrontDesk,Standard,12,2025-12-02 22:28:14,Open,
R0004646,2025-12-02 18:25:15,F&B,Standard,25,2025-12-02 19:27:15,Completed,2025-12-02 18:50:15
R0004647,2025-12-02 16:11:18,Housekeeping,Standard,35,2025-12-02 18:52:18,Completed,2025-12-02 16:56:18
R0004648,2025-12-02 07:45:08,FrontDesk,Standard,12,2025-12-02 10:19:08,Completed,2025-12-02 08:10:08
R0004649,2025-12-02 12:09:14,FrontDesk,Standard,12,2025-12-02 13:58:14,Completed,2025-12-02 12:37:14
R0004650,2025-12-02 19:43:52,FrontDesk,Standard,12,2025-12-02 21:08:52,Completed,2025-12-02 20:08:52
R0004651,2025-12-02 09:30:15,FrontDesk,Standard,12,2025-12-02 10:36:15,Completed,2025-12-02 09:44:15
R0004652,2025-12-02 13:39:03,FrontDesk,Standard,12,2025-12-02 15:26:03,Completed,2025-12-02 14:01:03
R0004653,2025-12-02 22:01:33,Housekeeping,Standard,35,2025-12-03 00:27:33,Completed,2025-12-02 22:56:33
R0004654,2025-12-02 11:11:59,FrontDesk,Standard,12,2025-12-02 13:19:59,Open,
R0004655,2025-12-02 19:37:37,Housekeeping,Standard,35,2025-12-02 20:52:37,Completed,2025-12-02 20:23:37
R0004656,2025-12-02 19:10:00,FrontDesk,Standard,12,2025-12-02 20:16:00,In_Progress,
R0004657,2025-12-02 10:14:09,Housekeeping,Standard,35,2025-12-02 12:44:09,Completed,2025-12-02 11:24:09
R0004658,2025-12-03 20:42:05,Housekeeping,Standard,35,2025-12-03 23:38:05,Completed,2025-12-03 21:21:05
R0004659,2025-12-03 17:15:42,F&B,Standard,25,2025-12-03 18:44:42,Completed,2025-12-03 18:03:42
R0004660,2025-12-03 20:19:49,Housekeeping,Standard,35,2025-12-03 22:03:49,Completed,2025-12-03 20:57:49
R0004661,2025-12-03 08:08:44,F&B,Standard,25,2025-12-03 10:42:44,Completed,2025-12-03 08:46:44
R0004662,2025-12-03 21:56:12,F&B,Standard,25,2025-12-03 23:12:12,Completed,2025-12-03 22:38:12
R0004663,2025-12-03 21:12:55,F&B,Standard,25,2025-12-03 23:08:55,Completed,2025-12-03 21:56:55
R0004664,2025-12-03 15:31:11,F&B,Standard,25,2025-12-03 18:28:11,Completed,2025-12-03 16:14:11
R0004665,2025-12-03 13:08:16,F&B,Standard,25,2025-12-03 15:53:16,Completed,2025-12-03 13:41:16
R0004666,2025-12-03 09:10:14,Housekeeping,Standard,35,2025-12-03 10:43:14,Completed,2025-12-03 09:46:14
R0004667,2025-12-03 20:33:04,F&B,Standard,25,2025-12-03 22:22:04,Open,
R0004668,2025-12-03 11:11:08,FrontDesk,Standard,12,2025-12-03 13:46:08,Completed,2025-12-03 11:32:08
R0004669,2025-12-03 20:46:44,Housekeeping,Standard,35,2025-12-03 23:16:44,Completed,2025-12-03 21:41:44
R0004670,2025-12-03 13:31:26,Maintenance,Standard,55,2025-12-03 15:43:26,Completed,2025-12-03 14:26:26
R0004671,2025-12-03 18:49:07,FrontDesk,Standard,12,2025-12-03 20:52:07,Completed,2025-12-03 19:09:07
R0004672,2025-12-03 11:24:50,F&B,Urgent,12,2025-12-03 11:40:50,Open,
R0004673,2025-12-03 09:44:31,F&B,Standard,25,2025-12-03 12:43:31,Completed,2025-12-03 10:21:31
R0004674,2025-12-03 12:49:10,F&B,Urgent,12,2025-12-03 13:15:10,Completed,2025-12-03 13:03:10
R0004675,2025-12-03 22:28:55,Housekeeping,Standard,35,2025-12-04 01:12:55,Completed,2025-12-03 23:16:55
R0004676,2025-12-03 15:49:04,Housekeeping,Standard,35,2025-12-03 18:27:04,Completed,2025-12-03 16:29:04
R0004677,2025-12-03 16:42:59,FrontDesk,Standard,12,2025-12-03 17:49:59,Completed,2025-12-03 17:20:59
R0004678,2025-12-03 20:09:26,F&B,Standard,25,2025-12-03 21:53:26,Completed,2025-12-03 21:00:26
R0004679,2025-12-03 22:54:45,Housekeeping,Standard,35,2025-12-04 00:44:45,In_Progress,
R0004680,2025-12-03 20:44:18,Housekeeping,Standard,35,2025-12-03 22:43:18,Completed,2025-12-03 22:02:18
R0004681,2025-12-03 21:42:23,Housekeeping,Standard,35,2025-12-03 23:26:23,Completed,2025-12-03 22:43:23
R0004682,2025-12-03 21:46:40,F&B,Standard,25,2025-12-04 00:09:40,Completed,2025-12-03 22:25:40
R0004683,2025-12-03 19:01:45,Housekeeping,Standard,35,2025-12-03 20:58:45,Completed,2025-12-03 19:50:45
R0004684,2025-12-03 09:56:21,FrontDesk,Standard,12,2025-12-03 11:45:21,Completed,2025-12-03 10:24:21
R0004685,2025-12-03 22:51:14,FrontDesk,Standard,12,2025-12-04 00:30:14,Completed,2025-12-03 23:02:14
R0004686,2025-12-03 18:41:39,FrontDesk,Standard,12,2025-12-03 21:35:39,Completed,2025-12-03 18:56:39
R0004687,2025-12-03 13:48:53,F&B,Standard,25,2025-12-03 14:51:53,Completed,2025-12-03 14:23:53
R0004688,2025-12-03 22:01:51,F&B,Standard,25,2025-12-03 23:27:51,In_Progress,
R0004689,2025-12-03 20:20:16,Housekeeping,Standard,35,2025-12-03 22:13:16,Completed,2025-12-03 21:04:16
R0004690,2025-12-03 11:06:20,Maintenance,Standard,55,2025-12-03 12:33:20,Completed,2025-12-03 12:36:20
R0004691,2025-12-03 14:31:13,Maintenance,Standard,55,2025-12-03 16:40:13,Completed,2025-12-03 15:43:13
R0004692,2025-12-03 19:08:53,F&B,Standard,25,2025-12-03 21:44:53,Completed,2025-12-03 19:37:53
R0004693,2025-12-03 20:59:52,Housekeeping,Standard,35,2025-12-03 23:37:52,Completed,2025-12-03 22:07:52
R0004694,2025-12-03 20:42:40,FrontDesk,Standard,12,2025-12-03 21:52:40,Completed,2025-12-03 21:22:40
R0004695,2025-12-03 18:34:11,Housekeeping,Standard,35,2025-12-03 20:09:11,In_Progress,
R0004696,2025-12-03 18:11:57,Housekeeping,Urgent,18,2025-12-03 19:10:57,Completed,2025-12-03 18:36:57
R0004697,2025-12-03 13:54:49,FrontDesk,Standard,12,2025-12-03 15:56:49,Completed,2025-12-03 14:24:49
R0004698,2025-12-03 15:57:24,Housekeeping,Standard,35,2025-12-03 17:27:24,Completed,2025-12-03 16:24:24
R0004699,2025-12-03 11:04:46,FrontDesk,Standard,12,2025-12-03 12:51:46,In_Progress,
R0004700,2025-12-03 13:52:15,Maintenance,Standard,55,2025-12-03 15:49:15,Completed,2025-12-03 15:21:15
R0004701,2025-12-03 14:57:59,F&B,Urgent,12,2025-12-03 15:26:59,Completed,2025-12-03 15:20:59
R0004702,2025-12-03 19:39:13,FrontDesk,Standard,12,2025-12-03 22:37:13,Completed,2025-12-03 20:20:13
R0004703,2025-12-03 14:19:05,Housekeeping,Standard,35,2025-12-03 15:19:05,Completed,2025-12-03 15:17:05
R0004704,2025-12-03 08:52:09,Maintenance,Standard,55,2025-12-03 10:06:09,Completed,2025-12-03 09:20:09
R0004705,2025-12-03 19:56:36,Housekeeping,Standard,35,2025-12-03 22:26:36,Completed,2025-12-03 21:08:36
R0004706,2025-12-03 18:52:18,F&B,Standard,25,2025-12-03 20:50:18,Completed,2025-12-03 19:31:18
R0004707,2025-12-03 19:17:45,Maintenance,Standard,55,2025-12-03 22:08:45,Open,
R0004708,2025-12-03 08:54:25,Housekeeping,Standard,35,2025-12-03 11:12:25,Completed,2025-12-03 09:38:25
R0004709,2025-12-03 08:39:38,Housekeeping,Standard,35,2025-12-03 11:15:38,Completed,2025-12-03 09:38:38
R0004710,2025-12-03 18:35:25,F&B,Standard,25,2025-12-03 20:18:25,Completed,2025-12-03 19:02:25
R0004711,2025-12-03 11:47:10,Housekeeping,Standard,35,2025-12-03 14:31:10,Completed,2025-12-03 12:20:10
R0004712,2025-12-03 19:46:39,Housekeeping,Standard,35,2025-12-03 21:13:39,Completed,2025-12-03 20:24:39
R0004713,2025-12-03 21:03:44,F&B,Standard,25,2025-12-03 22:51:44,Completed,2025-12-03 21:42:44
R0004714,2025-12-03 13:24:59,FrontDesk,Standard,12,2025-12-03 16:22:59,Open,
R0004715,2025-12-03 12:12:44,Housekeeping,Standard,35,2025-12-03 13:40:44,Completed,2025-12-03 13:03:44
R0004716,2025-12-03 18:03:30,Housekeeping,Standard,35,2025-12-03 19:07:30,Completed,2025-12-03 19:04:30
R0004717,2025-12-03 21:26:55,FrontDesk,Standard,12,2025-12-04 00:02:55,Completed,2025-12-03 21:47:55
R0004718,2025-12-03 10:48:35,FrontDesk,Standard,12,2025-12-03 12:45:35,Open,
R0004719,2025-12-03 17:28:46,Housekeeping,Standard,35,2025-12-03 20:17:46,Completed,2025-12-03 18:14:46
R0004720,2025-12-03 18:58:27,F&B,Standard,25,2025-12-03 21:40:27,Open,
R0004721,2025-12-03 14:01:39,Housekeeping,Standard,35,2025-12-03 16:31:39,Completed,2025-12-03 14:58:39
R0004722,2025-12-03 19:57:43,F&B,Standard,25,2025-12-03 21:23:43,Completed,2025-12-03 20:28:43
R0004723,2025-12-03 19:08:56,FrontDesk,Standard,12,2025-12-03 20:08:56,Completed,2025-12-03 19:33:56
R0004724,2025-12-03 19:04:55,Housekeeping,Standard,35,2025-12-03 21:47:55,Completed,2025-12-03 19:50:55
R0004725,2025-12-03 13:36:11,Housekeeping,Standard,35,2025-12-03 15:01:11,In_Progress,
R0004726,2025-12-03 07:30:02,F&B,Standard,25,2025-12-03 10:08:02,Completed,2025-12-03 08:10:02
R0004727,2025-12-03 21:49:15,FrontDesk,Standard,12,2025-12-04 00:26:15,Completed,2025-12-03 22:28:15
R0004728,2025-12-03 07:36:40,F&B,Standard,25,2025-12-03 10:21:40,Completed,2025-12-03 08:17:40
R0004729,2025-12-03 21:40:47,F&B,Urgent,12,2025-12-03 22:33:47,Completed,2025-12-03 21:50:47
R0004730,2025-12-03 18:59:28,FrontDesk,Standard,12,2025-12-03 20:21:28,Completed,2025-12-03 19:22:28
R0004731,2025-12-03 18:05:01,FrontDesk,Standard,12,2025-12-03 19:31:01,Completed,2025-12-03 18:41:01
R0004732,2025-12-03 13:04:02,FrontDesk,Standard,12,2025-12-03 15:14:02,Completed,2025-12-03 13:35:02
R0004733,2025-12-03 09:46:59,F&B,Standard,25,2025-12-03 11:47:59,Completed,2025-12-03 10:34:59
R0004734,2025-12-03 13:51:04,F&B,Urgent,12,2025-12-03 14:17:04,Completed,2025-12-03 14:13:04
R0004735,2025-12-03 14:08:50,F&B,Urgent,12,2025-12-03 15:02:50,Completed,2025-12-03 14:40:50
R0004736,2025-12-03 17:53:12,F&B,Standard,25,2025-12-03 20:04:12,Completed,2025-12-03 18:23:12
R0004737,2025-12-03 09:16:56,Housekeeping,Standard,35,2025-12-03 11:52:56,Completed,2025-12-03 09:57:56
R0004738,2025-12-03 08:11:32,Housekeeping,Standard,35,2025-12-03 10:52:32,Completed,2025-12-03 08:56:32
R0004739,2025-12-03 19:25:34,FrontDesk,Standard,12,2025-12-03 21:42:34,Completed,2025-12-03 19:35:34
R0004740,2025-12-03 17:27:06,F&B,Standard,25,2025-12-03 19:10:06,Completed,2025-12-03 18:16:06
R0004741,2025-12-03 07:41:18,F&B,Standard,25,2025-12-03 09:43:18,Completed,2025-12-03 08:27:18
R0004742,2025-12-03 09:59:15,FrontDesk,Urgent,6,2025-12-03 10:56:15,Completed,2025-12-03 10:23:15
R0004743,2025-12-03 19:12:16,F&B,Standard,25,2025-12-03 21:55:16,Completed,2025-12-03 19:49:16
R0004744,2025-12-03 07:30:40,Housekeeping,Standard,35,2025-12-03 10:07:40,Completed,2025-12-03 08:18:40
R0004745,2025-12-03 11:48:08,F&B,Standard,25,2025-12-03 13:33:08,Completed,2025-12-03 12:30:08
R0004746,2025-12-03 20:14:25,Housekeeping,Standard,35,2025-12-03 22:09:25,Completed,2025-12-03 20:44:25
R0004747,2025-12-03 21:56:58,FrontDesk,Standard,12,2025-12-04 00:17:58,Completed,2025-12-03 22:19:58
R0004748,2025-12-03 19:45:30,F&B,Standard,25,2025-12-03 20:56:30,Completed,2025-12-03 20:19:30
R0004749,2025-12-03 16:34:22,Housekeeping,Standard,35,2025-12-03 19:26:22,Completed,2025-12-03 17:42:22
R0004750,2025-12-03 08:41:08,F&B,Standard,25,2025-12-03 10:06:08,Completed,2025-12-03 09:15:08
R0004751,2025-12-03 08:08:43,Housekeeping,Standard,35,2025-12-03 10:24:43,Completed,2025-12-03 08:56:43
R0004752,2025-12-03 13:07:22,Housekeeping,Standard,35,2025-12-03 14:49:22,In_Progress,
R0004753,2025-12-03 18:21:33,F&B,Standard,25,2025-12-03 20:47:33,Completed,2025-12-03 19:12:33
R0004754,2025-12-03 22:28:15,Housekeeping,Standard,35,2025-12-03 23:53:15,Completed,2025-12-03 23:28:15
R0004755,2025-12-03 07:43:58,Housekeeping,Standard,35,2025-12-03 09:05:58,Completed,2025-12-03 08:37:58
R0004756,2025-12-03 11:20:47,F&B,Standard,25,2025-12-03 13:05:47,Completed,2025-12-03 12:05:47
R0004757,2025-12-03 18:46:00,Housekeeping,Standard,35,2025-12-03 19:50:00,Completed,2025-12-03 19:17:00
R0004758,2025-12-03 12:34:17,F&B,Urgent,12,2025-12-03 13:32:17,Completed,2025-12-03 13:06:17
R0004759,2025-12-03 12:38:25,F&B,Standard,25,2025-12-03 15:13:25,Completed,2025-12-03 13:08:25
R0004760,2025-12-03 08:11:25,Housekeeping,Standard,35,2025-12-03 11:10:25,Completed,2025-12-03 08:53:25
R0004761,2025-12-03 18:27:34,FrontDesk,Standard,12,2025-12-03 20:16:34,Completed,2025-12-03 18:44:34
R0004762,2025-12-03 13:40:57,Maintenance,Standard,55,2025-12-03 15:15:57,Open,
R0004763,2025-12-03 21:12:03,F&B,Urgent,12,2025-12-03 22:10:03,Completed,2025-12-03 21:38:03
R0004764,2025-12-03 15:05:29,F&B,Standard,25,2025-12-03 17:39:29,Completed,2025-12-03 15:29:29
R0004765,2025-12-03 20:54:58,FrontDesk,Urgent,6,2025-12-03 21:14:58,Completed,2025-12-03 21:21:58
R0004766,2025-12-03 07:11:13,F&B,Urgent,12,2025-12-03 07:34:13,Completed,2025-12-03 07:49:13
R0004767,2025-12-03 10:53:19,Housekeeping,Standard,35,2025-12-03 12:58:19,Completed,2025-12-03 11:29:19
R0004768,2025-12-03 21:10:59,FrontDesk,Standard,12,2025-12-03 22:11:59,Completed,2025-12-03 21:39:59
R0004769,2025-12-03 18:11:04,Maintenance,Standard,55,2025-12-03 20:49:04,Completed,2025-12-03 19:19:04
R0004770,2025-12-03 13:55:49,FrontDesk,Standard,12,2025-12-03 15:27:49,Completed,2025-12-03 14:11:49
R0004771,2025-12-03 21:23:38,F&B,Standard,25,2025-12-03 22:43:38,Completed,2025-12-03 22:09:38
R0004772,2025-12-03 11:28:43,FrontDesk,Standard,12,2025-12-03 13:01:43,Completed,2025-12-03 11:49:43
R0004773,2025-12-03 22:01:42,FrontDesk,Standard,12,2025-12-03 23:39:42,Completed,2025-12-03 22:37:42
R0004774,2025-12-03 21:19:38,Maintenance,Standard,55,2025-12-03 23:33:38,Completed,2025-12-03 22:46:38
R0004775,2025-12-03 20:17:36,Housekeeping,Standard,35,2025-12-03 23:12:36,Completed,2025-12-03 20:58:36
R0004776,2025-12-03 21:10:33,F&B,Standard,25,2025-12-03 23:27:33,Open,
R0004777,2025-12-03 09:20:33,Maintenance,Standard,55,2025-12-03 10:51:33,Completed,2025-12-03 10:31:33
R0004778,2025-12-03 18:32:04,F&B,Standard,25,2025-12-03 20:59:04,Completed,2025-12-03 18:59:04
R0004779,2025-12-03 13:34:35,FrontDesk,Standard,12,2025-12-03 15:13:35,Completed,2025-12-03 14:11:35
R0004780,2025-12-03 16:09:42,Maintenance,Urgent,30,2025-12-03 16:43:42,Completed,2025-12-03 17:02:42
R0004781,2025-12-03 11:30:44,F&B,Standard,25,2025-12-03 12:32:44,Completed,2025-12-03 12:22:44
R0004782,2025-12-03 20:50:12,F&B,Standard,25,2025-12-03 22:49:12,Completed,2025-12-03 21:26:12
R0004783,2025-12-03 13:47:45,Housekeeping,Standard,35,2025-12-03 16:04:45,Completed,2025-12-03 14:20:45
R0004784,2025-12-03 13:29:07,Maintenance,Standard,55,2025-12-03 15:36:07,Completed,2025-12-03 14:26:07
R0004785,2025-12-03 13:17:25,Housekeeping,Standard,35,2025-12-03 16:13:25,Completed,2025-12-03 14:23:25
R0004786,2025-12-03 21:32:01,Housekeeping,Standard,35,2025-12-04 00:00:01,Completed,2025-12-03 22:14:01
R0004787,2025-12-03 09:12:02,Housekeeping,Standard,35,2025-12-03 11:37:02,Completed,2025-12-03 10:17:02
R0004788,2025-12-03 19:22:26,Housekeeping,Standard,35,2025-12-03 21:04:26,Completed,2025-12-03 20:22:26
R0004789,2025-12-03 20:11:27,Housekeeping,Standard,35,2025-12-03 21:41:27,Completed,2025-12-03 20:48:27
R0004790,2025-12-03 12:54:14,F&B,Standard,25,2025-12-03 13:56:14,Completed,2025-12-03 13:26:14
R0004791,2025-12-03 21:04:30,Housekeeping,Standard,35,2025-12-03 22:40:30,Completed,2025-12-03 22:05:30
R0004792,2025-12-03 20:43:08,F&B,Standard,25,2025-12-03 22:29:08,Completed,2025-12-03 21:07:08
R0004793,2025-12-03 20:46:48,Housekeeping,Standard,35,2025-12-03 22:44:48,Completed,2025-12-03 21:29:48
R0004794,2025-12-03 20:10:24,FrontDesk,Standard,12,2025-12-03 22:22:24,Completed,2025-12-03 20:46:24
R0004795,2025-12-03 07:16:36,FrontDesk,Standard,12,2025-12-03 09:24:36,Completed,2025-12-03 07:50:36
R0004796,2025-12-03 20:19:50,Housekeeping,Standard,35,2025-12-03 21:42:50,Completed,2025-12-03 21:04:50
R0004797,2025-12-03 21:43:20,Housekeeping,Standard,35,2025-12-03 23:24:20,Completed,2025-12-03 22:37:20
R0004798,2025-12-03 08:46:21,F&B,Standard,25,2025-12-03 10:11:21,Completed,2025-12-03 09:35:21
R0004799,2025-12-03 08:05:44,FrontDesk,Standard,12,2025-12-03 10:23:44,Completed,2025-12-03 08:37:44
R0004800,2025-12-03 12:10:47,FrontDesk,Standard,12,2025-12-03 15:06:47,Completed,2025-12-03 12:39:47
R0004801,2025-12-03 22:43:29,Housekeeping,Urgent,18,2025-12-03 22:59:29,Completed,2025-12-03 23:30:29
R0004802,2025-12-03 12:58:27,Housekeeping,Standard,35,2025-12-03 15:26:27,Completed,2025-12-03 13:43:27
R0004803,2025-12-03 19:03:57,Housekeeping,Standard,35,2025-12-03 20:56:57,Completed,2025-12-03 20:04:57
R0004804,2025-12-03 14:52:13,Housekeeping,Standard,35,2025-12-03 16:15:13,Completed,2025-12-03 15:19:13
R0004805,2025-12-03 21:39:19,F&B,Standard,25,2025-12-03 23:23:19,Completed,2025-12-03 22:22:19
R0004806,2025-12-03 07:13:01,F&B,Standard,25,2025-12-03 08:21:01,Completed,2025-12-03 07:58:01
R0004807,2025-12-03 20:13:12,Maintenance,Standard,55,2025-12-03 21:29:12,Completed,2025-12-03 21:12:12
R0004808,2025-12-03 12:32:47,FrontDesk,Standard,12,2025-12-03 15:17:47,Completed,2025-12-03 12:50:47
R0004809,2025-12-03 10:55:02,F&B,Urgent,12,2025-12-03 11:43:02,Open,
R0004810,2025-12-03 10:33:15,Housekeeping,Standard,35,2025-12-03 11:51:15,Completed,2025-12-03 11:08:15
R0004811,2025-12-03 10:40:41,Housekeeping,Standard,35,2025-12-03 12:40:41,Completed,2025-12-03 11:13:41
R0004812,2025-12-03 12:19:26,Housekeeping,Standard,35,2025-12-03 14:13:26,Completed,2025-12-03 13:18:26
R0004813,2025-12-03 13:39:49,FrontDesk,Urgent,6,2025-12-03 14:20:49,Completed,2025-12-03 13:58:49
R0004814,2025-12-03 20:50:16,F&B,Urgent,12,2025-12-03 21:50:16,Completed,2025-12-03 21:03:16
R0004815,2025-12-03 19:29:41,Housekeeping,Standard,35,2025-12-03 21:37:41,Completed,2025-12-03 20:07:41
R0004816,2025-12-03 14:27:21,FrontDesk,Standard,12,2025-12-03 15:41:21,Completed,2025-12-03 14:51:21
R0004817,2025-12-03 18:03:57,F&B,Standard,25,2025-12-03 19:51:57,Completed,2025-12-03 18:20:57
R0004818,2025-12-03 16:45:51,Housekeeping,Standard,35,2025-12-03 18:40:51,Completed,2025-12-03 17:40:51
R0004819,2025-12-03 15:28:32,F&B,Standard,25,2025-12-03 18:21:32,Completed,2025-12-03 15:52:32
R0004820,2025-12-03 21:11:50,F&B,Standard,25,2025-12-03 23:30:50,Completed,2025-12-03 21:42:50
R0004821,2025-12-03 07:07:07,F&B,Standard,25,2025-12-03 08:18:07,Completed,2025-12-03 07:34:07
R0004822,2025-12-03 13:22:23,Maintenance,Urgent,30,2025-12-03 14:01:23,In_Progress,
R0004823,2025-12-03 21:22:35,Housekeeping,Standard,35,2025-12-03 22:52:35,Completed,2025-12-03 22:06:35
R0004824,2025-12-03 12:50:12,F&B,Standard,25,2025-12-03 14:37:12,Completed,2025-12-03 13:41:12
R0004825,2025-12-03 07:42:31,Housekeeping,Standard,35,2025-12-03 10:25:31,Completed,2025-12-03 08:41:31
R0004826,2025-12-03 16:39:16,Housekeeping,Standard,35,2025-12-03 19:08:16,Completed,2025-12-03 17:23:16
R0004827,2025-12-03 21:09:09,FrontDesk,Standard,12,2025-12-03 23:06:09,Completed,2025-12-03 21:22:09
R0004828,2025-12-03 14:18:32,FrontDesk,Standard,12,2025-12-03 15:53:32,Completed,2025-12-03 14:46:32
R0004829,2025-12-03 08:37:34,Housekeeping,Urgent,18,2025-12-03 09:21:34,Completed,2025-12-03 09:18:34
R0004830,2025-12-03 14:11:45,F&B,Urgent,12,2025-12-03 15:01:45,Completed,2025-12-03 14:47:45
R0004831,2025-12-03 21:04:11,FrontDesk,Standard,12,2025-12-03 23:24:11,Completed,2025-12-03 21:14:11
R0004832,2025-12-03 17:51:46,F&B,Standard,25,2025-12-03 20:17:46,Completed,2025-12-03 18:28:46
R0004833,2025-12-03 11:20:53,Housekeeping,Standard,35,2025-12-03 14:11:53,Completed,2025-12-03 12:01:53
R0004834,2025-12-03 21:53:09,FrontDesk,Standard,12,2025-12-03 23:37:09,Completed,2025-12-03 22:03:09
R0004835,2025-12-03 19:09:52,Housekeeping,Standard,35,2025-12-03 21:46:52,Completed,2025-12-03 20:01:52
R0004836,2025-12-03 11:29:25,Housekeeping,Standard,35,2025-12-03 13:13:25,Completed,2025-12-03 12:08:25
R0004837,2025-12-03 10:35:04,Housekeeping,Standard,35,2025-12-03 13:26:04,Completed,2025-12-03 11:08:04
R0004838,2025-12-04 19:15:16,Housekeeping,Standard,35,2025-12-04 21:42:16,Completed,2025-12-04 19:39:16
R0004839,2025-12-04 21:42:30,FrontDesk,Urgent,6,2025-12-04 22:13:30,Completed,2025-12-04 21:56:30
R0004840,2025-12-04 08:55:06,FrontDesk,Standard,12,2025-12-04 10:30:06,Completed,2025-12-04 09:22:06
R0004841,2025-12-04 17:45:29,Housekeeping,Standard,35,2025-12-04 18:59:29,Completed,2025-12-04 18:16:29
R0004842,2025-12-04 11:23:08,Housekeeping,Standard,35,2025-12-04 14:00:08,Completed,2025-12-04 12:11:08
R0004843,2025-12-04 15:04:50,Housekeeping,Standard,35,2025-12-04 17:28:50,Completed,2025-12-04 15:44:50
R0004844,2025-12-04 19:59:50,Housekeeping,Standard,35,2025-12-04 21:39:50,Completed,2025-12-04 20:42:50
R0004845,2025-12-04 19:40:29,F&B,Standard,25,2025-12-04 21:43:29,Completed,2025-12-04 20:11:29
R0004846,2025-12-04 15:37:49,FrontDesk,Standard,12,2025-12-04 18:27:49,Completed,2025-12-04 15:50:49
R0004847,2025-12-04 12:29:29,FrontDesk,Standard,12,2025-12-04 14:22:29,Completed,2025-12-04 12:51:29
R0004848,2025-12-04 12:31:28,F&B,Standard,25,2025-12-04 15:13:28,Completed,2025-12-04 13:23:28
R0004849,2025-12-04 12:43:14,FrontDesk,Standard,12,2025-12-04 14:43:14,Completed,2025-12-04 12:59:14
R0004850,2025-12-04 19:09:16,F&B,Urgent,12,2025-12-04 20:08:16,Completed,2025-12-04 19:35:16
R0004851,2025-12-04 13:42:56,F&B,Standard,25,2025-12-04 15:10:56,Completed,2025-12-04 14:39:56
R0004852,2025-12-04 22:47:37,FrontDesk,Urgent,6,2025-12-04 23:44:37,Completed,2025-12-04 23:14:37
R0004853,2025-12-04 14:49:58,F&B,Standard,25,2025-12-04 17:23:58,Completed,2025-12-04 15:24:58
R0004854,2025-12-04 20:37:26,Housekeeping,Standard,35,2025-12-04 23:14:26,Completed,2025-12-04 21:28:26
R0004855,2025-12-04 11:08:43,FrontDesk,Standard,12,2025-12-04 12:16:43,Completed,2025-12-04 11:48:43
R0004856,2025-12-04 10:04:05,FrontDesk,Standard,12,2025-12-04 12:42:05,Completed,2025-12-04 10:47:05
R0004857,2025-12-04 18:44:00,F&B,Standard,25,2025-12-04 20:09:00,Completed,2025-12-04 19:15:00
R0004858,2025-12-04 09:13:27,F&B,Standard,25,2025-12-04 11:51:27,Completed,2025-12-04 10:17:27
R0004859,2025-12-04 17:04:11,Housekeeping,Standard,35,2025-12-04 18:27:11,Open,
R0004860,2025-12-04 12:00:09,Housekeeping,Standard,35,2025-12-04 13:20:09,Completed,2025-12-04 12:52:09
R0004861,2025-12-04 14:34:24,FrontDesk,Standard,12,2025-12-04 17:10:24,Open,
R0004862,2025-12-04 14:04:29,FrontDesk,Urgent,6,2025-12-04 14:29:29,Completed,2025-12-04 14:36:29
R0004863,2025-12-04 21:52:58,F&B,Standard,25,2025-12-05 00:22:58,In_Progress,
R0004864,2025-12-04 17:21:16,Housekeeping,Standard,35,2025-12-04 19:05:16,Completed,2025-12-04 18:15:16
R0004865,2025-12-04 21:14:12,FrontDesk,Standard,12,2025-12-04 23:32:12,Completed,2025-12-04 21:44:12
R0004866,2025-12-04 12:04:31,Housekeeping,Urgent,18,2025-12-04 12:22:31,Completed,2025-12-04 12:51:31
R0004867,2025-12-04 08:17:56,Housekeeping,Standard,35,2025-12-04 10:44:56,Completed,2025-12-04 09:26:56
R0004868,2025-12-04 15:22:59,FrontDesk,Standard,12,2025-12-04 16:43:59,Completed,2025-12-04 15:35:59
R0004869,2025-12-04 15:35:52,Housekeeping,Standard,35,2025-12-04 17:39:52,Completed,2025-12-04 16:37:52
R0004870,2025-12-04 16:39:12,Housekeeping,Urgent,18,2025-12-04 17:14:12,In_Progress,
R0004871,2025-12-04 09:20:50,Housekeeping,Standard,35,2025-12-04 12:04:50,In_Progress,
R0004872,2025-12-04 09:27:01,Housekeeping,Standard,35,2025-12-04 11:07:01,Completed,2025-12-04 10:05:01
R0004873,2025-12-04 21:51:01,Maintenance,Standard,55,2025-12-05 00:06:01,In_Progress,
R0004874,2025-12-04 20:53:40,Housekeeping,Standard,35,2025-12-04 23:11:40,Completed,2025-12-04 21:25:40
R0004875,2025-12-04 21:25:32,F&B,Standard,25,2025-12-05 00:22:32,Completed,2025-12-04 22:22:32
R0004876,2025-12-04 14:45:48,Housekeeping,Standard,35,2025-12-04 17:28:48,Completed,2025-12-04 15:39:48
R0004877,2025-12-04 16:51:02,Maintenance,Standard,55,2025-12-04 19:14:02,Completed,2025-12-04 18:05:02
R0004878,2025-12-04 21:57:08,Maintenance,Standard,55,2025-12-04 23:49:08,Completed,2025-12-04 22:51:08
R0004879,2025-12-04 13:40:26,Housekeeping,Standard,35,2025-12-04 15:55:26,Completed,2025-12-04 14:33:26
R0004880,2025-12-04 19:05:32,Maintenance,Standard,55,2025-12-04 20:52:32,Completed,2025-12-04 20:14:32
R0004881,2025-12-04 18:00:35,Housekeeping,Standard,35,2025-12-04 20:47:35,Completed,2025-12-04 18:53:35
R0004882,2025-12-04 12:57:58,Housekeeping,Standard,35,2025-12-04 14:35:58,Completed,2025-12-04 13:49:58
R0004883,2025-12-04 22:26:57,F&B,Standard,25,2025-12-05 01:04:57,Completed,2025-12-04 22:46:57
R0004884,2025-12-04 11:51:07,F&B,Standard,25,2025-12-04 14:20:07,Completed,2025-12-04 12:20:07
R0004885,2025-12-04 18:39:22,F&B,Standard,25,2025-12-04 20:07:22,Completed,2025-12-04 19:07:22
R0004886,2025-12-04 13:13:45,Housekeeping,Urgent,18,2025-12-04 14:02:45,Completed,2025-12-04 13:50:45
R0004887,2025-12-04 14:58:36,Maintenance,Standard,55,2025-12-04 17:16:36,Completed,2025-12-04 16:26:36
R0004888,2025-12-04 10:03:13,FrontDesk,Standard,12,2025-12-04 13:01:13,Completed,2025-12-04 10:31:13
R0004889,2025-12-04 12:16:25,FrontDesk,Standard,12,2025-12-04 14:25:25,Completed,2025-12-04 12:56:25
R0004890,2025-12-04 11:46:40,Housekeeping,Urgent,18,2025-12-04 12:32:40,Open,
R0004891,2025-12-04 18:44:37,FrontDesk,Standard,12,2025-12-04 21:05:37,Completed,2025-12-04 19:04:37
R0004892,2025-12-04 18:12:36,F&B,Standard,25,2025-12-04 19:51:36,Completed,2025-12-04 18:47:36
R0004893,2025-12-04 20:14:59,F&B,Standard,25,2025-12-04 21:52:59,Completed,2025-12-04 20:52:59
R0004894,2025-12-04 17:13:07,F&B,Standard,25,2025-12-04 18:34:07,Completed,2025-12-04 18:01:07
R0004895,2025-12-04 20:50:20,Housekeeping,Standard,35,2025-12-04 23:39:20,Completed,2025-12-04 21:56:20
R0004896,2025-12-04 21:00:20,F&B,Standard,25,2025-12-04 23:55:20,Open,
R0004897,2025-12-04 08:41:20,FrontDesk,Standard,12,2025-12-04 10:50:20,Completed,2025-12-04 09:13:20
R0004898,2025-12-04 19:17:48,FrontDesk,Standard,12,2025-12-04 21:52:48,Open,
R0004899,2025-12-04 19:33:57,Maintenance,Standard,55,2025-12-04 22:24:57,Completed,2025-12-04 20:56:57
R0004900,2025-12-04 13:07:15,FrontDesk,Urgent,6,2025-12-04 13:50:15,Completed,2025-12-04 13:14:15
R0004901,2025-12-04 22:16:20,F&B,Standard,25,2025-12-05 00:32:20,Completed,2025-12-04 23:13:20
R0004902,2025-12-04 13:33:42,Housekeeping,Standard,35,2025-12-04 14:43:42,Completed,2025-12-04 14:14:42
R0004903,2025-12-04 09:29:48,F&B,Standard,25,2025-12-04 11:53:48,Completed,2025-12-04 10:14:48
R0004904,2025-12-04 20:14:18,F&B,Standard,25,2025-12-04 21:34:18,Open,
R0004905,2025-12-04 16:50:24,F&B,Standard,25,2025-12-04 17:55:24,Completed,2025-12-04 17:18:24
R0004906,2025-12-04 12:17:13,F&B,Standard,25,2025-12-04 15:16:13,Completed,2025-12-04 12:48:13
R0004907,2025-12-04 22:45:58,Housekeeping,Standard,35,2025-12-05 01:05:58,Completed,2025-12-04 23:04:58
R0004908,2025-12-04 08:33:56,F&B,Standard,25,2025-12-04 10:18:56,Completed,2025-12-04 09:06:56
R0004909,2025-12-04 11:28:01,FrontDesk,Standard,12,2025-12-04 13:10:01,Completed,2025-12-04 11:58:01
R0004910,2025-12-04 21:21:55,Housekeeping,Urgent,18,2025-12-04 22:20:55,Completed,2025-12-04 22:05:55
R0004911,2025-12-04 07:23:15,FrontDesk,Standard,12,2025-12-04 09:26:15,Completed,2025-12-04 07:51:15
R0004912,2025-12-04 19:27:41,Housekeeping,Standard,35,2025-12-04 20:44:41,Open,
R0004913,2025-12-04 12:56:13,Maintenance,Standard,55,2025-12-04 14:40:13,Completed,2025-12-04 14:03:13
R0004914,2025-12-04 19:20:45,Housekeeping,Urgent,18,2025-12-04 19:57:45,Completed,2025-12-04 19:53:45
R0004915,2025-12-04 21:08:28,F&B,Standard,25,2025-12-04 23:27:28,Completed,2025-12-04 21:50:28
R0004916,2025-12-04 14:47:27,Housekeeping,Standard,35,2025-12-04 15:52:27,Completed,2025-12-04 15:33:27
R0004917,2025-12-04 15:53:06,F&B,Standard,25,2025-12-04 17:52:06,Completed,2025-12-04 16:38:06
R0004918,2025-12-04 20:39:01,Maintenance,Standard,55,2025-12-04 22:35:01,Completed,2025-12-04 21:33:01
R0004919,2025-12-04 13:18:47,Housekeeping,Standard,35,2025-12-04 15:08:47,Completed,2025-12-04 14:08:47
R0004920,2025-12-04 14:21:07,FrontDesk,Standard,12,2025-12-04 15:40:07,Completed,2025-12-04 14:41:07
R0004921,2025-12-04 13:21:40,FrontDesk,Standard,12,2025-12-04 14:43:40,Completed,2025-12-04 13:54:40
R0004922,2025-12-04 08:07:29,FrontDesk,Standard,12,2025-12-04 09:22:29,Completed,2025-12-04 08:33:29
R0004923,2025-12-04 14:42:34,Housekeeping,Urgent,18,2025-12-04 15:18:34,Completed,2025-12-04 15:25:34
R0004924,2025-12-04 10:32:42,F&B,Standard,25,2025-12-04 12:24:42,Completed,2025-12-04 10:56:42
R0004925,2025-12-04 08:46:29,Housekeeping,Standard,35,2025-12-04 10:47:29,Completed,2025-12-04 09:44:29
R0004926,2025-12-04 16:03:57,FrontDesk,Standard,12,2025-12-04 17:20:57,Completed,2025-12-04 16:39:57
R0004927,2025-12-04 21:15:16,F&B,Standard,25,2025-12-04 22:56:16,Completed,2025-12-04 21:32:16
R0004928,2025-12-04 13:02:04,FrontDesk,Standard,12,2025-12-04 15:12:04,Completed,2025-12-04 13:30:04
R0004929,2025-12-04 18:33:36,F&B,Standard,25,2025-12-04 19:57:36,Completed,2025-12-04 19:15:36
R0004930,2025-12-04 16:17:31,FrontDesk,Standard,12,2025-12-04 19:13:31,Completed,2025-12-04 16:44:31
R0004931,2025-12-04 20:56:01,FrontDesk,Standard,12,2025-12-04 22:31:01,Completed,2025-12-04 21:13:01
R0004932,2025-12-04 20:46:16,F&B,Standard,25,2025-12-04 21:50:16,Completed,2025-12-04 21:16:16
R0004933,2025-12-04 16:02:28,Maintenance,Standard,55,2025-12-04 18:40:28,Completed,2025-12-04 17:33:28
R0004934,2025-12-04 18:53:30,F&B,Standard,25,2025-12-04 20:03:30,Completed,2025-12-04 19:42:30
R0004935,2025-12-04 18:38:29,F&B,Standard,25,2025-12-04 20:33:29,Completed,2025-12-04 19:23:29
R0004936,2025-12-04 10:02:54,F&B,Standard,25,2025-12-04 12:00:54,Completed,2025-12-04 10:56:54
R0004937,2025-12-04 20:56:45,F&B,Standard,25,2025-12-04 23:46:45,In_Progress,
R0004938,2025-12-04 15:41:23,Maintenance,Standard,55,2025-12-04 18:05:23,Completed,2025-12-04 16:23:23
R0004939,2025-12-04 20:39:06,Maintenance,Urgent,30,2025-12-04 21:05:06,Completed,2025-12-04 21:18:06
R0004940,2025-12-04 13:51:38,Housekeeping,Standard,35,2025-12-04 16:11:38,Completed,2025-12-04 14:55:38
R0004941,2025-12-04 20:17:08,Housekeeping,Standard,35,2025-12-04 21:32:08,Completed,2025-12-04 21:00:08
R0004942,2025-12-04 19:56:31,F&B,Standard,25,2025-12-04 20:59:31,Completed,2025-12-04 20:18:31
R0004943,2025-12-04 12:18:17,Housekeeping,Standard,35,2025-12-04 14:53:17,Completed,2025-12-04 12:56:17
R0004944,2025-12-04 12:24:18,Maintenance,Standard,55,2025-12-04 14:36:18,Completed,2025-12-04 13:16:18
R0004945,2025-12-04 13:12:29,Maintenance,Standard,55,2025-12-04 15:56:29,Completed,2025-12-04 14:56:29
R0004946,2025-12-04 11:06:14,FrontDesk,Standard,12,2025-12-04 12:34:14,Completed,2025-12-04 11:41:14
R0004947,2025-12-04 20:57:55,FrontDesk,Standard,12,2025-12-04 22:57:55,Completed,2025-12-04 21:11:55
R0004948,2025-12-04 21:15:38,Housekeeping,Standard,35,2025-12-04 23:32:38,Completed,2025-12-04 22:21:38
R0004949,2025-12-04 19:43:17,Housekeeping,Standard,35,2025-12-04 21:57:17,Completed,2025-12-04 20:32:17
R0004950,2025-12-04 19:08:29,FrontDesk,Standard,12,2025-12-04 20:47:29,Completed,2025-12-04 19:19:29
R0004951,2025-12-04 22:36:52,F&B,Standard,25,2025-12-05 01:12:52,Completed,2025-12-04 23:35:52
R0004952,2025-12-04 12:21:16,Housekeeping,Standard,35,2025-12-04 14:40:16,Completed,2025-12-04 13:09:16
R0004953,2025-12-04 19:53:59,Housekeeping,Standard,35,2025-12-04 21:27:59,Completed,2025-12-04 20:45:59
R0004954,2025-12-04 13:24:28,F&B,Standard,25,2025-12-04 16:12:28,Open,
R0004955,2025-12-04 22:12:21,FrontDesk,Standard,12,2025-12-04 23:21:21,Completed,2025-12-04 22:34:21
R0004956,2025-12-04 19:14:27,FrontDesk,Standard,12,2025-12-04 21:58:27,Completed,2025-12-04 19:44:27
R0004957,2025-12-04 11:11:19,FrontDesk,Standard,12,2025-12-04 12:55:19,Completed,2025-12-04 11:25:19
R0004958,2025-12-04 20:21:42,Housekeeping,Standard,35,2025-12-04 21:25:42,Completed,2025-12-04 21:04:42
R0004959,2025-12-04 13:41:49,Housekeeping,Standard,35,2025-12-04 14:56:49,Open,
R0004960,2025-12-04 11:41:09,F&B,Standard,25,2025-12-04 14:11:09,Completed,2025-12-04 12:17:09
R0004961,2025-12-04 20:27:16,F&B,Standard,25,2025-12-04 21:52:16,Completed,2025-12-04 21:04:16
R0004962,2025-12-04 12:59:38,FrontDesk,Standard,12,2025-12-04 14:13:38,Completed,2025-12-04 13:34:38
R0004963,2025-12-04 13:50:05,Housekeeping,Standard,35,2025-12-04 15:18:05,Completed,2025-12-04 14:49:05
R0004964,2025-12-04 19:50:14,F&B,Standard,25,2025-12-04 21:18:14,Completed,2025-12-04 20:25:14
R0004965,2025-12-04 09:38:52,FrontDesk,Urgent,6,2025-12-04 10:10:52,In_Progress,
R0004966,2025-12-04 22:27:45,Housekeeping,Standard,35,2025-12-05 01:24:45,Completed,2025-12-04 23:16:45
R0004967,2025-12-04 22:07:24,Housekeeping,Standard,35,2025-12-05 00:58:24,Completed,2025-12-04 22:55:24
R0004968,2025-12-04 12:22:20,FrontDesk,Standard,12,2025-12-04 13:47:20,Completed,2025-12-04 12:36:20
R0004969,2025-12-04 21:49:10,F&B,Standard,25,2025-12-04 23:14:10,Completed,2025-12-04 22:38:10
R0004970,2025-12-04 20:22:48,Housekeeping,Standard,35,2025-12-04 22:49:48,Completed,2025-12-04 21:06:48
R0004971,2025-12-04 21:15:16,Housekeeping,Standard,35,2025-12-04 22:28:16,Completed,2025-12-04 21:55:16
R0004972,2025-12-04 21:36:14,Housekeeping,Standard,35,2025-12-05 00:27:14,Completed,2025-12-04 22:35:14
R0004973,2025-12-04 14:00:08,F&B,Standard,25,2025-12-04 15:47:08,Completed,2025-12-04 14:36:08
R0004974,2025-12-04 16:25:11,F&B,Standard,25,2025-12-04 19:24:11,Completed,2025-12-04 17:02:11
R0004975,2025-12-04 21:45:39,FrontDesk,Standard,12,2025-12-04 23:00:39,Completed,2025-12-04 22:18:39
R0004976,2025-12-04 18:54:23,FrontDesk,Urgent,6,2025-12-04 19:48:23,Completed,2025-12-04 19:13:23
R0004977,2025-12-04 14:05:07,F&B,Urgent,12,2025-12-04 14:31:07,Open,
R0004978,2025-12-04 20:15:23,Maintenance,Standard,55,2025-12-04 21:56:23,Completed,2025-12-04 21:42:23
R0004979,2025-12-04 15:26:40,FrontDesk,Standard,12,2025-12-04 18:14:40,Completed,2025-12-04 16:05:40
R0004980,2025-12-04 13:58:43,F&B,Standard,25,2025-12-04 15:59:43,Completed,2025-12-04 14:29:43
R0004981,2025-12-04 21:54:49,FrontDesk,Standard,12,2025-12-05 00:11:49,Open,
R0004982,2025-12-04 21:03:21,FrontDesk,Standard,12,2025-12-04 22:34:21,Completed,2025-12-04 21:36:21
R0004983,2025-12-04 12:49:43,F&B,Standard,25,2025-12-04 14:41:43,Completed,2025-12-04 13:32:43
R0004984,2025-12-04 13:50:26,Housekeeping,Standard,35,2025-12-04 15:20:26,Completed,2025-12-04 14:37:26
R0004985,2025-12-04 15:37:51,Housekeeping,Standard,35,2025-12-04 17:11:51,Completed,2025-12-04 16:42:51
R0004986,2025-12-04 22:04:28,Housekeeping,Standard,35,2025-12-05 00:39:28,Completed,2025-12-04 22:52:28
R0004987,2025-12-04 07:53:13,F&B,Standard,25,2025-12-04 09:49:13,Completed,2025-12-04 08:06:13
R0004988,2025-12-04 12:33:25,Housekeeping,Standard,35,2025-12-04 14:12:25,Open,
R0004989,2025-12-04 12:00:52,F&B,Standard,25,2025-12-04 14:11:52,Completed,2025-12-04 12:41:52
R0004990,2025-12-04 18:03:25,Housekeeping,Standard,35,2025-12-04 19:14:25,Completed,2025-12-04 18:59:25
R0004991,2025-12-04 15:21:43,FrontDesk,Standard,12,2025-12-04 16:41:43,Completed,2025-12-04 15:33:43
R0004992,2025-12-04 14:59:30,Housekeeping,Standard,35,2025-12-04 16:58:30,Completed,2025-12-04 15:59:30
R0004993,2025-12-04 19:09:11,FrontDesk,Urgent,6,2025-12-04 19:54:11,Completed,2025-12-04 19:20:11
R0004994,2025-12-04 18:10:05,Housekeeping,Standard,35,2025-12-04 19:12:05,Completed,2025-12-04 18:58:05
R0004995,2025-12-04 21:56:30,FrontDesk,Standard,12,2025-12-04 23:24:30,Completed,2025-12-04 22:10:30
R0004996,2025-12-04 18:39:22,FrontDesk,Standard,12,2025-12-04 20:04:22,Completed,2025-12-04 19:17:22
R0004997,2025-12-04 14:58:38,F&B,Standard,25,2025-12-04 17:14:38,Completed,2025-12-04 15:52:38
R0004998,2025-12-04 21:42:10,Housekeeping,Standard,35,2025-12-05 00:01:10,Completed,2025-12-04 22:23:10
R0004999,2025-12-04 13:18:57,Housekeeping,Standard,35,2025-12-04 15:07:57,Completed,2025-12-04 14:09:57
R0005000,2025-12-04 14:41:01,Housekeeping,Urgent,18,2025-12-04 15:26:01,Open,
R0005001,2025-12-04 19:58:51,Housekeeping,Standard,35,2025-12-04 22:42:51,Completed,2025-12-04 20:56:51
R0005002,2025-12-04 09:07:22,FrontDesk,Standard,12,2025-12-04 10:10:22,Completed,2025-12-04 09:24:22
R0005003,2025-12-04 08:49:39,F&B,Standard,25,2025-12-04 10:58:39,Completed,2025-12-04 09:43:39
R0005004,2025-12-04 11:21:04,Housekeeping,Standard,35,2025-12-04 13:00:04,Completed,2025-12-04 11:46:04
R0005005,2025-12-04 14:42:44,FrontDesk,Standard,12,2025-12-04 16:38:44,Completed,2025-12-04 15:17:44
R0005006,2025-12-04 08:49:27,Housekeeping,Standard,35,2025-12-04 10:55:27,Completed,2025-12-04 09:22:27
R0005007,2025-12-04 18:26:25,F&B,Standard,25,2025-12-04 20:42:25,Completed,2025-12-04 19:18:25
R0005008,2025-12-04 15:15:45,Housekeeping,Urgent,18,2025-12-04 15:42:45,Completed,2025-12-04 15:50:45
R0005009,2025-12-04 16:50:23,FrontDesk,Standard,12,2025-12-04 18:20:23,Completed,2025-12-04 17:21:23
R0005010,2025-12-04 18:21:38,F&B,Standard,25,2025-12-04 21:14:38,Completed,2025-12-04 19:08:38
R0005011,2025-12-04 19:23:38,F&B,Standard,25,2025-12-04 21:26:38,Completed,2025-12-04 20:15:38
R0005012,2025-12-04 18:07:00,F&B,Standard,25,2025-12-04 19:11:00,Completed,2025-12-04 18:49:00
R0005013,2025-12-04 19:09:55,F&B,Urgent,12,2025-12-04 19:36:55,Completed,2025-12-04 19:48:55
R0005014,2025-12-04 11:11:07,F&B,Standard,25,2025-12-04 12:41:07,Completed,2025-12-04 12:08:07
R0005015,2025-12-04 08:21:53,F&B,Standard,25,2025-12-04 11:13:53,Open,
R0005016,2025-12-04 20:03:00,FrontDesk,Standard,12,2025-12-04 21:59:00,Completed,2025-12-04 20:34:00
R0005017,2025-12-04 13:09:36,F&B,Standard,25,2025-12-04 15:02:36,Completed,2025-12-04 13:51:36
R0005018,2025-12-04 12:38:21,Housekeeping,Standard,35,2025-12-04 15:16:21,Completed,2025-12-04 13:51:21
R0005019,2025-12-04 20:37:23,Housekeeping,Standard,35,2025-12-04 23:33:23,Completed,2025-12-04 21:13:23
R0005020,2025-12-04 19:56:03,FrontDesk,Standard,12,2025-12-04 22:40:03,Completed,2025-12-04 20:15:03
R0005021,2025-12-04 13:51:39,Housekeeping,Standard,35,2025-12-04 16:24:39,Completed,2025-12-04 14:29:39
R0005022,2025-12-04 13:56:06,Housekeeping,Standard,35,2025-12-04 15:04:06,In_Progress,
R0005023,2025-12-04 07:17:30,F&B,Standard,25,2025-12-04 09:45:30,Completed,2025-12-04 08:09:30
R0005024,2025-12-04 07:15:13,Housekeeping,Standard,35,2025-12-04 08:17:13,Completed,2025-12-04 07:57:13
R0005025,2025-12-04 14:30:59,Housekeeping,Standard,35,2025-12-04 16:03:59,Completed,2025-12-04 15:31:59
R0005026,2025-12-04 07:11:06,F&B,Standard,25,2025-12-04 09:51:06,Completed,2025-12-04 08:03:06
R0005027,2025-12-04 12:55:09,FrontDesk,Standard,12,2025-12-04 14:00:09,Completed,2025-12-04 13:28:09
R0005028,2025-12-04 18:52:49,Housekeeping,Standard,35,2025-12-04 20:22:49,Completed,2025-12-04 19:48:49
R0005029,2025-12-04 21:50:33,FrontDesk,Standard,12,2025-12-05 00:25:33,Completed,2025-12-04 22:11:33
R0005030,2025-12-04 19:21:27,Housekeeping,Standard,35,2025-12-04 20:41:27,Completed,2025-12-04 20:10:27
R0005031,2025-12-04 13:39:02,F&B,Urgent,12,2025-12-04 14:09:02,Completed,2025-12-04 14:03:02
R0005032,2025-12-04 16:27:30,FrontDesk,Standard,12,2025-12-04 17:45:30,Completed,2025-12-04 17:11:30
R0005033,2025-12-04 21:55:00,F&B,Standard,25,2025-12-04 23:41:00,Completed,2025-12-04 22:35:00
R0005034,2025-12-04 11:35:50,Housekeeping,Standard,35,2025-12-04 13:10:50,Completed,2025-12-04 12:15:50
R0005035,2025-12-04 13:54:19,F&B,Standard,25,2025-12-04 15:43:19,Completed,2025-12-04 14:35:19
R0005036,2025-12-04 20:32:30,FrontDesk,Standard,12,2025-12-04 22:39:30,Completed,2025-12-04 20:51:30
R0005037,2025-12-04 12:19:30,FrontDesk,Standard,12,2025-12-04 14:00:30,Completed,2025-12-04 12:55:30
R0005038,2025-12-04 08:33:25,F&B,Standard,25,2025-12-04 11:09:25,Completed,2025-12-04 09:18:25
R0005039,2025-12-04 21:23:26,FrontDesk,Urgent,6,2025-12-04 21:55:26,Completed,2025-12-04 21:54:26
R0005040,2025-12-04 20:43:51,Housekeeping,Standard,35,2025-12-04 21:46:51,Completed,2025-12-04 21:27:51
R0005041,2025-12-04 17:26:06,Maintenance,Standard,55,2025-12-04 19:14:06,Completed,2025-12-04 18:54:06
R0005042,2025-12-04 14:41:45,F&B,Standard,25,2025-12-04 17:13:45,Completed,2025-12-04 15:11:45
R0005043,2025-12-04 15:17:03,FrontDesk,Standard,12,2025-12-04 16:47:03,In_Progress,
R0005044,2025-12-04 08:12:11,Housekeeping,Urgent,18,2025-12-04 09:00:11,Completed,2025-12-04 08:40:11
R0005045,2025-12-04 20:36:17,Maintenance,Standard,55,2025-12-04 22:39:17,Completed,2025-12-04 21:46:17
R0005046,2025-12-04 18:24:45,Housekeeping,Urgent,18,2025-12-04 18:52:45,In_Progress,
R0005047,2025-12-04 10:52:02,F&B,Standard,25,2025-12-04 13:22:02,Completed,2025-12-04 11:33:02
R0005048,2025-12-04 21:21:29,FrontDesk,Standard,12,2025-12-04 22:39:29,Completed,2025-12-04 21:35:29
R0005049,2025-12-04 18:30:41,F&B,Standard,25,2025-12-04 21:07:41,Completed,2025-12-04 19:20:41
R0005050,2025-12-04 21:37:16,FrontDesk,Standard,12,2025-12-04 22:59:16,Completed,2025-12-04 22:04:16
R0005051,2025-12-04 21:02:52,Housekeeping,Standard,35,2025-12-04 22:11:52,Completed,2025-12-04 21:58:52
R0005052,2025-12-04 08:42:20,Housekeeping,Standard,35,2025-12-04 11:20:20,Completed,2025-12-04 09:09:20
R0005053,2025-12-04 21:35:55,Maintenance,Urgent,30,2025-12-04 22:07:55,Completed,2025-12-04 22:29:55
R0005054,2025-12-04 12:32:40,F&B,Standard,25,2025-12-04 15:10:40,Completed,2025-12-04 13:14:40
R0005055,2025-12-04 14:17:24,FrontDesk,Standard,12,2025-12-04 16:17:24,Completed,2025-12-04 14:43:24
R0005056,2025-12-04 14:18:15,F&B,Standard,25,2025-12-04 16:55:15,Completed,2025-12-04 14:52:15
R0005057,2025-12-05 18:51:12,F&B,Standard,25,2025-12-05 20:15:12,Completed,2025-12-05 19:28:12
R0005058,2025-12-05 17:44:43,Housekeeping,Standard,35,2025-12-05 19:04:43,Completed,2025-12-05 18:39:43
R0005059,2025-12-05 20:18:10,Housekeeping,Standard,35,2025-12-05 22:35:10,Completed,2025-12-05 20:45:10
R0005060,2025-12-05 16:44:11,F&B,Urgent,12,2025-12-05 17:31:11,Completed,2025-12-05 17:19:11
R0005061,2025-12-05 16:46:34,F&B,Standard,25,2025-12-05 19:16:34,Completed,2025-12-05 17:30:34
R0005062,2025-12-05 14:36:29,Housekeeping,Standard,35,2025-12-05 17:31:29,Completed,2025-12-05 15:01:29
R0005063,2025-12-05 20:16:59,Maintenance,Standard,55,2025-12-05 21:59:59,Completed,2025-12-05 21:51:59
R0005064,2025-12-05 15:52:42,Housekeeping,Standard,35,2025-12-05 17:15:42,Completed,2025-12-05 16:22:42
R0005065,2025-12-05 16:49:31,Maintenance,Standard,55,2025-12-05 19:27:31,Completed,2025-12-05 17:40:31
R0005066,2025-12-05 12:53:32,Housekeeping,Standard,35,2025-12-05 14:30:32,Completed,2025-12-05 13:42:32
R0005067,2025-12-05 20:21:53,F&B,Standard,25,2025-12-05 21:50:53,Completed,2025-12-05 20:57:53
R0005068,2025-12-05 19:55:37,F&B,Standard,25,2025-12-05 22:06:37,Completed,2025-12-05 20:21:37
R0005069,2025-12-05 19:15:18,FrontDesk,Standard,12,2025-12-05 20:24:18,Completed,2025-12-05 19:37:18
R0005070,2025-12-05 19:21:04,Housekeeping,Urgent,18,2025-12-05 20:08:04,Completed,2025-12-05 19:46:04
R0005071,2025-12-05 20:41:32,F&B,Standard,25,2025-12-05 23:19:32,Completed,2025-12-05 21:38:32
R0005072,2025-12-05 19:12:57,Housekeeping,Standard,35,2025-12-05 20:54:57,Completed,2025-12-05 19:56:57
R0005073,2025-12-05 19:54:55,Maintenance,Standard,55,2025-12-05 21:06:55,Open,
R0005074,2025-12-05 20:41:00,F&B,Standard,25,2025-12-05 22:27:00,Completed,2025-12-05 21:29:00
R0005075,2025-12-05 07:01:31,FrontDesk,Standard,12,2025-12-05 09:38:31,Completed,2025-12-05 07:34:31
R0005076,2025-12-05 17:26:38,FrontDesk,Standard,12,2025-12-05 18:40:38,Completed,2025-12-05 17:52:38
R0005077,2025-12-05 12:17:26,FrontDesk,Standard,12,2025-12-05 13:53:26,Completed,2025-12-05 12:27:26
R0005078,2025-12-05 08:30:12,FrontDesk,Standard,12,2025-12-05 10:23:12,Completed,2025-12-05 09:08:12
R0005079,2025-12-05 22:22:18,Housekeeping,Standard,35,2025-12-06 00:52:18,Completed,2025-12-05 23:08:18
R0005080,2025-12-05 19:28:44,Housekeeping,Standard,35,2025-12-05 21:42:44,Completed,2025-12-05 20:31:44
R0005081,2025-12-05 20:12:16,Maintenance,Standard,55,2025-12-05 21:28:16,Completed,2025-12-05 20:58:16
R0005082,2025-12-05 21:18:33,Housekeeping,Standard,35,2025-12-05 22:29:33,Completed,2025-12-05 22:10:33
R0005083,2025-12-05 14:22:08,FrontDesk,Standard,12,2025-12-05 16:24:08,Completed,2025-12-05 14:55:08
R0005084,2025-12-05 20:18:55,Housekeeping,Standard,35,2025-12-05 22:07:55,Completed,2025-12-05 21:15:55
R0005085,2025-12-05 15:14:31,Housekeeping,Standard,35,2025-12-05 17:21:31,Completed,2025-12-05 15:55:31
R0005086,2025-12-05 22:36:48,Housekeeping,Standard,35,2025-12-06 01:00:48,Completed,2025-12-05 23:29:48
R0005087,2025-12-05 21:10:47,Housekeeping,Standard,35,2025-12-05 22:46:47,Completed,2025-12-05 21:52:47
R0005088,2025-12-05 13:53:17,F&B,Standard,25,2025-12-05 16:32:17,Open,
R0005089,2025-12-05 22:16:40,Housekeeping,Standard,35,2025-12-06 00:52:40,Completed,2025-12-05 23:02:40
R0005090,2025-12-05 14:58:40,Housekeeping,Standard,35,2025-12-05 16:48:40,Completed,2025-12-05 15:43:40
R0005091,2025-12-05 08:49:48,Housekeeping,Standard,35,2025-12-05 11:44:48,Completed,2025-12-05 09:45:48
R0005092,2025-12-05 21:38:01,Housekeeping,Standard,35,2025-12-05 23:13:01,Completed,2025-12-05 22:14:01
R0005093,2025-12-05 17:52:53,Housekeeping,Standard,35,2025-12-05 19:33:53,Open,
R0005094,2025-12-05 21:39:29,Housekeeping,Standard,35,2025-12-06 00:39:29,Completed,2025-12-05 22:34:29
R0005095,2025-12-05 15:45:43,F&B,Standard,25,2025-12-05 18:14:43,Completed,2025-12-05 16:33:43
R0005096,2025-12-05 22:03:18,F&B,Standard,25,2025-12-06 00:52:18,Completed,2025-12-05 22:52:18
R0005097,2025-12-05 11:32:12,Maintenance,Standard,55,2025-12-05 14:08:12,Completed,2025-12-05 12:49:12
R0005098,2025-12-05 21:28:36,FrontDesk,Standard,12,2025-12-05 23:34:36,Completed,2025-12-05 21:54:36
R0005099,2025-12-05 19:55:59,Maintenance,Standard,55,2025-12-05 22:44:59,Completed,2025-12-05 20:28:59
R0005100,2025-12-05 08:51:46,FrontDesk,Standard,12,2025-12-05 10:27:46,Completed,2025-12-05 09:09:46
R0005101,2025-12-05 19:29:14,F&B,Urgent,12,2025-12-05 19:46:14,Completed,2025-12-05 20:09:14
R0005102,2025-12-05 11:49:16,F&B,Standard,25,2025-12-05 13:01:16,Completed,2025-12-05 12:20:16
R0005103,2025-12-05 11:09:16,Housekeeping,Standard,35,2025-12-05 12:16:16,Completed,2025-12-05 12:10:16
R0005104,2025-12-05 19:48:45,F&B,Standard,25,2025-12-05 22:35:45,Completed,2025-12-05 20:11:45
R0005105,2025-12-05 20:33:03,Housekeeping,Standard,35,2025-12-05 23:11:03,Completed,2025-12-05 21:43:03
R0005106,2025-12-05 22:26:49,Housekeeping,Standard,35,2025-12-06 00:59:49,Completed,2025-12-05 23:07:49
R0005107,2025-12-05 21:00:43,FrontDesk,Standard,12,2025-12-05 22:14:43,Completed,2025-12-05 21:28:43
R0005108,2025-12-05 20:22:32,FrontDesk,Standard,12,2025-12-05 23:19:32,Completed,2025-12-05 20:59:32
R0005109,2025-12-05 19:16:39,Maintenance,Standard,55,2025-12-05 20:41:39,Completed,2025-12-05 20:27:39
R0005110,2025-12-05 14:46:26,Housekeeping,Urgent,18,2025-12-05 15:33:26,Completed,2025-12-05 15:21:26
R0005111,2025-12-05 14:50:07,F&B,Standard,25,2025-12-05 16:22:07,Completed,2025-12-05 15:45:07
R0005112,2025-12-05 15:19:11,Housekeeping,Urgent,18,2025-12-05 15:57:11,Completed,2025-12-05 16:07:11
R0005113,2025-12-05 07:06:43,Housekeeping,Standard,35,2025-12-05 08:10:43,Completed,2025-12-05 08:11:43
R0005114,2025-12-05 08:36:25,Housekeeping,Standard,35,2025-12-05 10:07:25,Completed,2025-12-05 09:26:25
R0005115,2025-12-05 13:27:53,F&B,Standard,25,2025-12-05 14:32:53,Completed,2025-12-05 14:12:53
R0005116,2025-12-05 21:54:06,Housekeeping,Standard,35,2025-12-05 22:59:06,Completed,2025-12-05 22:46:06
R0005117,2025-12-05 12:27:50,F&B,Standard,25,2025-12-05 15:20:50,Completed,2025-12-05 13:07:50
R0005118,2025-12-05 20:20:22,FrontDesk,Standard,12,2025-12-05 21:45:22,Completed,2025-12-05 20:36:22
R0005119,2025-12-05 19:36:33,Housekeeping,Standard,35,2025-12-05 21:48:33,Completed,2025-12-05 20:29:33
R0005120,2025-12-05 20:40:42,FrontDesk,Standard,12,2025-12-05 22:50:42,Completed,2025-12-05 20:46:42
R0005121,2025-12-05 21:24:20,Housekeeping,Standard,35,2025-12-05 23:10:20,Completed,2025-12-05 22:11:20
R0005122,2025-12-05 18:42:28,F&B,Standard,25,2025-12-05 21:35:28,Open,
R0005123,2025-12-05 09:39:21,FrontDesk,Standard,12,2025-12-05 10:51:21,Completed,2025-12-05 10:23:21
R0005124,2025-12-05 13:26:51,Maintenance,Standard,55,2025-12-05 15:17:51,Completed,2025-12-05 14:29:51
R0005125,2025-12-05 21:07:04,FrontDesk,Standard,12,2025-12-05 22:51:04,Completed,2025-12-05 21:19:04
R0005126,2025-12-05 08:47:07,Housekeeping,Standard,35,2025-12-05 11:26:07,Completed,2025-12-05 09:42:07
R0005127,2025-12-05 09:28:42,F&B,Standard,25,2025-12-05 11:55:42,Completed,2025-12-05 10:12:42
R0005128,2025-12-05 18:48:03,Maintenance,Standard,55,2025-12-05 21:37:03,Completed,2025-12-05 20:08:03
R0005129,2025-12-05 22:54:58,Housekeeping,Standard,35,2025-12-06 01:35:58,Completed,2025-12-05 23:52:58
R0005130,2025-12-05 10:34:17,F&B,Standard,25,2025-12-05 12:48:17,Completed,2025-12-05 11:12:17
R0005131,2025-12-05 15:22:11,F&B,Standard,25,2025-12-05 16:26:11,Completed,2025-12-05 15:55:11
R0005132,2025-12-05 11:21:26,Housekeeping,Urgent,18,2025-12-05 11:59:26,Open,
R0005133,2025-12-05 15:56:35,Maintenance,Urgent,30,2025-12-05 16:46:35,Completed,2025-12-05 17:01:35
R0005134,2025-12-05 12:28:38,FrontDesk,Standard,12,2025-12-05 14:52:38,Completed,2025-12-05 12:57:38
R0005135,2025-12-05 19:15:25,FrontDesk,Standard,12,2025-12-05 20:17:25,Completed,2025-12-05 19:28:25
R0005136,2025-12-05 21:48:25,Housekeeping,Standard,35,2025-12-06 00:14:25,Completed,2025-12-05 22:55:25
R0005137,2025-12-05 08:40:08,Maintenance,Standard,55,2025-12-05 10:52:08,Completed,2025-12-05 10:24:08
R0005138,2025-12-05 08:49:11,Housekeeping,Standard,35,2025-12-05 10:15:11,Completed,2025-12-05 09:42:11
R0005139,2025-12-05 14:29:41,F&B,Urgent,12,2025-12-05 14:51:41,Completed,2025-12-05 14:51:41
R0005140,2025-12-05 17:48:35,F&B,Standard,25,2025-12-05 20:11:35,Completed,2025-12-05 18:23:35
R0005141,2025-12-05 11:18:46,Housekeeping,Urgent,18,2025-12-05 12:08:46,Completed,2025-12-05 11:54:46
R0005142,2025-12-05 16:59:33,Housekeeping,Standard,35,2025-12-05 18:54:33,Completed,2025-12-05 18:11:33
R0005143,2025-12-05 07:38:06,F&B,Standard,25,2025-12-05 09:53:06,Completed,2025-12-05 08:34:06
R0005144,2025-12-05 18:37:23,Housekeeping,Standard,35,2025-12-05 19:38:23,Completed,2025-12-05 19:22:23
R0005145,2025-12-05 21:58:02,Housekeeping,Standard,35,2025-12-05 23:56:02,Completed,2025-12-05 22:57:02
R0005146,2025-12-05 12:19:34,Housekeeping,Standard,35,2025-12-05 13:44:34,Completed,2025-12-05 13:04:34
R0005147,2025-12-05 15:26:40,Housekeeping,Standard,35,2025-12-05 17:42:40,Open,
R0005148,2025-12-05 07:47:54,FrontDesk,Standard,12,2025-12-05 10:39:54,Completed,2025-12-05 08:08:54
R0005149,2025-12-05 12:57:05,Housekeeping,Standard,35,2025-12-05 14:47:05,Open,
R0005150,2025-12-05 20:55:49,Housekeeping,Standard,35,2025-12-05 23:12:49,Completed,2025-12-05 21:24:49
R0005151,2025-12-05 14:27:15,FrontDesk,Standard,12,2025-12-05 17:07:15,Completed,2025-12-05 14:57:15
R0005152,2025-12-05 19:40:37,Housekeeping,Standard,35,2025-12-05 22:40:37,Completed,2025-12-05 20:17:37
R0005153,2025-12-05 11:41:20,Maintenance,Standard,55,2025-12-05 13:16:20,In_Progress,
R0005154,2025-12-05 17:58:41,Maintenance,Standard,55,2025-12-05 20:08:41,Completed,2025-12-05 18:50:41
R0005155,2025-12-05 13:39:20,FrontDesk,Standard,12,2025-12-05 16:16:20,In_Progress,
R0005156,2025-12-05 13:08:58,F&B,Standard,25,2025-12-05 15:33:58,Completed,2025-12-05 13:39:58
R0005157,2025-12-05 19:32:07,Maintenance,Urgent,30,2025-12-05 20:21:07,Completed,2025-12-05 20:03:07
R0005158,2025-12-05 14:19:41,Housekeeping,Standard,35,2025-12-05 16:39:41,Open,
R0005159,2025-12-05 19:52:45,Maintenance,Standard,55,2025-12-05 22:31:45,Completed,2025-12-05 20:51:45
R0005160,2025-12-05 14:06:37,F&B,Standard,25,2025-12-05 15:59:37,Completed,2025-12-05 14:48:37
R0005161,2025-12-05 09:38:21,FrontDesk,Standard,12,2025-12-05 11:58:21,Completed,2025-12-05 10:01:21
R0005162,2025-12-05 20:24:28,F&B,Urgent,12,2025-12-05 20:50:28,Completed,2025-12-05 20:47:28
R0005163,2025-12-05 09:39:10,Housekeeping,Standard,35,2025-12-05 11:51:10,Completed,2025-12-05 10:40:10
R0005164,2025-12-05 11:33:36,Housekeeping,Standard,35,2025-12-05 12:38:36,Completed,2025-12-05 12:51:36
R0005165,2025-12-05 19:01:51,FrontDesk,Standard,12,2025-12-05 20:31:51,Completed,2025-12-05 19:44:51
R0005166,2025-12-05 17:26:14,Housekeeping,Standard,35,2025-12-05 20:01:14,Completed,2025-12-05 18:20:14
R0005167,2025-12-05 08:49:46,Housekeeping,Standard,35,2025-12-05 10:22:46,Completed,2025-12-05 09:32:46
R0005168,2025-12-05 12:59:12,Housekeeping,Standard,35,2025-12-05 15:43:12,Completed,2025-12-05 13:55:12
R0005169,2025-12-05 19:51:07,Housekeeping,Urgent,18,2025-12-05 20:33:07,Completed,2025-12-05 20:20:07
R0005170,2025-12-05 21:58:01,F&B,Urgent,12,2025-12-05 22:33:01,Completed,2025-12-05 22:15:01
R0005171,2025-12-05 21:41:13,Housekeeping,Standard,35,2025-12-05 22:46:13,Open,
R0005172,2025-12-05 20:51:09,Housekeeping,Standard,35,2025-12-05 22:34:09,Completed,2025-12-05 21:56:09
R0005173,2025-12-05 14:30:46,F&B,Standard,25,2025-12-05 15:48:46,Completed,2025-12-05 15:19:46
R0005174,2025-12-05 17:34:14,Maintenance,Standard,55,2025-12-05 19:19:14,Completed,2025-12-05 18:45:14
R0005175,2025-12-05 18:34:40,FrontDesk,Standard,12,2025-12-05 20:12:40,Completed,2025-12-05 19:05:40
R0005176,2025-12-05 12:53:22,Housekeeping,Standard,35,2025-12-05 15:40:22,In_Progress,
R0005177,2025-12-05 13:33:34,F&B,Standard,25,2025-12-05 15:08:34,Completed,2025-12-05 14:13:34
R0005178,2025-12-05 12:56:03,FrontDesk,Standard,12,2025-12-05 14:04:03,Completed,2025-12-05 13:36:03
R0005179,2025-12-05 15:12:41,FrontDesk,Standard,12,2025-12-05 16:40:41,Completed,2025-12-05 15:23:41
R0005180,2025-12-05 22:06:13,FrontDesk,Standard,12,2025-12-06 00:53:13,Completed,2025-12-05 22:21:13
R0005181,2025-12-05 18:59:36,Housekeeping,Standard,35,2025-12-05 20:52:36,Completed,2025-12-05 20:07:36
R0005182,2025-12-05 20:36:44,Maintenance,Standard,55,2025-12-05 22:16:44,Completed,2025-12-05 21:29:44
R0005183,2025-12-05 12:49:57,Housekeeping,Standard,35,2025-12-05 15:15:57,Completed,2025-12-05 13:36:57
R0005184,2025-12-05 19:42:52,Housekeeping,Standard,35,2025-12-05 21:44:52,Completed,2025-12-05 20:22:52
R0005185,2025-12-05 20:41:57,F&B,Urgent,12,2025-12-05 21:34:57,Completed,2025-12-05 21:17:57
R0005186,2025-12-05 19:57:07,Housekeeping,Standard,35,2025-12-05 22:10:07,Completed,2025-12-05 20:36:07
R0005187,2025-12-05 16:17:51,Housekeeping,Standard,35,2025-12-05 17:35:51,Completed,2025-12-05 16:32:51
R0005188,2025-12-05 21:32:09,Housekeeping,Urgent,18,2025-12-05 21:59:09,Completed,2025-12-05 22:27:09
R0005189,2025-12-05 20:13:11,FrontDesk,Standard,12,2025-12-05 23:09:11,Completed,2025-12-05 20:31:11
R0005190,2025-12-05 20:24:20,FrontDesk,Standard,12,2025-12-05 22:32:20,Completed,2025-12-05 20:49:20
R0005191,2025-12-05 20:08:57,Housekeeping,Standard,35,2025-12-05 21:59:57,Completed,2025-12-05 21:00:57
R0005192,2025-12-05 21:43:03,FrontDesk,Urgent,6,2025-12-05 22:06:03,Completed,2025-12-05 22:13:03
R0005193,2025-12-05 19:24:17,Housekeeping,Standard,35,2025-12-05 21:55:17,Completed,2025-12-05 20:16:17
R0005194,2025-12-05 08:14:00,Housekeeping,Urgent,18,2025-12-05 08:41:00,Completed,2025-12-05 09:04:00
R0005195,2025-12-05 12:45:00,Maintenance,Standard,55,2025-12-05 14:29:00,Completed,2025-12-05 13:32:00
R0005196,2025-12-05 19:19:46,Housekeeping,Standard,35,2025-12-05 21:06:46,Completed,2025-12-05 20:12:46
R0005197,2025-12-05 22:45:59,FrontDesk,Standard,12,2025-12-06 00:38:59,Completed,2025-12-05 23:18:59
R0005198,2025-12-05 12:57:37,Housekeeping,Standard,35,2025-12-05 15:14:37,Completed,2025-12-05 14:00:37
R0005199,2025-12-05 20:24:28,Housekeeping,Urgent,18,2025-12-05 21:22:28,Completed,2025-12-05 20:46:28
R0005200,2025-12-05 18:39:07,FrontDesk,Standard,12,2025-12-05 21:23:07,Completed,2025-12-05 19:18:07
R0005201,2025-12-05 07:23:23,Maintenance,Standard,55,2025-12-05 09:39:23,Completed,2025-12-05 09:11:23
R0005202,2025-12-05 14:52:55,F&B,Standard,25,2025-12-05 16:49:55,Completed,2025-12-05 15:32:55
R0005203,2025-12-05 20:01:20,Housekeeping,Standard,35,2025-12-05 22:32:20,Open,
R0005204,2025-12-05 20:43:41,FrontDesk,Standard,12,2025-12-05 22:34:41,Completed,2025-12-05 21:29:41
R0005205,2025-12-05 10:53:09,Housekeeping,Standard,35,2025-12-05 13:46:09,Completed,2025-12-05 11:51:09
R0005206,2025-12-05 11:34:24,FrontDesk,Standard,12,2025-12-05 14:28:24,Completed,2025-12-05 12:05:24
R0005207,2025-12-05 08:02:49,Housekeeping,Urgent,18,2025-12-05 08:38:49,Completed,2025-12-05 08:32:49
R0005208,2025-12-05 07:29:26,F&B,Standard,25,2025-12-05 10:13:26,Completed,2025-12-05 08:16:26
R0005209,2025-12-05 11:16:54,FrontDesk,Standard,12,2025-12-05 14:01:54,Completed,2025-12-05 11:23:54
R0005210,2025-12-05 18:06:01,Housekeeping,Standard,35,2025-12-05 19:15:01,Open,
R0005211,2025-12-05 17:55:40,Housekeeping,Standard,35,2025-12-05 20:47:40,Completed,2025-12-05 18:44:40
R0005212,2025-12-05 18:41:02,FrontDesk,Standard,12,2025-12-05 21:07:02,Completed,2025-12-05 19:06:02
R0005213,2025-12-05 18:53:35,Housekeeping,Standard,35,2025-12-05 20:33:35,Completed,2025-12-05 19:22:35
R0005214,2025-12-05 13:03:37,Housekeeping,Standard,35,2025-12-05 15:47:37,Completed,2025-12-05 14:05:37
R0005215,2025-12-05 19:06:08,Housekeeping,Standard,35,2025-12-05 21:10:08,Completed,2025-12-05 20:16:08
R0005216,2025-12-05 18:41:32,Housekeeping,Standard,35,2025-12-05 19:53:32,Completed,2025-12-05 19:58:32
R0005217,2025-12-05 09:51:52,F&B,Standard,25,2025-12-05 12:23:52,Completed,2025-12-05 10:36:52
R0005218,2025-12-05 13:41:18,F&B,Standard,25,2025-12-05 16:29:18,Completed,2025-12-05 14:25:18
R0005219,2025-12-05 13:04:43,FrontDesk,Standard,12,2025-12-05 16:01:43,Open,
R0005220,2025-12-05 19:04:59,F&B,Standard,25,2025-12-05 21:27:59,Completed,2025-12-05 19:54:59
R0005221,2025-12-05 19:51:36,F&B,Standard,25,2025-12-05 21:28:36,Completed,2025-12-05 20:15:36
R0005222,2025-12-05 14:23:27,F&B,Standard,25,2025-12-05 16:20:27,Completed,2025-12-05 15:16:27
R0005223,2025-12-05 20:20:08,Housekeeping,Standard,35,2025-12-05 22:45:08,Completed,2025-12-05 21:23:08
R0005224,2025-12-05 18:43:00,FrontDesk,Standard,12,2025-12-05 20:27:00,Completed,2025-12-05 19:00:00
R0005225,2025-12-05 10:23:20,F&B,Standard,25,2025-12-05 12:28:20,In_Progress,
R0005226,2025-12-05 08:19:05,Housekeeping,Standard,35,2025-12-05 11:00:05,Completed,2025-12-05 09:34:05
R0005227,2025-12-05 20:38:03,F&B,Standard,25,2025-12-05 21:40:03,Completed,2025-12-05 21:05:03
R0005228,2025-12-05 12:54:57,Housekeeping,Urgent,18,2025-12-05 13:44:57,Completed,2025-12-05 13:41:57
R0005229,2025-12-05 19:52:35,F&B,Standard,25,2025-12-05 22:42:35,Completed,2025-12-05 20:36:35
R0005230,2025-12-05 07:54:34,FrontDesk,Standard,12,2025-12-05 09:41:34,Completed,2025-12-05 08:23:34
R0005231,2025-12-05 13:22:46,F&B,Urgent,12,2025-12-05 13:57:46,Completed,2025-12-05 13:54:46
R0005232,2025-12-05 17:11:39,Housekeeping,Standard,35,2025-12-05 19:15:39,Completed,2025-12-05 18:20:39
R0005233,2025-12-05 18:15:21,Maintenance,Standard,55,2025-12-05 20:00:21,Open,
R0005234,2025-12-05 21:34:24,F&B,Standard,25,2025-12-05 22:55:24,Completed,2025-12-05 22:26:24
R0005235,2025-12-05 11:49:17,Housekeeping,Standard,35,2025-12-05 13:03:17,Completed,2025-12-05 12:31:17
R0005236,2025-12-05 22:02:58,Housekeeping,Standard,35,2025-12-05 23:12:58,Completed,2025-12-05 22:59:58
R0005237,2025-12-05 12:09:51,Housekeeping,Standard,35,2025-12-05 14:47:51,Completed,2025-12-05 13:01:51
R0005238,2025-12-05 13:51:01,Housekeeping,Standard,35,2025-12-05 15:17:01,Completed,2025-12-05 14:53:01
R0005239,2025-12-05 10:19:39,Maintenance,Standard,55,2025-12-05 12:25:39,Completed,2025-12-05 11:31:39
R0005240,2025-12-05 13:30:11,F&B,Standard,25,2025-12-05 15:36:11,Completed,2025-12-05 14:14:11
R0005241,2025-12-05 13:40:37,F&B,Standard,25,2025-12-05 16:02:37,Completed,2025-12-05 14:22:37
R0005242,2025-12-05 21:54:15,Housekeeping,Standard,35,2025-12-05 22:58:15,Completed,2025-12-05 22:46:15
R0005243,2025-12-05 20:12:07,Housekeeping,Urgent,18,2025-12-05 20:51:07,Open,
R0005244,2025-12-05 16:35:10,Maintenance,Standard,55,2025-12-05 18:52:10,Completed,2025-12-05 18:10:10
R0005245,2025-12-05 07:28:46,Housekeeping,Standard,35,2025-12-05 10:15:46,Completed,2025-12-05 08:21:46
R0005246,2025-12-05 18:49:05,F&B,Standard,25,2025-12-05 19:50:05,Completed,2025-12-05 19:31:05
R0005247,2025-12-05 12:12:08,Housekeeping,Standard,35,2025-12-05 14:52:08,Completed,2025-12-05 12:54:08
R0005248,2025-12-05 12:05:14,Housekeeping,Standard,35,2025-12-05 14:33:14,Completed,2025-12-05 12:44:14
R0005249,2025-12-05 18:38:25,Housekeeping,Standard,35,2025-12-05 20:58:25,Completed,2025-12-05 19:31:25
R0005250,2025-12-05 14:43:19,F&B,Standard,25,2025-12-05 17:10:19,Completed,2025-12-05 15:13:19
R0005251,2025-12-05 10:46:42,F&B,Urgent,12,2025-12-05 11:20:42,Completed,2025-12-05 11:16:42
R0005252,2025-12-05 09:56:57,F&B,Urgent,12,2025-12-05 10:55:57,Completed,2025-12-05 10:22:57
R0005253,2025-12-05 09:55:31,F&B,Standard,25,2025-12-05 11:23:31,Completed,2025-12-05 10:31:31
R0005254,2025-12-05 17:06:45,Housekeeping,Standard,35,2025-12-05 18:32:45,Completed,2025-12-05 18:02:45
R0005255,2025-12-05 12:37:46,F&B,Urgent,12,2025-12-05 12:55:46,In_Progress,
R0005256,2025-12-05 21:19:00,Housekeeping,Standard,35,2025-12-05 22:40:00,Completed,2025-12-05 21:58:00
R0005257,2025-12-05 20:08:34,FrontDesk,Standard,12,2025-12-05 22:19:34,Completed,2025-12-05 20:52:34
R0005258,2025-12-05 09:09:15,F&B,Standard,25,2025-12-05 11:40:15,Completed,2025-12-05 09:51:15
R0005259,2025-12-05 11:31:40,F&B,Standard,25,2025-12-05 14:07:40,Completed,2025-12-05 12:19:40
R0005260,2025-12-05 14:53:58,Housekeeping,Standard,35,2025-12-05 16:43:58,Completed,2025-12-05 16:09:58
R0005261,2025-12-05 19:30:04,Housekeeping,Standard,35,2025-12-05 21:39:04,Completed,2025-12-05 20:13:04
R0005262,2025-12-05 17:27:08,Housekeeping,Urgent,18,2025-12-05 18:07:08,Completed,2025-12-05 17:43:08
R0005263,2025-12-05 11:48:14,F&B,Standard,25,2025-12-05 14:40:14,Completed,2025-12-05 12:08:14
R0005264,2025-12-05 18:05:58,Housekeeping,Standard,35,2025-12-05 19:35:58,Completed,2025-12-05 18:48:58
R0005265,2025-12-05 21:56:43,Housekeeping,Standard,35,2025-12-05 23:59:43,Completed,2025-12-05 22:46:43
R0005266,2025-12-05 08:18:12,Maintenance,Standard,55,2025-12-05 09:23:12,Completed,2025-12-05 09:21:12
R0005267,2025-12-05 13:39:24,FrontDesk,Standard,12,2025-12-05 16:16:24,Completed,2025-12-05 14:09:24
R0005268,2025-12-05 13:40:04,Housekeeping,Standard,35,2025-12-05 15:23:04,Completed,2025-12-05 14:20:04
R0005269,2025-12-05 22:55:06,Housekeeping,Standard,35,2025-12-06 01:02:06,Completed,2025-12-05 23:24:06
R0005270,2025-12-05 10:46:06,F&B,Standard,25,2025-12-05 13:00:06,Open,
R0005271,2025-12-05 14:55:25,FrontDesk,Standard,12,2025-12-05 16:53:25,Completed,2025-12-05 15:12:25
R0005272,2025-12-05 16:45:46,Housekeeping,Urgent,18,2025-12-05 17:37:46,Completed,2025-12-05 17:16:46
R0005273,2025-12-05 07:30:32,FrontDesk,Standard,12,2025-12-05 10:16:32,Completed,2025-12-05 08:12:32
R0005274,2025-12-05 12:36:58,F&B,Standard,25,2025-12-05 14:50:58,Completed,2025-12-05 13:02:58
R0005275,2025-12-05 19:24:06,FrontDesk,Standard,12,2025-12-05 21:57:06,Completed,2025-12-05 19:33:06
R0005276,2025-12-05 07:07:27,F&B,Standard,25,2025-12-05 08:37:27,Completed,2025-12-05 07:58:27
R0005277,2025-12-05 18:15:59,Housekeeping,Standard,35,2025-12-05 19:30:59,Completed,2025-12-05 19:00:59
R0005278,2025-12-05 18:47:18,Housekeeping,Standard,35,2025-12-05 20:25:18,Completed,2025-12-05 19:24:18
R0005279,2025-12-05 18:27:51,F&B,Standard,25,2025-12-05 20:09:51,In_Progress,
R0005280,2025-12-05 20:13:56,F&B,Urgent,12,2025-12-05 20:54:56,Completed,2025-12-05 20:34:56
R0005281,2025-12-05 19:49:26,F&B,Standard,25,2025-12-05 21:26:26,Completed,2025-12-05 20:24:26
R0005282,2025-12-05 15:29:41,F&B,Standard,25,2025-12-05 18:11:41,Completed,2025-12-05 15:55:41
R0005283,2025-12-05 14:52:49,Maintenance,Standard,55,2025-12-05 17:37:49,Completed,2025-12-05 15:35:49
R0005284,2025-12-05 19:25:29,Housekeeping,Standard,35,2025-12-05 21:59:29,Completed,2025-12-05 20:11:29
R0005285,2025-12-05 14:32:12,FrontDesk,Standard,12,2025-12-05 16:14:12,Completed,2025-12-05 15:00:12
R0005286,2025-12-05 21:03:02,FrontDesk,Standard,12,2025-12-05 22:32:02,Completed,2025-12-05 21:29:02
R0005287,2025-12-05 11:27:25,Housekeeping,Standard,35,2025-12-05 12:45:25,Completed,2025-12-05 12:21:25
R0005288,2025-12-05 09:29:44,Housekeeping,Standard,35,2025-12-05 10:54:44,Open,
R0005289,2025-12-05 16:29:48,Housekeeping,Standard,35,2025-12-05 19:26:48,Completed,2025-12-05 17:01:48
R0005290,2025-12-05 18:03:20,FrontDesk,Urgent,6,2025-12-05 18:53:20,Completed,2025-12-05 18:35:20
R0005291,2025-12-05 18:51:24,Housekeeping,Standard,35,2025-12-05 19:51:24,Completed,2025-12-05 19:46:24
R0005292,2025-12-05 09:30:50,FrontDesk,Standard,12,2025-12-05 12:19:50,In_Progress,
R0005293,2025-12-05 08:28:06,Housekeeping,Standard,35,2025-12-05 09:57:06,Completed,2025-12-05 09:15:06
R0005294,2025-12-05 13:48:32,FrontDesk,Standard,12,2025-12-05 16:29:32,Completed,2025-12-05 14:02:32
R0005295,2025-12-05 12:00:37,Housekeeping,Standard,35,2025-12-05 14:36:37,Completed,2025-12-05 12:49:37
R0005296,2025-12-05 19:40:50,Housekeeping,Standard,35,2025-12-05 20:55:50,Completed,2025-12-05 19:57:50
R0005297,2025-12-05 16:09:06,Housekeeping,Standard,35,2025-12-05 19:07:06,Completed,2025-12-05 17:01:06
R0005298,2025-12-05 21:47:19,Housekeeping,Standard,35,2025-12-06 00:03:19,Completed,2025-12-05 22:33:19
R0005299,2025-12-05 18:00:36,F&B,Standard,25,2025-12-05 19:01:36,Completed,2025-12-05 18:51:36
R0005300,2025-12-05 12:13:45,FrontDesk,Standard,12,2025-12-05 14:17:45,Completed,2025-12-05 12:34:45
R0005301,2025-12-05 13:50:10,Maintenance,Standard,55,2025-12-05 15:59:10,In_Progress,
R0005302,2025-12-05 17:12:20,F&B,Standard,25,2025-12-05 20:01:20,Completed,2025-12-05 17:38:20
R0005303,2025-12-05 12:30:22,Maintenance,Standard,55,2025-12-05 15:14:22,Completed,2025-12-05 13:18:22
R0005304,2025-12-05 17:25:25,F&B,Standard,25,2025-12-05 19:19:25,Completed,2025-12-05 18:06:25
R0005305,2025-12-05 07:36:44,FrontDesk,Standard,12,2025-12-05 09:07:44,Completed,2025-12-05 08:06:44
R0005306,2025-12-05 13:47:16,Maintenance,Standard,55,2025-12-05 15:08:16,Completed,2025-12-05 15:08:16
R0005307,2025-12-05 14:35:35,Maintenance,Standard,55,2025-12-05 15:58:35,Completed,2025-12-05 16:11:35
R0005308,2025-12-05 18:27:06,FrontDesk,Standard,12,2025-12-05 21:14:06,Completed,2025-12-05 18:46:06
R0005309,2025-12-05 14:15:19,Housekeeping,Standard,35,2025-12-05 16:24:19,Completed,2025-12-05 15:06:19
R0005310,2025-12-05 18:03:33,FrontDesk,Standard,12,2025-12-05 19:58:33,Completed,2025-12-05 18:37:33
R0005311,2025-12-05 11:38:38,Maintenance,Standard,55,2025-12-05 14:15:38,Completed,2025-12-05 12:56:38
R0005312,2025-12-05 15:27:03,FrontDesk,Standard,12,2025-12-05 17:29:03,Completed,2025-12-05 15:55:03
R0005313,2025-12-05 12:51:15,F&B,Standard,25,2025-12-05 15:43:15,Completed,2025-12-05 13:43:15
R0005314,2025-12-05 13:23:39,FrontDesk,Urgent,6,2025-12-05 14:08:39,Completed,2025-12-05 13:29:39
R0005315,2025-12-05 20:49:12,F&B,Standard,25,2025-12-05 22:01:12,Open,
R0005316,2025-12-05 13:43:35,Housekeeping,Standard,35,2025-12-05 16:11:35,Completed,2025-12-05 14:24:35
R0005317,2025-12-05 07:03:46,Housekeeping,Standard,35,2025-12-05 08:16:46,Completed,2025-12-05 08:04:46
R0005318,2025-12-05 07:40:31,FrontDesk,Urgent,6,2025-12-05 08:25:31,Completed,2025-12-05 08:00:31
R0005319,2025-12-05 10:25:08,Maintenance,Standard,55,2025-12-05 11:42:08,Completed,2025-12-05 11:14:08
R0005320,2025-12-05 22:30:12,FrontDesk,Standard,12,2025-12-05 23:49:12,Completed,2025-12-05 22:45:12
R0005321,2025-12-05 18:39:39,FrontDesk,Standard,12,2025-12-05 20:33:39,Completed,2025-12-05 18:50:39
R0005322,2025-12-05 20:01:20,Housekeeping,Standard,35,2025-12-05 22:57:20,Completed,2025-12-05 21:23:20
R0005323,2025-12-05 20:25:01,Housekeeping,Urgent,18,2025-12-05 21:05:01,Completed,2025-12-05 20:46:01
R0005324,2025-12-05 21:53:45,Housekeeping,Standard,35,2025-12-05 23:36:45,Completed,2025-12-05 22:49:45
R0005325,2025-12-05 09:10:47,F&B,Standard,25,2025-12-05 10:27:47,Completed,2025-12-05 09:56:47
R0005326,2025-12-05 07:09:09,Housekeeping,Standard,35,2025-12-05 09:24:09,Completed,2025-12-05 07:50:09
R0005327,2025-12-05 12:37:42,FrontDesk,Standard,12,2025-12-05 13:40:42,Completed,2025-12-05 13:12:42
R0005328,2025-12-05 21:41:23,FrontDesk,Standard,12,2025-12-06 00:10:23,Completed,2025-12-05 22:01:23
R0005329,2025-12-06 20:35:32,F&B,Standard,25,2025-12-06 23:04:32,Completed,2025-12-06 21:20:32
R0005330,2025-12-06 16:09:54,FrontDesk,Standard,12,2025-12-06 17:14:54,Completed,2025-12-06 16:23:54
R0005331,2025-12-06 11:08:04,FrontDesk,Standard,12,2025-12-06 12:44:04,Completed,2025-12-06 11:35:04
R0005332,2025-12-06 20:24:41,Housekeeping,Standard,35,2025-12-06 22:13:41,Completed,2025-12-06 21:07:41
R0005333,2025-12-06 14:46:28,F&B,Standard,25,2025-12-06 17:35:28,Completed,2025-12-06 15:15:28
R0005334,2025-12-06 19:13:18,F&B,Standard,25,2025-12-06 22:07:18,Completed,2025-12-06 19:52:18
R0005335,2025-12-06 19:11:48,Housekeeping,Urgent,18,2025-12-06 20:05:48,In_Progress,
R0005336,2025-12-06 10:24:01,FrontDesk,Standard,12,2025-12-06 12:00:01,Completed,2025-12-06 10:37:01
R0005337,2025-12-06 14:35:22,F&B,Standard,25,2025-12-06 16:56:22,Completed,2025-12-06 15:22:22
R0005338,2025-12-06 09:36:38,FrontDesk,Standard,12,2025-12-06 11:58:38,Completed,2025-12-06 10:17:38
R0005339,2025-12-06 12:11:17,F&B,Standard,25,2025-12-06 13:22:17,Completed,2025-12-06 13:05:17
R0005340,2025-12-06 22:18:10,Housekeeping,Urgent,18,2025-12-06 22:47:10,Completed,2025-12-06 22:54:10
R0005341,2025-12-06 22:14:53,Housekeeping,Standard,35,2025-12-06 23:41:53,Completed,2025-12-06 22:40:53
R0005342,2025-12-06 16:44:11,FrontDesk,Standard,12,2025-12-06 19:42:11,Completed,2025-12-06 17:02:11
R0005343,2025-12-06 18:33:02,F&B,Standard,25,2025-12-06 21:31:02,Completed,2025-12-06 19:21:02
R0005344,2025-12-06 13:07:50,Housekeeping,Standard,35,2025-12-06 15:12:50,Completed,2025-12-06 14:04:50
R0005345,2025-12-06 15:06:53,F&B,Standard,25,2025-12-06 16:55:53,Completed,2025-12-06 15:47:53
R0005346,2025-12-06 20:16:29,Housekeeping,Standard,35,2025-12-06 22:10:29,Completed,2025-12-06 21:06:29
R0005347,2025-12-06 15:34:34,Housekeeping,Standard,35,2025-12-06 17:59:34,Completed,2025-12-06 16:22:34
R0005348,2025-12-06 21:52:46,Housekeeping,Standard,35,2025-12-07 00:51:46,Completed,2025-12-06 22:46:46
R0005349,2025-12-06 12:04:57,Housekeeping,Standard,35,2025-12-06 15:01:57,In_Progress,
R0005350,2025-12-06 09:35:52,Maintenance,Standard,55,2025-12-06 10:49:52,Completed,2025-12-06 10:28:52
R0005351,2025-12-06 18:26:26,F&B,Standard,25,2025-12-06 21:07:26,Open,
R0005352,2025-12-06 09:13:21,Housekeeping,Standard,35,2025-12-06 10:28:21,Completed,2025-12-06 10:13:21
R0005353,2025-12-06 08:59:32,F&B,Standard,25,2025-12-06 11:10:32,Completed,2025-12-06 09:54:32
R0005354,2025-12-06 19:21:24,F&B,Standard,25,2025-12-06 21:49:24,Completed,2025-12-06 19:56:24
R0005355,2025-12-06 18:26:52,F&B,Standard,25,2025-12-06 20:36:52,Completed,2025-12-06 18:55:52
R0005356,2025-12-06 17:17:00,F&B,Standard,25,2025-12-06 20:16:00,Completed,2025-12-06 17:44:00
R0005357,2025-12-06 18:42:25,FrontDesk,Standard,12,2025-12-06 19:54:25,Completed,2025-12-06 19:00:25
R0005358,2025-12-06 12:55:11,Maintenance,Standard,55,2025-12-06 15:49:11,Completed,2025-12-06 13:41:11
R0005359,2025-12-06 13:44:17,F&B,Standard,25,2025-12-06 15:30:17,Completed,2025-12-06 14:21:17
R0005360,2025-12-06 11:39:47,Housekeeping,Standard,35,2025-12-06 14:02:47,Completed,2025-12-06 12:05:47
R0005361,2025-12-06 18:51:07,F&B,Standard,25,2025-12-06 20:54:07,Completed,2025-12-06 19:22:07
R0005362,2025-12-06 18:22:41,Maintenance,Standard,55,2025-12-06 20:11:41,Completed,2025-12-06 19:08:41
R0005363,2025-12-06 20:07:24,F&B,Urgent,12,2025-12-06 20:58:24,Completed,2025-12-06 20:46:24
R0005364,2025-12-06 11:34:19,Housekeeping,Standard,35,2025-12-06 13:20:19,Completed,2025-12-06 12:04:19
R0005365,2025-12-06 21:26:43,F&B,Standard,25,2025-12-06 23:23:43,Completed,2025-12-06 22:20:43
R0005366,2025-12-06 18:19:18,FrontDesk,Standard,12,2025-12-06 20:46:18,Completed,2025-12-06 18:48:18
R0005367,2025-12-06 19:28:09,F&B,Standard,25,2025-12-06 22:00:09,Completed,2025-12-06 20:07:09
R0005368,2025-12-06 19:01:53,FrontDesk,Standard,12,2025-12-06 21:07:53,Completed,2025-12-06 19:33:53
R0005369,2025-12-06 14:33:23,Maintenance,Standard,55,2025-12-06 17:10:23,Completed,2025-12-06 15:34:23
R0005370,2025-12-06 11:11:10,FrontDesk,Urgent,6,2025-12-06 11:56:10,Completed,2025-12-06 11:41:10
R0005371,2025-12-06 22:45:11,F&B,Urgent,12,2025-12-06 23:45:11,Completed,2025-12-06 23:16:11
R0005372,2025-12-06 20:03:42,F&B,Standard,25,2025-12-06 21:47:42,Completed,2025-12-06 20:58:42
R0005373,2025-12-06 19:50:32,F&B,Urgent,12,2025-12-06 20:44:32,Completed,2025-12-06 20:12:32
R0005374,2025-12-06 08:12:31,F&B,Standard,25,2025-12-06 11:07:31,Completed,2025-12-06 08:50:31
R0005375,2025-12-06 20:24:03,FrontDesk,Standard,12,2025-12-06 22:00:03,Completed,2025-12-06 21:00:03
R0005376,2025-12-06 12:27:11,FrontDesk,Standard,12,2025-12-06 14:55:11,Completed,2025-12-06 13:01:11
R0005377,2025-12-06 11:32:59,Housekeeping,Standard,35,2025-12-06 13:08:59,Completed,2025-12-06 12:22:59
R0005378,2025-12-06 14:54:24,F&B,Standard,25,2025-12-06 17:38:24,Completed,2025-12-06 15:50:24
R0005379,2025-12-06 09:24:17,FrontDesk,Standard,12,2025-12-06 11:39:17,Completed,2025-12-06 10:01:17
R0005380,2025-12-06 17:20:56,F&B,Standard,25,2025-12-06 20:16:56,Completed,2025-12-06 17:32:56
R0005381,2025-12-06 07:31:09,F&B,Standard,25,2025-12-06 09:09:09,Completed,2025-12-06 08:23:09
R0005382,2025-12-06 17:06:35,Maintenance,Standard,55,2025-12-06 18:25:35,Completed,2025-12-06 18:25:35
R0005383,2025-12-06 18:53:04,F&B,Standard,25,2025-12-06 21:21:04,Completed,2025-12-06 19:29:04
R0005384,2025-12-06 18:55:51,F&B,Urgent,12,2025-12-06 19:49:51,Completed,2025-12-06 19:05:51
R0005385,2025-12-06 11:43:38,F&B,Urgent,12,2025-12-06 12:04:38,Completed,2025-12-06 11:58:38
R0005386,2025-12-06 13:59:29,F&B,Standard,25,2025-12-06 16:15:29,Completed,2025-12-06 14:40:29
R0005387,2025-12-06 10:49:02,F&B,Standard,25,2025-12-06 13:35:02,Completed,2025-12-06 11:35:02
R0005388,2025-12-06 07:40:40,FrontDesk,Standard,12,2025-12-06 09:04:40,Completed,2025-12-06 08:11:40
R0005389,2025-12-06 19:45:33,F&B,Standard,25,2025-12-06 22:13:33,Completed,2025-12-06 20:26:33
R0005390,2025-12-06 20:50:14,Housekeeping,Standard,35,2025-12-06 23:11:14,Completed,2025-12-06 21:23:14
R0005391,2025-12-06 19:17:23,FrontDesk,Standard,12,2025-12-06 21:00:23,Completed,2025-12-06 19:53:23
R0005392,2025-12-06 07:33:08,Housekeeping,Standard,35,2025-12-06 10:09:08,Completed,2025-12-06 08:01:08
R0005393,2025-12-06 11:54:19,Housekeeping,Standard,35,2025-12-06 13:07:19,Open,
R0005394,2025-12-06 09:53:21,Maintenance,Standard,55,2025-12-06 11:12:21,Completed,2025-12-06 10:56:21
R0005395,2025-12-06 15:09:46,F&B,Standard,25,2025-12-06 17:07:46,Completed,2025-12-06 15:51:46
R0005396,2025-12-06 19:03:39,Maintenance,Standard,55,2025-12-06 20:40:39,Completed,2025-12-06 20:37:39
R0005397,2025-12-06 07:52:56,Housekeeping,Urgent,18,2025-12-06 08:22:56,Completed,2025-12-06 08:16:56
R0005398,2025-12-06 13:43:04,F&B,Standard,25,2025-12-06 15:42:04,Completed,2025-12-06 14:12:04
R0005399,2025-12-06 11:28:28,Housekeeping,Standard,35,2025-12-06 13:51:28,Completed,2025-12-06 11:55:28
R0005400,2025-12-06 10:48:25,F&B,Standard,25,2025-12-06 12:00:25,Completed,2025-12-06 11:29:25
R0005401,2025-12-06 08:01:28,FrontDesk,Standard,12,2025-12-06 09:44:28,Completed,2025-12-06 08:13:28
R0005402,2025-12-06 19:44:08,FrontDesk,Standard,12,2025-12-06 20:58:08,Completed,2025-12-06 20:01:08
R0005403,2025-12-06 20:41:33,F&B,Standard,25,2025-12-06 23:25:33,Completed,2025-12-06 21:10:33
R0005404,2025-12-06 21:55:15,F&B,Standard,25,2025-12-06 23:58:15,Completed,2025-12-06 22:40:15
R0005405,2025-12-06 22:02:55,Housekeeping,Standard,35,2025-12-07 00:42:55,Completed,2025-12-06 22:40:55
R0005406,2025-12-06 07:22:05,FrontDesk,Standard,12,2025-12-06 09:49:05,In_Progress,
R0005407,2025-12-06 09:30:38,Maintenance,Standard,55,2025-12-06 11:22:38,Completed,2025-12-06 10:21:38
R0005408,2025-12-06 15:47:51,FrontDesk,Standard,12,2025-12-06 17:38:51,Completed,2025-12-06 16:18:51
R0005409,2025-12-06 10:11:23,FrontDesk,Standard,12,2025-12-06 11:17:23,Completed,2025-12-06 10:47:23
R0005410,2025-12-06 21:33:45,F&B,Standard,25,2025-12-06 23:31:45,Completed,2025-12-06 21:56:45
R0005411,2025-12-06 14:39:59,F&B,Urgent,12,2025-12-06 15:22:59,Completed,2025-12-06 15:04:59
R0005412,2025-12-06 12:13:29,FrontDesk,Standard,12,2025-12-06 14:39:29,Completed,2025-12-06 12:46:29
R0005413,2025-12-06 20:08:03,FrontDesk,Standard,12,2025-12-06 22:09:03,Completed,2025-12-06 20:25:03
R0005414,2025-12-06 14:59:53,F&B,Standard,25,2025-12-06 16:42:53,Open,
R0005415,2025-12-06 20:52:36,Housekeeping,Standard,35,2025-12-06 23:16:36,Completed,2025-12-06 21:58:36
R0005416,2025-12-06 10:22:25,FrontDesk,Standard,12,2025-12-06 13:11:25,Completed,2025-12-06 10:46:25
R0005417,2025-12-06 22:52:34,FrontDesk,Standard,12,2025-12-07 00:06:34,Completed,2025-12-06 23:17:34
R0005418,2025-12-06 07:03:27,FrontDesk,Standard,12,2025-12-06 09:10:27,In_Progress,
R0005419,2025-12-06 18:31:09,F&B,Urgent,12,2025-12-06 19:21:09,Open,
R0005420,2025-12-06 08:09:52,Housekeeping,Standard,35,2025-12-06 10:07:52,Completed,2025-12-06 09:03:52
R0005421,2025-12-06 12:13:49,F&B,Standard,25,2025-12-06 15:13:49,Completed,2025-12-06 12:54:49
R0005422,2025-12-06 13:30:36,Housekeeping,Standard,35,2025-12-06 15:06:36,Completed,2025-12-06 14:13:36
R0005423,2025-12-06 18:48:16,Housekeeping,Standard,35,2025-12-06 20:12:16,Completed,2025-12-06 19:24:16
R0005424,2025-12-06 16:20:03,Housekeeping,Standard,35,2025-12-06 18:39:03,Completed,2025-12-06 17:14:03
R0005425,2025-12-06 07:47:46,F&B,Standard,25,2025-12-06 10:32:46,Completed,2025-12-06 08:12:46
R0005426,2025-12-06 09:07:09,F&B,Standard,25,2025-12-06 11:30:09,Completed,2025-12-06 09:46:09
R0005427,2025-12-06 15:01:21,Maintenance,Urgent,30,2025-12-06 15:30:21,Completed,2025-12-06 15:35:21
R0005428,2025-12-06 13:15:34,F&B,Standard,25,2025-12-06 15:22:34,Completed,2025-12-06 14:01:34
R0005429,2025-12-06 07:56:31,Housekeeping,Standard,35,2025-12-06 09:20:31,In_Progress,
R0005430,2025-12-06 17:05:49,Housekeeping,Standard,35,2025-12-06 18:48:49,Completed,2025-12-06 17:57:49
R0005431,2025-12-06 14:11:51,FrontDesk,Standard,12,2025-12-06 15:43:51,Completed,2025-12-06 14:29:51
R0005432,2025-12-06 12:45:45,Maintenance,Standard,55,2025-12-06 14:42:45,Completed,2025-12-06 14:01:45
R0005433,2025-12-06 14:42:04,Maintenance,Urgent,30,2025-12-06 15:24:04,Completed,2025-12-06 15:15:04
R0005434,2025-12-06 07:12:09,FrontDesk,Standard,12,2025-12-06 09:10:09,Completed,2025-12-06 07:44:09
R0005435,2025-12-06 16:19:25,Housekeeping,Standard,35,2025-12-06 17:51:25,Completed,2025-12-06 16:59:25
R0005436,2025-12-06 12:45:33,F&B,Standard,25,2025-12-06 13:49:33,Completed,2025-12-06 13:26:33
R0005437,2025-12-06 11:25:56,Housekeeping,Standard,35,2025-12-06 14:13:56,Completed,2025-12-06 12:03:56
R0005438,2025-12-06 08:42:09,Housekeeping,Standard,35,2025-12-06 11:10:09,Completed,2025-12-06 09:30:09
R0005439,2025-12-06 13:35:06,F&B,Standard,25,2025-12-06 15:36:06,Completed,2025-12-06 14:10:06
R0005440,2025-12-06 16:53:55,Housekeeping,Standard,35,2025-12-06 19:26:55,Completed,2025-12-06 17:32:55
R0005441,2025-12-06 10:21:41,Housekeeping,Urgent,18,2025-12-06 11:19:41,Completed,2025-12-06 10:55:41
R0005442,2025-12-06 18:44:45,Housekeeping,Standard,35,2025-12-06 20:40:45,Completed,2025-12-06 19:31:45
R0005443,2025-12-06 18:46:48,Housekeeping,Standard,35,2025-12-06 20:12:48,Completed,2025-12-06 19:29:48
R0005444,2025-12-06 08:00:10,FrontDesk,Standard,12,2025-12-06 09:13:10,Completed,2025-12-06 08:32:10
R0005445,2025-12-06 21:54:50,F&B,Standard,25,2025-12-06 23:30:50,Completed,2025-12-06 22:18:50
R0005446,2025-12-06 12:40:42,F&B,Urgent,12,2025-12-06 12:59:42,Completed,2025-12-06 12:56:42
R0005447,2025-12-06 10:28:26,F&B,Standard,25,2025-12-06 13:25:26,Completed,2025-12-06 11:03:26
R0005448,2025-12-06 13:55:36,Maintenance,Standard,55,2025-12-06 14:56:36,Completed,2025-12-06 14:49:36
R0005449,2025-12-06 21:05:51,FrontDesk,Standard,12,2025-12-06 22:19:51,Completed,2025-12-06 21:31:51
R0005450,2025-12-06 18:43:53,F&B,Standard,25,2025-12-06 19:51:53,Completed,2025-12-06 19:10:53
R0005451,2025-12-06 07:18:26,Maintenance,Urgent,30,2025-12-06 08:08:26,Completed,2025-12-06 08:02:26
R0005452,2025-12-06 13:17:17,F&B,Urgent,12,2025-12-06 13:34:17,Completed,2025-12-06 13:34:17
R0005453,2025-12-06 19:50:10,Housekeeping,Urgent,18,2025-12-06 20:24:10,In_Progress,
R0005454,2025-12-06 11:46:33,Housekeeping,Standard,35,2025-12-06 13:41:33,Completed,2025-12-06 12:30:33
R0005455,2025-12-06 10:38:49,F&B,Standard,25,2025-12-06 12:06:49,Completed,2025-12-06 11:16:49
R0005456,2025-12-06 22:12:54,Housekeeping,Standard,35,2025-12-07 01:02:54,Open,
R0005457,2025-12-06 10:46:18,Housekeeping,Standard,35,2025-12-06 12:13:18,Completed,2025-12-06 11:31:18
R0005458,2025-12-06 09:42:47,F&B,Standard,25,2025-12-06 12:16:47,In_Progress,
R0005459,2025-12-06 07:19:27,F&B,Standard,25,2025-12-06 09:24:27,Completed,2025-12-06 08:01:27
R0005460,2025-12-06 20:07:26,Housekeeping,Standard,35,2025-12-06 22:02:26,Completed,2025-12-06 21:01:26
R0005461,2025-12-06 13:36:17,Housekeeping,Standard,35,2025-12-06 15:47:17,Completed,2025-12-06 14:26:17
R0005462,2025-12-06 20:36:24,Housekeeping,Standard,35,2025-12-06 21:55:24,Completed,2025-12-06 21:08:24
R0005463,2025-12-06 09:02:27,Housekeeping,Standard,35,2025-12-06 11:54:27,Completed,2025-12-06 10:11:27
R0005464,2025-12-06 11:27:23,Housekeeping,Standard,35,2025-12-06 13:21:23,Completed,2025-12-06 12:27:23
R0005465,2025-12-06 15:01:18,F&B,Standard,25,2025-12-06 16:42:18,Completed,2025-12-06 15:39:18
R0005466,2025-12-06 12:20:40,F&B,Urgent,12,2025-12-06 12:56:40,Completed,2025-12-06 12:53:40
R0005467,2025-12-06 18:01:33,Housekeeping,Urgent,18,2025-12-06 18:58:33,Completed,2025-12-06 18:42:33
R0005468,2025-12-06 20:51:19,F&B,Standard,25,2025-12-06 23:20:19,Completed,2025-12-06 21:31:19
R0005469,2025-12-06 10:28:49,Housekeeping,Standard,35,2025-12-06 12:53:49,Completed,2025-12-06 11:24:49
R0005470,2025-12-06 18:00:35,Housekeeping,Standard,35,2025-12-06 20:18:35,Completed,2025-12-06 18:46:35
R0005471,2025-12-06 14:32:58,FrontDesk,Standard,12,2025-12-06 15:52:58,Completed,2025-12-06 15:12:58
R0005472,2025-12-06 12:57:36,F&B,Urgent,12,2025-12-06 13:54:36,Completed,2025-12-06 13:24:36
R0005473,2025-12-06 20:37:37,FrontDesk,Standard,12,2025-12-06 22:32:37,Completed,2025-12-06 20:56:37
R0005474,2025-12-06 21:55:29,F&B,Standard,25,2025-12-07 00:14:29,Completed,2025-12-06 22:30:29
R0005475,2025-12-06 17:14:48,F&B,Standard,25,2025-12-06 18:56:48,Completed,2025-12-06 18:01:48
R0005476,2025-12-06 12:58:26,F&B,Standard,25,2025-12-06 15:14:26,Completed,2025-12-06 13:43:26
R0005477,2025-12-06 09:56:39,Housekeeping,Standard,35,2025-12-06 12:37:39,Completed,2025-12-06 10:43:39
R0005478,2025-12-06 08:02:17,F&B,Standard,25,2025-12-06 09:59:17,Completed,2025-12-06 08:31:17
R0005479,2025-12-06 08:49:45,Housekeeping,Standard,35,2025-12-06 11:10:45,Completed,2025-12-06 09:42:45
R0005480,2025-12-06 20:42:25,Housekeeping,Standard,35,2025-12-06 23:18:25,Completed,2025-12-06 21:17:25
R0005481,2025-12-06 17:59:11,F&B,Standard,25,2025-12-06 19:56:11,Completed,2025-12-06 18:30:11
R0005482,2025-12-06 09:54:29,F&B,Standard,25,2025-12-06 12:09:29,Completed,2025-12-06 10:13:29
R0005483,2025-12-06 08:53:04,F&B,Standard,25,2025-12-06 10:24:04,Completed,2025-12-06 09:27:04
R0005484,2025-12-06 08:08:50,FrontDesk,Standard,12,2025-12-06 10:58:50,Completed,2025-12-06 08:30:50
R0005485,2025-12-06 20:27:22,Housekeeping,Urgent,18,2025-12-06 20:57:22,Completed,2025-12-06 21:03:22
R0005486,2025-12-06 19:19:02,F&B,Standard,25,2025-12-06 21:25:02,Open,
R0005487,2025-12-06 14:19:26,Housekeeping,Standard,35,2025-12-06 15:26:26,Completed,2025-12-06 15:10:26
R0005488,2025-12-06 16:02:39,Housekeeping,Standard,35,2025-12-06 17:27:39,Completed,2025-12-06 16:55:39
R0005489,2025-12-06 13:32:55,F&B,Standard,25,2025-12-06 15:26:55,Completed,2025-12-06 14:08:55
R0005490,2025-12-06 08:30:42,Maintenance,Standard,55,2025-12-06 10:23:42,Completed,2025-12-06 08:59:42
R0005491,2025-12-06 22:27:33,F&B,Urgent,12,2025-12-06 23:17:33,Completed,2025-12-06 22:46:33
R0005492,2025-12-06 16:43:25,F&B,Standard,25,2025-12-06 17:54:25,Completed,2025-12-06 17:16:25
R0005493,2025-12-06 15:38:12,FrontDesk,Standard,12,2025-12-06 17:49:12,Completed,2025-12-06 16:00:12
R0005494,2025-12-06 17:57:49,FrontDesk,Standard,12,2025-12-06 19:03:49,Completed,2025-12-06 18:30:49
R0005495,2025-12-06 18:58:08,F&B,Standard,25,2025-12-06 20:56:08,Completed,2025-12-06 19:33:08
R0005496,2025-12-06 13:29:33,F&B,Standard,25,2025-12-06 14:43:33,Completed,2025-12-06 14:01:33
R0005497,2025-12-06 12:30:27,Housekeeping,Urgent,18,2025-12-06 13:10:27,Completed,2025-12-06 13:00:27
R0005498,2025-12-06 08:26:38,Housekeeping,Standard,35,2025-12-06 10:27:38,Completed,2025-12-06 09:17:38
R0005499,2025-12-06 09:29:14,Housekeeping,Standard,35,2025-12-06 10:29:14,Completed,2025-12-06 10:21:14
R0005500,2025-12-06 18:03:30,Housekeeping,Standard,35,2025-12-06 19:29:30,Completed,2025-12-06 18:58:30
R0005501,2025-12-06 13:57:30,Maintenance,Standard,55,2025-12-06 16:11:30,Completed,2025-12-06 15:30:30
R0005502,2025-12-06 14:47:24,FrontDesk,Standard,12,2025-12-06 17:18:24,Open,
R0005503,2025-12-06 09:37:21,Maintenance,Standard,55,2025-12-06 11:59:21,Completed,2025-12-06 10:46:21
R0005504,2025-12-06 21:38:29,F&B,Standard,25,2025-12-07 00:14:29,Completed,2025-12-06 22:09:29
R0005505,2025-12-06 20:28:16,F&B,Urgent,12,2025-12-06 21:20:16,Completed,2025-12-06 20:59:16
R0005506,2025-12-06 07:30:32,Housekeeping,Standard,35,2025-12-06 08:33:32,Completed,2025-12-06 08:21:32
R0005507,2025-12-06 15:40:19,Maintenance,Standard,55,2025-12-06 18:13:19,Completed,2025-12-06 16:56:19
R0005508,2025-12-06 16:19:12,Housekeeping,Standard,35,2025-12-06 19:03:12,Completed,2025-12-06 17:05:12
R0005509,2025-12-06 11:11:41,FrontDesk,Standard,12,2025-12-06 13:08:41,Completed,2025-12-06 11:51:41
R0005510,2025-12-06 19:49:14,FrontDesk,Standard,12,2025-12-06 22:11:14,Completed,2025-12-06 20:13:14
R0005511,2025-12-06 20:04:54,F&B,Standard,25,2025-12-06 21:47:54,Completed,2025-12-06 20:32:54
R0005512,2025-12-06 14:04:26,Maintenance,Standard,55,2025-12-06 15:32:26,Completed,2025-12-06 15:48:26
R0005513,2025-12-06 21:28:46,Housekeeping,Standard,35,2025-12-07 00:09:46,In_Progress,
R0005514,2025-12-06 12:33:53,F&B,Standard,25,2025-12-06 14:27:53,Completed,2025-12-06 13:26:53
R0005515,2025-12-06 07:19:58,F&B,Standard,25,2025-12-06 09:52:58,Completed,2025-12-06 08:01:58
R0005516,2025-12-06 12:04:12,F&B,Standard,25,2025-12-06 13:47:12,Completed,2025-12-06 12:47:12
R0005517,2025-12-06 10:24:36,F&B,Standard,25,2025-12-06 12:30:36,Completed,2025-12-06 10:48:36
R0005518,2025-12-06 13:46:18,Housekeeping,Urgent,18,2025-12-06 14:14:18,In_Progress,
R0005519,2025-12-06 18:35:02,Housekeeping,Standard,35,2025-12-06 20:03:02,Completed,2025-12-06 19:13:02
R0005520,2025-12-06 09:55:26,Housekeeping,Standard,35,2025-12-06 11:55:26,Completed,2025-12-06 10:43:26
R0005521,2025-12-06 17:00:14,Maintenance,Standard,55,2025-12-06 18:04:14,Completed,2025-12-06 17:49:14
R0005522,2025-12-06 20:54:28,Housekeeping,Standard,35,2025-12-06 23:50:28,Completed,2025-12-06 21:59:28
R0005523,2025-12-06 11:23:17,Housekeeping,Standard,35,2025-12-06 13:17:17,Completed,2025-12-06 12:05:17
R0005524,2025-12-06 13:21:13,FrontDesk,Standard,12,2025-12-06 15:35:13,Completed,2025-12-06 13:37:13
R0005525,2025-12-06 14:45:59,Maintenance,Standard,55,2025-12-06 16:45:59,Completed,2025-12-06 15:44:59
R0005526,2025-12-06 21:31:28,Housekeeping,Standard,35,2025-12-06 23:15:28,Completed,2025-12-06 22:17:28
R0005527,2025-12-06 13:07:08,Housekeeping,Standard,35,2025-12-06 15:59:08,Completed,2025-12-06 14:00:08
R0005528,2025-12-06 18:16:57,Housekeeping,Standard,35,2025-12-06 20:12:57,Completed,2025-12-06 19:33:57
R0005529,2025-12-06 20:44:25,Housekeeping,Urgent,18,2025-12-06 21:20:25,Completed,2025-12-06 21:37:25
R0005530,2025-12-06 19:07:28,F&B,Standard,25,2025-12-06 20:12:28,Completed,2025-12-06 19:39:28
R0005531,2025-12-06 20:13:31,Housekeeping,Standard,35,2025-12-06 22:31:31,Completed,2025-12-06 21:16:31
R0005532,2025-12-06 22:56:41,Maintenance,Standard,55,2025-12-07 00:10:41,Completed,2025-12-07 00:12:41
R0005533,2025-12-06 19:21:24,F&B,Standard,25,2025-12-06 20:30:24,Completed,2025-12-06 20:20:24
R0005534,2025-12-06 09:34:14,FrontDesk,Standard,12,2025-12-06 11:48:14,Completed,2025-12-06 09:55:14
R0005535,2025-12-06 08:15:41,F&B,Standard,25,2025-12-06 09:58:41,Completed,2025-12-06 08:56:41
R0005536,2025-12-06 22:58:59,F&B,Standard,25,2025-12-07 01:20:59,Completed,2025-12-07 00:00:59
R0005537,2025-12-06 13:09:34,FrontDesk,Standard,12,2025-12-06 15:19:34,Completed,2025-12-06 13:45:34
R0005538,2025-12-06 20:34:49,F&B,Standard,25,2025-12-06 22:18:49,Completed,2025-12-06 21:09:49
R0005539,2025-12-06 16:57:50,F&B,Standard,25,2025-12-06 19:56:50,Open,
R0005540,2025-12-06 09:47:01,Housekeeping,Standard,35,2025-12-06 12:19:01,Completed,2025-12-06 10:31:01
R0005541,2025-12-06 17:48:35,F&B,Standard,25,2025-12-06 19:54:35,Completed,2025-12-06 18:18:35
R0005542,2025-12-06 19:59:40,F&B,Standard,25,2025-12-06 22:40:40,Completed,2025-12-06 20:35:40
R0005543,2025-12-06 18:37:22,F&B,Standard,25,2025-12-06 20:51:22,Completed,2025-12-06 19:08:22
R0005544,2025-12-06 17:16:08,Housekeeping,Standard,35,2025-12-06 18:21:08,In_Progress,
R0005545,2025-12-06 18:42:45,FrontDesk,Standard,12,2025-12-06 19:44:45,Completed,2025-12-06 19:04:45
R0005546,2025-12-06 11:41:25,F&B,Standard,25,2025-12-06 12:43:25,Completed,2025-12-06 12:39:25
R0005547,2025-12-06 20:35:03,FrontDesk,Standard,12,2025-12-06 21:41:03,Completed,2025-12-06 20:57:03
R0005548,2025-12-06 21:43:53,Maintenance,Standard,55,2025-12-07 00:13:53,In_Progress,
R0005549,2025-12-06 12:20:43,FrontDesk,Standard,12,2025-12-06 14:01:43,Completed,2025-12-06 12:53:43
R0005550,2025-12-06 21:00:13,Housekeeping,Standard,35,2025-12-06 22:32:13,Completed,2025-12-06 21:24:13
R0005551,2025-12-06 19:12:50,FrontDesk,Standard,12,2025-12-06 21:28:50,Completed,2025-12-06 19:46:50
R0005552,2025-12-06 21:52:06,Housekeeping,Standard,35,2025-12-07 00:05:06,Completed,2025-12-06 22:55:06
R0005553,2025-12-06 09:47:49,FrontDesk,Standard,12,2025-12-06 12:10:49,Completed,2025-12-06 10:22:49
R0005554,2025-12-06 13:56:23,Maintenance,Standard,55,2025-12-06 15:17:23,Completed,2025-12-06 15:06:23
R0005555,2025-12-06 22:04:08,FrontDesk,Standard,12,2025-12-06 23:17:08,Completed,2025-12-06 22:26:08
R0005556,2025-12-06 14:09:44,F&B,Standard,25,2025-12-06 15:38:44,Completed,2025-12-06 15:08:44
R0005557,2025-12-06 15:10:38,FrontDesk,Standard,12,2025-12-06 17:22:38,Completed,2025-12-06 15:37:38
R0005558,2025-12-06 12:49:38,F&B,Standard,25,2025-12-06 15:27:38,Completed,2025-12-06 13:39:38
R0005559,2025-12-06 20:33:14,F&B,Standard,25,2025-12-06 23:10:14,Completed,2025-12-06 21:05:14
R0005560,2025-12-06 21:45:04,Housekeeping,Standard,35,2025-12-07 00:11:04,Completed,2025-12-06 22:31:04
R0005561,2025-12-06 20:14:14,F&B,Standard,25,2025-12-06 21:24:14,Completed,2025-12-06 21:02:14
R0005562,2025-12-06 07:02:54,Housekeeping,Standard,35,2025-12-06 09:59:54,Completed,2025-12-06 07:41:54
R0005563,2025-12-06 20:53:11,Housekeeping,Standard,35,2025-12-06 23:37:11,Completed,2025-12-06 21:46:11
R0005564,2025-12-06 13:00:15,Housekeeping,Urgent,18,2025-12-06 13:48:15,Completed,2025-12-06 13:28:15
R0005565,2025-12-06 11:53:49,F&B,Standard,25,2025-12-06 12:58:49,Completed,2025-12-06 12:17:49
R0005566,2025-12-06 18:14:49,FrontDesk,Standard,12,2025-12-06 20:17:49,Completed,2025-12-06 18:51:49
R0005567,2025-12-06 10:27:14,F&B,Standard,25,2025-12-06 12:37:14,Completed,2025-12-06 11:10:14
R0005568,2025-12-06 20:59:02,Maintenance,Standard,55,2025-12-06 23:01:02,Completed,2025-12-06 22:08:02
R0005569,2025-12-06 11:20:10,F&B,Urgent,12,2025-12-06 12:19:10,In_Progress,
R0005570,2025-12-06 14:34:13,Housekeeping,Standard,35,2025-12-06 16:28:13,Completed,2025-12-06 15:34:13
R0005571,2025-12-06 17:52:41,F&B,Standard,25,2025-12-06 20:17:41,Completed,2025-12-06 18:35:41
R0005572,2025-12-06 12:34:59,Housekeeping,Standard,35,2025-12-06 14:33:59,Completed,2025-12-06 13:07:59
R0005573,2025-12-06 19:58:31,F&B,Standard,25,2025-12-06 21:59:31,Completed,2025-12-06 20:56:31
R0005574,2025-12-06 08:38:55,FrontDesk,Standard,12,2025-12-06 10:12:55,Open,
R0005575,2025-12-06 15:35:40,F&B,Standard,25,2025-12-06 17:06:40,Completed,2025-12-06 16:11:40
R0005576,2025-12-06 11:06:54,Housekeeping,Standard,35,2025-12-06 12:45:54,Completed,2025-12-06 12:08:54
R0005577,2025-12-06 21:10:31,F&B,Standard,25,2025-12-06 22:13:31,Completed,2025-12-06 22:04:31
R0005578,2025-12-06 18:54:20,FrontDesk,Standard,12,2025-12-06 20:28:20,Completed,2025-12-06 19:21:20
R0005579,2025-12-06 18:59:22,FrontDesk,Standard,12,2025-12-06 21:31:22,Completed,2025-12-06 19:25:22
R0005580,2025-12-06 10:56:38,F&B,Standard,25,2025-12-06 13:29:38,Completed,2025-12-06 11:22:38
R0005581,2025-12-06 10:46:03,Housekeeping,Standard,35,2025-12-06 13:40:03,In_Progress,
R0005582,2025-12-06 08:53:04,F&B,Standard,25,2025-12-06 10:46:04,Completed,2025-12-06 09:34:04
R0005583,2025-12-06 19:59:26,FrontDesk,Standard,12,2025-12-06 22:12:26,Completed,2025-12-06 20:39:26
R0005584,2025-12-06 11:48:44,FrontDesk,Standard,12,2025-12-06 13:25:44,In_Progress,
R0005585,2025-12-06 11:15:36,Housekeeping,Standard,35,2025-12-06 13:08:36,Completed,2025-12-06 12:22:36
R0005586,2025-12-06 18:50:16,F&B,Standard,25,2025-12-06 20:00:16,Completed,2025-12-06 19:42:16
R0005587,2025-12-06 21:57:46,FrontDesk,Standard,12,2025-12-07 00:03:46,Completed,2025-12-06 22:38:46
R0005588,2025-12-06 21:19:50,Housekeeping,Standard,35,2025-12-06 23:21:50,Completed,2025-12-06 22:21:50
R0005589,2025-12-06 13:09:44,FrontDesk,Standard,12,2025-12-06 14:37:44,Completed,2025-12-06 13:27:44
R0005590,2025-12-06 14:36:31,F&B,Standard,25,2025-12-06 15:57:31,Completed,2025-12-06 15:25:31
R0005591,2025-12-06 21:13:38,Maintenance,Standard,55,2025-12-06 23:59:38,Completed,2025-12-06 22:17:38
R0005592,2025-12-06 12:14:28,FrontDesk,Standard,12,2025-12-06 15:04:28,Completed,2025-12-06 12:40:28
R0005593,2025-12-06 21:55:25,Maintenance,Standard,55,2025-12-06 23:28:25,Completed,2025-12-06 23:34:25
R0005594,2025-12-06 14:21:41,Maintenance,Standard,55,2025-12-06 16:11:41,Completed,2025-12-06 15:37:41
R0005595,2025-12-06 21:16:04,F&B,Standard,25,2025-12-06 22:52:04,In_Progress,
R0005596,2025-12-06 18:22:46,Housekeeping,Standard,35,2025-12-06 21:08:46,Open,
R0005597,2025-12-06 21:34:31,F&B,Standard,25,2025-12-07 00:31:31,Completed,2025-12-06 22:15:31
R0005598,2025-12-06 12:12:58,Housekeeping,Standard,35,2025-12-06 13:38:58,Completed,2025-12-06 12:53:58
R0005599,2025-12-06 21:29:48,Maintenance,Standard,55,2025-12-06 22:56:48,In_Progress,
R0005600,2025-12-06 18:05:46,FrontDesk,Standard,12,2025-12-06 20:56:46,Completed,2025-12-06 18:19:46
R0005601,2025-12-06 18:49:35,Housekeeping,Standard,35,2025-12-06 20:34:35,Completed,2025-12-06 19:36:35
R0005602,2025-12-06 14:12:33,FrontDesk,Standard,12,2025-12-06 16:18:33,Completed,2025-12-06 14:46:33
R0005603,2025-12-06 19:01:17,Housekeeping,Standard,35,2025-12-06 21:26:17,Completed,2025-12-06 20:03:17
R0005604,2025-12-06 14:02:05,Maintenance,Standard,55,2025-12-06 16:24:05,In_Progress,
R0005605,2025-12-06 14:03:35,Housekeeping,Urgent,18,2025-12-06 14:26:35,Completed,2025-12-06 14:33:35
R0005606,2025-12-06 18:58:50,F&B,Urgent,12,2025-12-06 19:41:50,Completed,2025-12-06 19:32:50
R0005607,2025-12-06 13:49:31,FrontDesk,Urgent,6,2025-12-06 14:11:31,Open,
R0005608,2025-12-06 21:49:45,Housekeeping,Standard,35,2025-12-07 00:35:45,In_Progress,
R0005609,2025-12-06 13:28:05,F&B,Urgent,12,2025-12-06 13:56:05,Completed,2025-12-06 14:03:05
R0005610,2025-12-06 08:26:24,F&B,Standard,25,2025-12-06 09:52:24,Completed,2025-12-06 08:57:24
R0005611,2025-12-06 22:45:35,FrontDesk,Standard,12,2025-12-07 00:16:35,Completed,2025-12-06 23:19:35
R0005612,2025-12-06 09:59:19,F&B,Standard,25,2025-12-06 12:13:19,Completed,2025-12-06 10:44:19
R0005613,2025-12-06 20:13:22,Housekeeping,Standard,35,2025-12-06 21:32:22,Completed,2025-12-06 21:06:22
R0005614,2025-12-06 11:57:51,FrontDesk,Urgent,6,2025-12-06 12:36:51,Completed,2025-12-06 12:21:51
R0005615,2025-12-06 14:06:17,Housekeeping,Standard,35,2025-12-06 16:42:17,Completed,2025-12-06 15:11:17
R0005616,2025-12-06 12:14:20,FrontDesk,Urgent,6,2025-12-06 12:37:20,In_Progress,
R0005617,2025-12-06 13:52:21,Housekeeping,Urgent,18,2025-12-06 14:30:21,Completed,2025-12-06 14:14:21
R0005618,2025-12-06 10:07:32,F&B,Urgent,12,2025-12-06 10:53:32,Completed,2025-12-06 10:28:32
R0005619,2025-12-06 11:37:09,F&B,Standard,25,2025-12-06 13:20:09,Completed,2025-12-06 12:02:09
R0005620,2025-12-06 17:31:22,Housekeeping,Urgent,18,2025-12-06 18:07:22,Completed,2025-12-06 18:16:22
R0005621,2025-12-06 18:22:42,F&B,Standard,25,2025-12-06 20:48:42,Completed,2025-12-06 19:15:42
R0005622,2025-12-06 19:44:58,FrontDesk,Standard,12,2025-12-06 21:15:58,Completed,2025-12-06 20:07:58
R0005623,2025-12-06 16:39:51,F&B,Standard,25,2025-12-06 18:36:51,Completed,2025-12-06 17:30:51
R0005624,2025-12-06 09:26:30,Housekeeping,Standard,35,2025-12-06 11:30:30,Completed,2025-12-06 10:15:30
R0005625,2025-12-06 12:13:35,Housekeeping,Standard,35,2025-12-06 13:34:35,Completed,2025-12-06 13:01:35
R0005626,2025-12-06 07:13:59,FrontDesk,Standard,12,2025-12-06 08:48:59,Completed,2025-12-06 07:47:59
R0005627,2025-12-06 11:03:23,FrontDesk,Standard,12,2025-12-06 13:14:23,Completed,2025-12-06 11:27:23
R0005628,2025-12-06 12:51:51,F&B,Standard,25,2025-12-06 13:57:51,Completed,2025-12-06 13:33:51
R0005629,2025-12-06 07:04:58,Maintenance,Standard,55,2025-12-06 08:33:58,Completed,2025-12-06 08:32:58
R0005630,2025-12-06 19:06:58,Housekeeping,Standard,35,2025-12-06 21:34:58,Completed,2025-12-06 19:39:58
R0005631,2025-12-06 20:47:28,F&B,Standard,25,2025-12-06 22:25:28,Completed,2025-12-06 21:10:28
R0005632,2025-12-06 16:11:18,F&B,Standard,25,2025-12-06 19:10:18,Completed,2025-12-06 16:49:18
R0005633,2025-12-06 11:18:07,F&B,Urgent,12,2025-12-06 11:36:07,In_Progress,
R0005634,2025-12-06 12:29:32,FrontDesk,Standard,12,2025-12-06 13:29:32,Completed,2025-12-06 12:45:32
R0005635,2025-12-06 18:28:31,FrontDesk,Urgent,6,2025-12-06 19:06:31,Completed,2025-12-06 18:41:31
R0005636,2025-12-06 09:22:52,F&B,Standard,25,2025-12-06 11:44:52,Completed,2025-12-06 09:48:52
R0005637,2025-12-07 14:57:35,Housekeeping,Standard,35,2025-12-07 17:06:35,Completed,2025-12-07 15:13:35
R0005638,2025-12-07 13:52:49,F&B,Standard,25,2025-12-07 15:12:49,Completed,2025-12-07 14:42:49
R0005639,2025-12-07 12:59:44,FrontDesk,Standard,12,2025-12-07 14:22:44,Completed,2025-12-07 13:41:44
R0005640,2025-12-07 21:59:27,F&B,Urgent,12,2025-12-07 22:44:27,Completed,2025-12-07 22:36:27
R0005641,2025-12-07 19:01:14,FrontDesk,Standard,12,2025-12-07 21:51:14,Open,
R0005642,2025-12-07 08:19:08,Housekeeping,Standard,35,2025-12-07 10:54:08,Completed,2025-12-07 09:07:08
R0005643,2025-12-07 18:03:55,F&B,Standard,25,2025-12-07 19:11:55,Completed,2025-12-07 18:43:55
R0005644,2025-12-07 08:42:59,Housekeeping,Standard,35,2025-12-07 10:48:59,Completed,2025-12-07 09:31:59
R0005645,2025-12-07 13:59:23,Housekeeping,Standard,35,2025-12-07 16:14:23,Completed,2025-12-07 14:55:23
R0005646,2025-12-07 15:54:34,F&B,Standard,25,2025-12-07 17:03:34,Completed,2025-12-07 16:29:34
R0005647,2025-12-07 11:33:28,F&B,Standard,25,2025-12-07 13:41:28,Completed,2025-12-07 12:00:28
R0005648,2025-12-07 13:52:20,Maintenance,Standard,55,2025-12-07 15:32:20,Completed,2025-12-07 15:03:20
R0005649,2025-12-07 21:10:20,FrontDesk,Urgent,6,2025-12-07 21:51:20,Completed,2025-12-07 21:16:20
R0005650,2025-12-07 12:58:59,F&B,Standard,25,2025-12-07 14:04:59,Completed,2025-12-07 13:32:59
R0005651,2025-12-07 16:45:57,F&B,Standard,25,2025-12-07 19:45:57,Open,
R0005652,2025-12-07 07:43:48,F&B,Standard,25,2025-12-07 10:21:48,Open,
R0005653,2025-12-07 18:21:30,F&B,Urgent,12,2025-12-07 18:47:30,Completed,2025-12-07 18:44:30
R0005654,2025-12-07 13:50:23,F&B,Standard,25,2025-12-07 15:49:23,Completed,2025-12-07 14:09:23
R0005655,2025-12-07 21:36:03,Housekeeping,Standard,35,2025-12-07 23:47:03,Open,
R0005656,2025-12-07 19:55:14,FrontDesk,Standard,12,2025-12-07 22:51:14,Completed,2025-12-07 20:10:14
R0005657,2025-12-07 21:56:59,F&B,Urgent,12,2025-12-07 22:14:59,Completed,2025-12-07 22:36:59
R0005658,2025-12-07 19:56:21,F&B,Standard,25,2025-12-07 22:03:21,Completed,2025-12-07 20:52:21
R0005659,2025-12-07 13:23:31,Housekeeping,Standard,35,2025-12-07 15:26:31,In_Progress,
R0005660,2025-12-07 21:36:52,Housekeeping,Standard,35,2025-12-08 00:15:52,Completed,2025-12-07 22:14:52
R0005661,2025-12-07 10:50:49,F&B,Standard,25,2025-12-07 12:24:49,Completed,2025-12-07 11:09:49
R0005662,2025-12-07 12:35:40,Housekeeping,Standard,35,2025-12-07 13:42:40,Completed,2025-12-07 13:21:40
R0005663,2025-12-07 07:51:05,FrontDesk,Urgent,6,2025-12-07 08:33:05,Completed,2025-12-07 08:13:05
R0005664,2025-12-07 09:48:54,Housekeeping,Standard,35,2025-12-07 11:52:54,Completed,2025-12-07 10:10:54
R0005665,2025-12-07 13:39:14,F&B,Standard,25,2025-12-07 16:02:14,Completed,2025-12-07 14:05:14
R0005666,2025-12-07 16:41:37,F&B,Standard,25,2025-12-07 17:52:37,Completed,2025-12-07 17:30:37
R0005667,2025-12-07 17:57:58,Housekeeping,Standard,35,2025-12-07 19:22:58,Completed,2025-12-07 18:56:58
R0005668,2025-12-07 17:16:31,F&B,Standard,25,2025-12-07 20:15:31,Completed,2025-12-07 18:01:31
R0005669,2025-12-07 19:36:04,F&B,Standard,25,2025-12-07 21:36:04,Completed,2025-12-07 19:53:04
R0005670,2025-12-07 20:40:41,FrontDesk,Standard,12,2025-12-07 21:43:41,Completed,2025-12-07 21:13:41
R0005671,2025-12-07 14:21:01,Housekeeping,Standard,35,2025-12-07 15:34:01,Completed,2025-12-07 14:56:01
R0005672,2025-12-07 16:30:43,FrontDesk,Standard,12,2025-12-07 18:22:43,Open,
R0005673,2025-12-07 21:23:56,FrontDesk,Standard,12,2025-12-08 00:23:56,Completed,2025-12-07 21:38:56
R0005674,2025-12-07 19:41:56,F&B,Standard,25,2025-12-07 21:16:56,Completed,2025-12-07 20:12:56
R0005675,2025-12-07 18:29:19,Maintenance,Standard,55,2025-12-07 20:56:19,Completed,2025-12-07 19:17:19
R0005676,2025-12-07 20:52:51,Housekeeping,Urgent,18,2025-12-07 21:47:51,Completed,2025-12-07 21:34:51
R0005677,2025-12-07 17:58:35,F&B,Standard,25,2025-12-07 20:08:35,Completed,2025-12-07 18:31:35
R0005678,2025-12-07 19:43:42,FrontDesk,Standard,12,2025-12-07 20:54:42,Completed,2025-12-07 20:21:42
R0005679,2025-12-07 12:35:29,Housekeeping,Standard,35,2025-12-07 14:01:29,Completed,2025-12-07 13:43:29
R0005680,2025-12-07 19:03:38,Housekeeping,Standard,35,2025-12-07 21:35:38,Completed,2025-12-07 19:49:38
R0005681,2025-12-07 12:59:26,Housekeeping,Standard,35,2025-12-07 15:50:26,Completed,2025-12-07 14:09:26
R0005682,2025-12-07 20:38:47,F&B,Standard,25,2025-12-07 22:20:47,Completed,2025-12-07 21:09:47
R0005683,2025-12-07 07:13:38,Maintenance,Standard,55,2025-12-07 09:36:38,Completed,2025-12-07 08:06:38
R0005684,2025-12-07 19:20:34,F&B,Standard,25,2025-12-07 20:58:34,Completed,2025-12-07 19:46:34
R0005685,2025-12-07 07:34:35,Housekeeping,Standard,35,2025-12-07 08:54:35,Completed,2025-12-07 08:26:35
R0005686,2025-12-07 13:27:54,F&B,Standard,25,2025-12-07 14:40:54,Completed,2025-12-07 14:05:54
R0005687,2025-12-07 10:57:42,Housekeeping,Standard,35,2025-12-07 12:40:42,Completed,2025-12-07 12:11:42
R0005688,2025-12-07 19:44:30,F&B,Standard,25,2025-12-07 21:51:30,Completed,2025-12-07 20:20:30
R0005689,2025-12-07 18:21:17,F&B,Standard,25,2025-12-07 20:11:17,Completed,2025-12-07 19:07:17
R0005690,2025-12-07 18:37:52,F&B,Standard,25,2025-12-07 21:25:52,Completed,2025-12-07 18:56:52
R0005691,2025-12-07 12:16:52,Housekeeping,Standard,35,2025-12-07 14:28:52,Completed,2025-12-07 13:23:52
R0005692,2025-12-07 19:25:13,FrontDesk,Standard,12,2025-12-07 21:56:13,Completed,2025-12-07 19:56:13
R0005693,2025-12-07 19:57:56,Housekeeping,Standard,35,2025-12-07 22:57:56,Completed,2025-12-07 20:38:56
R0005694,2025-12-07 14:19:35,F&B,Standard,25,2025-12-07 15:52:35,Completed,2025-12-07 14:37:35
R0005695,2025-12-07 14:33:40,Housekeeping,Standard,35,2025-12-07 17:30:40,Completed,2025-12-07 15:10:40
R0005696,2025-12-07 13:35:33,Housekeeping,Standard,35,2025-12-07 16:27:33,Completed,2025-12-07 14:05:33
R0005697,2025-12-07 20:40:12,Housekeeping,Standard,35,2025-12-07 22:34:12,Completed,2025-12-07 21:16:12
R0005698,2025-12-07 13:52:05,Housekeeping,Standard,35,2025-12-07 16:22:05,Completed,2025-12-07 14:19:05
R0005699,2025-12-07 17:17:25,F&B,Standard,25,2025-12-07 18:45:25,Completed,2025-12-07 17:55:25
R0005700,2025-12-07 20:26:56,FrontDesk,Urgent,6,2025-12-07 21:20:56,In_Progress,
R0005701,2025-12-07 07:18:51,Housekeeping,Standard,35,2025-12-07 10:06:51,Completed,2025-12-07 08:01:51
R0005702,2025-12-07 17:09:32,F&B,Standard,25,2025-12-07 18:37:32,Completed,2025-12-07 17:50:32
R0005703,2025-12-07 22:51:41,Maintenance,Standard,55,2025-12-08 01:31:41,Completed,2025-12-08 00:28:41
R0005704,2025-12-07 21:43:55,F&B,Standard,25,2025-12-08 00:22:55,Completed,2025-12-07 22:24:55
R0005705,2025-12-07 11:44:24,F&B,Standard,25,2025-12-07 14:22:24,Completed,2025-12-07 12:22:24
R0005706,2025-12-07 22:06:21,Housekeeping,Standard,35,2025-12-07 23:52:21,Completed,2025-12-07 23:01:21
R0005707,2025-12-07 15:18:06,Housekeeping,Standard,35,2025-12-07 18:13:06,Completed,2025-12-07 15:49:06
R0005708,2025-12-07 14:34:00,Housekeeping,Standard,35,2025-12-07 16:14:00,Completed,2025-12-07 15:05:00
R0005709,2025-12-07 12:24:13,Housekeeping,Standard,35,2025-12-07 13:27:13,Completed,2025-12-07 13:23:13
R0005710,2025-12-07 18:27:16,FrontDesk,Standard,12,2025-12-07 20:52:16,Completed,2025-12-07 18:53:16
R0005711,2025-12-07 21:03:40,F&B,Standard,25,2025-12-07 23:03:40,Completed,2025-12-07 21:45:40
R0005712,2025-12-07 14:06:58,Housekeeping,Standard,35,2025-12-07 16:29:58,Completed,2025-12-07 14:49:58
R0005713,2025-12-07 19:05:16,FrontDesk,Standard,12,2025-12-07 20:26:16,Completed,2025-12-07 19:23:16
R0005714,2025-12-07 14:51:12,Housekeeping,Standard,35,2025-12-07 17:03:12,Completed,2025-12-07 16:03:12
R0005715,2025-12-07 13:02:11,F&B,Standard,25,2025-12-07 15:40:11,Completed,2025-12-07 13:32:11
R0005716,2025-12-07 21:33:53,FrontDesk,Standard,12,2025-12-07 23:28:53,Completed,2025-12-07 22:13:53
R0005717,2025-12-07 14:41:52,FrontDesk,Urgent,6,2025-12-07 15:31:52,Completed,2025-12-07 15:08:52
R0005718,2025-12-07 20:53:12,Maintenance,Standard,55,2025-12-07 22:52:12,Completed,2025-12-07 22:18:12
R0005719,2025-12-07 19:49:56,Housekeeping,Standard,35,2025-12-07 22:38:56,Completed,2025-12-07 21:04:56
R0005720,2025-12-07 17:39:14,F&B,Standard,25,2025-12-07 19:28:14,Completed,2025-12-07 18:02:14
R0005721,2025-12-07 15:05:27,Housekeeping,Standard,35,2025-12-07 17:55:27,Completed,2025-12-07 16:12:27
R0005722,2025-12-07 11:44:42,FrontDesk,Standard,12,2025-12-07 14:00:42,Open,
R0005723,2025-12-07 20:21:16,FrontDesk,Standard,12,2025-12-07 22:00:16,In_Progress,
R0005724,2025-12-07 14:40:48,FrontDesk,Standard,12,2025-12-07 15:45:48,Completed,2025-12-07 15:12:48
R0005725,2025-12-07 14:33:23,F&B,Urgent,12,2025-12-07 14:50:23,Completed,2025-12-07 15:10:23
R0005726,2025-12-07 09:15:16,Maintenance,Standard,55,2025-12-07 11:25:16,Completed,2025-12-07 10:07:16
R0005727,2025-12-07 20:15:48,FrontDesk,Standard,12,2025-12-07 22:57:48,Completed,2025-12-07 20:36:48
R0005728,2025-12-07 18:37:17,FrontDesk,Standard,12,2025-12-07 21:13:17,Completed,2025-12-07 18:57:17
R0005729,2025-12-07 20:16:46,FrontDesk,Standard,12,2025-12-07 21:25:46,Open,
R0005730,2025-12-07 19:56:34,FrontDesk,Standard,12,2025-12-07 21:18:34,Completed,2025-12-07 20:07:34
R0005731,2025-12-07 20:55:26,FrontDesk,Standard,12,2025-12-07 23:12:26,Completed,2025-12-07 21:33:26
R0005732,2025-12-07 07:47:34,Housekeeping,Urgent,18,2025-12-07 08:02:34,In_Progress,
R0005733,2025-12-07 07:31:37,FrontDesk,Urgent,6,2025-12-07 08:12:37,Completed,2025-12-07 07:47:37
R0005734,2025-12-07 11:57:31,Maintenance,Standard,55,2025-12-07 14:13:31,Open,
R0005735,2025-12-07 17:12:55,F&B,Standard,25,2025-12-07 18:58:55,Completed,2025-12-07 17:42:55
R0005736,2025-12-07 20:09:16,F&B,Standard,25,2025-12-07 23:06:16,Completed,2025-12-07 20:36:16
R0005737,2025-12-07 13:01:13,FrontDesk,Standard,12,2025-12-07 14:48:13,Completed,2025-12-07 13:21:13
R0005738,2025-12-07 14:29:40,Housekeeping,Standard,35,2025-12-07 16:40:40,Completed,2025-12-07 15:11:40
R0005739,2025-12-07 19:45:26,F&B,Standard,25,2025-12-07 22:14:26,Open,
R0005740,2025-12-07 20:45:41,Housekeeping,Urgent,18,2025-12-07 21:13:41,Completed,2025-12-07 21:29:41
R0005741,2025-12-07 16:24:31,F&B,Standard,25,2025-12-07 19:13:31,Completed,2025-12-07 17:06:31
R0005742,2025-12-07 11:48:45,F&B,Standard,25,2025-12-07 13:50:45,Completed,2025-12-07 12:23:45
R0005743,2025-12-07 18:03:11,Housekeeping,Standard,35,2025-12-07 20:43:11,Completed,2025-12-07 19:10:11
R0005744,2025-12-07 22:53:05,F&B,Standard,25,2025-12-08 00:12:05,Completed,2025-12-07 23:41:05
R0005745,2025-12-07 14:13:34,F&B,Standard,25,2025-12-07 16:33:34,Completed,2025-12-07 15:06:34
R0005746,2025-12-07 11:34:03,Housekeeping,Standard,35,2025-12-07 13:55:03,Completed,2025-12-07 12:26:03
R0005747,2025-12-07 13:42:48,Housekeeping,Standard,35,2025-12-07 14:44:48,Completed,2025-12-07 14:42:48
R0005748,2025-12-07 22:42:43,F&B,Standard,25,2025-12-08 01:32:43,Completed,2025-12-07 22:47:43
R0005749,2025-12-07 14:22:45,F&B,Standard,25,2025-12-07 16:28:45,Completed,2025-12-07 14:51:45
R0005750,2025-12-07 14:20:58,FrontDesk,Urgent,6,2025-12-07 14:56:58,Open,
R0005751,2025-12-07 16:57:36,Maintenance,Urgent,30,2025-12-07 17:31:36,Completed,2025-12-07 17:31:36
R0005752,2025-12-07 13:14:48,Housekeeping,Standard,35,2025-12-07 14:30:48,In_Progress,
R0005753,2025-12-07 21:22:06,Maintenance,Standard,55,2025-12-07 22:33:06,Open,
R0005754,2025-12-07 12:41:21,Housekeeping,Standard,35,2025-12-07 13:52:21,Completed,2025-12-07 13:37:21
R0005755,2025-12-07 10:17:01,F&B,Standard,25,2025-12-07 12:16:01,Completed,2025-12-07 10:51:01
R0005756,2025-12-07 12:56:34,Housekeeping,Standard,35,2025-12-07 14:17:34,Open,
R0005757,2025-12-07 18:45:31,FrontDesk,Standard,12,2025-12-07 20:24:31,Completed,2025-12-07 19:17:31
R0005758,2025-12-07 10:04:12,FrontDesk,Standard,12,2025-12-07 12:48:12,Completed,2025-12-07 10:44:12
R0005759,2025-12-07 14:22:19,Housekeeping,Standard,35,2025-12-07 16:27:19,Completed,2025-12-07 15:33:19
R0005760,2025-12-07 19:43:57,Housekeeping,Standard,35,2025-12-07 22:14:57,Completed,2025-12-07 20:35:57
R0005761,2025-12-07 14:25:18,Maintenance,Standard,55,2025-12-07 17:18:18,Completed,2025-12-07 15:23:18
R0005762,2025-12-07 12:15:16,FrontDesk,Standard,12,2025-12-07 13:33:16,Completed,2025-12-07 12:33:16
R0005763,2025-12-07 16:34:44,Housekeeping,Standard,35,2025-12-07 17:41:44,Completed,2025-12-07 17:23:44
R0005764,2025-12-07 20:46:17,Housekeeping,Standard,35,2025-12-07 22:38:17,Completed,2025-12-07 21:36:17
R0005765,2025-12-07 14:05:11,FrontDesk,Urgent,6,2025-12-07 14:57:11,Completed,2025-12-07 14:24:11
R0005766,2025-12-07 18:03:32,FrontDesk,Urgent,6,2025-12-07 18:28:32,Completed,2025-12-07 18:30:32
R0005767,2025-12-07 20:02:43,F&B,Standard,25,2025-12-07 22:48:43,Completed,2025-12-07 20:35:43
R0005768,2025-12-07 22:26:58,Housekeeping,Standard,35,2025-12-08 00:59:58,Completed,2025-12-07 23:16:58
R0005769,2025-12-07 22:18:19,FrontDesk,Standard,12,2025-12-08 00:16:19,Completed,2025-12-07 22:31:19
R0005770,2025-12-07 19:16:32,FrontDesk,Standard,12,2025-12-07 20:38:32,Open,
R0005771,2025-12-07 13:06:00,FrontDesk,Standard,12,2025-12-07 14:34:00,Completed,2025-12-07 13:11:00
R0005772,2025-12-07 20:19:23,Maintenance,Standard,55,2025-12-07 22:44:23,Completed,2025-12-07 21:37:23
R0005773,2025-12-07 21:35:41,Housekeeping,Standard,35,2025-12-07 22:50:41,Completed,2025-12-07 22:24:41
R0005774,2025-12-07 21:31:19,Housekeeping,Standard,35,2025-12-07 22:50:19,Completed,2025-12-07 22:22:19
R0005775,2025-12-07 09:54:41,Housekeeping,Standard,35,2025-12-07 12:33:41,Completed,2025-12-07 10:56:41
R0005776,2025-12-07 09:48:12,Maintenance,Standard,55,2025-12-07 11:20:12,Completed,2025-12-07 10:56:12
R0005777,2025-12-07 21:04:56,Housekeeping,Standard,35,2025-12-07 23:16:56,Completed,2025-12-07 21:34:56
R0005778,2025-12-07 19:11:18,Housekeeping,Standard,35,2025-12-07 20:52:18,Completed,2025-12-07 19:42:18
R0005779,2025-12-07 11:00:27,Maintenance,Standard,55,2025-12-07 12:34:27,Completed,2025-12-07 12:00:27
R0005780,2025-12-07 18:58:40,FrontDesk,Standard,12,2025-12-07 21:25:40,Completed,2025-12-07 19:28:40
R0005781,2025-12-07 20:43:39,F&B,Standard,25,2025-12-07 22:41:39,Completed,2025-12-07 21:23:39
R0005782,2025-12-07 08:12:04,F&B,Standard,25,2025-12-07 09:12:04,Completed,2025-12-07 09:09:04
R0005783,2025-12-07 18:35:16,F&B,Standard,25,2025-12-07 20:59:16,Completed,2025-12-07 19:05:16
R0005784,2025-12-07 19:54:15,F&B,Standard,25,2025-12-07 21:15:15,Completed,2025-12-07 20:46:15
R0005785,2025-12-07 10:00:33,FrontDesk,Standard,12,2025-12-07 11:18:33,Completed,2025-12-07 10:15:33
R0005786,2025-12-07 10:37:01,Housekeeping,Standard,35,2025-12-07 12:20:01,Completed,2025-12-07 11:15:01
R0005787,2025-12-07 14:46:53,F&B,Standard,25,2025-12-07 16:17:53,Completed,2025-12-07 15:30:53
R0005788,2025-12-07 17:39:24,Housekeeping,Standard,35,2025-12-07 18:57:24,Completed,2025-12-07 18:57:24
R0005789,2025-12-07 17:17:46,Housekeeping,Standard,35,2025-12-07 18:51:46,Open,
R0005790,2025-12-07 13:32:56,F&B,Urgent,12,2025-12-07 14:25:56,Open,
R0005791,2025-12-07 18:12:12,Housekeeping,Urgent,18,2025-12-07 19:02:12,Completed,2025-12-07 18:36:12
R0005792,2025-12-07 11:29:22,F&B,Standard,25,2025-12-07 12:59:22,Completed,2025-12-07 12:21:22
R0005793,2025-12-07 14:16:38,Housekeeping,Standard,35,2025-12-07 15:25:38,Completed,2025-12-07 14:49:38
R0005794,2025-12-07 11:08:34,Housekeeping,Standard,35,2025-12-07 13:16:34,Completed,2025-12-07 12:08:34
R0005795,2025-12-07 14:30:25,F&B,Standard,25,2025-12-07 15:43:25,Completed,2025-12-07 14:56:25
R0005796,2025-12-07 07:12:20,Housekeeping,Standard,35,2025-12-07 08:59:20,Completed,2025-12-07 07:34:20
R0005797,2025-12-07 09:56:16,Housekeeping,Standard,35,2025-12-07 12:15:16,Completed,2025-12-07 10:41:16
R0005798,2025-12-07 11:02:53,F&B,Standard,25,2025-12-07 12:59:53,Completed,2025-12-07 11:32:53
R0005799,2025-12-07 13:30:17,F&B,Standard,25,2025-12-07 15:42:17,Completed,2025-12-07 14:13:17
R0005800,2025-12-07 19:26:24,F&B,Standard,25,2025-12-07 20:43:24,Completed,2025-12-07 20:28:24
R0005801,2025-12-07 17:17:11,Maintenance,Standard,55,2025-12-07 20:13:11,Completed,2025-12-07 18:25:11
R0005802,2025-12-07 08:21:12,Housekeeping,Standard,35,2025-12-07 11:09:12,Completed,2025-12-07 09:33:12
R0005803,2025-12-07 10:25:13,Housekeeping,Urgent,18,2025-12-07 11:22:13,Completed,2025-12-07 11:11:13
R0005804,2025-12-07 07:21:51,FrontDesk,Standard,12,2025-12-07 08:31:51,Completed,2025-12-07 07:33:51
R0005805,2025-12-07 21:14:17,FrontDesk,Standard,12,2025-12-07 23:09:17,Completed,2025-12-07 21:28:17
R0005806,2025-12-07 12:24:33,F&B,Urgent,12,2025-12-07 12:56:33,Completed,2025-12-07 12:38:33
R0005807,2025-12-07 15:03:53,F&B,Standard,25,2025-12-07 17:18:53,Completed,2025-12-07 15:38:53
R0005808,2025-12-07 10:08:12,Housekeeping,Standard,35,2025-12-07 12:02:12,Completed,2025-12-07 10:48:12
R0005809,2025-12-07 15:34:06,F&B,Standard,25,2025-12-07 16:45:06,Completed,2025-12-07 16:27:06
R0005810,2025-12-07 21:36:21,Housekeeping,Standard,35,2025-12-07 23:42:21,Completed,2025-12-07 22:27:21
R0005811,2025-12-07 15:08:36,Housekeeping,Standard,35,2025-12-07 16:56:36,Completed,2025-12-07 15:42:36
R0005812,2025-12-07 21:34:48,F&B,Standard,25,2025-12-07 23:30:48,Completed,2025-12-07 22:01:48
R0005813,2025-12-07 16:43:25,F&B,Standard,25,2025-12-07 18:33:25,Completed,2025-12-07 17:27:25
R0005814,2025-12-07 11:24:14,FrontDesk,Standard,12,2025-12-07 13:48:14,Completed,2025-12-07 11:42:14
R0005815,2025-12-07 19:48:05,FrontDesk,Standard,12,2025-12-07 21:12:05,Completed,2025-12-07 20:05:05
R0005816,2025-12-07 19:45:58,FrontDesk,Standard,12,2025-12-07 21:50:58,Completed,2025-12-07 20:24:58
R0005817,2025-12-07 13:31:13,Maintenance,Standard,55,2025-12-07 14:38:13,Completed,2025-12-07 14:16:13
R0005818,2025-12-07 22:16:18,Housekeeping,Standard,35,2025-12-07 23:48:18,Completed,2025-12-07 23:12:18
R0005819,2025-12-07 11:07:06,F&B,Standard,25,2025-12-07 12:20:06,Completed,2025-12-07 11:57:06
R0005820,2025-12-07 11:02:37,FrontDesk,Standard,12,2025-12-07 12:38:37,Completed,2025-12-07 11:14:37
R0005821,2025-12-07 11:25:48,FrontDesk,Standard,12,2025-12-07 13:15:48,Completed,2025-12-07 11:58:48
R0005822,2025-12-07 08:43:13,Housekeeping,Standard,35,2025-12-07 10:29:13,Completed,2025-12-07 09:40:13
R0005823,2025-12-07 19:07:40,FrontDesk,Standard,12,2025-12-07 20:16:40,Completed,2025-12-07 19:21:40
R0005824,2025-12-07 20:55:37,F&B,Standard,25,2025-12-07 22:07:37,In_Progress,
R0005825,2025-12-07 12:37:05,Maintenance,Standard,55,2025-12-07 14:08:05,Completed,2025-12-07 14:10:05
R0005826,2025-12-07 20:55:36,Housekeeping,Standard,35,2025-12-07 22:19:36,Completed,2025-12-07 21:34:36
R0005827,2025-12-07 18:19:36,F&B,Standard,25,2025-12-07 20:33:36,Completed,2025-12-07 19:01:36
R0005828,2025-12-07 11:08:57,F&B,Standard,25,2025-12-07 13:27:57,Completed,2025-12-07 11:43:57
R0005829,2025-12-07 11:39:12,F&B,Standard,25,2025-12-07 14:08:12,Completed,2025-12-07 12:14:12
R0005830,2025-12-07 18:26:21,Housekeeping,Standard,35,2025-12-07 21:10:21,Completed,2025-12-07 19:01:21
R0005831,2025-12-07 08:23:14,F&B,Standard,25,2025-12-07 10:25:14,In_Progress,
R0005832,2025-12-07 09:11:30,FrontDesk,Urgent,6,2025-12-07 09:37:30,Completed,2025-12-07 09:44:30
R0005833,2025-12-07 09:12:43,F&B,Standard,25,2025-12-07 11:51:43,In_Progress,
R0005834,2025-12-07 20:00:55,Housekeeping,Urgent,18,2025-12-07 20:50:55,Open,
R0005835,2025-12-07 14:54:09,Housekeeping,Standard,35,2025-12-07 17:49:09,Completed,2025-12-07 15:37:09
R0005836,2025-12-07 20:12:53,F&B,Urgent,12,2025-12-07 20:32:53,Completed,2025-12-07 20:23:53
R0005837,2025-12-07 12:11:05,F&B,Standard,25,2025-12-07 13:29:05,Completed,2025-12-07 12:56:05
R0005838,2025-12-07 21:46:36,Housekeeping,Standard,35,2025-12-07 23:10:36,Completed,2025-12-07 22:30:36
R0005839,2025-12-07 19:16:29,Housekeeping,Standard,35,2025-12-07 20:22:29,Completed,2025-12-07 19:57:29
R0005840,2025-12-07 17:05:04,FrontDesk,Urgent,6,2025-12-07 17:29:04,Completed,2025-12-07 17:37:04
R0005841,2025-12-07 10:45:37,Housekeeping,Standard,35,2025-12-07 12:32:37,Completed,2025-12-07 11:25:37
R0005842,2025-12-07 13:59:19,FrontDesk,Standard,12,2025-12-07 16:59:19,Open,
R0005843,2025-12-07 19:29:38,FrontDesk,Standard,12,2025-12-07 20:32:38,Completed,2025-12-07 20:04:38
R0005844,2025-12-07 13:53:19,FrontDesk,Standard,12,2025-12-07 16:37:19,Completed,2025-12-07 14:12:19
R0005845,2025-12-07 22:18:33,F&B,Urgent,12,2025-12-07 22:57:33,Completed,2025-12-07 22:50:33
R0005846,2025-12-07 14:45:59,Maintenance,Standard,55,2025-12-07 16:48:59,Completed,2025-12-07 15:52:59
R0005847,2025-12-07 09:26:44,F&B,Standard,25,2025-12-07 12:03:44,Completed,2025-12-07 10:23:44
R0005848,2025-12-07 12:43:22,Housekeeping,Standard,35,2025-12-07 14:29:22,Completed,2025-12-07 13:34:22
R0005849,2025-12-07 09:06:59,Housekeeping,Urgent,18,2025-12-07 09:31:59,Completed,2025-12-07 09:28:59
R0005850,2025-12-07 09:36:19,Housekeeping,Standard,35,2025-12-07 11:40:19,Completed,2025-12-07 10:18:19
R0005851,2025-12-07 13:44:17,F&B,Urgent,12,2025-12-07 14:34:17,Completed,2025-12-07 14:14:17
R0005852,2025-12-07 22:29:43,F&B,Urgent,12,2025-12-07 22:48:43,Completed,2025-12-07 22:45:43
R0005853,2025-12-07 19:57:16,FrontDesk,Urgent,6,2025-12-07 20:16:16,Completed,2025-12-07 20:08:16
R0005854,2025-12-07 21:39:45,F&B,Standard,25,2025-12-07 23:55:45,Completed,2025-12-07 22:22:45
R0005855,2025-12-07 22:44:31,FrontDesk,Standard,12,2025-12-08 01:19:31,Completed,2025-12-07 23:22:31
R0005856,2025-12-07 10:33:48,FrontDesk,Standard,12,2025-12-07 12:05:48,Completed,2025-12-07 10:56:48
R0005857,2025-12-07 11:28:44,F&B,Standard,25,2025-12-07 13:54:44,In_Progress,
R0005858,2025-12-07 08:03:55,FrontDesk,Urgent,6,2025-12-07 08:22:55,Completed,2025-12-07 08:31:55
R0005859,2025-12-07 21:38:57,Maintenance,Standard,55,2025-12-07 23:02:57,Completed,2025-12-07 22:14:57
R0005860,2025-12-07 09:40:28,Housekeeping,Standard,35,2025-12-07 11:07:28,Completed,2025-12-07 10:53:28
R0005861,2025-12-07 10:06:54,FrontDesk,Urgent,6,2025-12-07 11:04:54,Open,
R0005862,2025-12-07 08:34:42,FrontDesk,Urgent,6,2025-12-07 09:22:42,Completed,2025-12-07 09:07:42
R0005863,2025-12-07 20:50:31,Housekeeping,Standard,35,2025-12-07 22:53:31,Completed,2025-12-07 21:47:31
R0005864,2025-12-07 12:43:07,FrontDesk,Standard,12,2025-12-07 14:51:07,Completed,2025-12-07 13:13:07
R0005865,2025-12-07 08:14:56,Housekeeping,Standard,35,2025-12-07 09:17:56,Completed,2025-12-07 09:05:56
R0005866,2025-12-07 07:53:04,F&B,Standard,25,2025-12-07 09:00:04,Completed,2025-12-07 08:22:04
R0005867,2025-12-07 18:56:08,FrontDesk,Urgent,6,2025-12-07 19:41:08,Completed,2025-12-07 19:13:08
R0005868,2025-12-07 10:37:03,Maintenance,Standard,55,2025-12-07 13:23:03,Completed,2025-12-07 12:00:03
R0005869,2025-12-07 08:05:57,F&B,Standard,25,2025-12-07 09:06:57,Completed,2025-12-07 08:28:57
R0005870,2025-12-07 20:36:47,Housekeeping,Standard,35,2025-12-07 22:03:47,Completed,2025-12-07 21:40:47
R0005871,2025-12-07 18:39:41,Housekeeping,Urgent,18,2025-12-07 18:54:41,In_Progress,
R0005872,2025-12-07 15:34:09,FrontDesk,Standard,12,2025-12-07 17:46:09,Completed,2025-12-07 16:09:09
R0005873,2025-12-07 07:07:10,Maintenance,Standard,55,2025-12-07 08:14:10,Completed,2025-12-07 08:37:10
R0005874,2025-12-07 12:39:17,Housekeeping,Standard,35,2025-12-07 14:52:17,Completed,2025-12-07 13:12:17
R0005875,2025-12-07 20:54:45,F&B,Standard,25,2025-12-07 22:47:45,Completed,2025-12-07 21:23:45
R0005876,2025-12-07 16:02:36,Housekeeping,Standard,35,2025-12-07 18:55:36,Completed,2025-12-07 16:54:36
R0005877,2025-12-07 11:25:02,Housekeeping,Urgent,18,2025-12-07 12:03:02,Completed,2025-12-07 12:02:02
R0005878,2025-12-07 18:41:26,Maintenance,Standard,55,2025-12-07 21:41:26,Completed,2025-12-07 19:59:26
R0005879,2025-12-07 17:16:41,F&B,Urgent,12,2025-12-07 17:41:41,Completed,2025-12-07 17:42:41
R0005880,2025-12-07 16:33:30,F&B,Standard,25,2025-12-07 19:03:30,Completed,2025-12-07 17:17:30
R0005881,2025-12-07 19:13:42,Maintenance,Standard,55,2025-12-07 20:30:42,Completed,2025-12-07 20:27:42
R0005882,2025-12-07 19:50:38,F&B,Standard,25,2025-12-07 22:07:38,Completed,2025-12-07 20:52:38
R0005883,2025-12-07 12:34:08,Housekeeping,Urgent,18,2025-12-07 13:07:08,In_Progress,
R0005884,2025-12-07 21:34:07,F&B,Standard,25,2025-12-08 00:12:07,Completed,2025-12-07 22:14:07
R0005885,2025-12-07 11:03:50,Housekeeping,Standard,35,2025-12-07 12:31:50,Completed,2025-12-07 11:36:50
R0005886,2025-12-07 08:00:11,FrontDesk,Standard,12,2025-12-07 10:19:11,Completed,2025-12-07 08:38:11
R0005887,2025-12-07 20:00:55,FrontDesk,Standard,12,2025-12-07 21:15:55,Completed,2025-12-07 20:24:55
R0005888,2025-12-07 13:29:49,Housekeeping,Standard,35,2025-12-07 15:26:49,Completed,2025-12-07 14:16:49
R0005889,2025-12-07 18:39:43,Maintenance,Standard,55,2025-12-07 20:46:43,Completed,2025-12-07 19:47:43
R0005890,2025-12-07 11:54:35,Housekeeping,Standard,35,2025-12-07 14:16:35,Completed,2025-12-07 12:33:35
R0005891,2025-12-07 16:49:16,Housekeeping,Standard,35,2025-12-07 18:16:16,Completed,2025-12-07 17:37:16
R0005892,2025-12-07 12:41:33,F&B,Standard,25,2025-12-07 14:45:33,In_Progress,
R0005893,2025-12-07 11:18:48,F&B,Standard,25,2025-12-07 12:36:48,Completed,2025-12-07 12:05:48
R0005894,2025-12-07 13:56:28,F&B,Standard,25,2025-12-07 16:09:28,Completed,2025-12-07 14:15:28
R0005895,2025-12-07 09:39:28,F&B,Standard,25,2025-12-07 12:12:28,Open,
R0005896,2025-12-07 18:45:55,FrontDesk,Standard,12,2025-12-07 20:17:55,Completed,2025-12-07 18:56:55
R0005897,2025-12-07 12:14:15,FrontDesk,Standard,12,2025-12-07 13:39:15,Completed,2025-12-07 12:47:15
R0005898,2025-12-07 22:36:40,FrontDesk,Standard,12,2025-12-07 23:49:40,Completed,2025-12-07 22:48:40
R0005899,2025-12-07 22:12:31,FrontDesk,Standard,12,2025-12-08 00:38:31,Completed,2025-12-07 22:25:31
R0005900,2025-12-07 09:05:28,F&B,Standard,25,2025-12-07 11:55:28,Completed,2025-12-07 09:41:28
R0005901,2025-12-07 09:19:42,F&B,Standard,25,2025-12-07 10:28:42,Completed,2025-12-07 09:59:42
R0005902,2025-12-07 21:33:43,Housekeeping,Standard,35,2025-12-08 00:09:43,Completed,2025-12-07 22:18:43
R0005903,2025-12-07 14:20:40,Maintenance,Urgent,30,2025-12-07 15:13:40,Completed,2025-12-07 15:18:40
R0005904,2025-12-07 14:22:32,Maintenance,Standard,55,2025-12-07 16:23:32,Completed,2025-12-07 15:51:32
R0005905,2025-12-07 15:55:29,FrontDesk,Standard,12,2025-12-07 18:10:29,Completed,2025-12-07 16:10:29
R0005906,2025-12-07 19:41:55,Housekeeping,Standard,35,2025-12-07 20:54:55,Completed,2025-12-07 20:20:55
R0005907,2025-12-07 14:59:00,F&B,Standard,25,2025-12-07 17:42:00,Completed,2025-12-07 15:11:00
R0005908,2025-12-07 20:34:53,Housekeeping,Standard,35,2025-12-07 21:59:53,Completed,2025-12-07 21:21:53
R0005909,2025-12-07 12:45:09,Housekeeping,Urgent,18,2025-12-07 13:41:09,Completed,2025-12-07 13:19:09
R0005910,2025-12-07 19:25:25,FrontDesk,Standard,12,2025-12-07 22:10:25,Completed,2025-12-07 19:39:25
R0005911,2025-12-07 17:04:52,FrontDesk,Urgent,6,2025-12-07 18:01:52,Completed,2025-12-07 17:27:52
R0005912,2025-12-07 13:27:12,F&B,Standard,25,2025-12-07 15:44:12,Completed,2025-12-07 14:18:12
R0005913,2025-12-07 17:37:49,FrontDesk,Standard,12,2025-12-07 19:26:49,In_Progress,
R0005914,2025-12-07 20:05:00,Housekeeping,Standard,35,2025-12-07 21:13:00,Completed,2025-12-07 20:50:00
R0005915,2025-12-07 22:37:19,F&B,Standard,25,2025-12-08 00:59:19,Completed,2025-12-07 22:57:19
R0005916,2025-12-07 10:10:38,F&B,Standard,25,2025-12-07 12:54:38,Completed,2025-12-07 11:00:38
R0005917,2025-12-07 07:57:14,FrontDesk,Standard,12,2025-12-07 09:14:14,Completed,2025-12-07 08:30:14
R0005918,2025-12-07 19:08:49,Housekeeping,Standard,35,2025-12-07 21:05:49,Completed,2025-12-07 20:17:49
R0005919,2025-12-07 14:08:54,FrontDesk,Urgent,6,2025-12-07 14:56:54,Completed,2025-12-07 14:29:54
R0005920,2025-12-07 08:39:49,Housekeeping,Standard,35,2025-12-07 11:30:49,Completed,2025-12-07 09:19:49
R0005921,2025-12-07 11:50:40,Housekeeping,Standard,35,2025-12-07 14:47:40,Completed,2025-12-07 12:59:40
R0005922,2025-12-07 07:25:31,Maintenance,Standard,55,2025-12-07 09:12:31,Completed,2025-12-07 08:55:31
R0005923,2025-12-07 14:15:24,FrontDesk,Standard,12,2025-12-07 16:43:24,Completed,2025-12-07 14:56:24
R0005924,2025-12-07 14:41:27,F&B,Standard,25,2025-12-07 15:54:27,Completed,2025-12-07 15:09:27
R0005925,2025-12-07 19:39:59,Housekeeping,Standard,35,2025-12-07 21:38:59,Completed,2025-12-07 20:27:59
R0005926,2025-12-07 21:58:25,Housekeeping,Standard,35,2025-12-08 00:22:25,Completed,2025-12-07 22:44:25
R0005927,2025-12-07 10:59:17,F&B,Standard,25,2025-12-07 12:41:17,Completed,2025-12-07 11:42:17
R0005928,2025-12-07 18:23:53,F&B,Urgent,12,2025-12-07 19:08:53,Completed,2025-12-07 18:44:53
R0005929,2025-12-07 11:25:07,FrontDesk,Standard,12,2025-12-07 13:10:07,Completed,2025-12-07 11:36:07
R0005930,2025-12-07 21:55:57,FrontDesk,Standard,12,2025-12-07 22:59:57,Completed,2025-12-07 22:24:57
R0005931,2025-12-07 09:10:01,FrontDesk,Standard,12,2025-12-07 11:52:01,Completed,2025-12-07 09:18:01
R0005932,2025-12-07 16:30:35,Housekeeping,Standard,35,2025-12-07 18:12:35,Completed,2025-12-07 17:39:35
R0005933,2025-12-07 09:48:52,F&B,Standard,25,2025-12-07 11:34:52,Completed,2025-12-07 10:41:52
R0005934,2025-12-07 18:58:34,Housekeeping,Standard,35,2025-12-07 21:14:34,In_Progress,
R0005935,2025-12-07 14:06:31,F&B,Standard,25,2025-12-07 15:42:31,Completed,2025-12-07 14:44:31
R0005936,2025-12-07 14:40:09,FrontDesk,Standard,12,2025-12-07 16:58:09,Completed,2025-12-07 15:15:09
R0005937,2025-12-07 07:09:59,F&B,Standard,25,2025-12-07 09:00:59,Completed,2025-12-07 07:56:59
R0005938,2025-12-07 09:30:41,F&B,Standard,25,2025-12-07 10:31:41,Open,
R0005939,2025-12-07 09:01:20,Housekeeping,Standard,35,2025-12-07 11:47:20,In_Progress,
R0005940,2025-12-08 15:41:47,F&B,Standard,25,2025-12-08 17:07:47,Completed,2025-12-08 16:11:47
R0005941,2025-12-08 21:11:10,F&B,Standard,25,2025-12-08 22:58:10,Completed,2025-12-08 21:48:10
R0005942,2025-12-08 20:09:17,FrontDesk,Standard,12,2025-12-08 22:31:17,Completed,2025-12-08 20:18:17
R0005943,2025-12-08 19:22:32,Maintenance,Standard,55,2025-12-08 20:38:32,Completed,2025-12-08 21:12:32
R0005944,2025-12-08 18:42:10,F&B,Standard,25,2025-12-08 20:28:10,Completed,2025-12-08 19:14:10
R0005945,2025-12-08 15:31:42,F&B,Standard,25,2025-12-08 17:50:42,Completed,2025-12-08 16:03:42
R0005946,2025-12-08 21:20:41,FrontDesk,Standard,12,2025-12-08 22:32:41,Completed,2025-12-08 21:36:41
R0005947,2025-12-08 19:45:19,Housekeeping,Standard,35,2025-12-08 22:02:19,Completed,2025-12-08 20:52:19
R0005948,2025-12-08 14:21:44,Housekeeping,Standard,35,2025-12-08 16:10:44,Completed,2025-12-08 15:06:44
R0005949,2025-12-08 16:05:46,FrontDesk,Standard,12,2025-12-08 18:30:46,Completed,2025-12-08 16:29:46
R0005950,2025-12-08 14:12:07,FrontDesk,Standard,12,2025-12-08 15:16:07,Completed,2025-12-08 14:33:07
R0005951,2025-12-08 11:58:57,F&B,Standard,25,2025-12-08 14:17:57,Open,
R0005952,2025-12-08 19:05:32,FrontDesk,Standard,12,2025-12-08 20:54:32,Completed,2025-12-08 19:30:32
R0005953,2025-12-08 10:10:36,Housekeeping,Standard,35,2025-12-08 11:22:36,Completed,2025-12-08 10:53:36
R0005954,2025-12-08 18:46:37,Housekeeping,Standard,35,2025-12-08 21:44:37,Completed,2025-12-08 19:51:37
R0005955,2025-12-08 22:12:23,F&B,Standard,25,2025-12-09 00:37:23,Completed,2025-12-08 22:45:23
R0005956,2025-12-08 13:32:50,FrontDesk,Standard,12,2025-12-08 15:11:50,Open,
R0005957,2025-12-08 15:01:12,FrontDesk,Standard,12,2025-12-08 16:35:12,Completed,2025-12-08 15:36:12
R0005958,2025-12-08 11:17:26,Housekeeping,Urgent,18,2025-12-08 11:33:26,Completed,2025-12-08 11:36:26
R0005959,2025-12-08 21:56:33,Housekeeping,Standard,35,2025-12-08 23:27:33,Completed,2025-12-08 22:31:33
R0005960,2025-12-08 12:55:28,F&B,Standard,25,2025-12-08 15:01:28,Completed,2025-12-08 13:51:28
R0005961,2025-12-08 19:09:59,F&B,Standard,25,2025-12-08 21:59:59,Open,
R0005962,2025-12-08 15:10:32,Housekeeping,Standard,35,2025-12-08 16:16:32,Completed,2025-12-08 16:00:32
R0005963,2025-12-08 19:06:26,F&B,Standard,25,2025-12-08 21:47:26,Completed,2025-12-08 19:24:26
R0005964,2025-12-08 07:35:26,FrontDesk,Standard,12,2025-12-08 09:34:26,Completed,2025-12-08 07:56:26
R0005965,2025-12-08 13:52:29,F&B,Standard,25,2025-12-08 15:36:29,Completed,2025-12-08 14:43:29
R0005966,2025-12-08 10:22:48,Maintenance,Standard,55,2025-12-08 12:33:48,Completed,2025-12-08 11:26:48
R0005967,2025-12-08 19:11:00,F&B,Standard,25,2025-12-08 21:33:00,Completed,2025-12-08 19:59:00
R0005968,2025-12-08 20:20:42,Housekeeping,Standard,35,2025-12-08 21:34:42,Completed,2025-12-08 21:10:42
R0005969,2025-12-08 15:05:13,F&B,Standard,25,2025-12-08 16:45:13,Completed,2025-12-08 15:39:13
R0005970,2025-12-08 07:35:16,FrontDesk,Urgent,6,2025-12-08 08:34:16,Completed,2025-12-08 07:45:16
R0005971,2025-12-08 22:00:18,F&B,Standard,25,2025-12-08 23:12:18,Completed,2025-12-08 22:38:18
R0005972,2025-12-08 20:46:46,FrontDesk,Standard,12,2025-12-08 23:14:46,Completed,2025-12-08 21:21:46
R0005973,2025-12-08 12:47:58,Housekeeping,Standard,35,2025-12-08 14:53:58,Completed,2025-12-08 13:28:58
R0005974,2025-12-08 13:43:11,FrontDesk,Standard,12,2025-12-08 15:59:11,In_Progress,
R0005975,2025-12-08 09:22:40,Housekeeping,Standard,35,2025-12-08 10:56:40,Completed,2025-12-08 10:27:40
R0005976,2025-12-08 11:24:39,Housekeeping,Standard,35,2025-12-08 13:39:39,Completed,2025-12-08 12:01:39
R0005977,2025-12-08 13:34:21,Housekeeping,Standard,35,2025-12-08 16:28:21,Completed,2025-12-08 14:07:21
R0005978,2025-12-08 19:32:57,F&B,Standard,25,2025-12-08 21:35:57,Completed,2025-12-08 20:10:57
R0005979,2025-12-08 17:04:15,FrontDesk,Standard,12,2025-12-08 19:00:15,Completed,2025-12-08 17:17:15
R0005980,2025-12-08 07:24:18,F&B,Standard,25,2025-12-08 09:39:18,Completed,2025-12-08 07:48:18
R0005981,2025-12-08 21:37:49,FrontDesk,Standard,12,2025-12-08 23:19:49,Completed,2025-12-08 21:59:49
R0005982,2025-12-08 07:27:11,Maintenance,Standard,55,2025-12-08 09:38:11,Completed,2025-12-08 09:07:11
R0005983,2025-12-08 09:15:08,Housekeeping,Standard,35,2025-12-08 11:05:08,Completed,2025-12-08 09:46:08
R0005984,2025-12-08 19:47:20,F&B,Standard,25,2025-12-08 21:59:20,Open,
R0005985,2025-12-08 20:29:52,Housekeeping,Standard,35,2025-12-08 23:03:52,Completed,2025-12-08 21:14:52
R0005986,2025-12-08 14:30:48,Maintenance,Standard,55,2025-12-08 16:52:48,Completed,2025-12-08 15:21:48
R0005987,2025-12-08 14:51:35,Housekeeping,Standard,35,2025-12-08 16:47:35,Open,
R0005988,2025-12-08 12:25:16,F&B,Standard,25,2025-12-08 13:57:16,Completed,2025-12-08 13:08:16
R0005989,2025-12-08 20:43:15,F&B,Standard,25,2025-12-08 21:56:15,Completed,2025-12-08 21:33:15
R0005990,2025-12-08 14:07:40,FrontDesk,Standard,12,2025-12-08 16:29:40,Completed,2025-12-08 14:27:40
R0005991,2025-12-08 19:33:55,F&B,Standard,25,2025-12-08 20:56:55,Completed,2025-12-08 19:55:55
R0005992,2025-12-08 07:27:39,Housekeeping,Urgent,18,2025-12-08 08:02:39,Completed,2025-12-08 08:02:39
R0005993,2025-12-08 14:27:56,Housekeeping,Standard,35,2025-12-08 16:39:56,Completed,2025-12-08 15:06:56
R0005994,2025-12-08 14:25:22,F&B,Standard,25,2025-12-08 17:10:22,Completed,2025-12-08 15:13:22
R0005995,2025-12-08 20:37:54,F&B,Standard,25,2025-12-08 22:25:54,Completed,2025-12-08 21:16:54
R0005996,2025-12-08 16:40:04,Housekeeping,Standard,35,2025-12-08 18:00:04,Completed,2025-12-08 17:35:04
R0005997,2025-12-08 16:56:08,F&B,Standard,25,2025-12-08 19:08:08,Completed,2025-12-08 17:42:08
R0005998,2025-12-08 21:26:58,F&B,Standard,25,2025-12-08 22:49:58,Completed,2025-12-08 21:59:58
R0005999,2025-12-08 11:45:30,Maintenance,Standard,55,2025-12-08 13:03:30,Completed,2025-12-08 12:59:30
R0006000,2025-12-08 11:52:30,F&B,Standard,25,2025-12-08 14:29:30,Open,
R0006001,2025-12-08 12:16:15,Maintenance,Standard,55,2025-12-08 14:07:15,Completed,2025-12-08 13:17:15
R0006002,2025-12-08 10:42:24,F&B,Standard,25,2025-12-08 13:07:24,Completed,2025-12-08 11:31:24
R0006003,2025-12-08 18:48:41,Housekeeping,Standard,35,2025-12-08 21:35:41,Completed,2025-12-08 19:32:41
R0006004,2025-12-08 21:51:24,FrontDesk,Standard,12,2025-12-08 23:11:24,Completed,2025-12-08 22:26:24
R0006005,2025-12-08 14:10:12,F&B,Standard,25,2025-12-08 15:35:12,Completed,2025-12-08 14:50:12
R0006006,2025-12-08 14:30:07,FrontDesk,Standard,12,2025-12-08 16:17:07,Completed,2025-12-08 15:02:07
R0006007,2025-12-08 21:44:35,Housekeeping,Standard,35,2025-12-09 00:19:35,Completed,2025-12-08 22:27:35
R0006008,2025-12-08 20:24:30,Maintenance,Standard,55,2025-12-08 22:35:30,Completed,2025-12-08 21:30:30
R0006009,2025-12-08 14:35:18,FrontDesk,Standard,12,2025-12-08 16:58:18,In_Progress,
R0006010,2025-12-08 17:55:07,Housekeeping,Standard,35,2025-12-08 19:28:07,Completed,2025-12-08 18:45:07
R0006011,2025-12-08 14:40:27,Maintenance,Urgent,30,2025-12-08 15:04:27,Completed,2025-12-08 15:14:27
R0006012,2025-12-08 15:57:52,Housekeeping,Standard,35,2025-12-08 17:53:52,Completed,2025-12-08 16:45:52
R0006013,2025-12-08 10:58:37,Housekeeping,Standard,35,2025-12-08 13:04:37,Open,
R0006014,2025-12-08 14:14:24,Housekeeping,Standard,35,2025-12-08 15:39:24,Completed,2025-12-08 14:52:24
R0006015,2025-12-08 16:32:09,F&B,Urgent,12,2025-12-08 16:55:09,Completed,2025-12-08 16:55:09
R0006016,2025-12-08 09:34:28,Housekeeping,Standard,35,2025-12-08 10:57:28,Completed,2025-12-08 10:35:28
R0006017,2025-12-08 15:40:23,Housekeeping,Standard,35,2025-12-08 17:06:23,Completed,2025-12-08 16:15:23
R0006018,2025-12-08 09:32:01,F&B,Urgent,12,2025-12-08 10:25:01,Completed,2025-12-08 10:14:01
R0006019,2025-12-08 21:09:56,FrontDesk,Standard,12,2025-12-08 23:05:56,Open,
R0006020,2025-12-08 14:11:34,FrontDesk,Standard,12,2025-12-08 15:48:34,Open,
R0006021,2025-12-08 13:17:07,F&B,Standard,25,2025-12-08 14:37:07,Completed,2025-12-08 13:57:07
R0006022,2025-12-08 20:52:33,Housekeeping,Standard,35,2025-12-08 23:14:33,Completed,2025-12-08 21:53:33
R0006023,2025-12-08 16:22:22,FrontDesk,Standard,12,2025-12-08 18:50:22,Completed,2025-12-08 16:46:22
R0006024,2025-12-08 10:42:00,FrontDesk,Standard,12,2025-12-08 11:54:00,Completed,2025-12-08 11:02:00
R0006025,2025-12-08 11:36:01,FrontDesk,Standard,12,2025-12-08 13:38:01,Completed,2025-12-08 11:49:01
R0006026,2025-12-08 08:08:56,FrontDesk,Standard,12,2025-12-08 09:39:56,Completed,2025-12-08 08:41:56
R0006027,2025-12-08 13:09:39,Housekeeping,Standard,35,2025-12-08 16:07:39,Completed,2025-12-08 14:07:39
R0006028,2025-12-08 17:55:38,FrontDesk,Standard,12,2025-12-08 20:36:38,Completed,2025-12-08 18:30:38
R0006029,2025-12-08 12:28:42,FrontDesk,Standard,12,2025-12-08 14:14:42,Completed,2025-12-08 12:58:42
R0006030,2025-12-08 13:04:19,Maintenance,Standard,55,2025-12-08 15:20:19,Completed,2025-12-08 14:21:19
R0006031,2025-12-08 13:04:26,FrontDesk,Standard,12,2025-12-08 15:09:26,Completed,2025-12-08 13:46:26
R0006032,2025-12-08 09:16:01,FrontDesk,Standard,12,2025-12-08 10:23:01,Completed,2025-12-08 09:38:01
R0006033,2025-12-08 16:41:53,Housekeeping,Standard,35,2025-12-08 18:08:53,Completed,2025-12-08 17:45:53
R0006034,2025-12-08 12:12:31,FrontDesk,Urgent,6,2025-12-08 12:58:31,Completed,2025-12-08 12:25:31
R0006035,2025-12-08 18:31:20,Housekeeping,Standard,35,2025-12-08 21:10:20,Completed,2025-12-08 19:35:20
R0006036,2025-12-08 20:40:13,F&B,Standard,25,2025-12-08 23:19:13,In_Progress,
R0006037,2025-12-08 17:36:59,Housekeeping,Standard,35,2025-12-08 19:01:59,Completed,2025-12-08 18:47:59
R0006038,2025-12-08 08:10:43,F&B,Urgent,12,2025-12-08 09:05:43,Completed,2025-12-08 08:43:43
R0006039,2025-12-08 07:18:12,FrontDesk,Standard,12,2025-12-08 10:12:12,Completed,2025-12-08 07:31:12
R0006040,2025-12-08 19:02:05,Housekeeping,Standard,35,2025-12-08 20:19:05,Completed,2025-12-08 19:49:05
R0006041,2025-12-08 09:19:58,F&B,Standard,25,2025-12-08 11:14:58,Completed,2025-12-08 10:08:58
R0006042,2025-12-08 21:22:37,F&B,Standard,25,2025-12-08 22:59:37,Completed,2025-12-08 22:03:37
R0006043,2025-12-08 18:48:41,F&B,Standard,25,2025-12-08 20:57:41,Completed,2025-12-08 19:12:41
R0006044,2025-12-08 15:36:42,Housekeeping,Standard,35,2025-12-08 17:35:42,Completed,2025-12-08 16:29:42
R0006045,2025-12-08 15:44:07,FrontDesk,Standard,12,2025-12-08 18:41:07,Completed,2025-12-08 16:01:07
R0006046,2025-12-08 19:00:30,Housekeeping,Standard,35,2025-12-08 20:57:30,Completed,2025-12-08 19:56:30
R0006047,2025-12-08 08:25:50,FrontDesk,Standard,12,2025-12-08 10:49:50,Completed,2025-12-08 08:55:50
R0006048,2025-12-08 12:31:21,FrontDesk,Standard,12,2025-12-08 13:42:21,Completed,2025-12-08 12:58:21
R0006049,2025-12-08 20:39:49,Housekeeping,Standard,35,2025-12-08 22:37:49,Completed,2025-12-08 21:29:49
R0006050,2025-12-08 19:06:48,FrontDesk,Standard,12,2025-12-08 21:21:48,Completed,2025-12-08 19:30:48
R0006051,2025-12-08 21:41:47,FrontDesk,Standard,12,2025-12-08 23:44:47,Open,
R0006052,2025-12-08 17:26:24,F&B,Standard,25,2025-12-08 19:48:24,Completed,2025-12-08 18:14:24
R0006053,2025-12-08 11:36:55,Housekeeping,Standard,35,2025-12-08 13:27:55,Completed,2025-12-08 12:18:55
R0006054,2025-12-08 11:30:13,Housekeeping,Standard,35,2025-12-08 14:04:13,Completed,2025-12-08 12:05:13
R0006055,2025-12-08 22:38:46,Housekeeping,Standard,35,2025-12-09 00:16:46,Completed,2025-12-08 23:26:46
R0006056,2025-12-08 18:19:40,F&B,Standard,25,2025-12-08 19:43:40,Completed,2025-12-08 18:50:40
R0006057,2025-12-08 15:30:30,Housekeeping,Standard,35,2025-12-08 17:59:30,Completed,2025-12-08 16:27:30
R0006058,2025-12-08 10:46:49,F&B,Standard,25,2025-12-08 13:28:49,Completed,2025-12-08 11:14:49
R0006059,2025-12-08 10:06:12,F&B,Standard,25,2025-12-08 12:28:12,Completed,2025-12-08 11:07:12
R0006060,2025-12-08 16:09:52,F&B,Standard,25,2025-12-08 18:23:52,Completed,2025-12-08 16:39:52
R0006061,2025-12-08 14:29:13,F&B,Standard,25,2025-12-08 16:54:13,Completed,2025-12-08 15:00:13
R0006062,2025-12-08 18:31:33,FrontDesk,Standard,12,2025-12-08 21:29:33,Completed,2025-12-08 18:47:33
R0006063,2025-12-08 13:42:14,Housekeeping,Standard,35,2025-12-08 15:52:14,Completed,2025-12-08 14:38:14
R0006064,2025-12-08 19:29:22,Housekeeping,Standard,35,2025-12-08 20:43:22,Completed,2025-12-08 20:27:22
R0006065,2025-12-08 22:26:27,F&B,Standard,25,2025-12-08 23:46:27,Completed,2025-12-08 23:08:27
R0006066,2025-12-08 07:09:35,FrontDesk,Standard,12,2025-12-08 08:46:35,Completed,2025-12-08 07:39:35
R0006067,2025-12-08 21:22:46,Maintenance,Standard,55,2025-12-08 22:45:46,Completed,2025-12-08 22:35:46
R0006068,2025-12-08 16:42:35,Housekeeping,Standard,35,2025-12-08 18:42:35,Completed,2025-12-08 17:35:35
R0006069,2025-12-08 09:19:18,FrontDesk,Standard,12,2025-12-08 10:20:18,Completed,2025-12-08 10:01:18
R0006070,2025-12-08 20:38:56,FrontDesk,Standard,12,2025-12-08 22:33:56,In_Progress,
R0006071,2025-12-08 07:39:25,Housekeeping,Standard,35,2025-12-08 10:30:25,Completed,2025-12-08 08:51:25
R0006072,2025-12-08 13:53:37,F&B,Standard,25,2025-12-08 16:19:37,Completed,2025-12-08 14:29:37
R0006073,2025-12-08 21:28:46,F&B,Standard,25,2025-12-08 23:03:46,Completed,2025-12-08 22:06:46
R0006074,2025-12-08 08:34:22,Housekeeping,Standard,35,2025-12-08 11:25:22,Open,
R0006075,2025-12-08 19:18:02,F&B,Standard,25,2025-12-08 22:13:02,Completed,2025-12-08 20:06:02
R0006076,2025-12-08 16:40:53,Maintenance,Standard,55,2025-12-08 18:47:53,Completed,2025-12-08 17:13:53
R0006077,2025-12-08 14:16:55,F&B,Standard,25,2025-12-08 15:51:55,Completed,2025-12-08 14:38:55
R0006078,2025-12-08 19:17:30,Maintenance,Standard,55,2025-12-08 21:13:30,Completed,2025-12-08 20:17:30
R0006079,2025-12-08 07:40:04,FrontDesk,Standard,12,2025-12-08 09:30:04,Completed,2025-12-08 07:53:04
R0006080,2025-12-08 19:15:49,Housekeeping,Standard,35,2025-12-08 21:40:49,Completed,2025-12-08 19:59:49
R0006081,2025-12-08 07:36:54,F&B,Standard,25,2025-12-08 08:49:54,Completed,2025-12-08 08:19:54
R0006082,2025-12-08 12:33:30,F&B,Standard,25,2025-12-08 14:06:30,Completed,2025-12-08 13:23:30
R0006083,2025-12-08 22:12:23,Housekeeping,Standard,35,2025-12-09 00:19:23,Completed,2025-12-08 23:01:23
R0006084,2025-12-08 21:50:22,FrontDesk,Standard,12,2025-12-08 23:55:22,Completed,2025-12-08 22:08:22
R0006085,2025-12-08 08:37:55,Housekeeping,Urgent,18,2025-12-08 08:54:55,Completed,2025-12-08 09:17:55
R0006086,2025-12-08 12:34:45,Maintenance,Urgent,30,2025-12-08 13:24:45,Completed,2025-12-08 13:05:45
R0006087,2025-12-08 07:30:52,Housekeeping,Urgent,18,2025-12-08 07:58:52,Completed,2025-12-08 08:02:52
R0006088,2025-12-08 19:59:50,Housekeeping,Standard,35,2025-12-08 21:44:50,Completed,2025-12-08 20:58:50
R0006089,2025-12-08 11:05:07,Housekeeping,Standard,35,2025-12-08 12:08:07,Completed,2025-12-08 12:05:07
R0006090,2025-12-08 16:34:35,F&B,Urgent,12,2025-12-08 17:00:35,Completed,2025-12-08 17:08:35
R0006091,2025-12-08 14:33:56,FrontDesk,Standard,12,2025-12-08 17:28:56,Completed,2025-12-08 14:55:56
R0006092,2025-12-08 12:14:57,FrontDesk,Standard,12,2025-12-08 13:44:57,Completed,2025-12-08 12:49:57
R0006093,2025-12-08 19:01:48,F&B,Urgent,12,2025-12-08 19:37:48,Completed,2025-12-08 19:31:48
R0006094,2025-12-08 07:31:54,Housekeeping,Standard,35,2025-12-08 09:56:54,Completed,2025-12-08 08:10:54
R0006095,2025-12-08 17:07:01,F&B,Standard,25,2025-12-08 19:24:01,Completed,2025-12-08 17:37:01
R0006096,2025-12-08 16:03:24,Housekeeping,Standard,35,2025-12-08 18:00:24,Completed,2025-12-08 16:53:24
R0006097,2025-12-08 08:14:34,FrontDesk,Standard,12,2025-12-08 10:20:34,Completed,2025-12-08 08:36:34
R0006098,2025-12-08 20:55:20,Housekeeping,Standard,35,2025-12-08 22:38:20,Completed,2025-12-08 21:43:20
R0006099,2025-12-08 13:29:56,Housekeeping,Standard,35,2025-12-08 14:39:56,Completed,2025-12-08 14:13:56
R0006100,2025-12-08 17:38:57,Housekeeping,Standard,35,2025-12-08 18:59:57,Completed,2025-12-08 18:40:57
R0006101,2025-12-08 07:46:35,Housekeeping,Standard,35,2025-12-08 10:07:35,Completed,2025-12-08 08:42:35
R0006102,2025-12-08 19:27:54,F&B,Standard,25,2025-12-08 21:17:54,Completed,2025-12-08 20:17:54
R0006103,2025-12-08 20:44:23,FrontDesk,Standard,12,2025-12-08 23:42:23,Completed,2025-12-08 21:12:23
R0006104,2025-12-08 14:26:22,Housekeeping,Standard,35,2025-12-08 15:45:22,Completed,2025-12-08 15:07:22
R0006105,2025-12-08 20:01:11,Housekeeping,Standard,35,2025-12-08 22:15:11,Completed,2025-12-08 20:47:11
R0006106,2025-12-08 20:41:57,Housekeeping,Standard,35,2025-12-08 22:21:57,In_Progress,
R0006107,2025-12-08 14:40:22,F&B,Urgent,12,2025-12-08 15:16:22,Completed,2025-12-08 15:08:22
R0006108,2025-12-08 08:24:04,F&B,Standard,25,2025-12-08 11:01:04,Completed,2025-12-08 09:16:04
R0006109,2025-12-08 19:22:04,Housekeeping,Standard,35,2025-12-08 21:08:04,Open,
R0006110,2025-12-08 20:51:25,FrontDesk,Standard,12,2025-12-08 23:19:25,Completed,2025-12-08 21:22:25
R0006111,2025-12-08 09:22:25,Housekeeping,Standard,35,2025-12-08 11:16:25,Completed,2025-12-08 09:58:25
R0006112,2025-12-08 13:31:11,Housekeeping,Standard,35,2025-12-08 15:17:11,Completed,2025-12-08 14:26:11
R0006113,2025-12-08 12:18:04,Maintenance,Standard,55,2025-12-08 13:22:04,Completed,2025-12-08 13:23:04
R0006114,2025-12-08 19:27:23,Housekeeping,Standard,35,2025-12-08 21:22:23,Completed,2025-12-08 20:02:23
R0006115,2025-12-08 18:38:11,Housekeeping,Standard,35,2025-12-08 21:04:11,Completed,2025-12-08 19:41:11
R0006116,2025-12-08 20:33:42,F&B,Standard,25,2025-12-08 22:25:42,Completed,2025-12-08 21:20:42
R0006117,2025-12-08 18:14:13,F&B,Urgent,12,2025-12-08 19:14:13,Completed,2025-12-08 18:52:13
R0006118,2025-12-08 15:41:21,Housekeeping,Standard,35,2025-12-08 17:00:21,Completed,2025-12-08 17:07:21
R0006119,2025-12-08 10:14:22,F&B,Standard,25,2025-12-08 12:22:22,Completed,2025-12-08 10:55:22
R0006120,2025-12-08 07:35:03,Housekeeping,Standard,35,2025-12-08 09:40:03,Completed,2025-12-08 08:18:03
R0006121,2025-12-08 14:32:36,Housekeeping,Standard,35,2025-12-08 16:33:36,Completed,2025-12-08 15:29:36
R0006122,2025-12-08 22:41:12,FrontDesk,Standard,12,2025-12-09 00:44:12,Completed,2025-12-08 22:56:12
R0006123,2025-12-08 15:51:38,Housekeeping,Standard,35,2025-12-08 18:10:38,Completed,2025-12-08 16:42:38
R0006124,2025-12-08 14:04:34,Housekeeping,Urgent,18,2025-12-08 14:27:34,Completed,2025-12-08 14:47:34
R0006125,2025-12-08 18:45:39,F&B,Standard,25,2025-12-08 20:12:39,Completed,2025-12-08 19:28:39
R0006126,2025-12-08 12:55:08,FrontDesk,Standard,12,2025-12-08 14:23:08,Completed,2025-12-08 13:28:08
R0006127,2025-12-08 21:42:58,Maintenance,Standard,55,2025-12-08 23:55:58,Completed,2025-12-08 22:50:58
R0006128,2025-12-08 09:02:02,Housekeeping,Standard,35,2025-12-08 11:50:02,Completed,2025-12-08 09:38:02
R0006129,2025-12-08 12:38:37,F&B,Standard,25,2025-12-08 14:32:37,Completed,2025-12-08 13:10:37
R0006130,2025-12-08 12:58:45,FrontDesk,Standard,12,2025-12-08 14:00:45,Completed,2025-12-08 13:09:45
R0006131,2025-12-08 16:01:55,FrontDesk,Standard,12,2025-12-08 18:29:55,Completed,2025-12-08 16:40:55
R0006132,2025-12-08 14:23:18,Housekeeping,Standard,35,2025-12-08 16:09:18,Completed,2025-12-08 15:06:18
R0006133,2025-12-08 16:03:34,FrontDesk,Standard,12,2025-12-08 18:30:34,Completed,2025-12-08 16:22:34
R0006134,2025-12-08 14:19:57,Housekeeping,Urgent,18,2025-12-08 15:17:57,Completed,2025-12-08 14:46:57
R0006135,2025-12-08 18:46:42,Housekeeping,Standard,35,2025-12-08 20:50:42,Completed,2025-12-08 19:34:42
R0006136,2025-12-08 20:43:38,FrontDesk,Standard,12,2025-12-08 22:54:38,Completed,2025-12-08 21:14:38
R0006137,2025-12-08 20:37:37,Housekeeping,Standard,35,2025-12-08 21:57:37,Completed,2025-12-08 21:35:37
R0006138,2025-12-08 17:38:19,F&B,Standard,25,2025-12-08 19:00:19,Completed,2025-12-08 18:25:19
R0006139,2025-12-08 11:58:14,Housekeeping,Standard,35,2025-12-08 13:39:14,Completed,2025-12-08 12:30:14
R0006140,2025-12-08 18:09:57,Housekeeping,Standard,35,2025-12-08 21:01:57,Completed,2025-12-08 18:53:57
R0006141,2025-12-08 21:01:16,Maintenance,Standard,55,2025-12-08 23:29:16,In_Progress,
R0006142,2025-12-08 16:46:59,F&B,Standard,25,2025-12-08 18:18:59,Completed,2025-12-08 17:34:59
R0006143,2025-12-08 13:01:28,FrontDesk,Standard,12,2025-12-08 15:26:28,Completed,2025-12-08 13:38:28
R0006144,2025-12-08 19:23:10,F&B,Standard,25,2025-12-08 21:23:10,Completed,2025-12-08 19:50:10
R0006145,2025-12-08 13:14:03,Housekeeping,Standard,35,2025-12-08 15:52:03,Completed,2025-12-08 14:09:03
R0006146,2025-12-08 12:10:00,Housekeeping,Standard,35,2025-12-08 13:43:00,Completed,2025-12-08 12:46:00
R0006147,2025-12-08 16:23:54,Housekeeping,Standard,35,2025-12-08 18:10:54,Completed,2025-12-08 17:28:54
R0006148,2025-12-08 12:01:19,Maintenance,Standard,55,2025-12-08 13:56:19,Completed,2025-12-08 12:32:19
R0006149,2025-12-08 21:53:21,FrontDesk,Standard,12,2025-12-09 00:30:21,Completed,2025-12-08 22:19:21
R0006150,2025-12-08 08:52:06,FrontDesk,Standard,12,2025-12-08 11:14:06,Completed,2025-12-08 09:03:06
R0006151,2025-12-09 21:44:13,F&B,Standard,25,2025-12-09 22:54:13,Completed,2025-12-09 22:21:13
R0006152,2025-12-09 11:12:58,FrontDesk,Standard,12,2025-12-09 13:23:58,Completed,2025-12-09 11:45:58
R0006153,2025-12-09 13:55:41,FrontDesk,Standard,12,2025-12-09 15:42:41,Completed,2025-12-09 14:33:41
R0006154,2025-12-09 22:12:09,F&B,Standard,25,2025-12-10 00:03:09,Completed,2025-12-09 22:59:09
R0006155,2025-12-09 18:03:42,Housekeeping,Standard,35,2025-12-09 19:12:42,Completed,2025-12-09 18:45:42
R0006156,2025-12-09 21:59:26,F&B,Standard,25,2025-12-10 00:57:26,Completed,2025-12-09 22:40:26
R0006157,2025-12-09 21:38:35,F&B,Standard,25,2025-12-09 23:10:35,Completed,2025-12-09 22:06:35
R0006158,2025-12-09 18:04:21,Maintenance,Standard,55,2025-12-09 19:14:21,Completed,2025-12-09 19:14:21
R0006159,2025-12-09 14:01:40,FrontDesk,Urgent,6,2025-12-09 15:01:40,Completed,2025-12-09 14:25:40
R0006160,2025-12-09 10:12:11,F&B,Standard,25,2025-12-09 12:25:11,Completed,2025-12-09 10:48:11
R0006161,2025-12-09 08:36:11,Housekeeping,Standard,35,2025-12-09 10:44:11,Completed,2025-12-09 09:19:11
R0006162,2025-12-09 17:46:22,F&B,Standard,25,2025-12-09 20:21:22,Completed,2025-12-09 18:32:22
R0006163,2025-12-09 21:46:35,FrontDesk,Standard,12,2025-12-10 00:25:35,Completed,2025-12-09 22:20:35
R0006164,2025-12-09 19:26:42,Housekeeping,Standard,35,2025-12-09 20:41:42,Completed,2025-12-09 20:23:42
R0006165,2025-12-09 20:52:01,Housekeeping,Standard,35,2025-12-09 22:12:01,Completed,2025-12-09 21:51:01
R0006166,2025-12-09 18:46:00,Housekeeping,Urgent,18,2025-12-09 19:32:00,Completed,2025-12-09 19:32:00
R0006167,2025-12-09 21:25:59,FrontDesk,Standard,12,2025-12-09 22:32:59,Completed,2025-12-09 21:36:59
R0006168,2025-12-09 07:14:47,Housekeeping,Standard,35,2025-12-09 09:12:47,In_Progress,
R0006169,2025-12-09 17:33:04,Maintenance,Standard,55,2025-12-09 18:50:04,Completed,2025-12-09 18:46:04
R0006170,2025-12-09 18:53:39,Housekeeping,Standard,35,2025-12-09 21:15:39,Open,
R0006171,2025-12-09 15:27:38,Housekeeping,Standard,35,2025-12-09 17:11:38,Completed,2025-12-09 16:44:38
R0006172,2025-12-09 21:35:49,F&B,Standard,25,2025-12-09 23:51:49,Completed,2025-12-09 22:20:49
R0006173,2025-12-09 21:37:10,Housekeeping,Standard,35,2025-12-09 22:47:10,Completed,2025-12-09 22:20:10
R0006174,2025-12-09 19:12:28,Housekeeping,Standard,35,2025-12-09 20:24:28,Open,
R0006175,2025-12-09 19:50:42,Housekeeping,Standard,35,2025-12-09 21:22:42,Completed,2025-12-09 20:48:42
R0006176,2025-12-09 18:42:37,F&B,Standard,25,2025-12-09 21:34:37,Completed,2025-12-09 19:10:37
R0006177,2025-12-09 21:08:07,F&B,Standard,25,2025-12-09 23:35:07,Completed,2025-12-09 22:03:07
R0006178,2025-12-09 11:54:17,Maintenance,Standard,55,2025-12-09 14:48:17,Open,
R0006179,2025-12-09 14:54:39,Housekeeping,Standard,35,2025-12-09 16:34:39,Completed,2025-12-09 15:36:39
R0006180,2025-12-09 14:53:48,F&B,Urgent,12,2025-12-09 15:13:48,Completed,2025-12-09 15:07:48
R0006181,2025-12-09 21:19:13,Housekeeping,Standard,35,2025-12-10 00:04:13,Completed,2025-12-09 22:15:13
R0006182,2025-12-09 20:32:05,FrontDesk,Standard,12,2025-12-09 22:53:05,Completed,2025-12-09 20:55:05
R0006183,2025-12-09 13:18:55,Maintenance,Standard,55,2025-12-09 14:32:55,Completed,2025-12-09 14:41:55
R0006184,2025-12-09 12:01:45,Maintenance,Standard,55,2025-12-09 14:18:45,In_Progress,
R0006185,2025-12-09 11:49:32,Housekeeping,Standard,35,2025-12-09 13:19:32,Completed,2025-12-09 13:02:32
R0006186,2025-12-09 14:24:27,F&B,Standard,25,2025-12-09 16:12:27,Completed,2025-12-09 14:45:27
R0006187,2025-12-09 12:09:04,Housekeeping,Standard,35,2025-12-09 15:01:04,Completed,2025-12-09 13:00:04
R0006188,2025-12-09 22:20:32,FrontDesk,Standard,12,2025-12-10 00:19:32,Completed,2025-12-09 22:57:32
R0006189,2025-12-09 20:52:06,F&B,Standard,25,2025-12-09 23:04:06,Completed,2025-12-09 21:22:06
R0006190,2025-12-09 20:04:11,Housekeeping,Standard,35,2025-12-09 22:32:11,Completed,2025-12-09 20:34:11
R0006191,2025-12-09 14:20:48,Housekeeping,Standard,35,2025-12-09 15:37:48,Completed,2025-12-09 15:06:48
R0006192,2025-12-09 15:35:23,F&B,Standard,25,2025-12-09 18:33:23,Completed,2025-12-09 16:02:23
R0006193,2025-12-09 22:44:36,Housekeeping,Standard,35,2025-12-10 00:25:36,Completed,2025-12-09 23:38:36
R0006194,2025-12-09 18:55:14,Housekeeping,Standard,35,2025-12-09 20:06:14,Completed,2025-12-09 19:37:14
R0006195,2025-12-09 09:49:02,F&B,Standard,25,2025-12-09 11:09:02,Completed,2025-12-09 10:17:02
R0006196,2025-12-09 08:23:09,Housekeeping,Standard,35,2025-12-09 10:11:09,Completed,2025-12-09 09:13:09
R0006197,2025-12-09 17:06:01,Housekeeping,Standard,35,2025-12-09 18:35:01,Completed,2025-12-09 17:28:01
R0006198,2025-12-09 08:51:30,FrontDesk,Urgent,6,2025-12-09 09:44:30,Completed,2025-12-09 09:25:30
R0006199,2025-12-09 18:05:58,F&B,Standard,25,2025-12-09 19:30:58,Completed,2025-12-09 18:53:58
R0006200,2025-12-09 10:40:10,F&B,Standard,25,2025-12-09 11:47:10,In_Progress,
R0006201,2025-12-09 19:35:08,Housekeeping,Standard,35,2025-12-09 22:15:08,Completed,2025-12-09 20:27:08
R0006202,2025-12-09 08:36:15,Housekeeping,Standard,35,2025-12-09 11:12:15,Completed,2025-12-09 09:35:15
R0006203,2025-12-09 11:34:07,FrontDesk,Standard,12,2025-12-09 12:50:07,Completed,2025-12-09 11:45:07
R0006204,2025-12-09 08:06:39,Housekeeping,Standard,35,2025-12-09 10:20:39,Completed,2025-12-09 09:10:39
R0006205,2025-12-09 14:30:05,FrontDesk,Urgent,6,2025-12-09 15:22:05,In_Progress,
R0006206,2025-12-09 20:20:03,F&B,Standard,25,2025-12-09 23:11:03,Completed,2025-12-09 21:07:03
R0006207,2025-12-09 09:33:23,Maintenance,Standard,55,2025-12-09 10:41:23,Completed,2025-12-09 10:30:23
R0006208,2025-12-09 10:35:43,Maintenance,Standard,55,2025-12-09 12:05:43,Completed,2025-12-09 11:43:43
R0006209,2025-12-09 07:22:17,F&B,Standard,25,2025-12-09 08:59:17,Completed,2025-12-09 08:09:17
R0006210,2025-12-09 20:31:58,Housekeeping,Standard,35,2025-12-09 21:31:58,Completed,2025-12-09 21:21:58
R0006211,2025-12-09 18:20:32,Maintenance,Standard,55,2025-12-09 21:19:32,Completed,2025-12-09 19:20:32
R0006212,2025-12-09 11:01:29,F&B,Standard,25,2025-12-09 13:38:29,Completed,2025-12-09 11:12:29
R0006213,2025-12-09 13:25:15,FrontDesk,Standard,12,2025-12-09 14:48:15,Completed,2025-12-09 13:40:15
R0006214,2025-12-09 07:42:17,Housekeeping,Urgent,18,2025-12-09 08:41:17,Completed,2025-12-09 08:24:17
R0006215,2025-12-09 08:41:48,Maintenance,Standard,55,2025-12-09 11:32:48,Completed,2025-12-09 10:12:48
R0006216,2025-12-09 09:30:10,Housekeeping,Urgent,18,2025-12-09 09:53:10,Completed,2025-12-09 10:05:10
R0006217,2025-12-09 22:39:46,FrontDesk,Standard,12,2025-12-10 00:41:46,Completed,2025-12-09 22:54:46
R0006218,2025-12-09 20:53:14,F&B,Standard,25,2025-12-09 22:14:14,Completed,2025-12-09 21:40:14
R0006219,2025-12-09 11:55:46,F&B,Standard,25,2025-12-09 14:42:46,Completed,2025-12-09 12:44:46
R0006220,2025-12-09 12:40:41,Housekeeping,Standard,35,2025-12-09 13:45:41,Completed,2025-12-09 13:37:41
R0006221,2025-12-09 08:59:17,Housekeeping,Standard,35,2025-12-09 11:27:17,Completed,2025-12-09 10:17:17
R0006222,2025-12-09 21:49:39,Housekeeping,Standard,35,2025-12-09 23:52:39,Completed,2025-12-09 22:32:39
R0006223,2025-12-09 20:11:45,F&B,Standard,25,2025-12-09 21:20:45,Completed,2025-12-09 20:57:45
R0006224,2025-12-09 11:42:05,F&B,Standard,25,2025-12-09 13:41:05,Completed,2025-12-09 12:25:05
R0006225,2025-12-09 10:02:58,Housekeeping,Urgent,18,2025-12-09 10:54:58,Completed,2025-12-09 10:29:58
R0006226,2025-12-09 17:38:45,Housekeeping,Standard,35,2025-12-09 19:15:45,Completed,2025-12-09 18:19:45
R0006227,2025-12-09 18:16:57,F&B,Standard,25,2025-12-09 19:53:57,Completed,2025-12-09 18:41:57
R0006228,2025-12-09 13:46:05,F&B,Standard,25,2025-12-09 16:03:05,Completed,2025-12-09 14:41:05
R0006229,2025-12-09 10:14:21,F&B,Standard,25,2025-12-09 12:51:21,Completed,2025-12-09 10:58:21
R0006230,2025-12-09 11:25:36,FrontDesk,Standard,12,2025-12-09 13:01:36,Completed,2025-12-09 11:33:36
R0006231,2025-12-09 11:23:27,Maintenance,Standard,55,2025-12-09 12:50:27,Completed,2025-12-09 12:22:27
R0006232,2025-12-09 13:40:51,Housekeeping,Standard,35,2025-12-09 15:41:51,Completed,2025-12-09 14:34:51
R0006233,2025-12-09 15:23:36,Housekeeping,Standard,35,2025-12-09 17:16:36,Completed,2025-12-09 16:10:36
R0006234,2025-12-09 15:26:43,FrontDesk,Standard,12,2025-12-09 17:49:43,Completed,2025-12-09 15:43:43
R0006235,2025-12-09 18:09:19,FrontDesk,Standard,12,2025-12-09 19:53:19,In_Progress,
R0006236,2025-12-09 21:46:44,FrontDesk,Standard,12,2025-12-09 23:21:44,Completed,2025-12-09 22:04:44
R0006237,2025-12-09 07:32:31,FrontDesk,Standard,12,2025-12-09 09:52:31,Completed,2025-12-09 07:59:31
R0006238,2025-12-09 18:51:33,Housekeeping,Standard,35,2025-12-09 21:12:33,Completed,2025-12-09 19:35:33
R0006239,2025-12-09 16:18:58,F&B,Standard,25,2025-12-09 19:04:58,Completed,2025-12-09 16:49:58
R0006240,2025-12-09 14:42:59,F&B,Standard,25,2025-12-09 16:56:59,Completed,2025-12-09 15:15:59
R0006241,2025-12-09 15:06:16,Housekeeping,Standard,35,2025-12-09 17:13:16,Completed,2025-12-09 15:37:16
R0006242,2025-12-09 18:42:09,Housekeeping,Standard,35,2025-12-09 21:26:09,Completed,2025-12-09 19:26:09
R0006243,2025-12-09 16:32:33,F&B,Standard,25,2025-12-09 18:43:33,Completed,2025-12-09 17:06:33
R0006244,2025-12-09 16:57:19,F&B,Standard,25,2025-12-09 19:46:19,Completed,2025-12-09 17:29:19
R0006245,2025-12-09 18:43:52,Maintenance,Standard,55,2025-12-09 21:31:52,Completed,2025-12-09 20:22:52
R0006246,2025-12-09 08:59:09,Housekeeping,Urgent,18,2025-12-09 09:32:09,Completed,2025-12-09 09:36:09
R0006247,2025-12-09 20:00:44,Housekeeping,Standard,35,2025-12-09 22:52:44,Completed,2025-12-09 20:58:44
R0006248,2025-12-09 19:40:52,Housekeeping,Standard,35,2025-12-09 21:37:52,Completed,2025-12-09 20:31:52
R0006249,2025-12-09 19:31:15,Housekeeping,Standard,35,2025-12-09 21:57:15,Open,
R0006250,2025-12-09 17:24:52,F&B,Standard,25,2025-12-09 19:28:52,Completed,2025-12-09 18:16:52
R0006251,2025-12-09 08:58:30,Housekeeping,Standard,35,2025-12-09 10:43:30,Completed,2025-12-09 09:17:30
R0006252,2025-12-09 14:55:08,Housekeeping,Standard,35,2025-12-09 16:55:08,Completed,2025-12-09 16:12:08
R0006253,2025-12-09 21:54:57,Housekeeping,Standard,35,2025-12-10 00:27:57,Completed,2025-12-09 22:40:57
R0006254,2025-12-09 12:50:58,FrontDesk,Standard,12,2025-12-09 15:42:58,Open,
R0006255,2025-12-09 12:33:36,F&B,Urgent,12,2025-12-09 12:56:36,Completed,2025-12-09 12:53:36
R0006256,2025-12-09 22:13:55,FrontDesk,Standard,12,2025-12-10 01:04:55,Completed,2025-12-09 22:42:55
R0006257,2025-12-09 07:23:16,Housekeeping,Standard,35,2025-12-09 10:18:16,Completed,2025-12-09 08:07:16
R0006258,2025-12-09 13:39:41,FrontDesk,Standard,12,2025-12-09 16:03:41,Open,
R0006259,2025-12-09 17:49:59,F&B,Standard,25,2025-12-09 20:17:59,Completed,2025-12-09 18:41:59
R0006260,2025-12-09 18:14:34,Housekeeping,Standard,35,2025-12-09 19:41:34,Completed,2025-12-09 19:10:34
R0006261,2025-12-09 14:41:39,Housekeeping,Standard,35,2025-12-09 16:32:39,Completed,2025-12-09 15:45:39
R0006262,2025-12-09 13:41:31,FrontDesk,Standard,12,2025-12-09 16:19:31,Completed,2025-12-09 14:01:31
R0006263,2025-12-09 20:18:01,Housekeeping,Standard,35,2025-12-09 22:41:01,Completed,2025-12-09 21:08:01
R0006264,2025-12-09 15:56:13,F&B,Standard,25,2025-12-09 18:02:13,Completed,2025-12-09 16:50:13
R0006265,2025-12-09 12:17:17,FrontDesk,Standard,12,2025-12-09 14:46:17,Completed,2025-12-09 12:49:17
R0006266,2025-12-09 21:00:51,FrontDesk,Standard,12,2025-12-09 22:09:51,Completed,2025-12-09 21:32:51
R0006267,2025-12-09 18:22:23,FrontDesk,Standard,12,2025-12-09 19:58:23,Completed,2025-12-09 18:38:23
R0006268,2025-12-09 09:56:20,FrontDesk,Standard,12,2025-12-09 11:22:20,Completed,2025-12-09 10:28:20
R0006269,2025-12-09 12:37:14,FrontDesk,Standard,12,2025-12-09 14:11:14,Completed,2025-12-09 13:00:14
R0006270,2025-12-09 19:38:54,Housekeeping,Standard,35,2025-12-09 22:01:54,Completed,2025-12-09 20:17:54
R0006271,2025-12-09 20:00:14,F&B,Standard,25,2025-12-09 22:57:14,Completed,2025-12-09 20:29:14
R0006272,2025-12-09 17:36:45,Housekeeping,Standard,35,2025-12-09 19:03:45,Completed,2025-12-09 18:20:45
R0006273,2025-12-09 22:24:19,FrontDesk,Standard,12,2025-12-10 00:03:19,Completed,2025-12-09 22:54:19
R0006274,2025-12-09 13:50:25,F&B,Urgent,12,2025-12-09 14:33:25,Completed,2025-12-09 14:21:25
R0006275,2025-12-09 21:21:35,FrontDesk,Standard,12,2025-12-09 22:52:35,Completed,2025-12-09 22:02:35
R0006276,2025-12-09 21:58:00,Housekeeping,Standard,35,2025-12-10 00:08:00,Completed,2025-12-09 23:12:00
R0006277,2025-12-09 20:48:53,F&B,Standard,25,2025-12-09 22:35:53,Completed,2025-12-09 21:21:53
R0006278,2025-12-09 07:48:13,F&B,Urgent,12,2025-12-09 08:22:13,Completed,2025-12-09 08:26:13
R0006279,2025-12-09 12:29:04,FrontDesk,Standard,12,2025-12-09 14:03:04,Completed,2025-12-09 13:10:04
R0006280,2025-12-09 11:51:08,F&B,Urgent,12,2025-12-09 12:24:08,Completed,2025-12-09 12:10:08
R0006281,2025-12-09 11:49:32,F&B,Standard,25,2025-12-09 13:25:32,Completed,2025-12-09 12:32:32
R0006282,2025-12-09 20:26:54,Housekeeping,Standard,35,2025-12-09 22:04:54,Completed,2025-12-09 21:23:54
R0006283,2025-12-09 20:57:35,FrontDesk,Urgent,6,2025-12-09 21:16:35,Completed,2025-12-09 21:12:35
R0006284,2025-12-09 20:17:44,FrontDesk,Standard,12,2025-12-09 22:39:44,Completed,2025-12-09 20:34:44
R0006285,2025-12-09 20:22:40,Housekeeping,Standard,35,2025-12-09 21:38:40,Completed,2025-12-09 20:47:40
R0006286,2025-12-09 18:56:35,Housekeeping,Standard,35,2025-12-09 21:30:35,Completed,2025-12-09 19:43:35
R0006287,2025-12-09 11:49:36,Maintenance,Standard,55,2025-12-09 14:32:36,Completed,2025-12-09 13:12:36
R0006288,2025-12-09 13:31:06,F&B,Standard,25,2025-12-09 15:32:06,Completed,2025-12-09 14:11:06
R0006289,2025-12-09 17:35:40,F&B,Standard,25,2025-12-09 20:24:40,Completed,2025-12-09 18:12:40
R0006290,2025-12-09 20:07:48,F&B,Standard,25,2025-12-09 22:56:48,Completed,2025-12-09 21:06:48
R0006291,2025-12-09 14:33:41,FrontDesk,Standard,12,2025-12-09 16:23:41,Completed,2025-12-09 14:58:41
R0006292,2025-12-09 11:56:25,F&B,Standard,25,2025-12-09 14:33:25,In_Progress,
R0006293,2025-12-09 12:25:24,FrontDesk,Urgent,6,2025-12-09 13:04:24,Completed,2025-12-09 12:33:24
R0006294,2025-12-09 19:06:49,Housekeeping,Standard,35,2025-12-09 20:11:49,Completed,2025-12-09 19:54:49
R0006295,2025-12-09 14:14:02,Housekeeping,Standard,35,2025-12-09 15:30:02,Completed,2025-12-09 15:01:02
R0006296,2025-12-09 14:32:37,Housekeeping,Standard,35,2025-12-09 16:49:37,Completed,2025-12-09 15:06:37
R0006297,2025-12-09 09:57:27,FrontDesk,Urgent,6,2025-12-09 10:30:27,Completed,2025-12-09 10:05:27
R0006298,2025-12-09 14:21:29,F&B,Standard,25,2025-12-09 15:49:29,Completed,2025-12-09 15:08:29
R0006299,2025-12-09 20:52:58,F&B,Standard,25,2025-12-09 22:02:58,Completed,2025-12-09 21:43:58
R0006300,2025-12-09 11:22:53,FrontDesk,Standard,12,2025-12-09 12:37:53,Completed,2025-12-09 11:42:53
R0006301,2025-12-09 19:23:20,F&B,Standard,25,2025-12-09 20:57:20,Completed,2025-12-09 20:15:20
R0006302,2025-12-09 21:42:31,F&B,Standard,25,2025-12-09 22:53:31,Completed,2025-12-09 22:10:31
R0006303,2025-12-09 12:05:40,FrontDesk,Standard,12,2025-12-09 13:17:40,Completed,2025-12-09 12:42:40
R0006304,2025-12-09 21:12:11,F&B,Standard,25,2025-12-09 23:07:11,Completed,2025-12-09 21:51:11
R0006305,2025-12-09 20:36:55,Housekeeping,Standard,35,2025-12-09 23:31:55,Completed,2025-12-09 21:40:55
R0006306,2025-12-09 18:00:00,Housekeeping,Standard,35,2025-12-09 20:36:00,Completed,2025-12-09 18:32:00
R0006307,2025-12-09 14:26:19,FrontDesk,Standard,12,2025-12-09 15:46:19,In_Progress,
R0006308,2025-12-09 10:46:09,Housekeeping,Standard,35,2025-12-09 13:13:09,Completed,2025-12-09 11:33:09
R0006309,2025-12-09 18:02:44,Housekeeping,Standard,35,2025-12-09 20:25:44,Completed,2025-12-09 18:43:44
R0006310,2025-12-09 17:49:09,FrontDesk,Standard,12,2025-12-09 20:44:09,Completed,2025-12-09 18:23:09
R0006311,2025-12-09 11:23:19,FrontDesk,Standard,12,2025-12-09 13:54:19,Completed,2025-12-09 11:58:19
R0006312,2025-12-09 14:47:58,F&B,Standard,25,2025-12-09 16:05:58,Completed,2025-12-09 15:15:58
R0006313,2025-12-09 10:44:24,FrontDesk,Standard,12,2025-12-09 12:50:24,Completed,2025-12-09 10:56:24
R0006314,2025-12-09 11:32:43,FrontDesk,Standard,12,2025-12-09 14:03:43,Completed,2025-12-09 12:05:43
R0006315,2025-12-09 16:50:27,FrontDesk,Standard,12,2025-12-09 17:50:27,Completed,2025-12-09 17:15:27
R0006316,2025-12-09 08:54:07,F&B,Standard,25,2025-12-09 11:31:07,Completed,2025-12-09 09:35:07
R0006317,2025-12-09 13:58:37,F&B,Urgent,12,2025-12-09 14:34:37,Completed,2025-12-09 14:33:37
R0006318,2025-12-09 16:55:39,Housekeeping,Standard,35,2025-12-09 19:44:39,Completed,2025-12-09 17:40:39
R0006319,2025-12-09 18:56:10,F&B,Standard,25,2025-12-09 20:05:10,Completed,2025-12-09 19:34:10
R0006320,2025-12-09 13:55:50,FrontDesk,Standard,12,2025-12-09 16:27:50,Completed,2025-12-09 14:24:50
R0006321,2025-12-09 17:17:17,F&B,Standard,25,2025-12-09 19:14:17,Completed,2025-12-09 17:48:17
R0006322,2025-12-09 17:13:08,Housekeeping,Standard,35,2025-12-09 18:31:08,Completed,2025-12-09 18:05:08
R0006323,2025-12-09 07:47:42,Housekeeping,Urgent,18,2025-12-09 08:43:42,Completed,2025-12-09 08:33:42
R0006324,2025-12-09 09:04:02,Housekeeping,Standard,35,2025-12-09 10:52:02,Completed,2025-12-09 09:55:02
R0006325,2025-12-09 12:09:51,F&B,Standard,25,2025-12-09 14:07:51,Completed,2025-12-09 13:02:51
R0006326,2025-12-09 07:06:51,Housekeeping,Standard,35,2025-12-09 09:44:51,Completed,2025-12-09 07:55:51
R0006327,2025-12-09 13:10:47,Maintenance,Standard,55,2025-12-09 15:58:47,Completed,2025-12-09 14:16:47
R0006328,2025-12-09 19:29:38,F&B,Standard,25,2025-12-09 22:04:38,Completed,2025-12-09 19:55:38
R0006329,2025-12-09 22:26:51,FrontDesk,Standard,12,2025-12-09 23:27:51,Completed,2025-12-09 22:54:51
R0006330,2025-12-09 12:35:45,FrontDesk,Standard,12,2025-12-09 14:33:45,Completed,2025-12-09 13:13:45
R0006331,2025-12-09 15:45:23,Housekeeping,Standard,35,2025-12-09 16:51:23,In_Progress,
R0006332,2025-12-09 18:29:12,Housekeeping,Standard,35,2025-12-09 20:00:12,Completed,2025-12-09 19:24:12
R0006333,2025-12-09 22:19:42,FrontDesk,Standard,12,2025-12-10 00:11:42,Completed,2025-12-09 22:56:42
R0006334,2025-12-09 08:49:31,FrontDesk,Standard,12,2025-12-09 11:37:31,Completed,2025-12-09 09:15:31
R0006335,2025-12-09 17:57:04,FrontDesk,Standard,12,2025-12-09 19:26:04,Completed,2025-12-09 18:24:04
R0006336,2025-12-09 18:37:23,Housekeeping,Standard,35,2025-12-09 20:16:23,Completed,2025-12-09 19:31:23
R0006337,2025-12-09 15:35:25,F&B,Standard,25,2025-12-09 18:35:25,Completed,2025-12-09 16:26:25
R0006338,2025-12-09 14:25:52,F&B,Standard,25,2025-12-09 17:17:52,Completed,2025-12-09 15:03:52
R0006339,2025-12-09 12:12:53,FrontDesk,Standard,12,2025-12-09 13:51:53,Completed,2025-12-09 12:39:53
R0006340,2025-12-09 19:13:25,F&B,Standard,25,2025-12-09 21:12:25,Completed,2025-12-09 19:50:25
R0006341,2025-12-09 13:25:16,Housekeeping,Urgent,18,2025-12-09 14:06:16,Completed,2025-12-09 14:07:16
R0006342,2025-12-09 22:14:08,Housekeeping,Standard,35,2025-12-10 00:13:08,Completed,2025-12-09 23:11:08
R0006343,2025-12-09 21:16:27,Housekeeping,Standard,35,2025-12-09 22:19:27,Completed,2025-12-09 22:22:27
R0006344,2025-12-09 07:01:46,Housekeeping,Standard,35,2025-12-09 08:30:46,Completed,2025-12-09 07:24:46
R0006345,2025-12-09 16:31:19,F&B,Standard,25,2025-12-09 18:44:19,Completed,2025-12-09 17:28:19
R0006346,2025-12-09 18:58:29,F&B,Standard,25,2025-12-09 21:53:29,Completed,2025-12-09 19:41:29
R0006347,2025-12-09 14:36:19,F&B,Standard,25,2025-12-09 16:05:19,Completed,2025-12-09 15:22:19
R0006348,2025-12-09 19:47:02,Housekeeping,Standard,35,2025-12-09 21:49:02,Completed,2025-12-09 20:21:02
R0006349,2025-12-09 17:14:39,Housekeeping,Standard,35,2025-12-09 19:26:39,Completed,2025-12-09 18:07:39
R0006350,2025-12-09 19:29:36,FrontDesk,Standard,12,2025-12-09 22:08:36,Open,
R0006351,2025-12-09 14:16:19,Housekeeping,Urgent,18,2025-12-09 14:42:19,Completed,2025-12-09 14:52:19
R0006352,2025-12-09 18:01:54,F&B,Standard,25,2025-12-09 19:30:54,Completed,2025-12-09 18:29:54
R0006353,2025-12-09 18:52:51,Housekeeping,Urgent,18,2025-12-09 19:45:51,Completed,2025-12-09 19:11:51
R0006354,2025-12-09 15:40:41,Housekeeping,Urgent,18,2025-12-09 16:31:41,Completed,2025-12-09 16:05:41
R0006355,2025-12-09 10:29:29,FrontDesk,Urgent,6,2025-12-09 10:59:29,Completed,2025-12-09 10:44:29
R0006356,2025-12-09 07:41:27,F&B,Standard,25,2025-12-09 09:41:27,Completed,2025-12-09 08:21:27
R0006357,2025-12-09 07:15:33,Housekeeping,Standard,35,2025-12-09 09:40:33,Completed,2025-12-09 08:11:33
R0006358,2025-12-09 07:52:15,Housekeeping,Standard,35,2025-12-09 10:18:15,Completed,2025-12-09 08:48:15
R0006359,2025-12-09 15:58:39,FrontDesk,Standard,12,2025-12-09 17:29:39,Completed,2025-12-09 16:30:39
R0006360,2025-12-09 21:42:45,F&B,Standard,25,2025-12-09 23:26:45,Completed,2025-12-09 22:34:45
R0006361,2025-12-09 20:32:15,FrontDesk,Standard,12,2025-12-09 22:40:15,Completed,2025-12-09 20:59:15
R0006362,2025-12-09 09:00:50,FrontDesk,Standard,12,2025-12-09 10:53:50,Completed,2025-12-09 09:34:50
R0006363,2025-12-09 18:06:41,Maintenance,Standard,55,2025-12-09 21:00:41,Completed,2025-12-09 18:44:41
R0006364,2025-12-09 14:14:25,Housekeeping,Standard,35,2025-12-09 16:35:25,Completed,2025-12-09 15:15:25
R0006365,2025-12-09 21:36:39,FrontDesk,Urgent,6,2025-12-09 22:28:39,Completed,2025-12-09 21:45:39
R0006366,2025-12-09 20:25:20,F&B,Standard,25,2025-12-09 21:51:20,Open,
R0006367,2025-12-09 11:25:07,Housekeeping,Standard,35,2025-12-09 13:17:07,Completed,2025-12-09 12:30:07
R0006368,2025-12-09 11:53:27,Housekeeping,Standard,35,2025-12-09 13:26:27,Completed,2025-12-09 12:20:27
R0006369,2025-12-09 17:13:28,FrontDesk,Standard,12,2025-12-09 19:26:28,Completed,2025-12-09 17:39:28
R0006370,2025-12-09 14:27:56,Housekeeping,Standard,35,2025-12-09 15:56:56,Completed,2025-12-09 15:13:56
R0006371,2025-12-09 21:39:01,Maintenance,Standard,55,2025-12-09 23:18:01,Completed,2025-12-09 22:58:01
R0006372,2025-12-09 18:40:26,FrontDesk,Standard,12,2025-12-09 21:32:26,Completed,2025-12-09 19:13:26
R0006373,2025-12-09 20:33:34,F&B,Standard,25,2025-12-09 22:52:34,Completed,2025-12-09 21:03:34
R0006374,2025-12-09 12:07:11,Housekeeping,Standard,35,2025-12-09 14:45:11,Completed,2025-12-09 12:54:11
R0006375,2025-12-09 07:48:36,FrontDesk,Standard,12,2025-12-09 10:43:36,Completed,2025-12-09 08:11:36
R0006376,2025-12-09 16:25:26,FrontDesk,Standard,12,2025-12-09 18:49:26,Completed,2025-12-09 17:01:26
R0006377,2025-12-09 14:28:06,F&B,Standard,25,2025-12-09 16:35:06,Completed,2025-12-09 14:43:06
R0006378,2025-12-10 17:15:31,Housekeeping,Standard,35,2025-12-10 18:52:31,Completed,2025-12-10 17:53:31
R0006379,2025-12-10 18:53:26,Housekeeping,Standard,35,2025-12-10 21:46:26,Completed,2025-12-10 19:30:26
R0006380,2025-12-10 13:10:53,Housekeeping,Standard,35,2025-12-10 15:41:53,In_Progress,
R0006381,2025-12-10 08:13:46,Housekeeping,Standard,35,2025-12-10 10:28:46,Completed,2025-12-10 09:09:46
R0006382,2025-12-10 11:10:11,Housekeeping,Standard,35,2025-12-10 13:12:11,Completed,2025-12-10 11:45:11
R0006383,2025-12-10 21:52:55,F&B,Standard,25,2025-12-10 22:57:55,Completed,2025-12-10 22:34:55
R0006384,2025-12-10 08:33:04,F&B,Standard,25,2025-12-10 10:48:04,Completed,2025-12-10 09:15:04
R0006385,2025-12-10 14:59:42,Housekeeping,Standard,35,2025-12-10 17:20:42,Completed,2025-12-10 15:34:42
R0006386,2025-12-10 12:36:35,F&B,Standard,25,2025-12-10 15:04:35,Completed,2025-12-10 13:15:35
R0006387,2025-12-10 07:13:34,F&B,Standard,25,2025-12-10 09:04:34,Completed,2025-12-10 07:55:34
R0006388,2025-12-10 20:21:23,F&B,Standard,25,2025-12-10 21:40:23,Completed,2025-12-10 20:48:23
R0006389,2025-12-10 17:52:36,Housekeeping,Standard,35,2025-12-10 20:07:36,Completed,2025-12-10 18:35:36
R0006390,2025-12-10 22:54:26,Housekeeping,Standard,35,2025-12-11 01:39:26,Completed,2025-12-10 23:38:26
R0006391,2025-12-10 14:17:56,F&B,Standard,25,2025-12-10 16:10:56,Completed,2025-12-10 14:53:56
R0006392,2025-12-10 18:16:29,FrontDesk,Urgent,6,2025-12-10 18:48:29,Completed,2025-12-10 18:50:29
R0006393,2025-12-10 21:49:20,F&B,Standard,25,2025-12-10 23:37:20,In_Progress,
R0006394,2025-12-10 11:01:29,FrontDesk,Standard,12,2025-12-10 13:17:29,Completed,2025-12-10 11:26:29
R0006395,2025-12-10 11:31:01,F&B,Standard,25,2025-12-10 14:13:01,Completed,2025-12-10 12:09:01
R0006396,2025-12-10 20:21:20,Housekeeping,Standard,35,2025-12-10 22:46:20,Completed,2025-12-10 21:07:20
R0006397,2025-12-10 13:12:54,Maintenance,Urgent,30,2025-12-10 13:57:54,Completed,2025-12-10 13:50:54
R0006398,2025-12-10 07:59:59,FrontDesk,Standard,12,2025-12-10 10:17:59,Completed,2025-12-10 08:14:59
R0006399,2025-12-10 16:12:30,Housekeeping,Standard,35,2025-12-10 18:10:30,Completed,2025-12-10 16:50:30
R0006400,2025-12-10 13:04:03,Housekeeping,Standard,35,2025-12-10 15:54:03,Completed,2025-12-10 13:36:03
R0006401,2025-12-10 19:48:07,FrontDesk,Standard,12,2025-12-10 21:19:07,Completed,2025-12-10 20:11:07
R0006402,2025-12-10 13:50:13,FrontDesk,Standard,12,2025-12-10 15:14:13,Completed,2025-12-10 14:29:13
R0006403,2025-12-10 15:36:54,Housekeeping,Standard,35,2025-12-10 17:58:54,Completed,2025-12-10 16:33:54
R0006404,2025-12-10 17:11:35,FrontDesk,Standard,12,2025-12-10 18:11:35,Completed,2025-12-10 17:23:35
R0006405,2025-12-10 12:56:11,Housekeeping,Standard,35,2025-12-10 14:55:11,Completed,2025-12-10 13:53:11
R0006406,2025-12-10 14:31:46,Housekeeping,Standard,35,2025-12-10 16:41:46,Completed,2025-12-10 15:32:46
R0006407,2025-12-10 13:15:32,Maintenance,Standard,55,2025-12-10 15:22:32,Completed,2025-12-10 14:22:32
R0006408,2025-12-10 20:37:41,FrontDesk,Standard,12,2025-12-10 22:51:41,Completed,2025-12-10 21:07:41
R0006409,2025-12-10 07:53:48,FrontDesk,Urgent,6,2025-12-10 08:23:48,Completed,2025-12-10 08:10:48
R0006410,2025-12-10 07:14:31,Housekeeping,Standard,35,2025-12-10 09:26:31,Completed,2025-12-10 08:07:31
R0006411,2025-12-10 19:48:49,Housekeeping,Standard,35,2025-12-10 21:52:49,Completed,2025-12-10 20:22:49
R0006412,2025-12-10 12:37:54,FrontDesk,Standard,12,2025-12-10 15:07:54,Completed,2025-12-10 13:15:54
R0006413,2025-12-10 16:14:32,FrontDesk,Urgent,6,2025-12-10 17:05:32,Completed,2025-12-10 16:36:32
R0006414,2025-12-10 21:32:47,F&B,Urgent,12,2025-12-10 22:12:47,Completed,2025-12-10 21:46:47
R0006415,2025-12-10 20:13:06,Housekeeping,Standard,35,2025-12-10 22:42:06,Completed,2025-12-10 20:56:06
R0006416,2025-12-10 16:13:08,Housekeeping,Standard,35,2025-12-10 18:27:08,Open,
R0006417,2025-12-10 22:49:44,Housekeeping,Standard,35,2025-12-11 00:28:44,In_Progress,
R0006418,2025-12-10 10:58:16,FrontDesk,Urgent,6,2025-12-10 11:30:16,Completed,2025-12-10 11:31:16
R0006419,2025-12-10 18:56:39,FrontDesk,Standard,12,2025-12-10 20:35:39,Completed,2025-12-10 19:17:39
R0006420,2025-12-10 12:05:26,Housekeeping,Standard,35,2025-12-10 13:38:26,Completed,2025-12-10 13:02:26
R0006421,2025-12-10 13:53:27,FrontDesk,Standard,12,2025-12-10 16:31:27,Completed,2025-12-10 14:37:27
R0006422,2025-12-10 18:36:48,Maintenance,Standard,55,2025-12-10 19:43:48,Completed,2025-12-10 20:00:48
R0006423,2025-12-10 16:02:56,F&B,Standard,25,2025-12-10 17:33:56,Completed,2025-12-10 16:50:56
R0006424,2025-12-10 18:37:04,Housekeeping,Standard,35,2025-12-10 21:27:04,Completed,2025-12-10 19:23:04
R0006425,2025-12-10 09:03:14,Housekeeping,Standard,35,2025-12-10 11:50:14,Completed,2025-12-10 10:04:14
R0006426,2025-12-10 14:43:04,F&B,Standard,25,2025-12-10 17:42:04,Completed,2025-12-10 15:16:04
R0006427,2025-12-10 14:28:12,FrontDesk,Standard,12,2025-12-10 15:56:12,Completed,2025-12-10 14:59:12
R0006428,2025-12-10 21:09:52,Housekeeping,Standard,35,2025-12-10 23:21:52,Completed,2025-12-10 22:17:52
R0006429,2025-12-10 17:07:25,Housekeeping,Standard,35,2025-12-10 18:51:25,Completed,2025-12-10 18:23:25
R0006430,2025-12-10 13:10:41,Housekeeping,Standard,35,2025-12-10 15:09:41,Completed,2025-12-10 14:17:41
R0006431,2025-12-10 13:37:12,F&B,Standard,25,2025-12-10 14:53:12,Completed,2025-12-10 14:26:12
R0006432,2025-12-10 19:00:20,Housekeeping,Standard,35,2025-12-10 20:12:20,Completed,2025-12-10 19:48:20
R0006433,2025-12-10 21:08:38,FrontDesk,Standard,12,2025-12-10 22:57:38,Completed,2025-12-10 21:50:38
R0006434,2025-12-10 13:08:10,F&B,Standard,25,2025-12-10 14:10:10,Open,
R0006435,2025-12-10 20:29:15,Housekeeping,Standard,35,2025-12-10 22:54:15,Completed,2025-12-10 21:30:15
R0006436,2025-12-10 16:34:00,Housekeeping,Urgent,18,2025-12-10 16:51:00,Completed,2025-12-10 16:54:00
R0006437,2025-12-10 14:01:12,Housekeeping,Standard,35,2025-12-10 15:58:12,Completed,2025-12-10 14:49:12
R0006438,2025-12-10 08:18:32,FrontDesk,Standard,12,2025-12-10 09:18:32,Completed,2025-12-10 08:37:32
R0006439,2025-12-10 10:44:40,Housekeeping,Standard,35,2025-12-10 12:24:40,Completed,2025-12-10 11:50:40
R0006440,2025-12-10 11:35:54,F&B,Urgent,12,2025-12-10 12:34:54,Completed,2025-12-10 12:02:54
R0006441,2025-12-10 11:22:05,F&B,Standard,25,2025-12-10 12:23:05,Completed,2025-12-10 11:46:05
R0006442,2025-12-10 07:49:43,FrontDesk,Urgent,6,2025-12-10 08:42:43,Completed,2025-12-10 08:05:43
R0006443,2025-12-10 14:20:47,FrontDesk,Standard,12,2025-12-10 16:48:47,Completed,2025-12-10 14:47:47
R0006444,2025-12-10 21:41:58,Housekeeping,Standard,35,2025-12-10 23:24:58,Completed,2025-12-10 22:41:58
R0006445,2025-12-10 13:31:56,Housekeeping,Standard,35,2025-12-10 14:41:56,Completed,2025-12-10 14:33:56
R0006446,2025-12-10 19:35:08,FrontDesk,Standard,12,2025-12-10 22:35:08,Completed,2025-12-10 20:05:08
R0006447,2025-12-10 15:44:56,Housekeeping,Standard,35,2025-12-10 16:49:56,Completed,2025-12-10 16:29:56
R0006448,2025-12-10 21:52:02,F&B,Urgent,12,2025-12-10 22:39:02,Completed,2025-12-10 22:07:02
R0006449,2025-12-10 19:49:23,Maintenance,Standard,55,2025-12-10 22:05:23,Completed,2025-12-10 21:15:23
R0006450,2025-12-10 21:08:54,FrontDesk,Standard,12,2025-12-10 23:29:54,Completed,2025-12-10 21:19:54
R0006451,2025-12-10 07:36:47,FrontDesk,Standard,12,2025-12-10 09:42:47,Completed,2025-12-10 08:09:47
R0006452,2025-12-10 20:42:34,FrontDesk,Standard,12,2025-12-10 23:36:34,Completed,2025-12-10 21:06:34
R0006453,2025-12-10 14:38:27,F&B,Standard,25,2025-12-10 16:16:27,Open,
R0006454,2025-12-10 19:22:33,Housekeeping,Standard,35,2025-12-10 20:30:33,Completed,2025-12-10 20:08:33
R0006455,2025-12-10 10:52:23,Housekeeping,Standard,35,2025-12-10 12:44:23,Completed,2025-12-10 11:29:23
R0006456,2025-12-10 16:23:22,FrontDesk,Standard,12,2025-12-10 17:46:22,Completed,2025-12-10 17:01:22
R0006457,2025-12-10 07:48:18,F&B,Standard,25,2025-12-10 09:34:18,Completed,2025-12-10 08:32:18
R0006458,2025-12-10 14:03:48,Housekeeping,Standard,35,2025-12-10 16:32:48,Completed,2025-12-10 14:45:48
R0006459,2025-12-10 21:44:29,F&B,Standard,25,2025-12-10 23:31:29,Completed,2025-12-10 22:18:29
R0006460,2025-12-10 21:31:40,F&B,Standard,25,2025-12-10 22:32:40,Completed,2025-12-10 22:02:40
R0006461,2025-12-10 18:47:58,Housekeeping,Standard,35,2025-12-10 21:23:58,Completed,2025-12-10 19:29:58
R0006462,2025-12-10 20:38:04,Housekeeping,Standard,35,2025-12-10 23:26:04,Completed,2025-12-10 21:26:04
R0006463,2025-12-10 10:26:55,FrontDesk,Standard,12,2025-12-10 11:39:55,Completed,2025-12-10 10:51:55
R0006464,2025-12-10 16:21:46,FrontDesk,Standard,12,2025-12-10 18:54:46,Completed,2025-12-10 16:37:46
R0006465,2025-12-10 11:05:13,Housekeeping,Standard,35,2025-12-10 12:25:13,Completed,2025-12-10 11:35:13
R0006466,2025-12-10 10:22:57,Housekeeping,Standard,35,2025-12-10 12:06:57,Completed,2025-12-10 11:01:57
R0006467,2025-12-10 07:28:25,FrontDesk,Standard,12,2025-12-10 08:44:25,Completed,2025-12-10 07:45:25
R0006468,2025-12-10 17:12:58,FrontDesk,Standard,12,2025-12-10 19:51:58,Completed,2025-12-10 17:47:58
R0006469,2025-12-10 17:05:29,Maintenance,Standard,55,2025-12-10 19:32:29,Open,
R0006470,2025-12-10 14:05:10,Housekeeping,Standard,35,2025-12-10 16:19:10,Completed,2025-12-10 15:00:10
R0006471,2025-12-10 13:59:51,Housekeeping,Standard,35,2025-12-10 16:18:51,Completed,2025-12-10 14:30:51
R0006472,2025-12-10 22:33:58,Housekeeping,Standard,35,2025-12-11 00:58:58,Completed,2025-12-10 23:44:58
R0006473,2025-12-10 18:37:41,Housekeeping,Standard,35,2025-12-10 21:19:41,Completed,2025-12-10 19:32:41
R0006474,2025-12-10 20:09:20,Housekeeping,Standard,35,2025-12-10 22:21:20,Completed,2025-12-10 21:20:20
R0006475,2025-12-10 12:10:39,F&B,Standard,25,2025-12-10 14:13:39,Completed,2025-12-10 12:52:39
R0006476,2025-12-10 11:38:36,Housekeeping,Standard,35,2025-12-10 12:41:36,Completed,2025-12-10 12:46:36
R0006477,2025-12-10 18:21:36,Housekeeping,Standard,35,2025-12-10 21:19:36,Completed,2025-12-10 18:47:36
R0006478,2025-12-10 13:11:56,Housekeeping,Standard,35,2025-12-10 16:05:56,Completed,2025-12-10 14:08:56
R0006479,2025-12-10 20:33:31,F&B,Standard,25,2025-12-10 23:02:31,Completed,2025-12-10 20:52:31
R0006480,2025-12-10 21:04:54,FrontDesk,Standard,12,2025-12-10 22:54:54,Completed,2025-12-10 21:35:54
R0006481,2025-12-10 20:23:15,Housekeeping,Standard,35,2025-12-10 23:22:15,Completed,2025-12-10 21:11:15
R0006482,2025-12-10 12:27:27,F&B,Standard,25,2025-12-10 15:24:27,Completed,2025-12-10 13:02:27
R0006483,2025-12-10 12:24:41,F&B,Standard,25,2025-12-10 14:18:41,Completed,2025-12-10 13:00:41
R0006484,2025-12-10 21:12:42,FrontDesk,Standard,12,2025-12-10 23:19:42,Completed,2025-12-10 21:33:42
R0006485,2025-12-10 08:13:45,Housekeeping,Urgent,18,2025-12-10 09:06:45,Completed,2025-12-10 08:45:45
R0006486,2025-12-10 17:37:13,F&B,Standard,25,2025-12-10 20:37:13,Completed,2025-12-10 18:32:13
R0006487,2025-12-10 14:41:22,Housekeeping,Standard,35,2025-12-10 16:43:22,Completed,2025-12-10 15:18:22
R0006488,2025-12-10 17:32:38,Housekeeping,Standard,35,2025-12-10 19:40:38,Completed,2025-12-10 18:17:38
R0006489,2025-12-10 08:15:06,Housekeeping,Standard,35,2025-12-10 10:35:06,Completed,2025-12-10 08:58:06
R0006490,2025-12-10 20:56:07,FrontDesk,Standard,12,2025-12-10 22:33:07,Completed,2025-12-10 21:16:07
R0006491,2025-12-10 08:20:31,Maintenance,Standard,55,2025-12-10 09:56:31,Completed,2025-12-10 09:32:31
R0006492,2025-12-10 15:48:24,FrontDesk,Standard,12,2025-12-10 18:18:24,Completed,2025-12-10 16:31:24
R0006493,2025-12-10 14:17:27,FrontDesk,Standard,12,2025-12-10 16:01:27,Completed,2025-12-10 14:34:27
R0006494,2025-12-10 12:56:11,Housekeeping,Standard,35,2025-12-10 15:55:11,Completed,2025-12-10 13:58:11
R0006495,2025-12-10 22:51:39,Housekeeping,Standard,35,2025-12-11 00:23:39,Completed,2025-12-10 23:40:39
R0006496,2025-12-10 19:47:03,FrontDesk,Standard,12,2025-12-10 22:13:03,Completed,2025-12-10 20:18:03
R0006497,2025-12-10 20:58:08,Maintenance,Standard,55,2025-12-10 22:11:08,Completed,2025-12-10 22:34:08
R0006498,2025-12-10 20:46:30,FrontDesk,Standard,12,2025-12-10 21:48:30,Completed,2025-12-10 20:58:30
R0006499,2025-12-10 17:15:34,Housekeeping,Standard,35,2025-12-10 19:34:34,Completed,2025-12-10 18:16:34
R0006500,2025-12-10 19:16:41,F&B,Standard,25,2025-12-10 20:51:41,Completed,2025-12-10 19:56:41
R0006501,2025-12-10 08:14:41,Housekeeping,Standard,35,2025-12-10 10:33:41,Completed,2025-12-10 08:54:41
R0006502,2025-12-10 07:11:59,Housekeeping,Urgent,18,2025-12-10 07:42:59,Completed,2025-12-10 08:03:59
R0006503,2025-12-10 18:24:11,FrontDesk,Standard,12,2025-12-10 20:08:11,Completed,2025-12-10 18:49:11
R0006504,2025-12-10 12:47:12,FrontDesk,Standard,12,2025-12-10 15:26:12,Open,
R0006505,2025-12-10 13:49:01,Housekeeping,Standard,35,2025-12-10 16:19:01,Completed,2025-12-10 14:23:01
R0006506,2025-12-10 16:26:56,F&B,Standard,25,2025-12-10 18:26:56,Completed,2025-12-10 17:23:56
R0006507,2025-12-10 12:02:26,FrontDesk,Standard,12,2025-12-10 13:20:26,Completed,2025-12-10 12:34:26
R0006508,2025-12-10 21:47:52,F&B,Standard,25,2025-12-11 00:19:52,Open,
R0006509,2025-12-10 15:55:33,FrontDesk,Standard,12,2025-12-10 16:58:33,Completed,2025-12-10 16:27:33
R0006510,2025-12-10 07:38:59,F&B,Standard,25,2025-12-10 10:38:59,Completed,2025-12-10 08:22:59
R0006511,2025-12-10 14:57:58,Housekeeping,Urgent,18,2025-12-10 15:47:58,Completed,2025-12-10 15:25:58
R0006512,2025-12-10 09:04:05,Housekeeping,Standard,35,2025-12-10 11:07:05,Completed,2025-12-10 09:50:05
R0006513,2025-12-10 18:39:11,FrontDesk,Standard,12,2025-12-10 21:09:11,Completed,2025-12-10 18:51:11
R0006514,2025-12-10 16:56:22,Maintenance,Standard,55,2025-12-10 18:12:22,Completed,2025-12-10 18:17:22
R0006515,2025-12-10 12:04:58,FrontDesk,Standard,12,2025-12-10 13:27:58,Completed,2025-12-10 12:13:58
R0006516,2025-12-10 14:52:08,F&B,Urgent,12,2025-12-10 15:26:08,Completed,2025-12-10 15:23:08
R0006517,2025-12-10 14:06:32,Maintenance,Standard,55,2025-12-10 16:59:32,Completed,2025-12-10 15:22:32
R0006518,2025-12-10 12:30:28,F&B,Standard,25,2025-12-10 14:30:28,Completed,2025-12-10 13:03:28
R0006519,2025-12-10 22:47:18,Housekeeping,Standard,35,2025-12-11 01:44:18,Open,
R0006520,2025-12-10 10:33:23,FrontDesk,Standard,12,2025-12-10 11:51:23,Completed,2025-12-10 10:55:23
R0006521,2025-12-10 18:49:02,Housekeeping,Standard,35,2025-12-10 21:01:02,Completed,2025-12-10 19:25:02
R0006522,2025-12-10 11:34:45,FrontDesk,Standard,12,2025-12-10 13:35:45,Completed,2025-12-10 12:14:45
R0006523,2025-12-10 08:15:01,FrontDesk,Standard,12,2025-12-10 09:50:01,Completed,2025-12-10 08:35:01
R0006524,2025-12-10 17:53:02,Housekeeping,Standard,35,2025-12-10 20:09:02,Completed,2025-12-10 18:43:02
R0006525,2025-12-10 16:21:45,Housekeeping,Standard,35,2025-12-10 17:27:45,Open,
R0006526,2025-12-10 21:29:32,F&B,Standard,25,2025-12-10 22:38:32,Completed,2025-12-10 22:11:32
R0006527,2025-12-10 22:22:47,Housekeeping,Urgent,18,2025-12-10 23:14:47,Completed,2025-12-10 22:55:47
R0006528,2025-12-10 18:38:27,Housekeeping,Standard,35,2025-12-10 20:40:27,Completed,2025-12-10 19:18:27
R0006529,2025-12-10 10:34:28,Housekeeping,Standard,35,2025-12-10 13:34:28,Completed,2025-12-10 11:08:28
R0006530,2025-12-10 18:37:17,F&B,Urgent,12,2025-12-10 18:54:17,In_Progress,
R0006531,2025-12-10 08:23:25,Maintenance,Standard,55,2025-12-10 10:10:25,Completed,2025-12-10 09:18:25
R0006532,2025-12-10 21:11:20,Housekeeping,Standard,35,2025-12-11 00:07:20,Completed,2025-12-10 21:39:20
R0006533,2025-12-10 12:03:45,Housekeeping,Standard,35,2025-12-10 13:04:45,Completed,2025-12-10 12:59:45
R0006534,2025-12-10 21:00:06,Housekeeping,Urgent,18,2025-12-10 21:23:06,Completed,2025-12-10 21:30:06
R0006535,2025-12-10 07:25:31,Housekeeping,Standard,35,2025-12-10 08:32:31,Completed,2025-12-10 08:23:31
R0006536,2025-12-10 11:47:51,Housekeeping,Standard,35,2025-12-10 14:40:51,Completed,2025-12-10 12:42:51
R0006537,2025-12-10 18:39:24,F&B,Standard,25,2025-12-10 20:11:24,Completed,2025-12-10 19:24:24
R0006538,2025-12-10 07:01:19,Housekeeping,Standard,35,2025-12-10 08:26:19,Completed,2025-12-10 07:50:19
R0006539,2025-12-10 16:49:17,FrontDesk,Urgent,6,2025-12-10 17:34:17,Completed,2025-12-10 17:20:17
R0006540,2025-12-10 14:07:39,Housekeeping,Standard,35,2025-12-10 16:02:39,Completed,2025-12-10 14:51:39
R0006541,2025-12-10 10:41:41,Housekeeping,Standard,35,2025-12-10 11:55:41,Completed,2025-12-10 11:49:41
R0006542,2025-12-10 18:58:17,FrontDesk,Standard,12,2025-12-10 20:43:17,Completed,2025-12-10 19:33:17
R0006543,2025-12-10 21:17:05,Housekeeping,Standard,35,2025-12-10 23:18:05,Completed,2025-12-10 22:18:05
R0006544,2025-12-10 20:01:44,F&B,Standard,25,2025-12-10 21:36:44,Completed,2025-12-10 20:27:44
R0006545,2025-12-10 08:50:38,F&B,Standard,25,2025-12-10 10:53:38,Completed,2025-12-10 09:42:38
R0006546,2025-12-10 19:11:34,Maintenance,Standard,55,2025-12-10 20:36:34,Completed,2025-12-10 20:39:34
R0006547,2025-12-10 17:22:05,Housekeeping,Standard,35,2025-12-10 19:05:05,Completed,2025-12-10 18:16:05
R0006548,2025-12-10 20:53:45,F&B,Standard,25,2025-12-10 23:52:45,Completed,2025-12-10 21:09:45
R0006549,2025-12-10 08:23:08,FrontDesk,Urgent,6,2025-12-10 08:45:08,Completed,2025-12-10 08:47:08
R0006550,2025-12-10 15:38:58,Housekeeping,Standard,35,2025-12-10 18:32:58,Completed,2025-12-10 16:47:58
R0006551,2025-12-10 12:37:16,FrontDesk,Standard,12,2025-12-10 15:33:16,Completed,2025-12-10 12:58:16
R0006552,2025-12-10 14:16:18,F&B,Standard,25,2025-12-10 15:52:18,Completed,2025-12-10 14:55:18
R0006553,2025-12-10 18:36:14,FrontDesk,Standard,12,2025-12-10 19:36:14,Completed,2025-12-10 18:56:14
R0006554,2025-12-10 12:31:40,Maintenance,Standard,55,2025-12-10 14:04:40,Completed,2025-12-10 13:34:40
R0006555,2025-12-10 20:30:59,F&B,Standard,25,2025-12-10 21:39:59,Completed,2025-12-10 21:14:59
R0006556,2025-12-10 11:08:32,FrontDesk,Standard,12,2025-12-10 13:16:32,Completed,2025-12-10 11:35:32
R0006557,2025-12-10 11:38:39,Housekeeping,Standard,35,2025-12-10 13:46:39,Completed,2025-12-10 12:42:39
R0006558,2025-12-10 12:37:41,F&B,Standard,25,2025-12-10 14:38:41,Completed,2025-12-10 13:01:41
R0006559,2025-12-10 14:43:33,F&B,Standard,25,2025-12-10 16:25:33,Completed,2025-12-10 15:30:33
R0006560,2025-12-10 20:21:06,FrontDesk,Standard,12,2025-12-10 22:24:06,Completed,2025-12-10 20:39:06
R0006561,2025-12-10 13:32:41,FrontDesk,Standard,12,2025-12-10 14:46:41,Completed,2025-12-10 13:48:41
R0006562,2025-12-10 07:59:14,FrontDesk,Standard,12,2025-12-10 10:39:14,Open,
R0006563,2025-12-10 09:44:56,F&B,Urgent,12,2025-12-10 10:01:56,Completed,2025-12-10 10:01:56
R0006564,2025-12-10 12:29:48,Housekeeping,Standard,35,2025-12-10 13:58:48,Completed,2025-12-10 13:38:48
R0006565,2025-12-10 10:04:34,FrontDesk,Standard,12,2025-12-10 12:58:34,Completed,2025-12-10 10:35:34
R0006566,2025-12-10 11:02:31,Housekeeping,Standard,35,2025-12-10 12:23:31,Completed,2025-12-10 11:38:31
R0006567,2025-12-10 16:12:20,FrontDesk,Standard,12,2025-12-10 17:56:20,Completed,2025-12-10 16:36:20
R0006568,2025-12-10 17:32:09,FrontDesk,Standard,12,2025-12-10 19:54:09,Completed,2025-12-10 18:03:09
R0006569,2025-12-10 11:46:00,Housekeeping,Standard,35,2025-12-10 14:29:00,Completed,2025-12-10 12:57:00
R0006570,2025-12-10 10:16:21,FrontDesk,Standard,12,2025-12-10 11:50:21,Completed,2025-12-10 10:44:21
R0006571,2025-12-10 13:28:33,Housekeeping,Standard,35,2025-12-10 14:49:33,Completed,2025-12-10 14:16:33
R0006572,2025-12-10 08:07:31,F&B,Standard,25,2025-12-10 10:40:31,In_Progress,
R0006573,2025-12-10 14:10:24,Housekeeping,Standard,35,2025-12-10 16:33:24,Open,
R0006574,2025-12-10 08:46:34,Housekeeping,Standard,35,2025-12-10 10:42:34,Completed,2025-12-10 09:27:34
R0006575,2025-12-10 21:49:03,Maintenance,Standard,55,2025-12-11 00:02:03,Open,
R0006576,2025-12-10 13:24:58,Housekeeping,Standard,35,2025-12-10 14:54:58,Completed,2025-12-10 14:30:58
R0006577,2025-12-10 20:25:29,Housekeeping,Urgent,18,2025-12-10 21:21:29,Completed,2025-12-10 20:56:29
R0006578,2025-12-10 18:43:28,F&B,Standard,25,2025-12-10 21:38:28,Completed,2025-12-10 19:25:28
R0006579,2025-12-10 19:51:26,F&B,Standard,25,2025-12-10 21:37:26,Completed,2025-12-10 20:28:26
R0006580,2025-12-10 19:01:36,FrontDesk,Standard,12,2025-12-10 21:25:36,Completed,2025-12-10 19:18:36
R0006581,2025-12-10 18:09:14,Housekeeping,Standard,35,2025-12-10 20:03:14,Completed,2025-12-10 18:37:14
R0006582,2025-12-10 20:17:13,FrontDesk,Standard,12,2025-12-10 21:39:13,Completed,2025-12-10 20:31:13
R0006583,2025-12-10 16:22:47,Housekeeping,Standard,35,2025-12-10 17:44:47,Completed,2025-12-10 17:30:47
R0006584,2025-12-10 18:03:33,F&B,Standard,25,2025-12-10 19:56:33,Completed,2025-12-10 18:28:33
R0006585,2025-12-10 19:55:56,Housekeeping,Standard,35,2025-12-10 21:15:56,Completed,2025-12-10 20:32:56
R0006586,2025-12-10 18:25:34,Housekeeping,Standard,35,2025-12-10 21:19:34,Completed,2025-12-10 19:29:34
R0006587,2025-12-10 11:16:16,Housekeeping,Standard,35,2025-12-10 13:36:16,Completed,2025-12-10 12:00:16
R0006588,2025-12-10 11:28:46,Maintenance,Standard,55,2025-12-10 14:18:46,Completed,2025-12-10 12:14:46
R0006589,2025-12-10 21:36:44,Housekeeping,Standard,35,2025-12-10 22:43:44,Completed,2025-12-10 22:11:44
R0006590,2025-12-10 20:39:15,Housekeeping,Standard,35,2025-12-10 21:40:15,Completed,2025-12-10 21:34:15
R0006591,2025-12-11 14:08:15,FrontDesk,Standard,12,2025-12-11 16:27:15,Completed,2025-12-11 14:25:15
R0006592,2025-12-11 08:33:34,Housekeeping,Standard,35,2025-12-11 11:24:34,Completed,2025-12-11 09:07:34
R0006593,2025-12-11 19:46:45,Housekeeping,Standard,35,2025-12-11 22:32:45,Completed,2025-12-11 20:24:45
R0006594,2025-12-11 11:11:24,Housekeeping,Standard,35,2025-12-11 12:58:24,Completed,2025-12-11 11:47:24
R0006595,2025-12-11 18:00:08,FrontDesk,Standard,12,2025-12-11 20:58:08,In_Progress,
R0006596,2025-12-11 11:16:24,F&B,Standard,25,2025-12-11 13:24:24,Completed,2025-12-11 11:59:24
R0006597,2025-12-11 22:05:24,Housekeeping,Standard,35,2025-12-12 00:00:24,Completed,2025-12-11 22:30:24
R0006598,2025-12-11 18:59:18,FrontDesk,Standard,12,2025-12-11 21:27:18,Completed,2025-12-11 19:30:18
R0006599,2025-12-11 13:15:48,Housekeeping,Urgent,18,2025-12-11 14:13:48,Completed,2025-12-11 13:56:48
R0006600,2025-12-11 20:26:31,Housekeeping,Standard,35,2025-12-11 22:59:31,Open,
R0006601,2025-12-11 18:57:17,Housekeeping,Standard,35,2025-12-11 20:59:17,Completed,2025-12-11 19:37:17
R0006602,2025-12-11 17:00:12,F&B,Urgent,12,2025-12-11 17:57:12,Completed,2025-12-11 17:31:12
R0006603,2025-12-11 20:35:03,F&B,Standard,25,2025-12-11 23:18:03,Completed,2025-12-11 21:12:03
R0006604,2025-12-11 22:53:19,F&B,Standard,25,2025-12-12 01:27:19,Completed,2025-12-11 23:38:19
R0006605,2025-12-11 17:03:03,Maintenance,Standard,55,2025-12-11 18:40:03,Completed,2025-12-11 18:17:03
R0006606,2025-12-11 18:42:08,F&B,Urgent,12,2025-12-11 19:01:08,In_Progress,
R0006607,2025-12-11 08:15:05,Housekeeping,Standard,35,2025-12-11 10:33:05,Completed,2025-12-11 09:27:05
R0006608,2025-12-11 20:27:05,F&B,Standard,25,2025-12-11 22:37:05,Completed,2025-12-11 21:09:05
R0006609,2025-12-11 08:26:03,Housekeeping,Standard,35,2025-12-11 11:21:03,Completed,2025-12-11 08:58:03
R0006610,2025-12-11 21:21:42,Maintenance,Standard,55,2025-12-11 23:30:42,Completed,2025-12-11 22:16:42
R0006611,2025-12-11 09:58:03,Housekeeping,Standard,35,2025-12-11 11:21:03,Completed,2025-12-11 11:08:03
R0006612,2025-12-11 15:51:12,F&B,Standard,25,2025-12-11 17:05:12,Open,
R0006613,2025-12-11 21:19:40,Housekeeping,Standard,35,2025-12-11 23:32:40,Open,
R0006614,2025-12-11 11:10:27,Housekeeping,Standard,35,2025-12-11 12:57:27,Open,
R0006615,2025-12-11 21:15:57,FrontDesk,Standard,12,2025-12-11 22:44:57,Completed,2025-12-11 21:28:57
R0006616,2025-12-11 09:06:12,F&B,Standard,25,2025-12-11 10:42:12,Open,
R0006617,2025-12-11 14:32:17,F&B,Standard,25,2025-12-11 15:51:17,Completed,2025-12-11 15:25:17
R0006618,2025-12-11 15:43:15,FrontDesk,Standard,12,2025-12-11 17:22:15,Completed,2025-12-11 15:57:15
R0006619,2025-12-11 19:28:40,FrontDesk,Urgent,6,2025-12-11 20:24:40,Completed,2025-12-11 19:40:40
R0006620,2025-12-11 16:28:06,F&B,Urgent,12,2025-12-11 17:13:06,Completed,2025-12-11 16:49:06
R0006621,2025-12-11 17:26:00,Housekeeping,Standard,35,2025-12-11 18:53:00,Completed,2025-12-11 17:54:00
R0006622,2025-12-11 07:04:14,F&B,Standard,25,2025-12-11 08:13:14,Completed,2025-12-11 08:09:14
R0006623,2025-12-11 21:22:48,FrontDesk,Standard,12,2025-12-11 22:46:48,Completed,2025-12-11 21:42:48
R0006624,2025-12-11 19:39:43,Maintenance,Standard,55,2025-12-11 21:36:43,Completed,2025-12-11 21:02:43
R0006625,2025-12-11 12:38:00,Housekeeping,Standard,35,2025-12-11 15:23:00,In_Progress,
R0006626,2025-12-11 12:47:52,F&B,Standard,25,2025-12-11 15:47:52,Completed,2025-12-11 13:39:52
R0006627,2025-12-11 07:25:41,Housekeeping,Standard,35,2025-12-11 09:52:41,Completed,2025-12-11 08:11:41
R0006628,2025-12-11 14:47:58,Maintenance,Standard,55,2025-12-11 16:26:58,Completed,2025-12-11 15:38:58
R0006629,2025-12-11 22:16:13,Housekeeping,Standard,35,2025-12-11 23:51:13,Completed,2025-12-11 23:00:13
R0006630,2025-12-11 19:23:00,Housekeeping,Urgent,18,2025-12-11 19:50:00,Completed,2025-12-11 19:52:00
R0006631,2025-12-11 13:26:00,Housekeeping,Standard,35,2025-12-11 15:37:00,Open,
R0006632,2025-12-11 14:28:10,F&B,Standard,25,2025-12-11 17:07:10,Open,
R0006633,2025-12-11 20:23:33,Housekeeping,Standard,35,2025-12-11 22:30:33,Completed,2025-12-11 21:10:33
R0006634,2025-12-11 14:51:26,Maintenance,Standard,55,2025-12-11 16:17:26,Completed,2025-12-11 15:38:26
R0006635,2025-12-11 21:34:53,Housekeeping,Standard,35,2025-12-12 00:15:53,Completed,2025-12-11 22:00:53
R0006636,2025-12-11 20:31:26,FrontDesk,Standard,12,2025-12-11 22:36:26,Completed,2025-12-11 21:01:26
R0006637,2025-12-11 08:38:57,FrontDesk,Standard,12,2025-12-11 10:11:57,In_Progress,
R0006638,2025-12-11 16:13:21,Housekeeping,Urgent,18,2025-12-11 16:31:21,In_Progress,
R0006639,2025-12-11 09:37:27,Housekeeping,Standard,35,2025-12-11 11:14:27,In_Progress,
R0006640,2025-12-11 14:08:57,F&B,Standard,25,2025-12-11 16:47:57,Completed,2025-12-11 14:47:57
R0006641,2025-12-11 21:59:22,Housekeeping,Standard,35,2025-12-11 23:12:22,Completed,2025-12-11 22:33:22
R0006642,2025-12-11 14:48:01,Housekeeping,Urgent,18,2025-12-11 15:23:01,Completed,2025-12-11 15:08:01
R0006643,2025-12-11 18:46:17,Maintenance,Standard,55,2025-12-11 20:17:17,Completed,2025-12-11 20:00:17
R0006644,2025-12-11 19:52:46,FrontDesk,Urgent,6,2025-12-11 20:52:46,Completed,2025-12-11 20:13:46
R0006645,2025-12-11 12:53:41,Housekeeping,Standard,35,2025-12-11 14:54:41,Completed,2025-12-11 13:46:41
R0006646,2025-12-11 11:43:23,F&B,Standard,25,2025-12-11 14:33:23,Completed,2025-12-11 12:09:23
R0006647,2025-12-11 10:07:52,Housekeeping,Urgent,18,2025-12-11 10:43:52,Completed,2025-12-11 10:40:52
R0006648,2025-12-11 07:12:08,F&B,Standard,25,2025-12-11 09:18:08,Completed,2025-12-11 07:52:08
R0006649,2025-12-11 13:35:39,F&B,Standard,25,2025-12-11 16:28:39,Completed,2025-12-11 14:13:39
R0006650,2025-12-11 08:51:36,FrontDesk,Standard,12,2025-12-11 10:22:36,Completed,2025-12-11 09:06:36
R0006651,2025-12-11 14:31:12,FrontDesk,Standard,12,2025-12-11 17:08:12,Completed,2025-12-11 15:16:12
R0006652,2025-12-11 11:10:45,Maintenance,Standard,55,2025-12-11 12:47:45,In_Progress,
R0006653,2025-12-11 18:36:25,Maintenance,Standard,55,2025-12-11 20:18:25,Completed,2025-12-11 19:44:25
R0006654,2025-12-11 19:34:35,Maintenance,Standard,55,2025-12-11 22:09:35,Completed,2025-12-11 20:45:35
R0006655,2025-12-11 18:20:02,Housekeeping,Standard,35,2025-12-11 21:05:02,Completed,2025-12-11 19:11:02
R0006656,2025-12-11 21:26:21,Housekeeping,Standard,35,2025-12-11 23:05:21,In_Progress,
R0006657,2025-12-11 14:13:47,F&B,Standard,25,2025-12-11 15:50:47,Completed,2025-12-11 14:59:47
R0006658,2025-12-11 19:57:05,FrontDesk,Standard,12,2025-12-11 22:45:05,Completed,2025-12-11 20:30:05
R0006659,2025-12-11 18:22:46,Housekeeping,Standard,35,2025-12-11 19:22:46,Completed,2025-12-11 19:12:46
R0006660,2025-12-11 20:55:55,F&B,Standard,25,2025-12-11 22:15:55,Completed,2025-12-11 21:25:55
R0006661,2025-12-11 09:06:58,FrontDesk,Standard,12,2025-12-11 11:58:58,Completed,2025-12-11 09:25:58
R0006662,2025-12-11 13:41:31,F&B,Standard,25,2025-12-11 15:54:31,Completed,2025-12-11 14:23:31
R0006663,2025-12-11 21:08:10,Housekeeping,Standard,35,2025-12-11 22:59:10,Completed,2025-12-11 21:58:10
R0006664,2025-12-11 14:56:06,F&B,Standard,25,2025-12-11 16:25:06,In_Progress,
R0006665,2025-12-11 21:04:01,Housekeeping,Standard,35,2025-12-12 00:04:01,Completed,2025-12-11 21:36:01
R0006666,2025-12-11 12:46:54,FrontDesk,Standard,12,2025-12-11 14:43:54,Completed,2025-12-11 13:11:54
R0006667,2025-12-11 13:06:17,FrontDesk,Standard,12,2025-12-11 14:18:17,Completed,2025-12-11 13:36:17
R0006668,2025-12-11 13:58:05,Housekeeping,Standard,35,2025-12-11 15:56:05,Completed,2025-12-11 14:48:05
R0006669,2025-12-11 16:14:33,FrontDesk,Urgent,6,2025-12-11 16:54:33,Completed,2025-12-11 16:48:33
R0006670,2025-12-11 18:26:42,F&B,Standard,25,2025-12-11 20:11:42,Completed,2025-12-11 18:59:42
R0006671,2025-12-11 07:57:16,FrontDesk,Standard,12,2025-12-11 10:22:16,Completed,2025-12-11 08:19:16
R0006672,2025-12-11 19:30:32,F&B,Standard,25,2025-12-11 21:39:32,Completed,2025-12-11 20:05:32
R0006673,2025-12-11 12:49:18,Housekeeping,Standard,35,2025-12-11 14:35:18,Completed,2025-12-11 13:44:18
R0006674,2025-12-11 18:20:03,F&B,Standard,25,2025-12-11 19:51:03,Completed,2025-12-11 18:48:03
R0006675,2025-12-11 22:44:34,Housekeeping,Standard,35,2025-12-12 01:19:34,Completed,2025-12-11 23:27:34
R0006676,2025-12-11 14:51:21,Maintenance,Standard,55,2025-12-11 16:47:21,Completed,2025-12-11 15:50:21
R0006677,2025-12-11 20:21:13,Housekeeping,Standard,35,2025-12-11 22:24:13,Completed,2025-12-11 21:36:13
R0006678,2025-12-11 17:10:37,Housekeeping,Standard,35,2025-12-11 18:15:37,Completed,2025-12-11 18:10:37
R0006679,2025-12-11 21:20:17,Maintenance,Standard,55,2025-12-11 22:50:17,Completed,2025-12-11 22:36:17
R0006680,2025-12-11 13:42:33,Housekeeping,Standard,35,2025-12-11 15:56:33,Completed,2025-12-11 14:31:33
R0006681,2025-12-11 14:56:16,FrontDesk,Standard,12,2025-12-11 16:12:16,Completed,2025-12-11 15:19:16
R0006682,2025-12-11 08:33:15,FrontDesk,Standard,12,2025-12-11 10:23:15,Completed,2025-12-11 09:10:15
R0006683,2025-12-11 15:14:41,F&B,Standard,25,2025-12-11 17:10:41,Completed,2025-12-11 16:13:41
R0006684,2025-12-11 21:30:24,FrontDesk,Urgent,6,2025-12-11 22:00:24,Completed,2025-12-11 21:41:24
R0006685,2025-12-11 09:22:22,FrontDesk,Standard,12,2025-12-11 11:56:22,Completed,2025-12-11 09:48:22
R0006686,2025-12-11 21:34:21,F&B,Standard,25,2025-12-11 23:32:21,Completed,2025-12-11 21:59:21
R0006687,2025-12-11 19:22:16,FrontDesk,Standard,12,2025-12-11 21:40:16,Completed,2025-12-11 19:44:16
R0006688,2025-12-11 18:42:33,F&B,Standard,25,2025-12-11 21:00:33,Open,
R0006689,2025-12-11 11:48:50,F&B,Standard,25,2025-12-11 13:56:50,Open,
R0006690,2025-12-11 09:56:23,F&B,Standard,25,2025-12-11 12:32:23,Completed,2025-12-11 10:33:23
R0006691,2025-12-11 14:00:11,Housekeeping,Urgent,18,2025-12-11 14:42:11,Completed,2025-12-11 14:31:11
R0006692,2025-12-11 13:53:31,FrontDesk,Standard,12,2025-12-11 16:19:31,Completed,2025-12-11 14:20:31
R0006693,2025-12-11 12:50:21,FrontDesk,Standard,12,2025-12-11 14:39:21,Open,
R0006694,2025-12-11 21:50:11,Housekeeping,Standard,35,2025-12-11 22:58:11,Completed,2025-12-11 22:20:11
R0006695,2025-12-11 08:15:20,Housekeeping,Standard,35,2025-12-11 10:26:20,Completed,2025-12-11 09:23:20
R0006696,2025-12-11 13:38:25,FrontDesk,Standard,12,2025-12-11 14:41:25,Completed,2025-12-11 13:57:25
R0006697,2025-12-11 12:59:53,F&B,Standard,25,2025-12-11 14:51:53,Completed,2025-12-11 13:44:53
R0006698,2025-12-11 09:29:46,Maintenance,Standard,55,2025-12-11 11:22:46,Completed,2025-12-11 10:21:46
R0006699,2025-12-11 16:20:24,Housekeeping,Standard,35,2025-12-11 18:45:24,Completed,2025-12-11 17:07:24
R0006700,2025-12-11 13:38:52,Housekeeping,Urgent,18,2025-12-11 14:12:52,Completed,2025-12-11 14:01:52
R0006701,2025-12-11 19:52:48,Housekeeping,Standard,35,2025-12-11 22:17:48,Completed,2025-12-11 20:29:48
R0006702,2025-12-11 19:18:30,F&B,Standard,25,2025-12-11 21:02:30,Completed,2025-12-11 19:51:30
R0006703,2025-12-11 07:40:24,FrontDesk,Standard,12,2025-12-11 09:02:24,Completed,2025-12-11 08:07:24
R0006704,2025-12-11 18:27:55,Housekeeping,Standard,35,2025-12-11 21:03:55,Completed,2025-12-11 19:22:55
R0006705,2025-12-11 08:12:50,FrontDesk,Standard,12,2025-12-11 10:45:50,Completed,2025-12-11 08:44:50
R0006706,2025-12-11 20:05:05,FrontDesk,Standard,12,2025-12-11 21:07:05,Completed,2025-12-11 20:18:05
R0006707,2025-12-11 22:13:46,F&B,Standard,25,2025-12-11 23:19:46,Completed,2025-12-11 22:45:46
R0006708,2025-12-11 08:17:53,Housekeeping,Standard,35,2025-12-11 11:05:53,Completed,2025-12-11 09:03:53
R0006709,2025-12-11 19:46:44,FrontDesk,Standard,12,2025-12-11 21:01:44,Completed,2025-12-11 20:18:44
R0006710,2025-12-11 19:25:51,F&B,Standard,25,2025-12-11 21:36:51,Completed,2025-12-11 20:01:51
R0006711,2025-12-11 18:48:11,Housekeeping,Standard,35,2025-12-11 21:38:11,Completed,2025-12-11 19:23:11
R0006712,2025-12-11 14:50:03,F&B,Standard,25,2025-12-11 16:07:03,Completed,2025-12-11 15:40:03
R0006713,2025-12-11 11:45:35,FrontDesk,Standard,12,2025-12-11 14:06:35,Completed,2025-12-11 12:18:35
R0006714,2025-12-11 13:41:41,Housekeeping,Urgent,18,2025-12-11 14:39:41,Completed,2025-12-11 14:23:41
R0006715,2025-12-11 14:40:51,Housekeeping,Standard,35,2025-12-11 17:37:51,Completed,2025-12-11 15:18:51
R0006716,2025-12-11 21:24:39,Housekeeping,Urgent,18,2025-12-11 21:50:39,Completed,2025-12-11 22:09:39
R0006717,2025-12-11 13:38:17,Maintenance,Standard,55,2025-12-11 15:39:17,Open,
R0006718,2025-12-11 09:45:54,Housekeeping,Standard,35,2025-12-11 12:26:54,Completed,2025-12-11 10:39:54
R0006719,2025-12-11 18:08:01,F&B,Standard,25,2025-12-11 20:39:01,Completed,2025-12-11 18:41:01
R0006720,2025-12-11 21:47:19,Housekeeping,Standard,35,2025-12-11 23:52:19,Completed,2025-12-11 22:32:19
R0006721,2025-12-11 09:45:18,F&B,Standard,25,2025-12-11 11:45:18,Completed,2025-12-11 10:11:18
R0006722,2025-12-11 07:16:42,F&B,Standard,25,2025-12-11 09:15:42,In_Progress,
R0006723,2025-12-11 22:23:26,Housekeeping,Standard,35,2025-12-12 01:13:26,Completed,2025-12-11 23:24:26
R0006724,2025-12-11 18:08:18,FrontDesk,Standard,12,2025-12-11 19:55:18,Completed,2025-12-11 18:15:18
R0006725,2025-12-11 10:02:52,FrontDesk,Standard,12,2025-12-11 11:30:52,Completed,2025-12-11 10:38:52
R0006726,2025-12-11 17:30:26,FrontDesk,Standard,12,2025-12-11 20:23:26,Completed,2025-12-11 17:48:26
R0006727,2025-12-11 20:26:11,FrontDesk,Standard,12,2025-12-11 22:17:11,In_Progress,
R0006728,2025-12-11 20:15:30,FrontDesk,Standard,12,2025-12-11 21:44:30,Completed,2025-12-11 20:42:30
R0006729,2025-12-11 13:05:44,Housekeeping,Standard,35,2025-12-11 14:44:44,Completed,2025-12-11 13:49:44
R0006730,2025-12-11 20:46:37,Maintenance,Standard,55,2025-12-11 22:20:37,Completed,2025-12-11 21:43:37
R0006731,2025-12-11 21:03:36,FrontDesk,Standard,12,2025-12-11 23:50:36,Completed,2025-12-11 21:38:36
R0006732,2025-12-11 15:51:05,FrontDesk,Standard,12,2025-12-11 18:25:05,Completed,2025-12-11 16:31:05
R0006733,2025-12-11 12:16:20,FrontDesk,Standard,12,2025-12-11 13:34:20,Completed,2025-12-11 12:47:20
R0006734,2025-12-11 20:32:30,Housekeeping,Standard,35,2025-12-11 23:08:30,Completed,2025-12-11 21:40:30
R0006735,2025-12-11 14:32:47,F&B,Standard,25,2025-12-11 17:02:47,Completed,2025-12-11 15:12:47
R0006736,2025-12-11 21:39:13,Housekeeping,Standard,35,2025-12-11 23:56:13,Completed,2025-12-11 22:16:13
R0006737,2025-12-11 22:16:01,F&B,Standard,25,2025-12-12 00:57:01,Completed,2025-12-11 22:49:01
R0006738,2025-12-11 11:47:22,FrontDesk,Standard,12,2025-12-11 14:33:22,Completed,2025-12-11 12:23:22
R0006739,2025-12-11 13:27:21,FrontDesk,Standard,12,2025-12-11 16:23:21,Completed,2025-12-11 13:59:21
R0006740,2025-12-11 21:24:16,Housekeeping,Standard,35,2025-12-11 23:36:16,Completed,2025-12-11 22:05:16
R0006741,2025-12-11 08:02:36,Housekeeping,Standard,35,2025-12-11 09:45:36,Completed,2025-12-11 08:49:36
R0006742,2025-12-11 14:55:11,F&B,Standard,25,2025-12-11 17:08:11,Completed,2025-12-11 15:47:11
R0006743,2025-12-11 17:14:26,Maintenance,Standard,55,2025-12-11 18:40:26,Completed,2025-12-11 18:34:26
R0006744,2025-12-11 14:06:35,FrontDesk,Standard,12,2025-12-11 15:17:35,Completed,2025-12-11 14:35:35
R0006745,2025-12-11 09:21:32,Housekeeping,Standard,35,2025-12-11 11:51:32,Completed,2025-12-11 10:19:32
R0006746,2025-12-11 08:47:54,F&B,Standard,25,2025-12-11 09:48:54,Completed,2025-12-11 09:11:54
R0006747,2025-12-11 21:25:00,Maintenance,Urgent,30,2025-12-11 21:43:00,Completed,2025-12-11 22:19:00
R0006748,2025-12-11 08:39:12,F&B,Standard,25,2025-12-11 11:07:12,Completed,2025-12-11 09:22:12
R0006749,2025-12-11 12:03:21,FrontDesk,Standard,12,2025-12-11 13:42:21,In_Progress,
R0006750,2025-12-11 08:18:58,FrontDesk,Urgent,6,2025-12-11 09:04:58,Completed,2025-12-11 08:35:58
R0006751,2025-12-11 18:42:33,Housekeeping,Urgent,18,2025-12-11 19:16:33,Open,
R0006752,2025-12-11 16:46:49,FrontDesk,Standard,12,2025-12-11 17:48:49,Completed,2025-12-11 17:17:49
R0006753,2025-12-11 17:54:21,Housekeeping,Standard,35,2025-12-11 20:07:21,Completed,2025-12-11 18:47:21
R0006754,2025-12-11 15:10:30,Housekeeping,Urgent,18,2025-12-11 16:03:30,Completed,2025-12-11 15:32:30
R0006755,2025-12-11 11:35:01,Housekeeping,Standard,35,2025-12-11 13:17:01,Completed,2025-12-11 12:22:01
R0006756,2025-12-11 21:20:51,F&B,Standard,25,2025-12-11 22:41:51,Completed,2025-12-11 21:56:51
R0006757,2025-12-11 18:52:45,FrontDesk,Standard,12,2025-12-11 20:35:45,Completed,2025-12-11 19:06:45
R0006758,2025-12-11 21:36:40,Housekeeping,Standard,35,2025-12-11 23:45:40,Completed,2025-12-11 22:29:40
R0006759,2025-12-11 18:01:51,F&B,Standard,25,2025-12-11 19:04:51,Completed,2025-12-11 18:33:51
R0006760,2025-12-11 11:29:07,FrontDesk,Standard,12,2025-12-11 14:19:07,Completed,2025-12-11 12:10:07
R0006761,2025-12-11 12:56:41,FrontDesk,Standard,12,2025-12-11 14:52:41,Completed,2025-12-11 13:09:41
R0006762,2025-12-11 12:57:16,FrontDesk,Standard,12,2025-12-11 15:18:16,Completed,2025-12-11 13:08:16
R0006763,2025-12-11 17:01:39,Housekeeping,Standard,35,2025-12-11 19:42:39,Completed,2025-12-11 17:46:39
R0006764,2025-12-11 21:37:01,FrontDesk,Standard,12,2025-12-12 00:24:01,Completed,2025-12-11 21:47:01
R0006765,2025-12-11 18:38:48,F&B,Standard,25,2025-12-11 19:56:48,Completed,2025-12-11 19:29:48
R0006766,2025-12-11 20:51:19,Maintenance,Standard,55,2025-12-11 22:32:19,Completed,2025-12-11 21:42:19
R0006767,2025-12-11 11:01:13,FrontDesk,Standard,12,2025-12-11 13:15:13,Completed,2025-12-11 11:31:13
R0006768,2025-12-11 16:22:41,Maintenance,Standard,55,2025-12-11 18:59:41,Completed,2025-12-11 17:30:41
R0006769,2025-12-11 11:01:19,Housekeeping,Urgent,18,2025-12-11 11:20:19,Completed,2025-12-11 11:34:19
R0006770,2025-12-11 14:05:16,F&B,Standard,25,2025-12-11 15:10:16,Completed,2025-12-11 14:32:16
R0006771,2025-12-11 11:25:24,Housekeeping,Standard,35,2025-12-11 13:59:24,Open,
R0006772,2025-12-11 12:06:43,Maintenance,Standard,55,2025-12-11 15:06:43,Completed,2025-12-11 12:43:43
R0006773,2025-12-11 21:00:39,Housekeeping,Standard,35,2025-12-11 22:37:39,Completed,2025-12-11 21:51:39
R0006774,2025-12-11 21:22:07,Maintenance,Standard,55,2025-12-11 23:10:07,Completed,2025-12-11 22:37:07
R0006775,2025-12-11 11:00:48,F&B,Standard,25,2025-12-11 12:18:48,Completed,2025-12-11 11:51:48
R0006776,2025-12-11 18:54:29,F&B,Standard,25,2025-12-11 20:55:29,Completed,2025-12-11 19:47:29
R0006777,2025-12-11 21:47:17,F&B,Standard,25,2025-12-11 23:04:17,Completed,2025-12-11 22:44:17
R0006778,2025-12-11 16:44:58,Housekeeping,Standard,35,2025-12-11 17:58:58,Completed,2025-12-11 17:25:58
R0006779,2025-12-11 21:57:24,Housekeeping,Standard,35,2025-12-11 23:30:24,Completed,2025-12-11 22:34:24
R0006780,2025-12-11 18:03:05,F&B,Standard,25,2025-12-11 19:26:05,Completed,2025-12-11 18:26:05
R0006781,2025-12-11 10:55:47,FrontDesk,Standard,12,2025-12-11 13:03:47,Completed,2025-12-11 11:26:47
R0006782,2025-12-11 21:31:14,F&B,Standard,25,2025-12-11 22:48:14,Completed,2025-12-11 22:06:14
R0006783,2025-12-11 16:42:13,FrontDesk,Standard,12,2025-12-11 18:18:13,Completed,2025-12-11 17:18:13
R0006784,2025-12-11 14:44:18,Housekeeping,Standard,35,2025-12-11 16:01:18,Completed,2025-12-11 15:45:18
R0006785,2025-12-11 21:02:22,FrontDesk,Standard,12,2025-12-11 22:34:22,Completed,2025-12-11 21:24:22
R0006786,2025-12-11 19:39:06,Housekeeping,Urgent,18,2025-12-11 20:04:06,Completed,2025-12-11 19:54:06
R0006787,2025-12-11 20:37:27,F&B,Urgent,12,2025-12-11 21:36:27,Completed,2025-12-11 21:13:27
R0006788,2025-12-11 17:30:16,Housekeeping,Standard,35,2025-12-11 18:34:16,Completed,2025-12-11 18:40:16
R0006789,2025-12-11 21:15:30,F&B,Standard,25,2025-12-11 22:54:30,Completed,2025-12-11 21:47:30
R0006790,2025-12-11 19:15:00,Housekeeping,Standard,35,2025-12-11 21:46:00,Completed,2025-12-11 20:32:00
R0006791,2025-12-11 21:36:42,Housekeeping,Standard,35,2025-12-11 23:48:42,Completed,2025-12-11 22:30:42
R0006792,2025-12-11 21:11:54,F&B,Standard,25,2025-12-11 23:12:54,Completed,2025-12-11 21:50:54
R0006793,2025-12-11 22:10:20,Housekeeping,Standard,35,2025-12-12 00:00:20,Completed,2025-12-11 23:05:20
R0006794,2025-12-11 13:57:01,Housekeeping,Standard,35,2025-12-11 16:35:01,In_Progress,
R0006795,2025-12-11 13:43:03,Maintenance,Standard,55,2025-12-11 14:58:03,Completed,2025-12-11 14:27:03
R0006796,2025-12-11 19:51:41,Housekeeping,Urgent,18,2025-12-11 20:26:41,Completed,2025-12-11 20:18:41
R0006797,2025-12-11 18:00:16,Housekeeping,Standard,35,2025-12-11 19:12:16,Completed,2025-12-11 19:00:16
R0006798,2025-12-11 07:20:01,Housekeeping,Standard,35,2025-12-11 08:34:01,Open,
R0006799,2025-12-11 12:06:22,F&B,Standard,25,2025-12-11 15:03:22,Open,
R0006800,2025-12-11 21:36:45,FrontDesk,Standard,12,2025-12-11 23:13:45,Completed,2025-12-11 22:14:45
R0006801,2025-12-11 21:12:42,Maintenance,Standard,55,2025-12-11 23:46:42,Completed,2025-12-11 22:02:42
R0006802,2025-12-11 17:36:39,FrontDesk,Standard,12,2025-12-11 20:04:39,Completed,2025-12-11 17:51:39
R0006803,2025-12-11 20:58:24,Maintenance,Urgent,30,2025-12-11 21:26:24,Completed,2025-12-11 21:47:24
R0006804,2025-12-11 11:51:09,Housekeeping,Standard,35,2025-12-11 13:02:09,Completed,2025-12-11 12:53:09
R0006805,2025-12-11 11:35:30,Housekeeping,Standard,35,2025-12-11 13:42:30,Completed,2025-12-11 11:57:30
R0006806,2025-12-11 20:37:57,F&B,Standard,25,2025-12-11 21:52:57,Completed,2025-12-11 21:18:57
R0006807,2025-12-11 21:34:46,Housekeeping,Standard,35,2025-12-11 23:01:46,Completed,2025-12-11 22:14:46
R0006808,2025-12-11 13:58:57,Housekeeping,Standard,35,2025-12-11 15:08:57,Completed,2025-12-11 14:48:57
R0006809,2025-12-11 12:40:20,F&B,Standard,25,2025-12-11 13:55:20,Completed,2025-12-11 13:26:20
R0006810,2025-12-11 20:29:05,F&B,Standard,25,2025-12-11 22:38:05,Completed,2025-12-11 20:59:05
R0006811,2025-12-11 13:48:05,Housekeeping,Urgent,18,2025-12-11 14:08:05,Completed,2025-12-11 14:07:05
R0006812,2025-12-11 09:08:57,F&B,Standard,25,2025-12-11 10:47:57,Completed,2025-12-11 10:11:57
R0006813,2025-12-11 12:46:52,Housekeeping,Standard,35,2025-12-11 15:38:52,Completed,2025-12-11 13:16:52
R0006814,2025-12-11 16:45:15,Housekeeping,Standard,35,2025-12-11 19:22:15,Completed,2025-12-11 17:23:15
R0006815,2025-12-11 08:51:54,Housekeeping,Standard,35,2025-12-11 11:49:54,Completed,2025-12-11 09:33:54
R0006816,2025-12-11 11:53:19,FrontDesk,Standard,12,2025-12-11 14:23:19,Completed,2025-12-11 12:24:19
R0006817,2025-12-11 18:08:25,Housekeeping,Standard,35,2025-12-11 19:52:25,Completed,2025-12-11 18:45:25
R0006818,2025-12-11 11:48:21,Housekeeping,Standard,35,2025-12-11 14:24:21,Completed,2025-12-11 12:38:21
R0006819,2025-12-11 21:13:48,FrontDesk,Standard,12,2025-12-11 23:43:48,Completed,2025-12-11 21:33:48
R0006820,2025-12-11 08:47:01,Housekeeping,Standard,35,2025-12-11 11:22:01,Completed,2025-12-11 09:54:01
R0006821,2025-12-11 12:11:53,Housekeeping,Standard,35,2025-12-11 13:57:53,Completed,2025-12-11 13:12:53
R0006822,2025-12-12 11:31:22,Maintenance,Standard,55,2025-12-12 12:50:22,Completed,2025-12-12 12:31:22
R0006823,2025-12-12 15:30:56,Housekeeping,Standard,35,2025-12-12 16:34:56,Completed,2025-12-12 16:17:56
R0006824,2025-12-12 14:33:37,F&B,Standard,25,2025-12-12 17:30:37,Completed,2025-12-12 15:06:37
R0006825,2025-12-12 14:46:49,F&B,Standard,25,2025-12-12 17:34:49,Completed,2025-12-12 15:22:49
R0006826,2025-12-12 21:01:28,Housekeeping,Standard,35,2025-12-12 22:47:28,Completed,2025-12-12 22:16:28
R0006827,2025-12-12 19:51:15,F&B,Standard,25,2025-12-12 21:16:15,Completed,2025-12-12 20:30:15
R0006828,2025-12-12 15:55:11,FrontDesk,Urgent,6,2025-12-12 16:32:11,Completed,2025-12-12 16:11:11
R0006829,2025-12-12 22:08:25,F&B,Standard,25,2025-12-13 00:15:25,Completed,2025-12-12 22:50:25
R0006830,2025-12-12 15:58:19,F&B,Standard,25,2025-12-12 18:39:19,Completed,2025-12-12 16:22:19
R0006831,2025-12-12 20:31:13,F&B,Standard,25,2025-12-12 23:09:13,Completed,2025-12-12 21:15:13
R0006832,2025-12-12 21:44:43,FrontDesk,Standard,12,2025-12-13 00:34:43,Completed,2025-12-12 22:22:43
R0006833,2025-12-12 07:00:46,Maintenance,Standard,55,2025-12-12 09:02:46,Completed,2025-12-12 08:27:46
R0006834,2025-12-12 07:23:37,F&B,Urgent,12,2025-12-12 08:17:37,Completed,2025-12-12 07:50:37
R0006835,2025-12-12 09:15:53,F&B,Standard,25,2025-12-12 11:34:53,Completed,2025-12-12 10:04:53
R0006836,2025-12-12 13:48:16,Housekeeping,Standard,35,2025-12-12 15:28:16,Completed,2025-12-12 14:40:16
R0006837,2025-12-12 21:15:29,F&B,Standard,25,2025-12-12 22:54:29,Completed,2025-12-12 21:58:29
R0006838,2025-12-12 20:54:10,F&B,Standard,25,2025-12-12 22:46:10,Completed,2025-12-12 21:51:10
R0006839,2025-12-12 13:44:35,F&B,Standard,25,2025-12-12 15:24:35,Completed,2025-12-12 14:25:35
R0006840,2025-12-12 14:22:15,F&B,Standard,25,2025-12-12 17:04:15,Completed,2025-12-12 15:13:15
R0006841,2025-12-12 09:42:07,Housekeeping,Standard,35,2025-12-12 12:28:07,Completed,2025-12-12 10:30:07
R0006842,2025-12-12 12:07:09,Housekeeping,Standard,35,2025-12-12 13:31:09,Completed,2025-12-12 13:00:09
R0006843,2025-12-12 13:03:22,Housekeeping,Standard,35,2025-12-12 14:28:22,Completed,2025-12-12 13:48:22
R0006844,2025-12-12 15:05:25,F&B,Standard,25,2025-12-12 17:05:25,Completed,2025-12-12 15:37:25
R0006845,2025-12-12 21:30:10,Housekeeping,Standard,35,2025-12-12 22:59:10,Open,
R0006846,2025-12-12 19:36:39,Housekeeping,Standard,35,2025-12-12 21:30:39,Completed,2025-12-12 20:26:39
R0006847,2025-12-12 20:06:50,FrontDesk,Standard,12,2025-12-12 21:55:50,Completed,2025-12-12 20:46:50
R0006848,2025-12-12 09:40:02,Housekeeping,Standard,35,2025-12-12 10:51:02,Completed,2025-12-12 10:36:02
R0006849,2025-12-12 21:26:57,FrontDesk,Standard,12,2025-12-13 00:18:57,Completed,2025-12-12 21:55:57
R0006850,2025-12-12 07:48:07,F&B,Standard,25,2025-12-12 09:57:07,Completed,2025-12-12 08:15:07
R0006851,2025-12-12 15:11:22,FrontDesk,Standard,12,2025-12-12 17:18:22,Completed,2025-12-12 15:30:22
R0006852,2025-12-12 18:56:58,F&B,Standard,25,2025-12-12 21:17:58,Completed,2025-12-12 19:37:58
R0006853,2025-12-12 16:56:38,F&B,Standard,25,2025-12-12 19:52:38,Completed,2025-12-12 17:20:38
R0006854,2025-12-12 19:03:16,Housekeeping,Standard,35,2025-12-12 21:24:16,Completed,2025-12-12 19:32:16
R0006855,2025-12-12 20:17:56,F&B,Standard,25,2025-12-12 21:58:56,Completed,2025-12-12 20:39:56
R0006856,2025-12-12 13:02:01,Housekeeping,Standard,35,2025-12-12 15:13:01,In_Progress,
R0006857,2025-12-12 10:31:02,FrontDesk,Standard,12,2025-12-12 12:59:02,Completed,2025-12-12 10:59:02
R0006858,2025-12-12 11:38:57,F&B,Standard,25,2025-12-12 14:32:57,Completed,2025-12-12 12:07:57
R0006859,2025-12-12 11:59:20,F&B,Standard,25,2025-12-12 14:04:20,Completed,2025-12-12 12:31:20
R0006860,2025-12-12 20:26:05,F&B,Standard,25,2025-12-12 21:56:05,Completed,2025-12-12 21:08:05
R0006861,2025-12-12 10:03:14,F&B,Standard,25,2025-12-12 11:11:14,Completed,2025-12-12 10:33:14
R0006862,2025-12-12 19:36:49,Housekeeping,Standard,35,2025-12-12 21:59:49,Completed,2025-12-12 20:39:49
R0006863,2025-12-12 19:21:21,F&B,Standard,25,2025-12-12 21:49:21,Completed,2025-12-12 20:07:21
R0006864,2025-12-12 12:58:11,Housekeeping,Standard,35,2025-12-12 14:01:11,Completed,2025-12-12 13:55:11
R0006865,2025-12-12 14:59:44,Housekeeping,Standard,35,2025-12-12 16:40:44,Completed,2025-12-12 15:47:44
R0006866,2025-12-12 21:12:12,FrontDesk,Standard,12,2025-12-12 23:59:12,Completed,2025-12-12 21:33:12
R0006867,2025-12-12 21:06:03,FrontDesk,Standard,12,2025-12-12 22:17:03,In_Progress,
R0006868,2025-12-12 19:36:57,F&B,Standard,25,2025-12-12 21:44:57,Open,
R0006869,2025-12-12 21:32:43,F&B,Standard,25,2025-12-12 22:55:43,Open,
R0006870,2025-12-12 07:52:09,Housekeeping,Standard,35,2025-12-12 10:01:09,Completed,2025-12-12 09:09:09
R0006871,2025-12-12 13:50:51,Housekeeping,Standard,35,2025-12-12 16:21:51,Completed,2025-12-12 14:41:51
R0006872,2025-12-12 14:45:50,Housekeeping,Standard,35,2025-12-12 16:04:50,Completed,2025-12-12 15:46:50
R0006873,2025-12-12 13:18:46,F&B,Standard,25,2025-12-12 16:01:46,Completed,2025-12-12 14:00:46
R0006874,2025-12-12 19:19:56,FrontDesk,Standard,12,2025-12-12 21:04:56,Completed,2025-12-12 19:58:56
R0006875,2025-12-12 18:25:26,Housekeeping,Standard,35,2025-12-12 20:45:26,Completed,2025-12-12 19:13:26
R0006876,2025-12-12 18:50:04,F&B,Standard,25,2025-12-12 21:19:04,Completed,2025-12-12 19:35:04
R0006877,2025-12-12 18:57:07,FrontDesk,Urgent,6,2025-12-12 19:28:07,Completed,2025-12-12 19:24:07
R0006878,2025-12-12 19:57:13,Housekeeping,Urgent,18,2025-12-12 20:41:13,Completed,2025-12-12 20:28:13
R0006879,2025-12-12 07:13:34,FrontDesk,Standard,12,2025-12-12 08:22:34,Completed,2025-12-12 07:44:34
R0006880,2025-12-12 12:28:56,Housekeeping,Standard,35,2025-12-12 15:21:56,Completed,2025-12-12 13:34:56
R0006881,2025-12-12 07:28:53,Housekeeping,Standard,35,2025-12-12 09:59:53,Completed,2025-12-12 08:34:53
R0006882,2025-12-12 08:29:14,FrontDesk,Standard,12,2025-12-12 10:21:14,Completed,2025-12-12 08:47:14
R0006883,2025-12-12 13:45:46,Housekeeping,Standard,35,2025-12-12 16:27:46,Completed,2025-12-12 14:31:46
R0006884,2025-12-12 11:41:50,F&B,Standard,25,2025-12-12 14:07:50,Completed,2025-12-12 12:27:50
R0006885,2025-12-12 18:45:45,F&B,Standard,25,2025-12-12 20:49:45,Completed,2025-12-12 19:15:45
R0006886,2025-12-12 13:35:45,Housekeeping,Standard,35,2025-12-12 15:12:45,Open,
R0006887,2025-12-12 19:34:23,Housekeeping,Standard,35,2025-12-12 22:11:23,Completed,2025-12-12 20:06:23
R0006888,2025-12-12 13:06:11,Maintenance,Standard,55,2025-12-12 16:04:11,Completed,2025-12-12 14:21:11
R0006889,2025-12-12 21:14:16,Maintenance,Standard,55,2025-12-12 22:34:16,Completed,2025-12-12 22:02:16
R0006890,2025-12-12 15:54:36,FrontDesk,Urgent,6,2025-12-12 16:15:36,Completed,2025-12-12 16:13:36
R0006891,2025-12-12 20:40:46,F&B,Standard,25,2025-12-12 21:43:46,Completed,2025-12-12 21:20:46
R0006892,2025-12-12 19:08:42,Housekeeping,Standard,35,2025-12-12 21:44:42,Completed,2025-12-12 19:50:42
R0006893,2025-12-12 11:06:36,Housekeeping,Standard,35,2025-12-12 12:09:36,Completed,2025-12-12 11:43:36
R0006894,2025-12-12 19:21:50,Housekeeping,Standard,35,2025-12-12 20:54:50,Completed,2025-12-12 20:01:50
R0006895,2025-12-12 19:22:20,Housekeeping,Standard,35,2025-12-12 21:43:20,Completed,2025-12-12 20:15:20
R0006896,2025-12-12 16:07:53,Housekeeping,Standard,35,2025-12-12 18:25:53,Completed,2025-12-12 17:06:53
R0006897,2025-12-12 11:14:22,Housekeeping,Standard,35,2025-12-12 12:56:22,Completed,2025-12-12 11:56:22
R0006898,2025-12-12 13:33:34,Housekeeping,Standard,35,2025-12-12 14:46:34,Completed,2025-12-12 14:02:34
R0006899,2025-12-12 18:11:09,Housekeeping,Standard,35,2025-12-12 19:35:09,Completed,2025-12-12 18:58:09
R0006900,2025-12-12 13:33:37,Maintenance,Standard,55,2025-12-12 16:28:37,Completed,2025-12-12 15:01:37
R0006901,2025-12-12 20:46:46,Housekeeping,Standard,35,2025-12-12 22:34:46,Completed,2025-12-12 21:37:46
R0006902,2025-12-12 11:00:10,F&B,Standard,25,2025-12-12 12:12:10,Completed,2025-12-12 11:50:10
R0006903,2025-12-12 21:55:52,F&B,Standard,25,2025-12-12 23:35:52,Completed,2025-12-12 22:31:52
R0006904,2025-12-12 16:23:56,FrontDesk,Standard,12,2025-12-12 17:54:56,Completed,2025-12-12 16:46:56
R0006905,2025-12-12 14:36:21,F&B,Standard,25,2025-12-12 16:27:21,Completed,2025-12-12 15:25:21
R0006906,2025-12-12 22:34:13,F&B,Standard,25,2025-12-13 00:22:13,Completed,2025-12-12 23:24:13
R0006907,2025-12-12 12:43:52,Maintenance,Standard,55,2025-12-12 13:56:52,Completed,2025-12-12 14:19:52
R0006908,2025-12-12 09:16:37,FrontDesk,Standard,12,2025-12-12 10:21:37,Completed,2025-12-12 09:28:37
R0006909,2025-12-12 16:06:21,Housekeeping,Standard,35,2025-12-12 18:52:21,Completed,2025-12-12 17:06:21
R0006910,2025-12-12 10:25:01,Housekeeping,Standard,35,2025-12-12 12:47:01,Completed,2025-12-12 11:38:01
R0006911,2025-12-12 17:25:13,Housekeeping,Standard,35,2025-12-12 19:46:13,Completed,2025-12-12 18:12:13
R0006912,2025-12-12 13:03:11,F&B,Urgent,12,2025-12-12 13:56:11,Completed,2025-12-12 13:28:11
R0006913,2025-12-12 18:15:28,Housekeeping,Standard,35,2025-12-12 20:43:28,Completed,2025-12-12 19:07:28
R0006914,2025-12-12 21:49:54,Housekeeping,Standard,35,2025-12-12 23:11:54,Completed,2025-12-12 22:36:54
R0006915,2025-12-12 14:01:14,F&B,Standard,25,2025-12-12 15:56:14,Completed,2025-12-12 14:46:14
R0006916,2025-12-12 12:44:48,Housekeeping,Standard,35,2025-12-12 13:45:48,Completed,2025-12-12 13:37:48
R0006917,2025-12-12 14:21:17,F&B,Standard,25,2025-12-12 16:31:17,Completed,2025-12-12 15:00:17
R0006918,2025-12-12 11:12:29,Housekeeping,Standard,35,2025-12-12 12:32:29,Open,
R0006919,2025-12-12 18:09:11,F&B,Standard,25,2025-12-12 20:36:11,Completed,2025-12-12 18:22:11
R0006920,2025-12-12 16:29:05,Maintenance,Standard,55,2025-12-12 18:44:05,Completed,2025-12-12 17:24:05
R0006921,2025-12-12 21:04:13,Housekeeping,Standard,35,2025-12-13 00:04:13,Completed,2025-12-12 21:54:13
R0006922,2025-12-12 20:38:58,F&B,Standard,25,2025-12-12 22:23:58,Completed,2025-12-12 20:57:58
R0006923,2025-12-12 21:11:58,Maintenance,Standard,55,2025-12-12 23:14:58,Completed,2025-12-12 22:21:58
R0006924,2025-12-12 18:52:39,F&B,Standard,25,2025-12-12 21:34:39,Completed,2025-12-12 19:24:39
R0006925,2025-12-12 19:11:53,Housekeeping,Standard,35,2025-12-12 21:47:53,Completed,2025-12-12 20:04:53
R0006926,2025-12-12 18:32:49,Maintenance,Standard,55,2025-12-12 21:21:49,Completed,2025-12-12 19:45:49
R0006927,2025-12-12 10:57:54,F&B,Standard,25,2025-12-12 13:47:54,Completed,2025-12-12 11:51:54
R0006928,2025-12-12 08:55:01,Housekeeping,Standard,35,2025-12-12 10:10:01,Completed,2025-12-12 09:52:01
R0006929,2025-12-12 20:45:39,F&B,Standard,25,2025-12-12 22:57:39,Completed,2025-12-12 21:29:39
R0006930,2025-12-12 07:38:44,F&B,Standard,25,2025-12-12 08:49:44,Completed,2025-12-12 08:21:44
R0006931,2025-12-12 14:19:26,Maintenance,Standard,55,2025-12-12 17:09:26,Completed,2025-12-12 15:25:26
R0006932,2025-12-12 19:18:43,Maintenance,Standard,55,2025-12-12 21:42:43,Completed,2025-12-12 20:41:43
R0006933,2025-12-12 21:52:08,FrontDesk,Standard,12,2025-12-13 00:00:08,Completed,2025-12-12 22:11:08
R0006934,2025-12-12 19:55:32,FrontDesk,Standard,12,2025-12-12 22:49:32,Completed,2025-12-12 20:23:32
R0006935,2025-12-12 11:38:00,F&B,Urgent,12,2025-12-12 12:01:00,Completed,2025-12-12 12:11:00
R0006936,2025-12-12 21:17:48,Housekeeping,Standard,35,2025-12-12 23:02:48,Completed,2025-12-12 21:52:48
R0006937,2025-12-12 18:13:58,FrontDesk,Standard,12,2025-12-12 21:11:58,Completed,2025-12-12 18:54:58
R0006938,2025-12-12 17:43:32,FrontDesk,Standard,12,2025-12-12 20:38:32,Completed,2025-12-12 18:02:32
R0006939,2025-12-12 18:22:38,F&B,Standard,25,2025-12-12 20:05:38,Open,
R0006940,2025-12-12 12:41:25,F&B,Standard,25,2025-12-12 14:59:25,Completed,2025-12-12 13:29:25
R0006941,2025-12-12 11:42:45,F&B,Standard,25,2025-12-12 14:36:45,Completed,2025-12-12 12:15:45
R0006942,2025-12-12 14:15:31,Housekeeping,Standard,35,2025-12-12 15:56:31,Completed,2025-12-12 14:46:31
R0006943,2025-12-12 19:27:12,F&B,Standard,25,2025-12-12 20:44:12,Completed,2025-12-12 19:55:12
R0006944,2025-12-12 13:56:18,Housekeeping,Standard,35,2025-12-12 15:29:18,Completed,2025-12-12 14:45:18
R0006945,2025-12-12 08:16:40,F&B,Standard,25,2025-12-12 10:53:40,Completed,2025-12-12 08:43:40
R0006946,2025-12-12 07:04:29,F&B,Urgent,12,2025-12-12 07:46:29,Completed,2025-12-12 07:23:29
R0006947,2025-12-12 19:38:53,F&B,Standard,25,2025-12-12 22:38:53,Completed,2025-12-12 20:18:53
R0006948,2025-12-12 12:38:04,F&B,Standard,25,2025-12-12 14:50:04,Completed,2025-12-12 13:25:04
R0006949,2025-12-12 18:17:05,F&B,Standard,25,2025-12-12 20:50:05,Completed,2025-12-12 18:48:05
R0006950,2025-12-12 22:44:14,FrontDesk,Standard,12,2025-12-13 01:39:14,Completed,2025-12-12 23:10:14
R0006951,2025-12-12 19:05:20,F&B,Standard,25,2025-12-12 20:58:20,Completed,2025-12-12 19:26:20
R0006952,2025-12-12 08:52:12,F&B,Standard,25,2025-12-12 11:28:12,Completed,2025-12-12 09:22:12
R0006953,2025-12-12 19:54:40,Housekeeping,Standard,35,2025-12-12 21:11:40,Completed,2025-12-12 20:27:40
R0006954,2025-12-12 09:09:19,FrontDesk,Standard,12,2025-12-12 11:37:19,Completed,2025-12-12 09:29:19
R0006955,2025-12-12 19:38:52,Maintenance,Standard,55,2025-12-12 22:26:52,Completed,2025-12-12 20:29:52
R0006956,2025-12-12 17:39:10,Housekeeping,Urgent,18,2025-12-12 18:29:10,Completed,2025-12-12 18:14:10
R0006957,2025-12-12 18:35:56,FrontDesk,Standard,12,2025-12-12 20:57:56,Completed,2025-12-12 18:50:56
R0006958,2025-12-12 18:10:28,Housekeeping,Standard,35,2025-12-12 19:47:28,Completed,2025-12-12 18:54:28
R0006959,2025-12-12 12:21:01,Maintenance,Standard,55,2025-12-12 13:40:01,Completed,2025-12-12 13:22:01
R0006960,2025-12-12 08:41:05,FrontDesk,Standard,12,2025-12-12 10:14:05,Completed,2025-12-12 09:21:05
R0006961,2025-12-12 08:20:00,Housekeeping,Standard,35,2025-12-12 09:43:00,Completed,2025-12-12 09:01:00
R0006962,2025-12-12 17:03:45,F&B,Standard,25,2025-12-12 19:16:45,Completed,2025-12-12 17:36:45
R0006963,2025-12-12 19:22:34,FrontDesk,Standard,12,2025-12-12 20:51:34,In_Progress,
R0006964,2025-12-12 14:42:44,FrontDesk,Standard,12,2025-12-12 15:52:44,Completed,2025-12-12 15:08:44
R0006965,2025-12-12 20:44:52,Housekeeping,Standard,35,2025-12-12 23:18:52,Completed,2025-12-12 21:34:52
R0006966,2025-12-12 19:12:49,Housekeeping,Standard,35,2025-12-12 21:45:49,Completed,2025-12-12 19:57:49
R0006967,2025-12-12 20:57:31,FrontDesk,Standard,12,2025-12-12 22:39:31,Completed,2025-12-12 21:32:31
R0006968,2025-12-12 19:13:48,Housekeeping,Standard,35,2025-12-12 21:14:48,Open,
R0006969,2025-12-12 18:53:11,Housekeeping,Standard,35,2025-12-12 20:43:11,Completed,2025-12-12 19:45:11
R0006970,2025-12-12 12:32:35,Housekeeping,Standard,35,2025-12-12 14:45:35,Completed,2025-12-12 13:25:35
R0006971,2025-12-12 12:01:57,F&B,Standard,25,2025-12-12 14:31:57,Completed,2025-12-12 12:28:57
R0006972,2025-12-12 20:06:28,Housekeeping,Standard,35,2025-12-12 22:19:28,Completed,2025-12-12 20:43:28
R0006973,2025-12-12 13:23:50,Maintenance,Standard,55,2025-12-12 15:41:50,In_Progress,
R0006974,2025-12-12 11:43:48,FrontDesk,Standard,12,2025-12-12 14:40:48,Completed,2025-12-12 12:10:48
R0006975,2025-12-12 12:10:53,F&B,Standard,25,2025-12-12 13:35:53,In_Progress,
R0006976,2025-12-12 14:32:10,F&B,Standard,25,2025-12-12 17:21:10,Completed,2025-12-12 15:16:10
R0006977,2025-12-12 20:25:38,Maintenance,Standard,55,2025-12-12 22:41:38,Completed,2025-12-12 21:39:38
R0006978,2025-12-12 18:18:29,Housekeeping,Standard,35,2025-12-12 20:22:29,Completed,2025-12-12 19:09:29
R0006979,2025-12-12 09:01:00,F&B,Standard,25,2025-12-12 10:25:00,Completed,2025-12-12 09:44:00
R0006980,2025-12-12 07:59:30,Housekeeping,Urgent,18,2025-12-12 08:51:30,Completed,2025-12-12 08:32:30
R0006981,2025-12-12 19:25:23,FrontDesk,Standard,12,2025-12-12 21:34:23,Completed,2025-12-12 19:47:23
R0006982,2025-12-12 18:31:06,Housekeeping,Standard,35,2025-12-12 20:04:06,Completed,2025-12-12 19:26:06
R0006983,2025-12-12 19:57:54,Maintenance,Standard,55,2025-12-12 22:07:54,Completed,2025-12-12 21:30:54
R0006984,2025-12-12 13:51:30,FrontDesk,Standard,12,2025-12-12 14:56:30,Completed,2025-12-12 14:08:30
R0006985,2025-12-12 21:28:10,Housekeeping,Standard,35,2025-12-13 00:21:10,Completed,2025-12-12 22:07:10
R0006986,2025-12-12 16:59:48,F&B,Standard,25,2025-12-12 19:04:48,Completed,2025-12-12 17:27:48
R0006987,2025-12-12 08:23:24,FrontDesk,Urgent,6,2025-12-12 09:05:24,Completed,2025-12-12 08:35:24
R0006988,2025-12-12 21:19:21,F&B,Standard,25,2025-12-12 23:56:21,Completed,2025-12-12 21:39:21
R0006989,2025-12-12 07:43:10,Housekeeping,Urgent,18,2025-12-12 07:59:10,Completed,2025-12-12 08:16:10
R0006990,2025-12-12 18:23:39,F&B,Standard,25,2025-12-12 19:27:39,Completed,2025-12-12 18:44:39
R0006991,2025-12-12 16:12:23,FrontDesk,Standard,12,2025-12-12 18:23:23,Completed,2025-12-12 16:46:23
R0006992,2025-12-12 20:36:32,Housekeeping,Standard,35,2025-12-12 22:45:32,Completed,2025-12-12 21:10:32
R0006993,2025-12-12 19:35:45,Housekeeping,Standard,35,2025-12-12 22:12:45,Completed,2025-12-12 20:23:45
R0006994,2025-12-12 16:54:42,F&B,Standard,25,2025-12-12 19:01:42,Completed,2025-12-12 17:30:42
R0006995,2025-12-12 14:52:10,FrontDesk,Urgent,6,2025-12-12 15:31:10,Completed,2025-12-12 15:16:10
R0006996,2025-12-12 10:32:59,Housekeeping,Standard,35,2025-12-12 11:53:59,Completed,2025-12-12 11:36:59
R0006997,2025-12-12 18:15:37,FrontDesk,Standard,12,2025-12-12 21:00:37,Completed,2025-12-12 18:35:37
R0006998,2025-12-12 16:46:34,Housekeeping,Urgent,18,2025-12-12 17:12:34,Completed,2025-12-12 17:06:34
R0006999,2025-12-12 20:27:57,Housekeeping,Urgent,18,2025-12-12 21:16:57,Completed,2025-12-12 21:16:57
R0007000,2025-12-12 11:29:40,FrontDesk,Standard,12,2025-12-12 14:08:40,Completed,2025-12-12 12:02:40
R0007001,2025-12-12 12:43:43,F&B,Standard,25,2025-12-12 13:47:43,Completed,2025-12-12 13:08:43
R0007002,2025-12-12 14:10:28,FrontDesk,Standard,12,2025-12-12 16:09:28,Completed,2025-12-12 14:44:28
R0007003,2025-12-12 20:39:22,FrontDesk,Standard,12,2025-12-12 22:55:22,Completed,2025-12-12 21:18:22
R0007004,2025-12-12 14:43:07,F&B,Standard,25,2025-12-12 16:30:07,Completed,2025-12-12 15:13:07
R0007005,2025-12-12 11:50:59,Maintenance,Standard,55,2025-12-12 13:30:59,Completed,2025-12-12 13:16:59
R0007006,2025-12-12 14:30:01,Housekeeping,Standard,35,2025-12-12 17:18:01,Completed,2025-12-12 15:06:01
R0007007,2025-12-12 07:25:28,Housekeeping,Standard,35,2025-12-12 09:31:28,Completed,2025-12-12 08:11:28
R0007008,2025-12-12 19:55:48,F&B,Urgent,12,2025-12-12 20:18:48,Completed,2025-12-12 20:33:48
R0007009,2025-12-12 13:00:50,F&B,Standard,25,2025-12-12 15:48:50,Completed,2025-12-12 13:49:50
R0007010,2025-12-12 15:45:28,Maintenance,Standard,55,2025-12-12 17:32:28,Completed,2025-12-12 16:43:28
R0007011,2025-12-12 21:22:23,Housekeeping,Standard,35,2025-12-12 23:38:23,Completed,2025-12-12 22:40:23
R0007012,2025-12-12 13:53:17,Maintenance,Standard,55,2025-12-12 15:59:17,Completed,2025-12-12 14:44:17
R0007013,2025-12-12 11:50:18,FrontDesk,Standard,12,2025-12-12 13:48:18,Completed,2025-12-12 12:01:18
R0007014,2025-12-12 19:29:47,FrontDesk,Standard,12,2025-12-12 21:05:47,Completed,2025-12-12 19:48:47
R0007015,2025-12-12 09:02:29,Housekeeping,Standard,35,2025-12-12 11:28:29,Completed,2025-12-12 09:55:29
R0007016,2025-12-12 07:19:40,Housekeeping,Standard,35,2025-12-12 09:45:40,Completed,2025-12-12 08:17:40
R0007017,2025-12-12 20:07:43,FrontDesk,Standard,12,2025-12-12 22:38:43,Completed,2025-12-12 20:34:43
R0007018,2025-12-12 11:59:42,F&B,Standard,25,2025-12-12 13:12:42,In_Progress,
R0007019,2025-12-12 13:06:17,F&B,Standard,25,2025-12-12 14:42:17,Completed,2025-12-12 13:38:17
R0007020,2025-12-12 18:55:52,FrontDesk,Standard,12,2025-12-12 20:35:52,Completed,2025-12-12 19:17:52
R0007021,2025-12-12 18:30:13,F&B,Standard,25,2025-12-12 21:01:13,Completed,2025-12-12 19:08:13
R0007022,2025-12-12 16:43:11,FrontDesk,Standard,12,2025-12-12 19:42:11,Completed,2025-12-12 17:12:11
R0007023,2025-12-12 16:45:49,FrontDesk,Standard,12,2025-12-12 19:43:49,Completed,2025-12-12 17:01:49
R0007024,2025-12-12 20:37:17,FrontDesk,Standard,12,2025-12-12 23:10:17,Completed,2025-12-12 21:04:17
R0007025,2025-12-12 14:54:01,FrontDesk,Standard,12,2025-12-12 17:37:01,Completed,2025-12-12 15:21:01
R0007026,2025-12-12 21:42:13,Maintenance,Urgent,30,2025-12-12 22:29:13,Completed,2025-12-12 22:14:13
R0007027,2025-12-12 18:01:35,FrontDesk,Urgent,6,2025-12-12 18:33:35,Completed,2025-12-12 18:21:35
R0007028,2025-12-12 14:05:07,Housekeeping,Standard,35,2025-12-12 15:33:07,Completed,2025-12-12 14:47:07
R0007029,2025-12-12 11:58:30,F&B,Standard,25,2025-12-12 13:25:30,Completed,2025-12-12 12:23:30
R0007030,2025-12-12 20:45:25,F&B,Standard,25,2025-12-12 22:35:25,Completed,2025-12-12 21:27:25
R0007031,2025-12-12 19:56:18,F&B,Standard,25,2025-12-12 21:38:18,Completed,2025-12-12 20:22:18
R0007032,2025-12-12 14:48:02,F&B,Standard,25,2025-12-12 16:21:02,Completed,2025-12-12 15:51:02
R0007033,2025-12-12 18:00:56,F&B,Urgent,12,2025-12-12 18:34:56,Completed,2025-12-12 18:26:56
R0007034,2025-12-12 21:17:19,Housekeeping,Standard,35,2025-12-12 22:46:19,Completed,2025-12-12 22:09:19
R0007035,2025-12-12 08:52:49,Housekeeping,Standard,35,2025-12-12 11:13:49,Completed,2025-12-12 09:37:49
R0007036,2025-12-12 07:00:43,FrontDesk,Standard,12,2025-12-12 09:38:43,Completed,2025-12-12 07:24:43
R0007037,2025-12-12 14:42:56,FrontDesk,Standard,12,2025-12-12 17:02:56,Completed,2025-12-12 14:56:56
R0007038,2025-12-12 11:36:24,F&B,Urgent,12,2025-12-12 12:15:24,Open,
R0007039,2025-12-12 11:08:38,Housekeeping,Standard,35,2025-12-12 12:31:38,Open,
R0007040,2025-12-12 19:56:30,Housekeeping,Standard,35,2025-12-12 21:24:30,Completed,2025-12-12 20:34:30
R0007041,2025-12-12 09:04:29,FrontDesk,Standard,12,2025-12-12 10:21:29,Completed,2025-12-12 09:27:29
R0007042,2025-12-12 20:48:53,FrontDesk,Standard,12,2025-12-12 22:56:53,Completed,2025-12-12 21:17:53
R0007043,2025-12-12 08:39:14,FrontDesk,Standard,12,2025-12-12 09:58:14,Completed,2025-12-12 09:02:14
R0007044,2025-12-12 19:00:13,Housekeeping,Standard,35,2025-12-12 20:50:13,Completed,2025-12-12 19:42:13
R0007045,2025-12-12 07:23:30,F&B,Standard,25,2025-12-12 09:29:30,Completed,2025-12-12 07:54:30
R0007046,2025-12-12 08:48:45,Housekeeping,Standard,35,2025-12-12 09:54:45,Completed,2025-12-12 09:50:45
R0007047,2025-12-12 14:02:47,F&B,Standard,25,2025-12-12 16:28:47,Open,
R0007048,2025-12-12 11:41:18,FrontDesk,Standard,12,2025-12-12 13:18:18,Completed,2025-12-12 12:04:18
R0007049,2025-12-12 16:36:38,Housekeeping,Standard,35,2025-12-12 18:57:38,Completed,2025-12-12 17:16:38
R0007050,2025-12-12 18:33:51,Maintenance,Standard,55,2025-12-12 20:46:51,Open,
R0007051,2025-12-12 14:13:09,Housekeeping,Standard,35,2025-12-12 16:23:09,Open,
R0007052,2025-12-12 08:10:19,FrontDesk,Standard,12,2025-12-12 11:09:19,Completed,2025-12-12 08:37:19
R0007053,2025-12-12 21:28:52,Housekeeping,Standard,35,2025-12-12 23:37:52,Completed,2025-12-12 22:09:52
R0007054,2025-12-12 21:22:20,Housekeeping,Standard,35,2025-12-12 22:36:20,Completed,2025-12-12 22:33:20
R0007055,2025-12-12 20:09:22,FrontDesk,Standard,12,2025-12-12 22:46:22,Completed,2025-12-12 20:29:22
R0007056,2025-12-12 13:20:28,Housekeeping,Standard,35,2025-12-12 15:05:28,Completed,2025-12-12 13:57:28
R0007057,2025-12-12 21:44:46,F&B,Standard,25,2025-12-13 00:01:46,Completed,2025-12-12 22:21:46
R0007058,2025-12-12 12:35:46,F&B,Standard,25,2025-12-12 13:36:46,Completed,2025-12-12 12:55:46
R0007059,2025-12-12 22:01:46,F&B,Urgent,12,2025-12-12 22:42:46,Completed,2025-12-12 22:34:46
R0007060,2025-12-12 22:37:21,F&B,Standard,25,2025-12-13 00:16:21,Completed,2025-12-12 23:18:21
R0007061,2025-12-12 20:07:15,FrontDesk,Standard,12,2025-12-12 22:50:15,Open,
R0007062,2025-12-12 14:14:25,F&B,Standard,25,2025-12-12 16:18:25,Completed,2025-12-12 14:49:25
R0007063,2025-12-12 13:58:54,Housekeeping,Standard,35,2025-12-12 15:47:54,In_Progress,
R0007064,2025-12-12 08:37:13,Housekeeping,Standard,35,2025-12-12 11:36:13,Completed,2025-12-12 09:32:13
R0007065,2025-12-12 21:01:47,FrontDesk,Standard,12,2025-12-12 23:46:47,Completed,2025-12-12 21:44:47
R0007066,2025-12-12 11:43:39,FrontDesk,Standard,12,2025-12-12 14:31:39,Completed,2025-12-12 12:13:39
R0007067,2025-12-12 16:48:23,F&B,Urgent,12,2025-12-12 17:23:23,Completed,2025-12-12 17:20:23
R0007068,2025-12-12 21:35:14,F&B,Standard,25,2025-12-12 23:57:14,Completed,2025-12-12 22:31:14
R0007069,2025-12-12 12:40:34,Housekeeping,Standard,35,2025-12-12 14:14:34,Completed,2025-12-12 13:29:34
R0007070,2025-12-12 19:02:17,Maintenance,Standard,55,2025-12-12 20:28:17,Completed,2025-12-12 20:23:17
R0007071,2025-12-12 17:43:46,F&B,Standard,25,2025-12-12 19:22:46,In_Progress,
R0007072,2025-12-12 11:08:10,FrontDesk,Standard,12,2025-12-12 12:37:10,Completed,2025-12-12 11:31:10
R0007073,2025-12-12 20:02:09,Housekeeping,Standard,35,2025-12-12 22:31:09,Completed,2025-12-12 21:05:09
R0007074,2025-12-12 11:37:52,F&B,Standard,25,2025-12-12 13:31:52,Completed,2025-12-12 12:23:52
R0007075,2025-12-12 13:19:02,Maintenance,Standard,55,2025-12-12 14:42:02,Completed,2025-12-12 14:47:02
R0007076,2025-12-12 13:48:12,Housekeeping,Standard,35,2025-12-12 16:15:12,Completed,2025-12-12 14:41:12
R0007077,2025-12-12 11:47:45,FrontDesk,Standard,12,2025-12-12 13:13:45,Completed,2025-12-12 12:06:45
R0007078,2025-12-12 11:36:15,F&B,Urgent,12,2025-12-12 12:20:15,Completed,2025-12-12 11:56:15
R0007079,2025-12-12 14:46:32,FrontDesk,Standard,12,2025-12-12 16:04:32,Completed,2025-12-12 15:21:32
R0007080,2025-12-12 12:18:30,Housekeeping,Standard,35,2025-12-12 13:20:30,Completed,2025-12-12 13:14:30
R0007081,2025-12-12 16:28:51,FrontDesk,Standard,12,2025-12-12 19:18:51,Completed,2025-12-12 16:51:51
R0007082,2025-12-12 16:00:04,Housekeeping,Standard,35,2025-12-12 18:30:04,Completed,2025-12-12 16:57:04
R0007083,2025-12-12 12:42:47,Housekeeping,Standard,35,2025-12-12 14:54:47,Completed,2025-12-12 13:43:47
R0007084,2025-12-12 18:52:22,Housekeeping,Standard,35,2025-12-12 21:41:22,Completed,2025-12-12 19:28:22
R0007085,2025-12-12 09:20:26,F&B,Standard,25,2025-12-12 10:40:26,In_Progress,
R0007086,2025-12-12 14:19:11,Housekeeping,Standard,35,2025-12-12 16:08:11,Completed,2025-12-12 14:54:11
R0007087,2025-12-12 20:01:46,Housekeeping,Standard,35,2025-12-12 21:42:46,Completed,2025-12-12 20:43:46
R0007088,2025-12-12 14:59:42,Housekeeping,Standard,35,2025-12-12 17:03:42,Completed,2025-12-12 15:48:42
R0007089,2025-12-12 14:18:29,FrontDesk,Standard,12,2025-12-12 15:53:29,Completed,2025-12-12 14:51:29
R0007090,2025-12-12 19:27:39,Housekeeping,Standard,35,2025-12-12 20:39:39,Completed,2025-12-12 19:54:39
R0007091,2025-12-12 11:49:27,Housekeeping,Standard,35,2025-12-12 13:13:27,Completed,2025-12-12 12:27:27
R0007092,2025-12-12 14:37:22,Housekeeping,Standard,35,2025-12-12 15:44:22,Completed,2025-12-12 15:16:22
R0007093,2025-12-12 13:28:00,FrontDesk,Standard,12,2025-12-12 15:54:00,Completed,2025-12-12 13:48:00
R0007094,2025-12-12 07:05:40,FrontDesk,Standard,12,2025-12-12 09:50:40,Completed,2025-12-12 07:44:40
R0007095,2025-12-12 15:40:49,FrontDesk,Standard,12,2025-12-12 17:07:49,Completed,2025-12-12 15:52:49
R0007096,2025-12-12 16:59:03,FrontDesk,Standard,12,2025-12-12 19:45:03,Completed,2025-12-12 17:43:03
R0007097,2025-12-12 22:31:27,F&B,Standard,25,2025-12-12 23:43:27,Completed,2025-12-12 23:28:27
R0007098,2025-12-12 17:28:38,FrontDesk,Standard,12,2025-12-12 18:35:38,Completed,2025-12-12 17:42:38
R0007099,2025-12-12 13:49:28,Maintenance,Standard,55,2025-12-12 16:38:28,Completed,2025-12-12 14:51:28
R0007100,2025-12-12 20:49:46,Housekeeping,Standard,35,2025-12-12 22:44:46,Completed,2025-12-12 21:36:46
R0007101,2025-12-12 20:00:37,F&B,Standard,25,2025-12-12 22:50:37,Completed,2025-12-12 20:33:37
R0007102,2025-12-12 13:44:53,Housekeeping,Urgent,18,2025-12-12 14:14:53,Completed,2025-12-12 14:13:53
R0007103,2025-12-12 15:25:53,F&B,Standard,25,2025-12-12 17:10:53,Completed,2025-12-12 16:07:53
R0007104,2025-12-12 08:40:10,F&B,Standard,25,2025-12-12 09:41:10,Completed,2025-12-12 09:34:10
R0007105,2025-12-12 18:01:16,Housekeeping,Standard,35,2025-12-12 20:28:16,Completed,2025-12-12 19:13:16
R0007106,2025-12-12 07:24:09,Housekeeping,Urgent,18,2025-12-12 07:47:09,Completed,2025-12-12 07:46:09
R0007107,2025-12-12 07:02:47,Housekeeping,Standard,35,2025-12-12 08:15:47,Completed,2025-12-12 07:35:47
R0007108,2025-12-12 21:13:47,FrontDesk,Standard,12,2025-12-12 22:58:47,Open,
R0007109,2025-12-12 20:11:37,F&B,Standard,25,2025-12-12 21:48:37,Open,
R0007110,2025-12-12 08:57:34,Housekeeping,Standard,35,2025-12-12 10:47:34,Completed,2025-12-12 09:58:34
R0007111,2025-12-12 17:51:46,FrontDesk,Standard,12,2025-12-12 20:21:46,Completed,2025-12-12 18:19:46
R0007112,2025-12-12 09:38:50,Housekeeping,Standard,35,2025-12-12 11:29:50,Completed,2025-12-12 10:13:50
R0007113,2025-12-12 11:22:09,F&B,Standard,25,2025-12-12 13:45:09,Completed,2025-12-12 11:49:09
R0007114,2025-12-12 09:03:27,F&B,Standard,25,2025-12-12 10:57:27,Completed,2025-12-12 09:39:27
R0007115,2025-12-12 14:54:24,Housekeeping,Standard,35,2025-12-12 17:26:24,Completed,2025-12-12 15:53:24
R0007116,2025-12-12 18:00:12,Maintenance,Standard,55,2025-12-12 20:17:12,Completed,2025-12-12 18:51:12
R0007117,2025-12-12 09:01:03,Housekeeping,Standard,35,2025-12-12 11:06:03,Completed,2025-12-12 09:57:03
R0007118,2025-12-12 21:52:20,FrontDesk,Standard,12,2025-12-13 00:22:20,Completed,2025-12-12 22:19:20
R0007119,2025-12-12 19:07:37,Housekeeping,Standard,35,2025-12-12 20:18:37,Completed,2025-12-12 19:35:37
R0007120,2025-12-12 21:49:50,Housekeeping,Standard,35,2025-12-13 00:17:50,Completed,2025-12-12 22:39:50
R0007121,2025-12-12 18:14:08,FrontDesk,Standard,12,2025-12-12 20:57:08,Completed,2025-12-12 18:56:08
R0007122,2025-12-12 19:03:25,Housekeeping,Standard,35,2025-12-12 21:59:25,Completed,2025-12-12 20:11:25
R0007123,2025-12-12 16:04:34,FrontDesk,Standard,12,2025-12-12 18:34:34,Completed,2025-12-12 16:24:34
R0007124,2025-12-12 20:25:29,Housekeeping,Standard,35,2025-12-12 22:17:29,Completed,2025-12-12 21:09:29
R0007125,2025-12-12 07:11:56,Housekeeping,Standard,35,2025-12-12 10:06:56,Completed,2025-12-12 08:09:56
R0007126,2025-12-12 13:20:09,FrontDesk,Standard,12,2025-12-12 14:44:09,In_Progress,
R0007127,2025-12-12 14:50:30,FrontDesk,Standard,12,2025-12-12 17:31:30,Completed,2025-12-12 15:11:30
R0007128,2025-12-12 17:58:31,Maintenance,Standard,55,2025-12-12 20:13:31,Completed,2025-12-12 19:10:31
R0007129,2025-12-12 12:41:36,FrontDesk,Urgent,6,2025-12-12 13:10:36,Completed,2025-12-12 13:15:36
R0007130,2025-12-12 11:22:56,Maintenance,Standard,55,2025-12-12 13:03:56,Completed,2025-12-12 12:28:56
R0007131,2025-12-12 17:56:42,F&B,Standard,25,2025-12-12 20:07:42,Completed,2025-12-12 18:50:42
R0007132,2025-12-12 11:11:55,F&B,Standard,25,2025-12-12 12:24:55,Completed,2025-12-12 11:49:55
R0007133,2025-12-12 12:28:02,Maintenance,Urgent,30,2025-12-12 13:09:02,Completed,2025-12-12 13:09:02
R0007134,2025-12-12 21:13:04,FrontDesk,Urgent,6,2025-12-12 21:55:04,Completed,2025-12-12 21:41:04
R0007135,2025-12-12 18:10:34,Maintenance,Standard,55,2025-12-12 19:49:34,Completed,2025-12-12 19:40:34
R0007136,2025-12-12 14:27:59,FrontDesk,Standard,12,2025-12-12 17:12:59,Completed,2025-12-12 14:40:59
R0007137,2025-12-12 16:08:41,Maintenance,Standard,55,2025-12-12 17:31:41,Completed,2025-12-12 17:31:41
R0007138,2025-12-12 13:24:19,Housekeeping,Standard,35,2025-12-12 15:23:19,Completed,2025-12-12 14:10:19
R0007139,2025-12-12 20:25:23,Housekeeping,Standard,35,2025-12-12 21:31:23,Completed,2025-12-12 21:08:23
R0007140,2025-12-12 21:56:56,FrontDesk,Standard,12,2025-12-12 23:50:56,In_Progress,
R0007141,2025-12-12 20:11:46,Maintenance,Standard,55,2025-12-12 22:35:46,Completed,2025-12-12 21:29:46
R0007142,2025-12-12 12:18:35,Housekeeping,Standard,35,2025-12-12 15:14:35,Open,
R0007143,2025-12-12 14:37:43,F&B,Standard,25,2025-12-12 15:49:43,Completed,2025-12-12 14:56:43
R0007144,2025-12-12 10:05:29,Housekeeping,Standard,35,2025-12-12 12:25:29,Open,
R0007145,2025-12-12 16:36:30,FrontDesk,Standard,12,2025-12-12 17:42:30,Completed,2025-12-12 17:06:30
R0007146,2025-12-12 09:03:43,F&B,Standard,25,2025-12-12 12:00:43,Completed,2025-12-12 09:43:43
R0007147,2025-12-12 17:09:01,F&B,Urgent,12,2025-12-12 17:43:01,Completed,2025-12-12 17:20:01
R0007148,2025-12-12 18:23:25,Housekeeping,Standard,35,2025-12-12 20:57:25,Completed,2025-12-12 19:25:25
R0007149,2025-12-12 13:15:59,F&B,Standard,25,2025-12-12 15:28:59,Completed,2025-12-12 13:44:59
R0007150,2025-12-12 11:34:15,Housekeeping,Standard,35,2025-12-12 13:03:15,In_Progress,
R0007151,2025-12-12 19:46:31,Housekeeping,Standard,35,2025-12-12 22:45:31,Completed,2025-12-12 20:53:31
R0007152,2025-12-12 18:29:06,F&B,Standard,25,2025-12-12 20:53:06,Completed,2025-12-12 19:13:06
R0007153,2025-12-13 17:23:44,FrontDesk,Standard,12,2025-12-13 20:04:44,Completed,2025-12-13 17:38:44
R0007154,2025-12-13 11:19:47,FrontDesk,Standard,12,2025-12-13 12:59:47,Completed,2025-12-13 11:41:47
R0007155,2025-12-13 20:01:17,FrontDesk,Urgent,6,2025-12-13 20:48:17,Completed,2025-12-13 20:28:17
R0007156,2025-12-13 17:03:37,F&B,Standard,25,2025-12-13 18:08:37,Completed,2025-12-13 17:21:37
R0007157,2025-12-13 19:18:08,F&B,Standard,25,2025-12-13 22:09:08,Completed,2025-12-13 19:49:08
R0007158,2025-12-13 22:32:15,Housekeeping,Standard,35,2025-12-14 00:34:15,Completed,2025-12-13 23:08:15
R0007159,2025-12-13 08:18:58,F&B,Standard,25,2025-12-13 10:06:58,Completed,2025-12-13 08:56:58
R0007160,2025-12-13 19:39:01,Maintenance,Urgent,30,2025-12-13 20:14:01,Completed,2025-12-13 20:19:01
R0007161,2025-12-13 15:05:51,FrontDesk,Standard,12,2025-12-13 17:44:51,In_Progress,
R0007162,2025-12-13 20:20:23,F&B,Standard,25,2025-12-13 21:20:23,Completed,2025-12-13 21:05:23
R0007163,2025-12-13 20:53:06,F&B,Standard,25,2025-12-13 22:55:06,Completed,2025-12-13 21:48:06
R0007164,2025-12-13 08:02:26,Housekeeping,Standard,35,2025-12-13 10:32:26,Completed,2025-12-13 09:09:26
R0007165,2025-12-13 19:10:44,Housekeeping,Standard,35,2025-12-13 20:35:44,Completed,2025-12-13 20:00:44
R0007166,2025-12-13 11:08:17,Housekeeping,Standard,35,2025-12-13 13:52:17,Completed,2025-12-13 11:50:17
R0007167,2025-12-13 18:12:49,Housekeeping,Standard,35,2025-12-13 20:10:49,Completed,2025-12-13 19:11:49
R0007168,2025-12-13 11:11:48,Maintenance,Standard,55,2025-12-13 13:37:48,Completed,2025-12-13 12:28:48
R0007169,2025-12-13 19:12:46,F&B,Standard,25,2025-12-13 21:48:46,Completed,2025-12-13 20:08:46
R0007170,2025-12-13 17:26:58,Housekeeping,Urgent,18,2025-12-13 17:52:58,Completed,2025-12-13 17:47:58
R0007171,2025-12-13 18:47:19,FrontDesk,Urgent,6,2025-12-13 19:26:19,Open,
R0007172,2025-12-13 20:46:10,FrontDesk,Standard,12,2025-12-13 21:56:10,Completed,2025-12-13 21:09:10
R0007173,2025-12-13 11:33:45,FrontDesk,Standard,12,2025-12-13 12:36:45,Completed,2025-12-13 12:11:45
R0007174,2025-12-13 14:20:12,F&B,Standard,25,2025-12-13 16:21:12,Completed,2025-12-13 14:55:12
R0007175,2025-12-13 08:04:55,F&B,Standard,25,2025-12-13 10:58:55,Completed,2025-12-13 08:42:55
R0007176,2025-12-13 12:08:11,F&B,Standard,25,2025-12-13 15:00:11,Completed,2025-12-13 12:59:11
R0007177,2025-12-13 12:50:58,Housekeeping,Standard,35,2025-12-13 15:44:58,Completed,2025-12-13 13:43:58
R0007178,2025-12-13 15:31:28,F&B,Standard,25,2025-12-13 16:53:28,Completed,2025-12-13 16:08:28
R0007179,2025-12-13 22:38:35,FrontDesk,Urgent,6,2025-12-13 22:55:35,Completed,2025-12-13 22:54:35
R0007180,2025-12-13 11:31:10,F&B,Standard,25,2025-12-13 13:14:10,Completed,2025-12-13 12:07:10
R0007181,2025-12-13 17:33:32,F&B,Standard,25,2025-12-13 20:17:32,Completed,2025-12-13 18:14:32
R0007182,2025-12-13 10:17:14,F&B,Urgent,12,2025-12-13 10:58:14,Completed,2025-12-13 10:46:14
R0007183,2025-12-13 13:58:40,F&B,Standard,25,2025-12-13 16:43:40,Completed,2025-12-13 14:40:40
R0007184,2025-12-13 08:46:37,Housekeeping,Standard,35,2025-12-13 09:54:37,Completed,2025-12-13 09:17:37
R0007185,2025-12-13 15:24:13,Housekeeping,Standard,35,2025-12-13 17:30:13,Completed,2025-12-13 16:04:13
R0007186,2025-12-13 16:12:29,Housekeeping,Standard,35,2025-12-13 17:29:29,Completed,2025-12-13 17:14:29
R0007187,2025-12-13 13:30:12,F&B,Standard,25,2025-12-13 15:38:12,Open,
R0007188,2025-12-13 18:29:21,Housekeeping,Standard,35,2025-12-13 20:02:21,Completed,2025-12-13 19:13:21
R0007189,2025-12-13 21:50:24,FrontDesk,Standard,12,2025-12-13 23:50:24,Completed,2025-12-13 22:25:24
R0007190,2025-12-13 16:03:10,Housekeeping,Standard,35,2025-12-13 17:12:10,Completed,2025-12-13 16:47:10
R0007191,2025-12-13 16:46:31,FrontDesk,Standard,12,2025-12-13 19:07:31,Completed,2025-12-13 17:13:31
R0007192,2025-12-13 14:20:15,Housekeeping,Standard,35,2025-12-13 16:53:15,Completed,2025-12-13 15:11:15
R0007193,2025-12-13 20:19:36,FrontDesk,Standard,12,2025-12-13 21:23:36,Completed,2025-12-13 21:05:36
R0007194,2025-12-13 18:09:26,FrontDesk,Standard,12,2025-12-13 20:26:26,Completed,2025-12-13 18:30:26
R0007195,2025-12-13 21:13:34,FrontDesk,Standard,12,2025-12-13 23:45:34,Completed,2025-12-13 21:31:34
R0007196,2025-12-13 12:51:05,F&B,Urgent,12,2025-12-13 13:10:05,Completed,2025-12-13 13:17:05
R0007197,2025-12-13 16:05:18,Housekeeping,Standard,35,2025-12-13 18:19:18,Completed,2025-12-13 16:54:18
R0007198,2025-12-13 18:17:21,Maintenance,Standard,55,2025-12-13 20:46:21,Completed,2025-12-13 18:53:21
R0007199,2025-12-13 12:21:25,Housekeeping,Standard,35,2025-12-13 14:23:25,Completed,2025-12-13 12:57:25
R0007200,2025-12-13 13:11:13,Housekeeping,Standard,35,2025-12-13 15:17:13,Open,
R0007201,2025-12-13 14:43:10,Maintenance,Standard,55,2025-12-13 16:01:10,Completed,2025-12-13 16:08:10
R0007202,2025-12-13 17:02:15,Housekeeping,Standard,35,2025-12-13 19:49:15,Completed,2025-12-13 17:50:15
R0007203,2025-12-13 19:55:14,Maintenance,Standard,55,2025-12-13 21:08:14,Completed,2025-12-13 21:07:14
R0007204,2025-12-13 12:13:20,F&B,Standard,25,2025-12-13 13:15:20,Completed,2025-12-13 12:49:20
R0007205,2025-12-13 07:00:07,Housekeeping,Standard,35,2025-12-13 08:46:07,Completed,2025-12-13 08:10:07
R0007206,2025-12-13 11:56:36,FrontDesk,Standard,12,2025-12-13 13:50:36,Completed,2025-12-13 12:18:36
R0007207,2025-12-13 07:30:13,Housekeeping,Standard,35,2025-12-13 09:02:13,Completed,2025-12-13 08:32:13
R0007208,2025-12-13 11:59:33,Housekeeping,Standard,35,2025-12-13 14:53:33,Open,
R0007209,2025-12-13 08:23:35,FrontDesk,Standard,12,2025-12-13 09:46:35,Completed,2025-12-13 08:50:35
R0007210,2025-12-13 18:11:58,Housekeeping,Standard,35,2025-12-13 20:33:58,Completed,2025-12-13 18:54:58
R0007211,2025-12-13 15:37:25,FrontDesk,Standard,12,2025-12-13 16:49:25,Completed,2025-12-13 16:03:25
R0007212,2025-12-13 19:29:22,FrontDesk,Standard,12,2025-12-13 22:27:22,Completed,2025-12-13 19:47:22
R0007213,2025-12-13 22:10:44,F&B,Standard,25,2025-12-13 23:18:44,Completed,2025-12-13 22:54:44
R0007214,2025-12-13 15:40:10,Housekeeping,Standard,35,2025-12-13 18:18:10,Completed,2025-12-13 16:19:10
R0007215,2025-12-13 07:00:42,Housekeeping,Standard,35,2025-12-13 08:40:42,Completed,2025-12-13 07:38:42
R0007216,2025-12-13 14:41:40,FrontDesk,Standard,12,2025-12-13 16:41:40,Completed,2025-12-13 15:08:40
R0007217,2025-12-13 13:31:05,Housekeeping,Standard,35,2025-12-13 15:30:05,Completed,2025-12-13 14:16:05
R0007218,2025-12-13 18:55:50,F&B,Standard,25,2025-12-13 21:25:50,Completed,2025-12-13 19:46:50
R0007219,2025-12-13 18:58:23,Housekeeping,Standard,35,2025-12-13 20:54:23,Completed,2025-12-13 20:05:23
R0007220,2025-12-13 13:32:50,FrontDesk,Standard,12,2025-12-13 14:37:50,Completed,2025-12-13 14:05:50
R0007221,2025-12-13 19:03:59,F&B,Standard,25,2025-12-13 20:49:59,Completed,2025-12-13 19:27:59
R0007222,2025-12-13 18:35:17,Housekeeping,Standard,35,2025-12-13 19:38:17,Completed,2025-12-13 19:17:17
R0007223,2025-12-13 12:11:33,F&B,Standard,25,2025-12-13 14:43:33,Completed,2025-12-13 12:32:33
R0007224,2025-12-13 21:47:38,Housekeeping,Standard,35,2025-12-13 22:52:38,Completed,2025-12-13 22:37:38
R0007225,2025-12-13 16:54:45,F&B,Standard,25,2025-12-13 18:44:45,Completed,2025-12-13 17:38:45
R0007226,2025-12-13 19:07:30,F&B,Standard,25,2025-12-13 21:32:30,In_Progress,
R0007227,2025-12-13 22:45:31,F&B,Standard,25,2025-12-14 01:04:31,Completed,2025-12-13 23:11:31
R0007228,2025-12-13 22:40:07,F&B,Standard,25,2025-12-13 23:41:07,Completed,2025-12-13 23:24:07
R0007229,2025-12-13 14:30:44,F&B,Standard,25,2025-12-13 17:25:44,Completed,2025-12-13 15:12:44
R0007230,2025-12-13 07:30:08,FrontDesk,Standard,12,2025-12-13 08:52:08,Completed,2025-12-13 07:44:08
R0007231,2025-12-13 09:15:07,F&B,Standard,25,2025-12-13 10:17:07,Completed,2025-12-13 09:57:07
R0007232,2025-12-13 12:34:07,Maintenance,Standard,55,2025-12-13 13:44:07,Completed,2025-12-13 14:00:07
R0007233,2025-12-13 14:35:34,F&B,Standard,25,2025-12-13 15:40:34,Completed,2025-12-13 15:02:34
R0007234,2025-12-13 18:53:31,F&B,Standard,25,2025-12-13 20:54:31,Completed,2025-12-13 19:33:31
R0007235,2025-12-13 14:48:22,Maintenance,Standard,55,2025-12-13 17:16:22,Completed,2025-12-13 15:51:22
R0007236,2025-12-13 13:38:29,Housekeeping,Standard,35,2025-12-13 15:28:29,Completed,2025-12-13 14:18:29
R0007237,2025-12-13 19:30:12,FrontDesk,Standard,12,2025-12-13 20:59:12,Completed,2025-12-13 20:04:12
R0007238,2025-12-13 20:42:26,FrontDesk,Standard,12,2025-12-13 23:25:26,Completed,2025-12-13 21:28:26
R0007239,2025-12-13 10:04:23,Housekeeping,Standard,35,2025-12-13 12:34:23,Completed,2025-12-13 11:06:23
R0007240,2025-12-13 08:04:05,FrontDesk,Standard,12,2025-12-13 09:56:05,Open,
R0007241,2025-12-13 14:00:26,F&B,Standard,25,2025-12-13 16:31:26,Completed,2025-12-13 14:25:26
R0007242,2025-12-13 20:34:08,Housekeeping,Urgent,18,2025-12-13 21:07:08,Completed,2025-12-13 21:03:08
R0007243,2025-12-13 18:03:28,FrontDesk,Standard,12,2025-12-13 20:10:28,Completed,2025-12-13 18:37:28
R0007244,2025-12-13 17:43:41,F&B,Standard,25,2025-12-13 19:14:41,Completed,2025-12-13 18:32:41
R0007245,2025-12-13 18:30:40,F&B,Standard,25,2025-12-13 20:47:40,Completed,2025-12-13 18:51:40
R0007246,2025-12-13 22:22:57,Housekeeping,Urgent,18,2025-12-13 23:15:57,In_Progress,
R0007247,2025-12-13 18:28:07,Housekeeping,Standard,35,2025-12-13 20:29:07,Completed,2025-12-13 19:44:07
R0007248,2025-12-13 13:11:02,F&B,Standard,25,2025-12-13 15:40:02,Completed,2025-12-13 14:07:02
R0007249,2025-12-13 18:48:05,FrontDesk,Standard,12,2025-12-13 21:41:05,In_Progress,
R0007250,2025-12-13 14:20:54,Housekeeping,Standard,35,2025-12-13 15:54:54,Completed,2025-12-13 15:46:54
R0007251,2025-12-13 18:11:28,Housekeeping,Standard,35,2025-12-13 20:34:28,Completed,2025-12-13 19:08:28
R0007252,2025-12-13 12:36:06,F&B,Standard,25,2025-12-13 13:59:06,Completed,2025-12-13 13:02:06
R0007253,2025-12-13 12:49:30,FrontDesk,Standard,12,2025-12-13 13:58:30,Completed,2025-12-13 13:14:30
R0007254,2025-12-13 21:46:15,FrontDesk,Standard,12,2025-12-13 23:24:15,Completed,2025-12-13 22:19:15
R0007255,2025-12-13 11:14:18,FrontDesk,Standard,12,2025-12-13 12:34:18,Completed,2025-12-13 11:24:18
R0007256,2025-12-13 07:45:30,Maintenance,Standard,55,2025-12-13 10:42:30,In_Progress,
R0007257,2025-12-13 21:53:29,FrontDesk,Standard,12,2025-12-14 00:42:29,Completed,2025-12-13 22:16:29
R0007258,2025-12-13 16:48:36,Housekeeping,Standard,35,2025-12-13 18:57:36,Completed,2025-12-13 18:06:36
R0007259,2025-12-13 10:30:23,Housekeeping,Standard,35,2025-12-13 12:52:23,Completed,2025-12-13 10:57:23
R0007260,2025-12-13 11:44:48,FrontDesk,Standard,12,2025-12-13 14:23:48,Completed,2025-12-13 12:15:48
R0007261,2025-12-13 15:04:11,Maintenance,Standard,55,2025-12-13 16:36:11,Completed,2025-12-13 16:11:11
R0007262,2025-12-13 09:56:21,FrontDesk,Standard,12,2025-12-13 11:29:21,Completed,2025-12-13 10:18:21
R0007263,2025-12-13 19:01:36,FrontDesk,Standard,12,2025-12-13 21:52:36,Completed,2025-12-13 19:20:36
R0007264,2025-12-13 21:53:00,F&B,Urgent,12,2025-12-13 22:10:00,Completed,2025-12-13 22:33:00
R0007265,2025-12-13 12:04:52,Housekeeping,Standard,35,2025-12-13 14:40:52,Completed,2025-12-13 12:55:52
R0007266,2025-12-13 12:58:03,F&B,Standard,25,2025-12-13 14:14:03,Completed,2025-12-13 13:34:03
R0007267,2025-12-13 20:38:28,FrontDesk,Standard,12,2025-12-13 23:04:28,Completed,2025-12-13 21:08:28
R0007268,2025-12-13 21:31:54,F&B,Standard,25,2025-12-14 00:24:54,Completed,2025-12-13 22:14:54
R0007269,2025-12-13 11:43:51,FrontDesk,Urgent,6,2025-12-13 12:37:51,Completed,2025-12-13 12:18:51
R0007270,2025-12-13 07:36:53,FrontDesk,Standard,12,2025-12-13 10:17:53,Completed,2025-12-13 08:06:53
R0007271,2025-12-13 18:57:24,F&B,Standard,25,2025-12-13 20:44:24,Completed,2025-12-13 19:28:24
R0007272,2025-12-13 18:07:26,FrontDesk,Standard,12,2025-12-13 19:58:26,Completed,2025-12-13 18:47:26
R0007273,2025-12-13 13:57:02,F&B,Standard,25,2025-12-13 15:59:02,Open,
R0007274,2025-12-13 12:27:33,FrontDesk,Standard,12,2025-12-13 13:59:33,In_Progress,
R0007275,2025-12-13 22:52:12,Housekeeping,Standard,35,2025-12-14 01:03:12,Completed,2025-12-14 00:00:12
R0007276,2025-12-13 13:23:51,FrontDesk,Standard,12,2025-12-13 15:37:51,Completed,2025-12-13 14:04:51
R0007277,2025-12-13 13:28:24,Maintenance,Standard,55,2025-12-13 14:43:24,Completed,2025-12-13 14:52:24
R0007278,2025-12-13 12:36:02,FrontDesk,Standard,12,2025-12-13 14:47:02,Completed,2025-12-13 13:06:02
R0007279,2025-12-13 22:23:17,FrontDesk,Standard,12,2025-12-14 00:09:17,Completed,2025-12-13 22:49:17
R0007280,2025-12-13 19:47:25,F&B,Urgent,12,2025-12-13 20:24:25,Completed,2025-12-13 20:13:25
R0007281,2025-12-13 09:05:26,F&B,Standard,25,2025-12-13 11:23:26,Completed,2025-12-13 09:32:26
R0007282,2025-12-13 20:13:28,Maintenance,Standard,55,2025-12-13 21:23:28,Completed,2025-12-13 21:16:28
R0007283,2025-12-13 11:43:30,FrontDesk,Standard,12,2025-12-13 14:43:30,Completed,2025-12-13 12:20:30
R0007284,2025-12-13 22:31:10,Housekeeping,Standard,35,2025-12-14 00:05:10,Completed,2025-12-13 23:32:10
R0007285,2025-12-13 18:27:44,Housekeeping,Standard,35,2025-12-13 20:25:44,Completed,2025-12-13 19:19:44
R0007286,2025-12-13 16:20:24,Housekeeping,Standard,35,2025-12-13 19:11:24,Completed,2025-12-13 16:56:24
R0007287,2025-12-13 14:25:15,F&B,Urgent,12,2025-12-13 14:43:15,Completed,2025-12-13 14:51:15
R0007288,2025-12-13 12:54:11,Housekeeping,Urgent,18,2025-12-13 13:52:11,Completed,2025-12-13 13:22:11
R0007289,2025-12-13 15:50:58,Housekeeping,Standard,35,2025-12-13 17:26:58,Completed,2025-12-13 16:28:58
R0007290,2025-12-13 21:42:54,F&B,Standard,25,2025-12-14 00:02:54,Open,
R0007291,2025-12-13 13:55:31,Housekeeping,Standard,35,2025-12-13 16:21:31,Completed,2025-12-13 14:58:31
R0007292,2025-12-13 19:38:34,F&B,Standard,25,2025-12-13 21:42:34,Open,
R0007293,2025-12-13 13:14:43,Housekeeping,Standard,35,2025-12-13 15:43:43,Completed,2025-12-13 14:08:43
R0007294,2025-12-13 18:22:01,FrontDesk,Standard,12,2025-12-13 21:10:01,Completed,2025-12-13 18:51:01
R0007295,2025-12-13 15:13:30,FrontDesk,Standard,12,2025-12-13 17:50:30,Completed,2025-12-13 15:45:30
R0007296,2025-12-13 21:36:16,FrontDesk,Standard,12,2025-12-13 23:05:16,Completed,2025-12-13 21:53:16
R0007297,2025-12-13 18:36:04,F&B,Standard,25,2025-12-13 20:28:04,Completed,2025-12-13 19:22:04
R0007298,2025-12-13 21:50:16,F&B,Standard,25,2025-12-14 00:27:16,Completed,2025-12-13 22:25:16
R0007299,2025-12-13 21:22:20,F&B,Standard,25,2025-12-14 00:19:20,Completed,2025-12-13 22:04:20
R0007300,2025-12-13 20:27:47,Maintenance,Standard,55,2025-12-13 22:40:47,Completed,2025-12-13 21:39:47
R0007301,2025-12-13 20:53:03,Housekeeping,Standard,35,2025-12-13 22:38:03,Completed,2025-12-13 21:35:03
R0007302,2025-12-13 18:33:17,Maintenance,Standard,55,2025-12-13 21:17:17,Completed,2025-12-13 19:39:17
R0007303,2025-12-13 18:34:46,FrontDesk,Standard,12,2025-12-13 20:09:46,Completed,2025-12-13 19:13:46
R0007304,2025-12-13 22:28:03,FrontDesk,Standard,12,2025-12-14 00:16:03,Completed,2025-12-13 22:48:03
R0007305,2025-12-13 08:50:32,F&B,Standard,25,2025-12-13 11:26:32,Completed,2025-12-13 09:23:32
R0007306,2025-12-13 18:55:21,F&B,Urgent,12,2025-12-13 19:49:21,Completed,2025-12-13 19:30:21
R0007307,2025-12-13 17:36:36,Housekeeping,Urgent,18,2025-12-13 18:22:36,Completed,2025-12-13 18:13:36
R0007308,2025-12-13 22:16:11,Housekeeping,Standard,35,2025-12-13 23:29:11,Completed,2025-12-13 23:02:11
R0007309,2025-12-13 12:39:20,F&B,Standard,25,2025-12-13 13:52:20,Completed,2025-12-13 13:09:20
R0007310,2025-12-13 21:40:45,FrontDesk,Standard,12,2025-12-13 22:50:45,Completed,2025-12-13 22:22:45
R0007311,2025-12-13 21:26:46,Maintenance,Standard,55,2025-12-13 22:26:46,In_Progress,
R0007312,2025-12-13 13:43:24,Housekeeping,Standard,35,2025-12-13 16:02:24,Completed,2025-12-13 14:27:24
R0007313,2025-12-13 12:45:15,F&B,Standard,25,2025-12-13 14:00:15,Completed,2025-12-13 13:38:15
R0007314,2025-12-13 18:24:51,FrontDesk,Urgent,6,2025-12-13 18:41:51,Completed,2025-12-13 18:33:51
R0007315,2025-12-13 09:53:03,Housekeeping,Standard,35,2025-12-13 12:41:03,Completed,2025-12-13 10:42:03
R0007316,2025-12-13 18:14:01,F&B,Standard,25,2025-12-13 20:20:01,Completed,2025-12-13 18:45:01
R0007317,2025-12-13 11:54:53,F&B,Standard,25,2025-12-13 13:35:53,Completed,2025-12-13 12:18:53
R0007318,2025-12-13 11:56:00,Housekeeping,Urgent,18,2025-12-13 12:39:00,Completed,2025-12-13 12:33:00
R0007319,2025-12-13 18:20:41,Maintenance,Standard,55,2025-12-13 21:11:41,Completed,2025-12-13 19:22:41
R0007320,2025-12-13 11:26:47,F&B,Standard,25,2025-12-13 12:39:47,Completed,2025-12-13 11:50:47
R0007321,2025-12-13 19:30:42,FrontDesk,Standard,12,2025-12-13 21:25:42,Completed,2025-12-13 20:03:42
R0007322,2025-12-13 12:36:17,Housekeeping,Standard,35,2025-12-13 14:37:17,Completed,2025-12-13 13:00:17
R0007323,2025-12-13 14:11:11,F&B,Standard,25,2025-12-13 15:34:11,Completed,2025-12-13 14:36:11
R0007324,2025-12-13 16:20:48,Housekeeping,Standard,35,2025-12-13 17:39:48,Completed,2025-12-13 17:32:48
R0007325,2025-12-13 19:18:45,F&B,Standard,25,2025-12-13 22:02:45,Completed,2025-12-13 19:53:45
R0007326,2025-12-13 22:05:48,F&B,Standard,25,2025-12-14 00:00:48,Completed,2025-12-13 22:26:48
R0007327,2025-12-13 17:32:38,F&B,Standard,25,2025-12-13 19:56:38,Completed,2025-12-13 18:06:38
R0007328,2025-12-13 18:01:57,FrontDesk,Standard,12,2025-12-13 19:46:57,Completed,2025-12-13 18:38:57
R0007329,2025-12-13 11:42:26,F&B,Standard,25,2025-12-13 12:53:26,Completed,2025-12-13 12:19:26
R0007330,2025-12-13 11:09:23,FrontDesk,Urgent,6,2025-12-13 11:57:23,Completed,2025-12-13 11:19:23
R0007331,2025-12-13 19:15:05,F&B,Standard,25,2025-12-13 20:55:05,Completed,2025-12-13 19:34:05
R0007332,2025-12-13 20:22:16,F&B,Standard,25,2025-12-13 23:15:16,Open,
R0007333,2025-12-13 18:36:34,FrontDesk,Standard,12,2025-12-13 21:31:34,Completed,2025-12-13 19:17:34
R0007334,2025-12-13 14:04:00,Housekeeping,Standard,35,2025-12-13 15:39:00,Completed,2025-12-13 14:55:00
R0007335,2025-12-13 21:55:13,FrontDesk,Standard,12,2025-12-13 23:23:13,Completed,2025-12-13 22:25:13
R0007336,2025-12-13 16:52:52,FrontDesk,Urgent,6,2025-12-13 17:21:52,Completed,2025-12-13 17:03:52
R0007337,2025-12-13 21:35:26,Maintenance,Standard,55,2025-12-14 00:20:26,Completed,2025-12-13 22:38:26
R0007338,2025-12-13 08:09:14,FrontDesk,Standard,12,2025-12-13 10:04:14,Completed,2025-12-13 08:21:14
R0007339,2025-12-13 14:30:32,Housekeeping,Standard,35,2025-12-13 16:19:32,Completed,2025-12-13 15:46:32
R0007340,2025-12-13 07:19:46,F&B,Standard,25,2025-12-13 09:06:46,Completed,2025-12-13 07:54:46
R0007341,2025-12-13 21:22:37,F&B,Urgent,12,2025-12-13 21:55:37,Completed,2025-12-13 21:50:37
R0007342,2025-12-13 21:40:48,Housekeeping,Standard,35,2025-12-13 23:23:48,Open,
R0007343,2025-12-13 11:40:59,F&B,Standard,25,2025-12-13 13:00:59,Completed,2025-12-13 12:28:59
R0007344,2025-12-13 22:31:18,FrontDesk,Standard,12,2025-12-14 01:18:18,Completed,2025-12-13 22:45:18
R0007345,2025-12-13 11:32:12,F&B,Standard,25,2025-12-13 12:34:12,Completed,2025-12-13 12:13:12
R0007346,2025-12-13 15:38:54,Housekeeping,Standard,35,2025-12-13 18:04:54,Completed,2025-12-13 16:24:54
R0007347,2025-12-13 19:04:48,Housekeeping,Standard,35,2025-12-13 22:04:48,Completed,2025-12-13 19:54:48
R0007348,2025-12-13 12:23:55,FrontDesk,Standard,12,2025-12-13 15:00:55,Completed,2025-12-13 12:35:55
R0007349,2025-12-13 19:17:19,FrontDesk,Standard,12,2025-12-13 20:47:19,Open,
R0007350,2025-12-13 18:04:35,Maintenance,Standard,55,2025-12-13 20:05:35,Completed,2025-12-13 19:34:35
R0007351,2025-12-13 12:58:01,Housekeeping,Standard,35,2025-12-13 14:30:01,Open,
R0007352,2025-12-13 08:17:17,Housekeeping,Standard,35,2025-12-13 09:45:17,Open,
R0007353,2025-12-13 18:55:39,Housekeeping,Standard,35,2025-12-13 21:14:39,Completed,2025-12-13 19:21:39
R0007354,2025-12-13 18:25:38,Housekeeping,Standard,35,2025-12-13 20:35:38,Completed,2025-12-13 19:33:38
R0007355,2025-12-13 19:34:51,Housekeeping,Standard,35,2025-12-13 22:19:51,Completed,2025-12-13 20:24:51
R0007356,2025-12-13 22:18:55,F&B,Standard,25,2025-12-14 00:12:55,Completed,2025-12-13 22:55:55
R0007357,2025-12-13 18:07:51,Maintenance,Standard,55,2025-12-13 20:09:51,Completed,2025-12-13 19:34:51
R0007358,2025-12-13 18:08:18,Housekeeping,Standard,35,2025-12-13 19:53:18,Completed,2025-12-13 19:17:18
R0007359,2025-12-13 22:03:30,F&B,Standard,25,2025-12-14 00:04:30,Completed,2025-12-13 22:50:30
R0007360,2025-12-13 10:18:21,F&B,Standard,25,2025-12-13 11:22:21,Completed,2025-12-13 10:52:21
R0007361,2025-12-13 07:52:01,F&B,Standard,25,2025-12-13 09:52:01,Open,
R0007362,2025-12-13 16:27:17,Housekeeping,Urgent,18,2025-12-13 17:19:17,Completed,2025-12-13 16:50:17
R0007363,2025-12-13 19:40:24,F&B,Standard,25,2025-12-13 22:29:24,Open,
R0007364,2025-12-13 13:23:50,FrontDesk,Standard,12,2025-12-13 16:03:50,Completed,2025-12-13 13:43:50
R0007365,2025-12-13 10:55:40,F&B,Standard,25,2025-12-13 12:47:40,In_Progress,
R0007366,2025-12-13 07:08:08,FrontDesk,Standard,12,2025-12-13 08:56:08,Completed,2025-12-13 07:42:08
R0007367,2025-12-13 19:51:53,Housekeeping,Standard,35,2025-12-13 22:02:53,Open,
R0007368,2025-12-13 12:52:29,FrontDesk,Standard,12,2025-12-13 14:08:29,Completed,2025-12-13 13:12:29
R0007369,2025-12-13 07:56:54,Housekeeping,Standard,35,2025-12-13 10:00:54,Completed,2025-12-13 08:47:54
R0007370,2025-12-13 08:32:27,Housekeeping,Standard,35,2025-12-13 09:58:27,Completed,2025-12-13 09:16:27
R0007371,2025-12-13 13:00:11,Housekeeping,Standard,35,2025-12-13 14:29:11,Completed,2025-12-13 13:40:11
R0007372,2025-12-13 10:57:23,FrontDesk,Standard,12,2025-12-13 13:01:23,Completed,2025-12-13 11:26:23
R0007373,2025-12-13 19:43:14,Maintenance,Standard,55,2025-12-13 22:20:14,Completed,2025-12-13 20:45:14
R0007374,2025-12-13 17:13:47,Housekeeping,Standard,35,2025-12-13 20:05:47,Completed,2025-12-13 17:56:47
R0007375,2025-12-13 13:46:11,F&B,Standard,25,2025-12-13 15:41:11,Completed,2025-12-13 14:27:11
R0007376,2025-12-13 11:49:51,Housekeeping,Standard,35,2025-12-13 13:04:51,Open,
R0007377,2025-12-13 12:17:44,FrontDesk,Urgent,6,2025-12-13 12:51:44,Completed,2025-12-13 12:38:44
R0007378,2025-12-13 10:10:52,Housekeeping,Standard,35,2025-12-13 11:47:52,Completed,2025-12-13 11:32:52
R0007379,2025-12-13 18:03:54,F&B,Standard,25,2025-12-13 20:59:54,Completed,2025-12-13 18:30:54
R0007380,2025-12-13 22:12:05,Housekeeping,Standard,35,2025-12-14 00:36:05,Completed,2025-12-13 23:02:05
R0007381,2025-12-13 19:19:16,F&B,Standard,25,2025-12-13 21:09:16,Completed,2025-12-13 20:12:16
R0007382,2025-12-13 20:25:19,F&B,Urgent,12,2025-12-13 21:22:19,Completed,2025-12-13 20:50:19
R0007383,2025-12-13 19:30:41,F&B,Standard,25,2025-12-13 21:19:41,Completed,2025-12-13 20:01:41
R0007384,2025-12-13 21:28:46,Housekeeping,Standard,35,2025-12-13 23:09:46,Completed,2025-12-13 22:16:46
R0007385,2025-12-13 18:23:54,FrontDesk,Standard,12,2025-12-13 19:59:54,Completed,2025-12-13 18:49:54
R0007386,2025-12-13 21:56:38,Housekeeping,Standard,35,2025-12-14 00:01:38,Completed,2025-12-13 22:52:38
R0007387,2025-12-13 20:43:42,F&B,Standard,25,2025-12-13 21:44:42,Completed,2025-12-13 21:25:42
R0007388,2025-12-13 22:19:10,Housekeeping,Standard,35,2025-12-14 00:30:10,Completed,2025-12-13 23:27:10
R0007389,2025-12-13 16:06:58,FrontDesk,Standard,12,2025-12-13 17:20:58,Completed,2025-12-13 16:42:58
R0007390,2025-12-13 15:46:30,FrontDesk,Standard,12,2025-12-13 18:13:30,Completed,2025-12-13 16:01:30
R0007391,2025-12-13 14:13:35,Housekeeping,Urgent,18,2025-12-13 14:57:35,Completed,2025-12-13 14:44:35
R0007392,2025-12-13 12:49:22,FrontDesk,Standard,12,2025-12-13 15:48:22,Completed,2025-12-13 13:23:22
R0007393,2025-12-13 18:06:36,F&B,Standard,25,2025-12-13 19:20:36,Completed,2025-12-13 19:01:36
R0007394,2025-12-13 15:40:03,F&B,Standard,25,2025-12-13 18:12:03,Completed,2025-12-13 16:27:03
R0007395,2025-12-13 15:28:00,F&B,Standard,25,2025-12-13 17:42:00,Completed,2025-12-13 16:16:00
R0007396,2025-12-13 11:58:18,FrontDesk,Standard,12,2025-12-13 13:57:18,Completed,2025-12-13 12:14:18
R0007397,2025-12-13 11:04:04,F&B,Standard,25,2025-12-13 12:51:04,Completed,2025-12-13 11:32:04
R0007398,2025-12-13 11:05:58,FrontDesk,Standard,12,2025-12-13 13:57:58,Completed,2025-12-13 11:44:58
R0007399,2025-12-13 16:30:46,F&B,Standard,25,2025-12-13 18:04:46,In_Progress,
R0007400,2025-12-13 20:16:28,FrontDesk,Standard,12,2025-12-13 21:32:28,Completed,2025-12-13 20:28:28
R0007401,2025-12-13 11:04:34,Housekeeping,Standard,35,2025-12-13 13:54:34,Completed,2025-12-13 11:53:34
R0007402,2025-12-13 14:01:49,F&B,Standard,25,2025-12-13 15:10:49,Completed,2025-12-13 14:48:49
R0007403,2025-12-13 13:28:54,F&B,Standard,25,2025-12-13 15:06:54,Completed,2025-12-13 14:00:54
R0007404,2025-12-13 17:28:20,FrontDesk,Standard,12,2025-12-13 20:11:20,Completed,2025-12-13 17:47:20
R0007405,2025-12-13 13:10:57,F&B,Standard,25,2025-12-13 15:51:57,Completed,2025-12-13 13:41:57
R0007406,2025-12-13 12:52:56,F&B,Standard,25,2025-12-13 14:51:56,Completed,2025-12-13 13:18:56
R0007407,2025-12-13 19:33:08,Housekeeping,Standard,35,2025-12-13 21:08:08,Completed,2025-12-13 20:04:08
R0007408,2025-12-13 16:02:26,Housekeeping,Urgent,18,2025-12-13 16:44:26,Completed,2025-12-13 16:25:26
R0007409,2025-12-13 19:37:04,F&B,Standard,25,2025-12-13 21:17:04,Completed,2025-12-13 20:23:04
R0007410,2025-12-13 14:04:19,Housekeeping,Standard,35,2025-12-13 15:52:19,Completed,2025-12-13 14:48:19
R0007411,2025-12-13 18:47:23,F&B,Standard,25,2025-12-13 21:13:23,Completed,2025-12-13 19:29:23
R0007412,2025-12-13 16:44:14,F&B,Urgent,12,2025-12-13 17:40:14,Completed,2025-12-13 16:59:14
R0007413,2025-12-13 20:50:36,FrontDesk,Standard,12,2025-12-13 22:10:36,Completed,2025-12-13 21:01:36
R0007414,2025-12-13 10:46:47,FrontDesk,Standard,12,2025-12-13 13:12:47,Completed,2025-12-13 11:13:47
R0007415,2025-12-13 07:25:52,Housekeeping,Standard,35,2025-12-13 09:11:52,Completed,2025-12-13 08:25:52
R0007416,2025-12-13 12:56:56,Housekeeping,Standard,35,2025-12-13 15:45:56,Completed,2025-12-13 13:46:56
R0007417,2025-12-13 22:05:23,FrontDesk,Standard,12,2025-12-14 01:00:23,Completed,2025-12-13 22:22:23
R0007418,2025-12-13 15:56:41,Housekeeping,Standard,35,2025-12-13 18:52:41,Completed,2025-12-13 16:41:41
R0007419,2025-12-13 07:43:28,Housekeeping,Standard,35,2025-12-13 10:08:28,Completed,2025-12-13 08:29:28
R0007420,2025-12-13 09:02:31,FrontDesk,Standard,12,2025-12-13 10:18:31,Completed,2025-12-13 09:29:31
R0007421,2025-12-13 18:54:26,F&B,Standard,25,2025-12-13 21:50:26,Open,
R0007422,2025-12-13 08:02:31,FrontDesk,Standard,12,2025-12-13 09:38:31,Completed,2025-12-13 08:10:31
R0007423,2025-12-13 07:54:20,Housekeeping,Standard,35,2025-12-13 10:01:20,Completed,2025-12-13 08:45:20
R0007424,2025-12-13 11:42:42,Housekeeping,Standard,35,2025-12-13 12:56:42,Completed,2025-12-13 12:38:42
R0007425,2025-12-13 19:11:43,Maintenance,Standard,55,2025-12-13 20:38:43,Completed,2025-12-13 20:27:43
R0007426,2025-12-13 19:28:32,F&B,Standard,25,2025-12-13 21:11:32,Completed,2025-12-13 20:23:32
R0007427,2025-12-13 20:20:28,Housekeeping,Standard,35,2025-12-13 23:06:28,Completed,2025-12-13 20:56:28
R0007428,2025-12-13 12:48:04,FrontDesk,Standard,12,2025-12-13 14:46:04,Open,
R0007429,2025-12-13 18:17:33,F&B,Urgent,12,2025-12-13 18:49:33,Completed,2025-12-13 18:32:33
R0007430,2025-12-13 10:04:16,F&B,Standard,25,2025-12-13 12:54:16,Completed,2025-12-13 10:59:16
R0007431,2025-12-13 16:25:27,F&B,Standard,25,2025-12-13 18:46:27,Completed,2025-12-13 17:11:27
R0007432,2025-12-13 10:29:51,Housekeeping,Standard,35,2025-12-13 11:51:51,Completed,2025-12-13 11:14:51
R0007433,2025-12-13 21:36:41,FrontDesk,Standard,12,2025-12-13 22:45:41,Open,
R0007434,2025-12-13 19:53:50,F&B,Standard,25,2025-12-13 21:28:50,Completed,2025-12-13 20:15:50
R0007435,2025-12-13 13:05:49,FrontDesk,Standard,12,2025-12-13 14:57:49,In_Progress,
R0007436,2025-12-13 19:38:32,FrontDesk,Urgent,6,2025-12-13 20:27:32,Completed,2025-12-13 19:55:32
R0007437,2025-12-13 19:44:27,Housekeeping,Standard,35,2025-12-13 20:58:27,Completed,2025-12-13 20:41:27
R0007438,2025-12-13 16:50:23,Maintenance,Standard,55,2025-12-13 19:33:23,Completed,2025-12-13 18:00:23
R0007439,2025-12-13 14:04:04,FrontDesk,Standard,12,2025-12-13 15:34:04,Completed,2025-12-13 14:44:04
R0007440,2025-12-13 20:09:52,FrontDesk,Standard,12,2025-12-13 22:52:52,Completed,2025-12-13 20:42:52
R0007441,2025-12-13 20:00:17,FrontDesk,Standard,12,2025-12-13 21:10:17,In_Progress,
R0007442,2025-12-13 08:08:09,Housekeeping,Urgent,18,2025-12-13 09:07:09,Completed,2025-12-13 08:32:09
R0007443,2025-12-13 14:28:24,Housekeeping,Standard,35,2025-12-13 16:28:24,Completed,2025-12-13 15:12:24
R0007444,2025-12-13 08:31:15,Housekeeping,Urgent,18,2025-12-13 09:09:15,Completed,2025-12-13 09:12:15
R0007445,2025-12-13 08:22:42,F&B,Standard,25,2025-12-13 10:36:42,Completed,2025-12-13 08:53:42
R0007446,2025-12-13 21:11:36,F&B,Standard,25,2025-12-13 22:40:36,Completed,2025-12-13 21:45:36
R0007447,2025-12-13 22:31:32,F&B,Standard,25,2025-12-14 00:00:32,Completed,2025-12-13 23:02:32
R0007448,2025-12-13 07:57:05,Housekeeping,Standard,35,2025-12-13 09:10:05,Completed,2025-12-13 08:47:05
R0007449,2025-12-13 07:40:43,Maintenance,Urgent,30,2025-12-13 08:12:43,Completed,2025-12-13 08:37:43
R0007450,2025-12-13 18:29:12,FrontDesk,Standard,12,2025-12-13 21:19:12,Completed,2025-12-13 18:55:12
R0007451,2025-12-13 21:24:11,FrontDesk,Standard,12,2025-12-14 00:17:11,Completed,2025-12-13 21:42:11
R0007452,2025-12-13 20:50:02,Housekeeping,Standard,35,2025-12-13 23:44:02,Completed,2025-12-13 21:13:02
R0007453,2025-12-13 16:16:05,FrontDesk,Standard,12,2025-12-13 18:55:05,Completed,2025-12-13 16:53:05
R0007454,2025-12-13 12:23:00,FrontDesk,Standard,12,2025-12-13 13:35:00,Completed,2025-12-13 12:37:00
R0007455,2025-12-13 13:28:25,Housekeeping,Standard,35,2025-12-13 15:51:25,Completed,2025-12-13 14:05:25
R0007456,2025-12-13 22:08:19,F&B,Standard,25,2025-12-13 23:58:19,Completed,2025-12-13 22:53:19
R0007457,2025-12-13 18:40:51,Housekeeping,Standard,35,2025-12-13 21:21:51,Completed,2025-12-13 19:42:51
R0007458,2025-12-13 18:32:30,FrontDesk,Standard,12,2025-12-13 19:33:30,Completed,2025-12-13 18:55:30
R0007459,2025-12-13 18:02:36,Housekeeping,Standard,35,2025-12-13 20:25:36,Completed,2025-12-13 18:31:36
R0007460,2025-12-13 12:31:51,Housekeeping,Standard,35,2025-12-13 15:07:51,Completed,2025-12-13 13:02:51
R0007461,2025-12-13 17:48:51,Housekeeping,Standard,35,2025-12-13 20:20:51,Completed,2025-12-13 18:40:51
R0007462,2025-12-13 20:30:49,F&B,Standard,25,2025-12-13 22:49:49,Completed,2025-12-13 21:15:49
R0007463,2025-12-13 19:02:41,F&B,Urgent,12,2025-12-13 19:45:41,Completed,2025-12-13 19:40:41
R0007464,2025-12-13 13:42:41,Housekeeping,Standard,35,2025-12-13 15:20:41,Completed,2025-12-13 14:51:41
R0007465,2025-12-13 21:07:37,F&B,Standard,25,2025-12-13 23:38:37,Completed,2025-12-13 21:44:37
R0007466,2025-12-13 15:52:05,F&B,Standard,25,2025-12-13 18:16:05,Completed,2025-12-13 16:25:05
R0007467,2025-12-13 20:35:32,FrontDesk,Standard,12,2025-12-13 22:59:32,Completed,2025-12-13 20:45:32
R0007468,2025-12-13 11:36:26,F&B,Standard,25,2025-12-13 13:15:26,Completed,2025-12-13 11:58:26
R0007469,2025-12-14 07:26:24,Maintenance,Standard,55,2025-12-14 08:31:24,Completed,2025-12-14 08:22:24
R0007470,2025-12-14 15:29:46,F&B,Standard,25,2025-12-14 17:36:46,Completed,2025-12-14 15:56:46
R0007471,2025-12-14 17:58:06,F&B,Standard,25,2025-12-14 19:09:06,Open,
R0007472,2025-12-14 22:05:33,FrontDesk,Standard,12,2025-12-14 23:40:33,Completed,2025-12-14 22:35:33
R0007473,2025-12-14 11:05:27,Housekeeping,Standard,35,2025-12-14 12:26:27,Completed,2025-12-14 11:40:27
R0007474,2025-12-14 19:46:58,F&B,Standard,25,2025-12-14 22:19:58,Completed,2025-12-14 20:16:58
R0007475,2025-12-14 14:45:34,FrontDesk,Standard,12,2025-12-14 15:49:34,Completed,2025-12-14 15:25:34
R0007476,2025-12-14 13:30:45,F&B,Urgent,12,2025-12-14 14:13:45,Completed,2025-12-14 14:01:45
R0007477,2025-12-14 15:54:46,FrontDesk,Standard,12,2025-12-14 18:46:46,Completed,2025-12-14 16:21:46
R0007478,2025-12-14 09:40:58,FrontDesk,Standard,12,2025-12-14 12:17:58,Completed,2025-12-14 09:56:58
R0007479,2025-12-14 21:19:50,Maintenance,Standard,55,2025-12-14 23:45:50,Completed,2025-12-14 22:23:50
R0007480,2025-12-14 12:19:46,Housekeeping,Standard,35,2025-12-14 14:17:46,Completed,2025-12-14 12:59:46
R0007481,2025-12-14 20:19:15,FrontDesk,Urgent,6,2025-12-14 20:50:15,Completed,2025-12-14 20:50:15
R0007482,2025-12-14 11:00:43,FrontDesk,Standard,12,2025-12-14 13:43:43,Completed,2025-12-14 11:26:43
R0007483,2025-12-14 15:11:14,F&B,Urgent,12,2025-12-14 15:32:14,Completed,2025-12-14 15:36:14
R0007484,2025-12-14 17:52:49,Housekeeping,Standard,35,2025-12-14 19:09:49,Completed,2025-12-14 18:52:49
R0007485,2025-12-14 13:04:32,F&B,Standard,25,2025-12-14 15:19:32,Completed,2025-12-14 13:56:32
R0007486,2025-12-14 07:49:44,Maintenance,Standard,55,2025-12-14 10:30:44,Completed,2025-12-14 09:28:44
R0007487,2025-12-14 10:52:53,Maintenance,Standard,55,2025-12-14 13:03:53,Completed,2025-12-14 11:44:53
R0007488,2025-12-14 20:17:08,FrontDesk,Standard,12,2025-12-14 22:06:08,Completed,2025-12-14 20:58:08
R0007489,2025-12-14 11:58:02,Housekeeping,Standard,35,2025-12-14 13:24:02,Completed,2025-12-14 12:47:02
R0007490,2025-12-14 21:05:02,F&B,Standard,25,2025-12-14 22:22:02,Completed,2025-12-14 21:40:02
R0007491,2025-12-14 11:21:49,Housekeeping,Standard,35,2025-12-14 12:59:49,Completed,2025-12-14 12:23:49
R0007492,2025-12-14 18:50:02,FrontDesk,Urgent,6,2025-12-14 19:41:02,Completed,2025-12-14 19:19:02
R0007493,2025-12-14 13:33:51,Housekeeping,Standard,35,2025-12-14 15:18:51,Completed,2025-12-14 14:26:51
R0007494,2025-12-14 08:31:24,F&B,Standard,25,2025-12-14 11:13:24,Completed,2025-12-14 08:55:24
R0007495,2025-12-14 16:35:50,F&B,Standard,25,2025-12-14 19:34:50,Completed,2025-12-14 17:05:50
R0007496,2025-12-14 17:55:22,Housekeeping,Standard,35,2025-12-14 19:41:22,Open,
R0007497,2025-12-14 21:14:07,F&B,Standard,25,2025-12-14 23:25:07,Completed,2025-12-14 21:53:07
R0007498,2025-12-14 20:55:55,FrontDesk,Standard,12,2025-12-14 23:55:55,Completed,2025-12-14 21:14:55
R0007499,2025-12-14 08:43:37,F&B,Standard,25,2025-12-14 10:52:37,In_Progress,
R0007500,2025-12-14 13:55:34,FrontDesk,Urgent,6,2025-12-14 14:26:34,Open,
R0007501,2025-12-14 18:24:47,F&B,Urgent,12,2025-12-14 19:24:47,Completed,2025-12-14 18:57:47
R0007502,2025-12-14 16:19:03,F&B,Standard,25,2025-12-14 19:14:03,In_Progress,
R0007503,2025-12-14 21:51:41,F&B,Standard,25,2025-12-15 00:06:41,Completed,2025-12-14 22:13:41
R0007504,2025-12-14 18:43:51,Maintenance,Standard,55,2025-12-14 20:03:51,Completed,2025-12-14 19:54:51
R0007505,2025-12-14 17:13:29,FrontDesk,Standard,12,2025-12-14 18:22:29,Completed,2025-12-14 17:33:29
R0007506,2025-12-14 19:51:04,F&B,Standard,25,2025-12-14 22:41:04,Completed,2025-12-14 20:13:04
R0007507,2025-12-14 18:54:33,Housekeeping,Standard,35,2025-12-14 21:22:33,Completed,2025-12-14 19:44:33
R0007508,2025-12-14 21:33:44,FrontDesk,Standard,12,2025-12-15 00:07:44,Completed,2025-12-14 21:54:44
R0007509,2025-12-14 07:57:21,Housekeeping,Standard,35,2025-12-14 10:10:21,Completed,2025-12-14 08:35:21
R0007510,2025-12-14 18:55:30,FrontDesk,Standard,12,2025-12-14 19:56:30,Completed,2025-12-14 19:27:30
R0007511,2025-12-14 21:46:56,F&B,Standard,25,2025-12-15 00:04:56,Completed,2025-12-14 22:19:56
R0007512,2025-12-14 19:49:58,Housekeeping,Standard,35,2025-12-14 22:21:58,Completed,2025-12-14 20:45:58
R0007513,2025-12-14 21:39:28,Housekeeping,Standard,35,2025-12-14 23:47:28,Completed,2025-12-14 22:28:28
R0007514,2025-12-14 07:41:58,F&B,Standard,25,2025-12-14 09:57:58,Completed,2025-12-14 08:32:58
R0007515,2025-12-14 12:23:53,Housekeeping,Standard,35,2025-12-14 14:04:53,Completed,2025-12-14 12:59:53
R0007516,2025-12-14 18:53:21,Housekeeping,Standard,35,2025-12-14 20:24:21,Completed,2025-12-14 19:41:21
R0007517,2025-12-14 13:33:07,FrontDesk,Urgent,6,2025-12-14 14:14:07,Completed,2025-12-14 13:49:07
R0007518,2025-12-14 07:29:51,FrontDesk,Standard,12,2025-12-14 09:51:51,Completed,2025-12-14 08:06:51
R0007519,2025-12-14 21:00:05,F&B,Standard,25,2025-12-14 22:33:05,Completed,2025-12-14 21:31:05
R0007520,2025-12-14 18:25:12,F&B,Standard,25,2025-12-14 20:29:12,Open,
R0007521,2025-12-14 18:21:02,F&B,Standard,25,2025-12-14 21:10:02,Completed,2025-12-14 19:09:02
R0007522,2025-12-14 07:04:51,FrontDesk,Standard,12,2025-12-14 08:55:51,Completed,2025-12-14 07:21:51
R0007523,2025-12-14 12:20:05,F&B,Standard,25,2025-12-14 14:19:05,Completed,2025-12-14 12:37:05
R0007524,2025-12-14 19:25:48,F&B,Standard,25,2025-12-14 21:00:48,Completed,2025-12-14 20:22:48
R0007525,2025-12-14 08:34:13,F&B,Standard,25,2025-12-14 10:11:13,Completed,2025-12-14 09:19:13
R0007526,2025-12-14 12:56:02,Housekeeping,Standard,35,2025-12-14 15:01:02,Completed,2025-12-14 13:35:02
R0007527,2025-12-14 11:45:35,F&B,Standard,25,2025-12-14 14:43:35,Completed,2025-12-14 12:34:35
R0007528,2025-12-14 21:07:32,Housekeeping,Standard,35,2025-12-14 23:32:32,Completed,2025-12-14 22:03:32
R0007529,2025-12-14 11:38:06,Housekeeping,Standard,35,2025-12-14 14:27:06,Completed,2025-12-14 12:20:06
R0007530,2025-12-14 12:02:55,F&B,Standard,25,2025-12-14 14:58:55,Completed,2025-12-14 12:52:55
R0007531,2025-12-14 21:42:28,Housekeeping,Standard,35,2025-12-14 23:20:28,Completed,2025-12-14 22:22:28
R0007532,2025-12-14 14:00:06,F&B,Urgent,12,2025-12-14 14:56:06,Completed,2025-12-14 14:41:06
R0007533,2025-12-14 08:17:19,Housekeeping,Standard,35,2025-12-14 11:02:19,Completed,2025-12-14 08:53:19
R0007534,2025-12-14 17:12:53,F&B,Standard,25,2025-12-14 19:45:53,Completed,2025-12-14 18:12:53
R0007535,2025-12-14 12:01:58,Housekeeping,Standard,35,2025-12-14 13:04:58,In_Progress,
R0007536,2025-12-14 07:06:17,Housekeeping,Standard,35,2025-12-14 09:04:17,Completed,2025-12-14 07:45:17
R0007537,2025-12-14 07:22:24,FrontDesk,Standard,12,2025-12-14 10:20:24,In_Progress,
R0007538,2025-12-14 18:37:24,FrontDesk,Standard,12,2025-12-14 20:34:24,Completed,2025-12-14 18:56:24
R0007539,2025-12-14 12:15:31,Maintenance,Standard,55,2025-12-14 14:33:31,Completed,2025-12-14 13:15:31
R0007540,2025-12-14 07:46:24,FrontDesk,Urgent,6,2025-12-14 08:19:24,Completed,2025-12-14 08:07:24
R0007541,2025-12-14 12:31:41,FrontDesk,Standard,12,2025-12-14 14:08:41,In_Progress,
R0007542,2025-12-14 10:30:23,F&B,Standard,25,2025-12-14 13:15:23,Completed,2025-12-14 10:53:23
R0007543,2025-12-14 16:15:24,FrontDesk,Standard,12,2025-12-14 18:02:24,Completed,2025-12-14 16:42:24
R0007544,2025-12-14 14:33:30,F&B,Standard,25,2025-12-14 15:38:30,Completed,2025-12-14 15:03:30
R0007545,2025-12-14 18:41:03,FrontDesk,Standard,12,2025-12-14 20:38:03,Completed,2025-12-14 19:05:03
R0007546,2025-12-14 22:36:50,Maintenance,Standard,55,2025-12-14 23:41:50,Completed,2025-12-14 23:30:50
R0007547,2025-12-14 11:35:55,Housekeeping,Standard,35,2025-12-14 13:06:55,Completed,2025-12-14 12:16:55
R0007548,2025-12-14 22:45:51,F&B,Standard,25,2025-12-15 01:42:51,Completed,2025-12-14 23:32:51
R0007549,2025-12-14 07:15:10,Housekeeping,Standard,35,2025-12-14 09:20:10,Completed,2025-12-14 08:12:10
R0007550,2025-12-14 11:51:46,Maintenance,Standard,55,2025-12-14 14:22:46,Completed,2025-12-14 13:11:46
R0007551,2025-12-14 19:18:39,FrontDesk,Urgent,6,2025-12-14 20:16:39,In_Progress,
R0007552,2025-12-14 09:49:12,Housekeeping,Standard,35,2025-12-14 10:53:12,Completed,2025-12-14 10:26:12
R0007553,2025-12-14 21:39:54,FrontDesk,Standard,12,2025-12-14 22:52:54,Completed,2025-12-14 21:55:54
R0007554,2025-12-14 18:37:07,F&B,Standard,25,2025-12-14 20:48:07,Completed,2025-12-14 19:28:07
R0007555,2025-12-14 08:43:02,Housekeeping,Standard,35,2025-12-14 10:40:02,Completed,2025-12-14 09:35:02
R0007556,2025-12-14 19:27:53,F&B,Standard,25,2025-12-14 20:45:53,Completed,2025-12-14 19:48:53
R0007557,2025-12-14 16:23:19,Housekeeping,Standard,35,2025-12-14 17:27:19,Completed,2025-12-14 17:25:19
R0007558,2025-12-14 19:57:29,Maintenance,Standard,55,2025-12-14 21:23:29,Completed,2025-12-14 21:22:29
R0007559,2025-12-14 21:59:02,F&B,Standard,25,2025-12-15 00:18:02,Completed,2025-12-14 22:48:02
R0007560,2025-12-14 12:26:40,F&B,Standard,25,2025-12-14 14:16:40,Completed,2025-12-14 13:12:40
R0007561,2025-12-14 21:10:51,Housekeeping,Standard,35,2025-12-14 23:02:51,Completed,2025-12-14 22:20:51
R0007562,2025-12-14 19:06:39,Housekeeping,Standard,35,2025-12-14 21:09:39,Completed,2025-12-14 19:52:39
R0007563,2025-12-14 17:59:02,FrontDesk,Standard,12,2025-12-14 19:59:02,Completed,2025-12-14 18:21:02
R0007564,2025-12-14 20:05:46,FrontDesk,Standard,12,2025-12-14 21:19:46,Completed,2025-12-14 20:32:46
R0007565,2025-12-14 14:34:21,F&B,Standard,25,2025-12-14 16:58:21,Completed,2025-12-14 15:10:21
R0007566,2025-12-14 09:16:36,Housekeeping,Standard,35,2025-12-14 11:14:36,Completed,2025-12-14 10:15:36
R0007567,2025-12-14 21:41:15,F&B,Urgent,12,2025-12-14 22:14:15,Open,
R0007568,2025-12-14 20:59:31,F&B,Standard,25,2025-12-14 23:18:31,Completed,2025-12-14 21:38:31
R0007569,2025-12-14 21:39:10,FrontDesk,Standard,12,2025-12-14 23:47:10,Completed,2025-12-14 21:59:10
R0007570,2025-12-14 12:08:04,Maintenance,Standard,55,2025-12-14 14:34:04,Completed,2025-12-14 13:02:04
R0007571,2025-12-14 21:10:54,F&B,Standard,25,2025-12-14 22:15:54,Completed,2025-12-14 21:42:54
R0007572,2025-12-14 14:42:18,FrontDesk,Standard,12,2025-12-14 15:57:18,Completed,2025-12-14 15:05:18
R0007573,2025-12-14 20:01:27,Housekeeping,Urgent,18,2025-12-14 20:50:27,Completed,2025-12-14 20:26:27
R0007574,2025-12-14 18:22:36,Housekeeping,Standard,35,2025-12-14 20:21:36,Completed,2025-12-14 19:13:36
R0007575,2025-12-14 08:02:13,FrontDesk,Urgent,6,2025-12-14 08:51:13,Completed,2025-12-14 08:19:13
R0007576,2025-12-14 08:56:10,Housekeeping,Standard,35,2025-12-14 10:22:10,Completed,2025-12-14 09:43:10
R0007577,2025-12-14 09:57:40,Housekeeping,Standard,35,2025-12-14 11:56:40,Completed,2025-12-14 11:15:40
R0007578,2025-12-14 21:02:08,FrontDesk,Standard,12,2025-12-14 22:25:08,Completed,2025-12-14 21:28:08
R0007579,2025-12-14 12:28:05,F&B,Urgent,12,2025-12-14 13:11:05,Completed,2025-12-14 12:57:05
R0007580,2025-12-14 17:19:53,F&B,Standard,25,2025-12-14 19:22:53,Completed,2025-12-14 18:10:53
R0007581,2025-12-14 18:53:07,Housekeeping,Standard,35,2025-12-14 20:47:07,Completed,2025-12-14 20:02:07
R0007582,2025-12-14 20:28:38,Housekeeping,Standard,35,2025-12-14 23:05:38,Completed,2025-12-14 20:55:38
R0007583,2025-12-14 21:31:23,F&B,Standard,25,2025-12-14 23:40:23,Completed,2025-12-14 21:54:23
R0007584,2025-12-14 20:58:03,FrontDesk,Standard,12,2025-12-14 23:02:03,Completed,2025-12-14 21:15:03
R0007585,2025-12-14 08:25:50,F&B,Urgent,12,2025-12-14 08:58:50,Completed,2025-12-14 08:47:50
R0007586,2025-12-14 17:00:11,Housekeeping,Urgent,18,2025-12-14 17:27:11,Completed,2025-12-14 17:21:11
R0007587,2025-12-14 17:50:44,F&B,Standard,25,2025-12-14 20:20:44,Open,
R0007588,2025-12-14 15:19:57,FrontDesk,Standard,12,2025-12-14 17:45:57,Completed,2025-12-14 15:43:57
R0007589,2025-12-14 13:54:51,F&B,Standard,25,2025-12-14 15:11:51,Completed,2025-12-14 14:21:51
R0007590,2025-12-14 18:11:10,FrontDesk,Standard,12,2025-12-14 20:15:10,Completed,2025-12-14 18:22:10
R0007591,2025-12-14 15:57:03,Housekeeping,Standard,35,2025-12-14 18:16:03,Completed,2025-12-14 16:38:03
R0007592,2025-12-14 12:07:27,Housekeeping,Standard,35,2025-12-14 13:36:27,Completed,2025-12-14 13:10:27
R0007593,2025-12-14 12:44:04,Maintenance,Standard,55,2025-12-14 15:37:04,Completed,2025-12-14 13:59:04
R0007594,2025-12-14 15:14:38,F&B,Standard,25,2025-12-14 16:30:38,Completed,2025-12-14 16:07:38
R0007595,2025-12-14 15:12:21,Housekeeping,Standard,35,2025-12-14 17:22:21,In_Progress,
R0007596,2025-12-14 08:45:43,Housekeeping,Urgent,18,2025-12-14 09:17:43,Completed,2025-12-14 09:27:43
R0007597,2025-12-14 21:58:54,F&B,Standard,25,2025-12-15 00:00:54,Completed,2025-12-14 22:43:54
R0007598,2025-12-14 07:52:25,F&B,Standard,25,2025-12-14 10:43:25,Completed,2025-12-14 08:36:25
R0007599,2025-12-14 19:49:42,F&B,Standard,25,2025-12-14 21:36:42,Completed,2025-12-14 20:38:42
R0007600,2025-12-14 21:23:02,Maintenance,Standard,55,2025-12-14 22:46:02,Open,
R0007601,2025-12-14 10:45:31,FrontDesk,Standard,12,2025-12-14 13:14:31,Completed,2025-12-14 11:21:31
R0007602,2025-12-14 14:46:43,FrontDesk,Standard,12,2025-12-14 17:22:43,Open,
R0007603,2025-12-14 13:47:36,F&B,Standard,25,2025-12-14 14:57:36,Completed,2025-12-14 14:10:36
R0007604,2025-12-14 20:21:16,Housekeeping,Standard,35,2025-12-14 21:21:16,Completed,2025-12-14 20:57:16
R0007605,2025-12-14 17:22:02,Housekeeping,Standard,35,2025-12-14 19:33:02,Completed,2025-12-14 17:52:02
R0007606,2025-12-14 18:08:36,F&B,Standard,25,2025-12-14 20:46:36,Completed,2025-12-14 18:47:36
R0007607,2025-12-14 12:04:40,Maintenance,Standard,55,2025-12-14 14:01:40,Completed,2025-12-14 13:14:40
R0007608,2025-12-14 21:55:50,Housekeeping,Standard,35,2025-12-14 23:40:50,Completed,2025-12-14 22:29:50
R0007609,2025-12-14 10:51:34,Housekeeping,Standard,35,2025-12-14 13:30:34,Completed,2025-12-14 11:19:34
R0007610,2025-12-14 12:34:37,FrontDesk,Standard,12,2025-12-14 13:35:37,Completed,2025-12-14 13:13:37
R0007611,2025-12-14 21:28:11,Housekeeping,Standard,35,2025-12-14 23:58:11,Completed,2025-12-14 22:08:11
R0007612,2025-12-14 11:01:27,Housekeeping,Standard,35,2025-12-14 13:04:27,Open,
R0007613,2025-12-14 18:47:01,F&B,Standard,25,2025-12-14 20:22:01,Completed,2025-12-14 19:23:01
R0007614,2025-12-14 19:29:39,Maintenance,Standard,55,2025-12-14 22:19:39,Completed,2025-12-14 20:25:39
R0007615,2025-12-14 13:14:46,Housekeeping,Standard,35,2025-12-14 15:10:46,Completed,2025-12-14 13:57:46
R0007616,2025-12-14 21:04:39,FrontDesk,Standard,12,2025-12-14 22:51:39,Open,
R0007617,2025-12-14 17:13:06,F&B,Standard,25,2025-12-14 18:57:06,Completed,2025-12-14 18:01:06
R0007618,2025-12-14 13:16:52,FrontDesk,Standard,12,2025-12-14 14:55:52,Completed,2025-12-14 14:00:52
R0007619,2025-12-14 08:56:59,Housekeeping,Standard,35,2025-12-14 10:57:59,Completed,2025-12-14 09:45:59
R0007620,2025-12-14 14:03:44,FrontDesk,Standard,12,2025-12-14 16:37:44,Completed,2025-12-14 14:41:44
R0007621,2025-12-14 21:17:18,Housekeeping,Standard,35,2025-12-14 23:49:18,Completed,2025-12-14 22:20:18
R0007622,2025-12-14 11:42:13,F&B,Standard,25,2025-12-14 13:05:13,Completed,2025-12-14 12:21:13
R0007623,2025-12-14 14:10:28,FrontDesk,Standard,12,2025-12-14 16:47:28,Completed,2025-12-14 14:37:28
R0007624,2025-12-14 15:30:54,F&B,Standard,25,2025-12-14 18:13:54,Completed,2025-12-14 16:17:54
R0007625,2025-12-14 12:03:32,F&B,Standard,25,2025-12-14 13:06:32,Completed,2025-12-14 12:42:32
R0007626,2025-12-14 11:57:13,F&B,Standard,25,2025-12-14 14:05:13,Open,
R0007627,2025-12-14 08:58:41,FrontDesk,Standard,12,2025-12-14 11:02:41,Completed,2025-12-14 09:07:41
R0007628,2025-12-14 19:54:10,F&B,Urgent,12,2025-12-14 20:48:10,Completed,2025-12-14 20:32:10
R0007629,2025-12-14 19:18:33,F&B,Urgent,12,2025-12-14 20:09:33,Completed,2025-12-14 19:55:33
R0007630,2025-12-14 08:01:03,FrontDesk,Urgent,6,2025-12-14 08:26:03,Completed,2025-12-14 08:36:03
R0007631,2025-12-14 08:21:14,FrontDesk,Urgent,6,2025-12-14 09:13:14,Completed,2025-12-14 08:27:14
R0007632,2025-12-14 07:48:27,F&B,Standard,25,2025-12-14 09:48:27,Completed,2025-12-14 08:21:27
R0007633,2025-12-14 13:45:49,Housekeeping,Standard,35,2025-12-14 15:57:49,Completed,2025-12-14 14:07:49
R0007634,2025-12-14 15:47:18,Housekeeping,Standard,35,2025-12-14 17:46:18,Completed,2025-12-14 16:19:18
R0007635,2025-12-14 13:49:34,F&B,Standard,25,2025-12-14 15:48:34,Completed,2025-12-14 14:34:34
R0007636,2025-12-14 21:20:35,F&B,Standard,25,2025-12-14 22:24:35,Completed,2025-12-14 21:56:35
R0007637,2025-12-14 18:56:23,Housekeeping,Standard,35,2025-12-14 21:14:23,Completed,2025-12-14 19:49:23
R0007638,2025-12-14 22:05:17,F&B,Urgent,12,2025-12-14 22:40:17,Completed,2025-12-14 22:23:17
R0007639,2025-12-14 09:07:27,F&B,Standard,25,2025-12-14 10:54:27,Completed,2025-12-14 09:37:27
R0007640,2025-12-14 11:33:05,F&B,Standard,25,2025-12-14 13:36:05,Completed,2025-12-14 12:03:05
R0007641,2025-12-14 12:24:30,FrontDesk,Standard,12,2025-12-14 15:24:30,Completed,2025-12-14 12:50:30
R0007642,2025-12-14 08:00:22,FrontDesk,Standard,12,2025-12-14 09:42:22,Completed,2025-12-14 08:16:22
R0007643,2025-12-14 13:17:40,FrontDesk,Urgent,6,2025-12-14 13:32:40,Completed,2025-12-14 13:35:40
R0007644,2025-12-14 21:52:40,F&B,Standard,25,2025-12-14 23:24:40,Completed,2025-12-14 22:24:40
R0007645,2025-12-14 09:07:56,F&B,Standard,25,2025-12-14 10:40:56,Completed,2025-12-14 09:54:56
R0007646,2025-12-14 19:10:44,FrontDesk,Urgent,6,2025-12-14 19:25:44,Completed,2025-12-14 19:36:44
R0007647,2025-12-14 18:25:23,F&B,Standard,25,2025-12-14 20:01:23,Completed,2025-12-14 19:19:23
R0007648,2025-12-14 18:07:23,Housekeeping,Standard,35,2025-12-14 20:38:23,Completed,2025-12-14 19:08:23
R0007649,2025-12-14 10:08:25,Maintenance,Standard,55,2025-12-14 11:08:25,Completed,2025-12-14 11:24:25
R0007650,2025-12-14 18:09:25,FrontDesk,Standard,12,2025-12-14 19:25:25,Completed,2025-12-14 18:34:25
R0007651,2025-12-14 11:11:31,F&B,Urgent,12,2025-12-14 11:46:31,In_Progress,
R0007652,2025-12-14 17:42:10,FrontDesk,Urgent,6,2025-12-14 18:42:10,In_Progress,
R0007653,2025-12-14 13:05:30,Housekeeping,Urgent,18,2025-12-14 13:25:30,Completed,2025-12-14 13:35:30
R0007654,2025-12-14 14:20:06,F&B,Standard,25,2025-12-14 16:08:06,In_Progress,
R0007655,2025-12-14 11:22:24,F&B,Standard,25,2025-12-14 13:37:24,Completed,2025-12-14 11:57:24
R0007656,2025-12-14 16:06:07,Housekeeping,Standard,35,2025-12-14 17:12:07,Completed,2025-12-14 16:22:07
R0007657,2025-12-14 17:08:49,FrontDesk,Standard,12,2025-12-14 19:21:49,Completed,2025-12-14 17:47:49
R0007658,2025-12-14 14:56:07,FrontDesk,Standard,12,2025-12-14 16:13:07,Completed,2025-12-14 15:23:07
R0007659,2025-12-14 08:23:58,F&B,Standard,25,2025-12-14 10:55:58,Completed,2025-12-14 09:02:58
R0007660,2025-12-14 10:14:13,F&B,Standard,25,2025-12-14 12:51:13,Completed,2025-12-14 10:41:13
R0007661,2025-12-14 14:57:35,Maintenance,Standard,55,2025-12-14 17:29:35,Completed,2025-12-14 15:50:35
R0007662,2025-12-14 11:30:58,FrontDesk,Urgent,6,2025-12-14 11:55:58,Completed,2025-12-14 11:38:58
R0007663,2025-12-14 19:12:59,Housekeeping,Standard,35,2025-12-14 21:53:59,Completed,2025-12-14 19:54:59
R0007664,2025-12-14 10:07:13,FrontDesk,Standard,12,2025-12-14 11:54:13,Completed,2025-12-14 10:32:13
R0007665,2025-12-14 22:33:36,FrontDesk,Standard,12,2025-12-15 00:49:36,Completed,2025-12-14 23:00:36
R0007666,2025-12-14 09:28:10,Housekeeping,Standard,35,2025-12-14 11:35:10,Completed,2025-12-14 10:18:10
R0007667,2025-12-14 17:51:10,FrontDesk,Standard,12,2025-12-14 19:08:10,Completed,2025-12-14 18:28:10
R0007668,2025-12-14 08:37:59,F&B,Standard,25,2025-12-14 10:33:59,Completed,2025-12-14 09:06:59
R0007669,2025-12-14 21:45:11,F&B,Standard,25,2025-12-14 23:43:11,Completed,2025-12-14 22:05:11
R0007670,2025-12-14 12:06:28,Housekeeping,Urgent,18,2025-12-14 12:48:28,Completed,2025-12-14 12:26:28
R0007671,2025-12-14 19:23:52,F&B,Standard,25,2025-12-14 21:19:52,Completed,2025-12-14 20:15:52
R0007672,2025-12-14 07:18:39,F&B,Standard,25,2025-12-14 08:56:39,Completed,2025-12-14 07:43:39
R0007673,2025-12-14 18:10:37,F&B,Standard,25,2025-12-14 20:09:37,Completed,2025-12-14 18:36:37
R0007674,2025-12-14 12:17:24,Housekeeping,Standard,35,2025-12-14 14:27:24,Completed,2025-12-14 13:05:24
R0007675,2025-12-14 12:21:54,F&B,Standard,25,2025-12-14 14:06:54,Completed,2025-12-14 13:00:54
R0007676,2025-12-14 12:44:21,Housekeeping,Standard,35,2025-12-14 14:08:21,Completed,2025-12-14 13:20:21
R0007677,2025-12-14 12:50:29,Housekeeping,Standard,35,2025-12-14 14:30:29,Completed,2025-12-14 13:38:29
R0007678,2025-12-14 10:29:29,FrontDesk,Standard,12,2025-12-14 12:20:29,Completed,2025-12-14 10:41:29
R0007679,2025-12-14 07:04:32,FrontDesk,Standard,12,2025-12-14 08:48:32,Open,
R0007680,2025-12-14 21:04:39,Housekeeping,Urgent,18,2025-12-14 21:24:39,Completed,2025-12-14 21:58:39
R0007681,2025-12-14 14:15:06,F&B,Standard,25,2025-12-14 15:46:06,Completed,2025-12-14 15:07:06
R0007682,2025-12-14 21:04:44,Housekeeping,Standard,35,2025-12-14 23:35:44,Completed,2025-12-14 21:35:44
R0007683,2025-12-14 22:11:47,Housekeeping,Standard,35,2025-12-15 00:29:47,Open,
R0007684,2025-12-14 15:57:21,Housekeeping,Standard,35,2025-12-14 18:57:21,Completed,2025-12-14 17:01:21
R0007685,2025-12-14 08:29:47,F&B,Standard,25,2025-12-14 09:49:47,Completed,2025-12-14 09:25:47
R0007686,2025-12-14 12:17:00,FrontDesk,Standard,12,2025-12-14 14:37:00,Completed,2025-12-14 12:36:00
R0007687,2025-12-14 19:34:12,Housekeeping,Standard,35,2025-12-14 21:39:12,Completed,2025-12-14 20:12:12
R0007688,2025-12-14 08:26:53,Housekeeping,Standard,35,2025-12-14 10:48:53,Open,
R0007689,2025-12-14 12:50:46,Housekeeping,Standard,35,2025-12-14 14:34:46,Completed,2025-12-14 13:42:46
R0007690,2025-12-14 16:06:39,F&B,Standard,25,2025-12-14 17:46:39,Completed,2025-12-14 16:45:39
R0007691,2025-12-14 12:00:22,Housekeeping,Standard,35,2025-12-14 14:13:22,Completed,2025-12-14 12:54:22
R0007692,2025-12-14 12:44:30,FrontDesk,Standard,12,2025-12-14 14:50:30,Completed,2025-12-14 13:11:30
R0007693,2025-12-14 12:45:50,Maintenance,Standard,55,2025-12-14 15:29:50,Completed,2025-12-14 13:46:50
R0007694,2025-12-14 16:10:16,Housekeeping,Standard,35,2025-12-14 19:09:16,Completed,2025-12-14 17:11:16
R0007695,2025-12-14 13:14:09,Maintenance,Standard,55,2025-12-14 15:24:09,Completed,2025-12-14 14:02:09
R0007696,2025-12-14 11:58:26,Housekeeping,Standard,35,2025-12-14 13:25:26,Completed,2025-12-14 13:10:26
R0007697,2025-12-14 15:24:14,FrontDesk,Standard,12,2025-12-14 16:47:14,Completed,2025-12-14 15:53:14
R0007698,2025-12-14 14:30:32,F&B,Standard,25,2025-12-14 15:48:32,Completed,2025-12-14 15:12:32
R0007699,2025-12-14 13:30:21,Housekeeping,Standard,35,2025-12-14 14:55:21,Completed,2025-12-14 14:08:21
R0007700,2025-12-14 16:24:57,Housekeeping,Standard,35,2025-12-14 18:02:57,Completed,2025-12-14 17:25:57
R0007701,2025-12-14 19:48:29,F&B,Standard,25,2025-12-14 22:29:29,Completed,2025-12-14 20:18:29
R0007702,2025-12-14 11:13:13,Housekeeping,Standard,35,2025-12-14 13:27:13,Completed,2025-12-14 12:09:13
R0007703,2025-12-14 21:13:45,Maintenance,Standard,55,2025-12-15 00:04:45,Completed,2025-12-14 22:50:45
R0007704,2025-12-14 14:26:38,FrontDesk,Urgent,6,2025-12-14 14:43:38,Completed,2025-12-14 14:57:38
R0007705,2025-12-14 16:17:11,FrontDesk,Urgent,6,2025-12-14 16:44:11,Completed,2025-12-14 16:24:11
R0007706,2025-12-14 18:57:25,F&B,Standard,25,2025-12-14 20:57:25,Completed,2025-12-14 19:47:25
R0007707,2025-12-14 17:14:50,F&B,Standard,25,2025-12-14 19:47:50,Completed,2025-12-14 17:56:50
R0007708,2025-12-14 12:44:51,Housekeeping,Urgent,18,2025-12-14 13:30:51,Completed,2025-12-14 13:07:51
R0007709,2025-12-14 12:31:57,F&B,Standard,25,2025-12-14 15:04:57,Completed,2025-12-14 13:06:57
R0007710,2025-12-14 20:45:52,Housekeeping,Standard,35,2025-12-14 23:17:52,Completed,2025-12-14 21:20:52
R0007711,2025-12-14 08:58:21,FrontDesk,Standard,12,2025-12-14 10:14:21,Completed,2025-12-14 09:13:21
R0007712,2025-12-14 18:40:12,Maintenance,Standard,55,2025-12-14 21:33:12,Completed,2025-12-14 19:34:12
R0007713,2025-12-14 19:28:12,Maintenance,Standard,55,2025-12-14 21:17:12,Completed,2025-12-14 21:30:12
R0007714,2025-12-14 11:26:36,F&B,Standard,25,2025-12-14 12:59:36,Completed,2025-12-14 12:04:36
R0007715,2025-12-14 13:33:45,FrontDesk,Standard,12,2025-12-14 15:36:45,Completed,2025-12-14 13:50:45
R0007716,2025-12-14 17:57:56,FrontDesk,Standard,12,2025-12-14 20:20:56,Completed,2025-12-14 18:29:56
R0007717,2025-12-14 11:20:07,F&B,Urgent,12,2025-12-14 11:49:07,Completed,2025-12-14 11:42:07
R0007718,2025-12-14 18:35:24,FrontDesk,Standard,12,2025-12-14 21:03:24,Completed,2025-12-14 18:47:24
R0007719,2025-12-14 18:44:14,F&B,Standard,25,2025-12-14 21:24:14,Completed,2025-12-14 19:13:14
R0007720,2025-12-14 07:40:44,F&B,Standard,25,2025-12-14 10:26:44,Completed,2025-12-14 08:26:44
R0007721,2025-12-14 21:14:48,F&B,Standard,25,2025-12-14 22:35:48,Completed,2025-12-14 22:11:48
R0007722,2025-12-14 21:57:08,F&B,Standard,25,2025-12-15 00:39:08,Completed,2025-12-14 22:26:08
R0007723,2025-12-14 17:03:08,Housekeeping,Standard,35,2025-12-14 19:06:08,Completed,2025-12-14 17:31:08
R0007724,2025-12-14 11:35:26,Housekeeping,Standard,35,2025-12-14 12:42:26,Completed,2025-12-14 12:33:26
R0007725,2025-12-14 10:07:51,F&B,Standard,25,2025-12-14 12:08:51,Completed,2025-12-14 10:38:51
R0007726,2025-12-14 11:41:50,Housekeeping,Standard,35,2025-12-14 13:05:50,Completed,2025-12-14 12:21:50
R0007727,2025-12-14 11:01:56,F&B,Standard,25,2025-12-14 12:37:56,Completed,2025-12-14 11:41:56
R0007728,2025-12-14 21:30:06,FrontDesk,Standard,12,2025-12-14 23:29:06,Completed,2025-12-14 21:49:06
R0007729,2025-12-14 20:58:37,F&B,Standard,25,2025-12-14 23:17:37,Completed,2025-12-14 21:47:37
R0007730,2025-12-14 10:42:10,F&B,Standard,25,2025-12-14 13:00:10,Completed,2025-12-14 11:42:10
R0007731,2025-12-14 19:53:31,F&B,Standard,25,2025-12-14 22:47:31,Completed,2025-12-14 20:42:31
R0007732,2025-12-14 07:28:49,F&B,Standard,25,2025-12-14 10:22:49,Completed,2025-12-14 08:10:49
R0007733,2025-12-14 11:55:38,Housekeeping,Standard,35,2025-12-14 13:12:38,Completed,2025-12-14 12:51:38
R0007734,2025-12-14 15:45:34,F&B,Urgent,12,2025-12-14 16:15:34,Completed,2025-12-14 16:14:34
R0007735,2025-12-14 13:30:06,FrontDesk,Standard,12,2025-12-14 16:17:06,Completed,2025-12-14 13:56:06
R0007736,2025-12-14 20:25:45,FrontDesk,Standard,12,2025-12-14 23:05:45,Completed,2025-12-14 20:43:45
R0007737,2025-12-14 21:04:47,Housekeeping,Standard,35,2025-12-14 22:32:47,Completed,2025-12-14 21:57:47
R0007738,2025-12-14 19:45:59,Housekeeping,Standard,35,2025-12-14 21:00:59,Open,
R0007739,2025-12-14 22:48:27,Housekeeping,Standard,35,2025-12-15 01:20:27,Open,
R0007740,2025-12-14 17:21:50,Housekeeping,Standard,35,2025-12-14 19:52:50,Completed,2025-12-14 17:52:50
R0007741,2025-12-14 09:25:27,FrontDesk,Standard,12,2025-12-14 11:44:27,Completed,2025-12-14 09:54:27
R0007742,2025-12-14 17:06:54,Maintenance,Urgent,30,2025-12-14 17:53:54,Completed,2025-12-14 17:46:54
R0007743,2025-12-14 11:13:32,F&B,Standard,25,2025-12-14 13:06:32,Open,
R0007744,2025-12-14 19:02:02,F&B,Standard,25,2025-12-14 20:05:02,Completed,2025-12-14 19:51:02
R0007745,2025-12-14 16:34:59,FrontDesk,Standard,12,2025-12-14 18:24:59,Completed,2025-12-14 17:12:59
R0007746,2025-12-14 20:53:29,FrontDesk,Standard,12,2025-12-14 22:36:29,Completed,2025-12-14 21:16:29
R0007747,2025-12-14 14:03:02,Housekeeping,Standard,35,2025-12-14 15:58:02,Completed,2025-12-14 14:39:02
R0007748,2025-12-14 10:50:19,Housekeeping,Standard,35,2025-12-14 13:33:19,Completed,2025-12-14 12:02:19
R0007749,2025-12-14 08:03:32,Housekeeping,Standard,35,2025-12-14 10:16:32,Completed,2025-12-14 08:45:32
R0007750,2025-12-14 07:02:20,FrontDesk,Standard,12,2025-12-14 08:18:20,Completed,2025-12-14 07:15:20
R0007751,2025-12-14 09:01:15,FrontDesk,Standard,12,2025-12-14 11:25:15,Completed,2025-12-14 09:36:15
R0007752,2025-12-14 13:40:25,F&B,Standard,25,2025-12-14 15:46:25,Completed,2025-12-14 14:35:25
R0007753,2025-12-14 18:39:49,F&B,Standard,25,2025-12-14 19:57:49,Completed,2025-12-14 19:16:49
R0007754,2025-12-14 13:55:31,F&B,Standard,25,2025-12-14 15:10:31,Completed,2025-12-14 14:46:31
R0007755,2025-12-14 18:46:20,FrontDesk,Standard,12,2025-12-14 21:28:20,Completed,2025-12-14 19:12:20
R0007756,2025-12-14 18:29:00,FrontDesk,Standard,12,2025-12-14 20:58:00,Completed,2025-12-14 18:54:00
R0007757,2025-12-14 13:25:57,F&B,Standard,25,2025-12-14 15:55:57,Completed,2025-12-14 14:09:57
R0007758,2025-12-14 10:19:18,F&B,Standard,25,2025-12-14 13:16:18,Completed,2025-12-14 11:04:18
R0002776,2025-11-25 20:09:44,Housekeeping,Standard,35,2025-11-25 22:49:44,Completed,2025-11-25 20:41:44
R0007668,2025-12-14 08:37:59,F&B,Standard,25,2025-12-14 10:33:59,Completed,2025-12-14 09:06:59
R0000277,2025-11-15 18:03:30,FrontDesk,Standard,12,2025-11-15 19:44:30,Completed,2025-11-15 18:18:30
R0004689,2025-12-03 20:20:16,Housekeeping,Standard,35,2025-12-03 22:13:16,Completed,2025-12-03 21:04:16
R0006592,2025-12-11 08:33:34,Housekeeping,Standard,35,2025-12-11 11:24:34,Completed,2025-12-11 09:07:34
R0000935,2025-11-18 17:36:11,F&B,Standard,25,2025-11-18 20:31:11,Completed,2025-11-18 17:56:11
R0005881,2025-12-07 19:13:42,Maintenance,Standard,55,2025-12-07 20:30:42,Completed,2025-12-07 20:27:42
R0000552,2025-11-16 18:33:37,Maintenance,Standard,55,2025-11-16 20:42:37,Completed,2025-11-16 19:44:37
R0004734,2025-12-03 13:51:04,F&B,Urgent,12,2025-12-03 14:17:04,Completed,2025-12-03 14:13:04
R0001699,2025-11-21 21:31:16,Housekeeping,Standard,35,2025-11-21 23:37:16,Completed,2025-11-21 22:24:16
R0003180,2025-11-27 07:22:31,FrontDesk,Standard,12,2025-11-27 08:58:31,Open,
R0002426,2025-11-24 16:57:41,Housekeeping,Standard,35,2025-11-24 19:52:41,Completed,2025-11-24 17:26:41
R0006728,2025-12-11 20:15:30,FrontDesk,Standard,12,2025-12-11 21:44:30,Completed,2025-12-11 20:42:30
R0005207,2025-12-05 08:02:49,Housekeeping,Urgent,18,2025-12-05 08:38:49,Completed,2025-12-05 08:32:49
R0004197,2025-11-30 18:41:28,FrontDesk,Standard,12,2025-11-30 20:26:28,Completed,2025-11-30 19:09:28
